# Blender 5.1.2
# www.blender.org
mtllib damaged_pipe.mtl
o Plane.001
v -0.008660 0.073470 -0.004898
v -0.005000 0.075417 -0.001799
v -0.000000 0.076130 -0.000665
v 0.005000 0.075417 -0.001799
v 0.008660 0.073470 -0.004898
v 0.010000 0.070810 -0.009132
v -0.010271 0.070928 -0.011207
v -0.010000 0.070810 -0.009132
v -0.008660 0.074186 -0.005348
v -0.005000 0.076133 -0.002249
v -0.000000 0.076846 -0.001115
v 0.005000 0.076133 -0.002249
v 0.008660 0.074186 -0.005348
v 0.008389 0.074304 -0.007423
v -0.008660 0.068865 -0.013815
v -0.010000 0.071526 -0.009582
v -0.008660 0.074902 -0.005798
v -0.005000 0.076849 -0.002699
v -0.000000 0.077562 -0.001564
v 0.005000 0.076849 -0.002699
v 0.008660 0.074902 -0.005798
v 0.008389 0.075020 -0.007873
v -0.008660 0.069581 -0.014265
v -0.010000 0.072241 -0.010032
v 0.008660 0.075618 -0.006248
v 0.008389 0.075736 -0.008323
v -0.008660 0.070297 -0.014715
v -0.010000 0.072957 -0.010482
v 0.008660 0.076333 -0.006698
v 0.010000 0.073673 -0.010931
v -0.008660 0.071013 -0.015165
v -0.010000 0.073673 -0.010931
v 0.008660 0.077049 -0.007148
v 0.010000 0.074389 -0.011381
v -0.008660 0.071729 -0.015615
v -0.010000 0.074389 -0.011381
v 0.008660 0.077765 -0.007597
v 0.010000 0.075105 -0.011831
v -0.008660 0.072445 -0.016065
v -0.010000 0.075105 -0.011831
v 0.008660 0.078481 -0.008047
v 0.010000 0.075821 -0.012281
v -0.008660 0.073161 -0.016515
v -0.010000 0.075821 -0.012281
v 0.008660 0.079197 -0.008497
v 0.008389 0.079316 -0.010572
v -0.008660 0.073877 -0.016964
v -0.010000 0.076537 -0.012731
v 0.008660 0.080371 -0.009272
v 0.008389 0.080032 -0.011022
v -0.008660 0.074136 -0.017090
v -0.010000 0.077253 -0.013181
v 0.008660 0.081386 -0.010243
v 0.008389 0.080630 -0.011620
v -0.008660 0.074315 -0.017314
v -0.010000 0.077851 -0.013779
v -0.008660 0.081984 -0.010841
v -0.005000 0.084573 -0.008253
v -0.000000 0.085520 -0.007305
v 0.005000 0.084573 -0.008253
v 0.008660 0.081984 -0.010841
v 0.008389 0.081227 -0.012218
v -0.008660 0.074913 -0.017912
v -0.010000 0.078449 -0.014376
v -0.008660 0.082582 -0.011439
v -0.005000 0.085170 -0.008851
v -0.000000 0.086118 -0.007903
v 0.005000 0.085170 -0.008851
v 0.008660 0.082582 -0.011439
v 0.008389 0.081825 -0.012816
v -0.008660 0.075511 -0.018510
v -0.010000 0.079047 -0.014974
v -0.008660 0.083180 -0.012037
v -0.005000 0.085768 -0.009449
v -0.000000 0.086716 -0.008501
v 0.005000 0.085768 -0.009449
v 0.008660 0.083180 -0.012037
v 0.010000 0.079645 -0.015572
v -0.008660 0.076109 -0.019108
v -0.010000 0.079645 -0.015572
vn -0.8660 0.2660 0.4234
vn -0.5000 0.4608 0.7333
vn -0.0000 0.5320 0.8467
vn 0.5000 0.4608 0.7333
vn 0.8648 0.3839 0.3238
vn 0.9355 0.3530 0.0163
vn 0.0976 0.9287 -0.3576
vn -0.7895 0.6137 0.0008
vn 0.8955 0.3217 0.3074
vn 0.9904 0.1216 -0.0660
vn -0.9626 -0.0110 -0.2708
vn -0.9335 0.3555 -0.0462
vn 0.9895 0.0768 0.1223
vn 0.9875 -0.0840 -0.1336
vn -0.9659 -0.1377 -0.2191
vn -0.9960 -0.0473 -0.0753
vn 0.8867 -0.4617 0.0220
vn 0.3082 -0.9084 0.2826
vn 0.6636 -0.6045 0.4408
vn 0.9626 0.0110 0.2708
vn 0.9659 0.1377 0.2191
vn 0.9614 0.2481 0.1191
vn 0.9663 0.1944 0.1687
vn 0.9737 0.2260 -0.0297
vn 0.9906 0.1198 -0.0666
vn -0.9658 -0.1350 -0.2215
vn -0.9658 -0.1349 -0.2216
vn 0.9862 -0.0996 -0.1321
vn 0.9853 -0.1106 -0.1298
vn -0.9662 -0.1607 -0.2015
vn 0.9842 -0.1241 -0.1262
vn 0.9842 -0.1244 -0.1258
vn -0.9658 -0.1859 -0.1809
vn -0.9658 -0.1860 -0.1809
vn -0.8660 0.3536 0.3536
vn -0.5000 0.6124 0.6124
vn -0.0000 0.7071 0.7071
vn 0.5000 0.6124 0.6124
vn 0.9914 0.0927 0.0927
vn 0.9843 -0.1249 -0.1249
vn -0.9659 -0.1830 -0.1830
vn -0.9960 -0.0629 -0.0629
vn 0.9147 0.1387 0.3795
vn 0.8604 -0.3722 0.3481
vn -1.0000 -0.0000 -0.0000
vn 0.8007 0.0248 0.5986
vn 0.6987 -0.4565 0.5509
vt 0.381944 1.000000
vt 0.388889 1.000000
vt 0.388889 0.916667
vt 0.381944 0.916667
vt 0.381944 0.083333
vt 0.388889 0.083333
vt 0.388889 0.000000
vt 0.381944 0.000000
vt 0.381944 0.166667
vt 0.388889 0.166667
vt 0.381944 0.250000
vt 0.388889 0.250000
vt 0.381944 0.333333
vt 0.388889 0.333333
vt 0.381944 0.416667
vt 0.388889 0.416667
vt 0.388889 0.833333
vt 0.381944 0.833333
vt 0.395833 1.000000
vt 0.395833 0.916667
vt 0.395833 0.083333
vt 0.395833 0.000000
vt 0.395833 0.166667
vt 0.395833 0.250000
vt 0.395833 0.333333
vt 0.395833 0.416667
vt 0.395833 0.833333
vt 0.402778 0.416667
vt 0.402778 0.333333
vt 0.402778 0.916667
vt 0.402778 0.833333
vt 0.409722 0.416667
vt 0.409722 0.333333
vt 0.409722 0.916667
vt 0.409722 0.833333
vt 0.416667 0.416667
vt 0.416667 0.333333
vt 0.416667 0.916667
vt 0.416667 0.833333
vt 0.423611 0.416667
vt 0.423611 0.333333
vt 0.423611 0.916667
vt 0.423611 0.833333
vt 0.430556 0.416667
vt 0.430556 0.333333
vt 0.430556 0.916667
vt 0.430556 0.833333
vt 0.437500 0.416667
vt 0.437500 0.333333
vt 0.437500 0.916667
vt 0.437500 0.833333
vt 0.444444 0.416667
vt 0.444444 0.333333
vt 0.444444 0.916667
vt 0.444444 0.833333
vt 0.451389 0.416667
vt 0.451389 0.333333
vt 0.451389 0.916667
vt 0.451389 0.833333
vt 0.458333 0.416667
vt 0.458333 0.333333
vt 0.458333 0.916667
vt 0.458333 0.833333
vt 0.458333 1.000000
vt 0.465278 1.000000
vt 0.465278 0.916667
vt 0.458333 0.083333
vt 0.465278 0.083333
vt 0.465278 0.000000
vt 0.458333 0.000000
vt 0.458333 0.166667
vt 0.465278 0.166667
vt 0.458333 0.250000
vt 0.465278 0.250000
vt 0.465278 0.333333
vt 0.465278 0.416667
vt 0.465278 0.833333
vt 0.472222 1.000000
vt 0.472222 0.916667
vt 0.472222 0.083333
vt 0.472222 0.000000
vt 0.472222 0.166667
vt 0.472222 0.250000
vt 0.472222 0.333333
vt 0.472222 0.416667
vt 0.472222 0.833333
s 1
usemtl Material
f 1/1/1 9/2/1 16/3/12 8/4/8
f 2/5/2 10/6/2 9/7/1 1/8/1
f 3/9/3 11/10/3 10/6/2 2/5/2
f 4/11/4 12/12/4 11/10/3 3/9/3
f 5/13/5 13/14/9 12/12/4 4/11/4
f 6/15/6 14/16/10 13/14/9 5/13/5
f 8/4/8 16/3/12 15/17/11 7/18/7
f 9/2/1 17/19/1 24/20/16 16/3/12
f 10/6/2 18/21/2 17/22/1 9/7/1
f 11/10/3 19/23/3 18/21/2 10/6/2
f 12/12/4 20/24/4 19/23/3 11/10/3
f 13/14/9 21/25/13 20/24/4 12/12/4
f 14/16/10 22/26/14 21/25/13 13/14/9
f 16/3/12 24/20/16 23/27/15 15/17/11
f 22/26/14 26/28/18 25/29/17 21/25/13
f 24/20/16 28/30/15 27/31/15 23/27/15
f 26/28/18 30/32/20 29/33/19 25/29/17
f 28/30/15 32/34/15 31/35/15 27/31/15
f 30/32/20 34/36/21 33/37/21 29/33/19
f 32/34/15 36/38/15 35/39/15 31/35/15
f 34/36/21 38/40/21 37/41/21 33/37/21
f 36/38/15 40/42/15 39/43/15 35/39/15
f 38/40/21 42/44/23 41/45/22 37/41/21
f 40/42/15 44/46/15 43/47/15 39/43/15
f 42/44/23 46/48/25 45/49/24 41/45/22
f 44/46/15 48/50/27 47/51/26 43/47/15
f 46/48/25 50/52/29 49/53/28 45/49/24
f 48/50/27 52/54/30 51/55/30 47/51/26
f 50/52/29 54/56/32 53/57/31 49/53/28
f 52/54/30 56/58/34 55/59/33 51/55/30
f 54/56/32 62/60/40 61/61/39 53/57/31
f 56/58/34 64/62/42 63/63/41 55/59/33
f 57/64/35 65/65/35 72/66/45 64/62/42
f 58/67/36 66/68/36 65/69/35 57/70/35
f 59/71/37 67/72/37 66/68/36 58/67/36
f 60/73/38 68/74/38 67/72/37 59/71/37
f 61/61/39 69/75/43 68/74/38 60/73/38
f 62/60/40 70/76/44 69/75/43 61/61/39
f 64/62/42 72/66/45 71/77/41 63/63/41
f 65/65/35 73/78/35 80/79/45 72/66/45
f 66/68/36 74/80/36 73/81/35 65/69/35
f 67/72/37 75/82/37 74/80/36 66/68/36
f 68/74/38 76/83/38 75/82/37 67/72/37
f 69/75/43 77/84/46 76/83/38 68/74/38
f 70/76/44 78/85/47 77/84/46 69/75/43
f 72/66/45 80/79/45 79/86/41 71/77/41
o Plane.002
v -0.008660 0.000000 0.005000
v -0.005000 0.000000 0.008660
v -0.000000 0.000000 0.010000
v 0.005000 0.000000 0.008660
v 0.008660 0.000000 0.005000
v 0.010000 0.000000 0.000000
v 0.008660 0.000000 -0.005000
v 0.005000 0.000000 -0.008660
v 0.000000 0.000000 -0.010000
v -0.005000 0.000000 -0.008660
v -0.008660 0.000000 -0.005000
v -0.010000 0.000000 -0.000000
v -0.008660 0.002474 0.005000
v -0.005000 0.002474 0.008660
v -0.000000 0.002474 0.010000
v 0.005000 0.002474 0.008660
v 0.008660 0.002474 0.005000
v 0.010000 0.002474 0.000000
v 0.008660 0.002474 -0.005000
v 0.005000 0.002474 -0.008660
v 0.000000 0.002474 -0.010000
v -0.005000 0.002474 -0.008660
v -0.008660 0.002474 -0.005000
v -0.010000 0.002474 -0.000000
v -0.008660 0.004948 0.005000
v -0.005000 0.004948 0.008660
v -0.000000 0.004948 0.010000
v 0.005000 0.004948 0.008660
v 0.008660 0.004948 0.005000
v 0.010000 0.004948 0.000000
v 0.008660 0.004948 -0.005000
v 0.005000 0.004948 -0.008660
v 0.000000 0.004948 -0.010000
v -0.005000 0.004948 -0.008660
v -0.008660 0.004948 -0.005000
v -0.010000 0.004948 -0.000000
v -0.008660 0.007422 0.005000
v -0.005000 0.007422 0.008660
v -0.000000 0.007422 0.010000
v 0.005000 0.007422 0.008660
v 0.008660 0.007422 0.005000
v 0.010000 0.007422 0.000000
v 0.008660 0.007422 -0.005000
v 0.005000 0.007422 -0.008660
v 0.000000 0.007422 -0.010000
v -0.005000 0.007422 -0.008660
v -0.008660 0.007422 -0.005000
v -0.010000 0.007422 -0.000000
v -0.008660 0.009896 0.005000
v -0.005000 0.009896 0.008660
v -0.000000 0.009896 0.010000
v 0.005000 0.009896 0.008660
v 0.008660 0.009896 0.005000
v 0.010000 0.009896 0.000000
v 0.008660 0.009896 -0.005000
v 0.005000 0.009896 -0.008660
v 0.000000 0.009896 -0.010000
v -0.005000 0.009896 -0.008660
v -0.008660 0.009896 -0.005000
v -0.010000 0.009896 -0.000000
v -0.008660 0.012370 0.005000
v -0.005000 0.012370 0.008660
v -0.000000 0.012370 0.010000
v 0.005000 0.012370 0.008660
v 0.008660 0.012370 0.005000
v 0.010000 0.012370 0.000000
v 0.008660 0.012370 -0.005000
v 0.005000 0.012370 -0.008660
v 0.000000 0.012370 -0.010000
v -0.005000 0.012370 -0.008660
v -0.008660 0.012370 -0.005000
v -0.010000 0.012370 -0.000000
v -0.008660 0.014844 0.005000
v -0.005000 0.014844 0.008660
v -0.000000 0.014844 0.010000
v 0.005000 0.014844 0.008660
v 0.008660 0.014844 0.005000
v 0.010000 0.014844 0.000000
v 0.008660 0.014844 -0.005000
v 0.005000 0.014844 -0.008660
v 0.000000 0.014844 -0.010000
v -0.005000 0.014844 -0.008660
v -0.008660 0.014844 -0.005000
v -0.010000 0.014844 -0.000000
v -0.008660 0.017318 0.005000
v -0.005000 0.017318 0.008660
v -0.000000 0.017318 0.010000
v 0.005000 0.017318 0.008660
v 0.008660 0.017318 0.005000
v 0.010000 0.017318 0.000000
v 0.008660 0.017318 -0.005000
v 0.005000 0.017318 -0.008660
v 0.000000 0.017318 -0.010000
v -0.005000 0.017318 -0.008660
v -0.008660 0.017318 -0.005000
v -0.010000 0.017318 -0.000000
v -0.008660 0.019792 0.005000
v -0.005000 0.019792 0.008660
v -0.000000 0.019792 0.010000
v 0.005000 0.019792 0.008660
v 0.008660 0.019792 0.005000
v 0.010000 0.019792 0.000000
v 0.008660 0.019792 -0.005000
v 0.005000 0.019792 -0.008660
v 0.000000 0.019792 -0.010000
v -0.005000 0.019792 -0.008660
v -0.008660 0.019792 -0.005000
v -0.010000 0.019792 -0.000000
v -0.008660 0.022266 0.005000
v -0.005000 0.022266 0.008660
v -0.000000 0.022266 0.010000
v 0.005000 0.022266 0.008660
v 0.008660 0.022266 0.005000
v 0.010000 0.022266 0.000000
v 0.008660 0.022266 -0.005000
v 0.005000 0.022266 -0.008660
v 0.000000 0.022266 -0.010000
v -0.005000 0.022266 -0.008660
v -0.008660 0.022266 -0.005000
v -0.010000 0.022266 -0.000000
v -0.008660 0.024740 0.005000
v -0.005000 0.024740 0.008660
v -0.000000 0.024740 0.010000
v 0.005000 0.024740 0.008660
v 0.008660 0.024740 0.005000
v 0.010000 0.024740 0.000000
v 0.008660 0.024740 -0.005000
v 0.005000 0.024740 -0.008660
v 0.000000 0.024740 -0.010000
v -0.005000 0.024740 -0.008660
v -0.008660 0.024740 -0.005000
v -0.010000 0.024740 -0.000000
v -0.008660 0.027215 0.005000
v -0.005000 0.027215 0.008660
v -0.000000 0.027215 0.010000
v 0.005000 0.027215 0.008660
v 0.008660 0.027215 0.005000
v 0.010000 0.027215 0.000000
v 0.008660 0.027215 -0.005000
v 0.005000 0.027215 -0.008660
v 0.000000 0.027215 -0.010000
v -0.005000 0.027215 -0.008660
v -0.008660 0.027215 -0.005000
v -0.010000 0.027215 -0.000000
v -0.008660 0.029689 0.005000
v -0.005000 0.029689 0.008660
v -0.000000 0.029689 0.010000
v 0.005000 0.029689 0.008660
v 0.008660 0.029689 0.005000
v 0.010000 0.029689 0.000000
v 0.008660 0.029689 -0.005000
v 0.005000 0.029689 -0.008660
v 0.000000 0.029689 -0.010000
v -0.005000 0.029689 -0.008660
v -0.008660 0.029689 -0.005000
v -0.010000 0.029689 -0.000000
v -0.008660 0.032163 0.005000
v -0.005000 0.032163 0.008660
v -0.000000 0.032163 0.010000
v 0.005000 0.032163 0.008660
v 0.008660 0.032163 0.005000
v 0.010000 0.032163 0.000000
v 0.008660 0.032163 -0.005000
v 0.005000 0.032163 -0.008660
v 0.000000 0.032163 -0.010000
v -0.005000 0.032163 -0.008660
v -0.008660 0.032163 -0.005000
v -0.010000 0.032163 -0.000000
v -0.008660 0.034637 0.005000
v -0.005000 0.034637 0.008660
v -0.000000 0.034637 0.010000
v 0.005000 0.034637 0.008660
v 0.008660 0.034637 0.005000
v 0.010000 0.034637 0.000000
v 0.008660 0.034637 -0.005000
v 0.005000 0.034637 -0.008660
v 0.000000 0.034637 -0.010000
v -0.005000 0.034637 -0.008660
v -0.008660 0.034637 -0.005000
v -0.010000 0.034637 -0.000000
v -0.008660 0.037111 0.005000
v -0.005000 0.037111 0.008660
v -0.000000 0.037111 0.010000
v 0.005000 0.037111 0.008660
v 0.008660 0.037111 0.005000
v 0.010000 0.037111 0.000000
v 0.008660 0.037111 -0.005000
v 0.005000 0.037111 -0.008660
v 0.000000 0.037111 -0.010000
v -0.005000 0.037111 -0.008660
v -0.008660 0.037111 -0.005000
v -0.010000 0.037111 -0.000000
v -0.008660 0.039865 0.004992
v -0.005000 0.040070 0.008647
v -0.000000 0.040145 0.009984
v 0.005000 0.040070 0.008647
v 0.008660 0.039865 0.004992
v 0.010000 0.039585 0.000000
v 0.008660 0.039304 -0.004992
v 0.005000 0.039099 -0.008647
v 0.000000 0.039024 -0.009984
v -0.005000 0.039099 -0.008647
v -0.008660 0.039304 -0.004992
v -0.010000 0.039585 -0.000000
v -0.008660 0.040985 0.004874
v -0.005000 0.041395 0.008511
v -0.000000 0.041545 0.009842
v 0.005000 0.041395 0.008511
v 0.008660 0.040985 0.004874
v 0.010000 0.040425 -0.000095
v 0.008660 0.039865 -0.005063
v 0.005000 0.039455 -0.008700
v 0.000000 0.039305 -0.010032
v -0.005000 0.039455 -0.008700
v -0.008660 0.039865 -0.005063
v -0.010000 0.040425 -0.000095
v -0.008660 0.041825 0.004779
v -0.005000 0.042235 0.008416
v -0.000000 0.042385 0.009748
v 0.005000 0.042235 0.008416
v 0.008660 0.041825 0.004779
v 0.010000 0.041265 -0.000189
v 0.008660 0.040705 -0.005158
v 0.005000 0.040296 -0.008795
v 0.000000 0.040146 -0.010126
v -0.005000 0.040296 -0.008795
v -0.008660 0.040705 -0.005158
v -0.010000 0.041265 -0.000189
v -0.008660 0.042665 0.004685
v -0.005000 0.043075 0.008322
v -0.000000 0.043225 0.009653
v 0.005000 0.043075 0.008322
v 0.008660 0.042665 0.004685
v 0.010000 0.042105 -0.000284
v 0.008660 0.041546 -0.005253
v 0.005000 0.041136 -0.008890
v 0.000000 0.040986 -0.010221
v -0.005000 0.041136 -0.008890
v -0.008660 0.041546 -0.005253
v -0.010000 0.042105 -0.000284
v -0.008660 0.043506 0.004590
v -0.005000 0.043915 0.008227
v -0.000000 0.044065 0.009558
v 0.005000 0.043915 0.008227
v 0.008660 0.043506 0.004590
v 0.010000 0.042946 -0.000379
v 0.008660 0.042386 -0.005347
v 0.005000 0.041976 -0.008984
v 0.000000 0.041826 -0.010316
v -0.005000 0.041976 -0.008984
v -0.008660 0.042386 -0.005347
v -0.010000 0.042946 -0.000379
v -0.008660 0.044346 0.004495
v -0.005000 0.044756 0.008132
v -0.000000 0.044906 0.009464
v 0.005000 0.044756 0.008132
v 0.008660 0.044346 0.004495
v 0.010000 0.043786 -0.000473
v 0.008660 0.043226 -0.005442
v 0.005000 0.042816 -0.009079
v 0.000000 0.042666 -0.010410
v -0.005000 0.042816 -0.009079
v -0.008660 0.043226 -0.005442
v -0.010000 0.043786 -0.000473
v -0.008660 0.045186 0.004401
v -0.005000 0.045596 0.008038
v -0.000000 0.045746 0.009369
v 0.005000 0.045596 0.008038
v 0.008660 0.045186 0.004401
v 0.010000 0.044626 -0.000568
v 0.008660 0.044066 -0.005537
v 0.005000 0.043657 -0.009174
v 0.000000 0.043507 -0.010505
v -0.005000 0.043657 -0.009174
v -0.008660 0.044066 -0.005537
v -0.010000 0.044626 -0.000568
v -0.008660 0.046026 0.004306
v -0.005000 0.046436 0.007943
v -0.000000 0.046586 0.009274
v 0.005000 0.046436 0.007943
v 0.008660 0.046026 0.004306
v 0.010000 0.045466 -0.000663
v 0.008660 0.044907 -0.005631
v 0.005000 0.044497 -0.009268
v 0.000000 0.044347 -0.010600
v -0.005000 0.044497 -0.009269
v -0.008660 0.044907 -0.005631
v -0.010000 0.045466 -0.000663
v -0.008660 0.046866 0.004211
v -0.005000 0.047276 0.007848
v -0.000000 0.047426 0.009180
v 0.005000 0.047276 0.007848
v 0.008660 0.046866 0.004211
v 0.010000 0.046307 -0.000757
v 0.008660 0.045747 -0.005726
v 0.005000 0.045337 -0.009363
v 0.000000 0.045187 -0.010694
v -0.005000 0.045337 -0.009363
v -0.008660 0.045747 -0.005726
v -0.010000 0.046307 -0.000757
v -0.008660 0.047707 0.004117
v -0.005000 0.048116 0.007754
v -0.000000 0.048266 0.009085
v 0.005000 0.048116 0.007754
v 0.008660 0.047707 0.004117
v 0.010000 0.047147 -0.000852
v 0.008660 0.046587 -0.005821
v 0.005000 0.046177 -0.009458
v 0.000000 0.046027 -0.010789
v -0.005000 0.046177 -0.009458
v -0.008660 0.046587 -0.005821
v -0.010000 0.047147 -0.000852
v -0.008660 0.048547 0.004022
v -0.005000 0.048957 0.007659
v -0.000000 0.049107 0.008990
v 0.005000 0.048957 0.007659
v 0.008660 0.048547 0.004022
v 0.010000 0.047987 -0.000947
v 0.008660 0.047427 -0.005915
v 0.005000 0.047017 -0.009553
v 0.000000 0.046867 -0.010884
v -0.005000 0.047017 -0.009553
v -0.008660 0.047427 -0.005915
v -0.010000 0.047987 -0.000947
v -0.008660 0.049387 0.003927
v -0.005000 0.049797 0.007564
v -0.000000 0.049947 0.008896
v 0.005000 0.049797 0.007564
v 0.008660 0.049387 0.003927
v 0.010000 0.048827 -0.001041
v 0.008660 0.048267 -0.006010
v 0.005000 0.047858 -0.009647
v 0.000000 0.047708 -0.010979
v -0.005000 0.047858 -0.009647
v -0.008660 0.048267 -0.006010
v -0.010000 0.048827 -0.001041
v -0.008660 0.050227 0.003833
v -0.005000 0.050637 0.007470
v -0.000000 0.050787 0.008801
v 0.005000 0.050637 0.007470
v 0.008660 0.050227 0.003833
v 0.010000 0.049668 -0.001136
v 0.008660 0.049108 -0.006105
v 0.005000 0.048698 -0.009742
v 0.000000 0.048548 -0.011073
v -0.005000 0.048698 -0.009742
v -0.008660 0.049108 -0.006105
v -0.010000 0.049668 -0.001136
v -0.008660 0.051068 0.003738
v -0.005000 0.051477 0.007375
v -0.000000 0.051627 0.008706
v 0.005000 0.051477 0.007375
v 0.008660 0.051068 0.003738
v 0.010000 0.050508 -0.001231
v 0.008660 0.049948 -0.006199
v 0.005000 0.049538 -0.009837
v 0.000000 0.049388 -0.011168
v -0.005000 0.049538 -0.009837
v -0.008660 0.049948 -0.006199
v -0.010000 0.050508 -0.001231
v -0.008660 0.051908 0.003643
v -0.005000 0.052318 0.007280
v -0.000000 0.052468 0.008612
v 0.005000 0.052318 0.007280
v 0.008660 0.051908 0.003643
v 0.010000 0.051348 -0.001325
v 0.008660 0.050788 -0.006294
v 0.005000 0.050378 -0.009931
v 0.000000 0.050228 -0.011263
v -0.005000 0.050378 -0.009931
v -0.008660 0.050788 -0.006294
v -0.010000 0.051348 -0.001325
v -0.008660 0.052748 0.003548
v -0.005000 0.053158 0.007186
v -0.000000 0.053308 0.008517
v 0.005000 0.053158 0.007186
v 0.008660 0.052748 0.003549
v 0.010000 0.052188 -0.001420
v 0.008660 0.051628 -0.006389
v 0.005000 0.051219 -0.010026
v 0.000000 0.051069 -0.011357
v -0.005000 0.051219 -0.010026
v -0.008660 0.051628 -0.006389
v -0.010000 0.052188 -0.001420
v -0.008660 0.054141 0.003360
v -0.005000 0.054956 0.006928
v -0.000000 0.055254 0.008235
v 0.005000 0.054956 0.006928
v 0.008660 0.054141 0.003360
v 0.010000 0.053028 -0.001515
v 0.008660 0.051916 -0.006389
v 0.005000 0.051101 -0.009958
v 0.000000 0.050803 -0.011264
v -0.005000 0.051101 -0.009958
v -0.008660 0.051916 -0.006389
v -0.010000 0.053028 -0.001515
v -0.008660 0.055478 0.002925
v -0.005000 0.056687 0.006380
v -0.000000 0.057129 0.007645
v 0.005000 0.056687 0.006380
v 0.008660 0.055478 0.002925
v 0.010000 0.053827 -0.001794
v 0.008660 0.052175 -0.006513
v 0.005000 0.050966 -0.009968
v 0.000000 0.050524 -0.011233
v -0.005000 0.050966 -0.009968
v -0.008660 0.052175 -0.006513
v -0.010000 0.053827 -0.001794
v -0.008660 0.056276 0.002646
v -0.005000 0.057485 0.006101
v -0.000000 0.057927 0.007366
v 0.005000 0.057485 0.006101
v 0.008660 0.056276 0.002646
v 0.010000 0.054625 -0.002073
v 0.008660 0.052973 -0.006793
v 0.005000 0.051764 -0.010248
v 0.000000 0.051322 -0.011512
v -0.005000 0.051764 -0.010248
v -0.008660 0.052973 -0.006793
v -0.010000 0.054625 -0.002073
v -0.008660 0.057074 0.002367
v -0.005000 0.058283 0.005822
v -0.000000 0.058726 0.007086
v 0.005000 0.058283 0.005822
v 0.008660 0.057074 0.002367
v 0.010000 0.055423 -0.002353
v 0.008660 0.053771 -0.007072
v 0.005000 0.052562 -0.010527
v 0.000000 0.052120 -0.011791
v -0.005000 0.052562 -0.010527
v -0.008660 0.053771 -0.007072
v -0.010000 0.055423 -0.002353
v -0.008660 0.057872 0.002088
v -0.005000 0.059081 0.005542
v -0.000000 0.059524 0.006807
v 0.005000 0.059081 0.005542
v 0.008660 0.057872 0.002088
v 0.010000 0.056221 -0.002632
v 0.008660 0.054569 -0.007351
v 0.005000 0.053361 -0.010806
v 0.000000 0.052918 -0.012071
v -0.005000 0.053361 -0.010806
v -0.008660 0.054569 -0.007351
v -0.010000 0.056221 -0.002632
v -0.008660 0.058670 0.001808
v -0.005000 0.059879 0.005263
v -0.000000 0.060322 0.006528
v 0.005000 0.059879 0.005263
v 0.008660 0.058670 0.001808
v 0.010000 0.057019 -0.002911
v 0.008660 0.055368 -0.007630
v 0.005000 0.054159 -0.011085
v 0.000000 0.053716 -0.012350
v -0.005000 0.054159 -0.011085
v -0.008660 0.055368 -0.007630
v -0.010000 0.057019 -0.002911
v -0.008660 0.059468 0.001529
v -0.005000 0.060677 0.004984
v -0.000000 0.061120 0.006249
v 0.005000 0.060677 0.004984
v 0.008660 0.059468 0.001529
v 0.010000 0.057817 -0.003190
v 0.008660 0.056166 -0.007910
v 0.005000 0.054957 -0.011365
v 0.000000 0.054514 -0.012629
v -0.005000 0.054957 -0.011365
v -0.008660 0.056166 -0.007910
v -0.010000 0.057817 -0.003190
v -0.008660 0.060267 0.001250
v -0.005000 0.061475 0.004705
v -0.000000 0.061918 0.005969
v 0.005000 0.061475 0.004705
v 0.008660 0.060267 0.001250
v 0.010000 0.058615 -0.003470
v 0.008660 0.056964 -0.008189
v 0.005000 0.055755 -0.011644
v 0.000000 0.055312 -0.012908
v -0.005000 0.055755 -0.011644
v -0.008660 0.056964 -0.008189
v -0.010000 0.058615 -0.003470
v -0.008660 0.061065 0.000971
v -0.005000 0.062274 0.004425
v -0.000000 0.062716 0.005690
v 0.005000 0.062274 0.004425
v 0.008660 0.061065 0.000971
v 0.010000 0.059413 -0.003749
v 0.008660 0.057762 -0.008468
v 0.005000 0.056553 -0.011923
v 0.000000 0.056110 -0.013188
v -0.005000 0.056553 -0.011923
v -0.008660 0.057762 -0.008468
v -0.010000 0.059413 -0.003749
v -0.008660 0.061863 0.000691
v -0.005000 0.063072 0.004146
v -0.000000 0.063514 0.005411
v 0.005000 0.063072 0.004146
v 0.008660 0.061863 0.000691
v 0.010000 0.060211 -0.004028
v 0.008660 0.058560 -0.008748
v 0.005000 0.057351 -0.012202
v 0.000000 0.056909 -0.013467
v -0.005000 0.057351 -0.012202
v -0.008660 0.058560 -0.008748
v -0.010000 0.060211 -0.004028
v -0.008660 0.062661 0.000412
v -0.005000 0.063870 0.003867
v -0.000000 0.064312 0.005131
v 0.005000 0.063870 0.003867
v 0.008660 0.062661 0.000412
v 0.010000 0.061009 -0.004307
v 0.008660 0.059358 -0.009027
v 0.005000 0.058149 -0.012482
v 0.000000 0.057707 -0.013746
v -0.005000 0.058149 -0.012482
v -0.008660 0.059358 -0.009027
v -0.010000 0.061009 -0.004307
v -0.008660 0.063459 0.000133
v -0.005000 0.064668 0.003588
v -0.000000 0.065110 0.004852
v 0.005000 0.064668 0.003588
v 0.008660 0.063459 0.000133
v 0.010000 0.061807 -0.004587
v 0.008660 0.060156 -0.009306
v 0.005000 0.058947 -0.012761
v 0.000000 0.058505 -0.014025
v -0.005000 0.058947 -0.012761
v -0.008660 0.060156 -0.009306
v -0.010000 0.061807 -0.004587
v -0.008660 0.064257 -0.000147
v -0.005000 0.065466 0.003308
v -0.000000 0.065908 0.004573
v 0.005000 0.065466 0.003308
v 0.008660 0.064257 -0.000147
v 0.010000 0.062606 -0.004866
v 0.008660 0.060954 -0.009585
v 0.005000 0.059745 -0.013040
v 0.000000 0.059303 -0.014305
v -0.005000 0.059745 -0.013040
v -0.008660 0.060954 -0.009585
v -0.010000 0.062606 -0.004866
v -0.008660 0.065055 -0.000426
v -0.005000 0.066264 0.003029
v -0.000000 0.066706 0.004294
v 0.005000 0.066264 0.003029
v 0.008660 0.065055 -0.000426
v 0.010000 0.063404 -0.005145
v 0.008660 0.061752 -0.009865
v 0.005000 0.060543 -0.013319
v 0.000000 0.060101 -0.014584
v -0.005000 0.060543 -0.013319
v -0.008660 0.061752 -0.009865
v -0.010000 0.063404 -0.005145
v -0.008660 0.065853 -0.000705
v -0.005000 0.067062 0.002750
v -0.000000 0.067505 0.004014
v 0.005000 0.067062 0.002750
v 0.008660 0.065853 -0.000705
v 0.010000 0.064202 -0.005424
v 0.008660 0.062550 -0.010144
v 0.005000 0.061341 -0.013599
v 0.000000 0.060899 -0.014863
v -0.005000 0.061341 -0.013599
v -0.008660 0.062550 -0.010144
v -0.010000 0.064202 -0.005424
v -0.008660 0.066651 -0.000984
v -0.005000 0.067860 0.002471
v -0.000000 0.068303 0.003735
v 0.005000 0.067860 0.002471
v 0.008660 0.066651 -0.000984
v 0.010000 0.065000 -0.005704
v 0.008660 0.063348 -0.010423
v 0.005000 0.062140 -0.013878
v 0.000000 0.061697 -0.015143
v -0.005000 0.062140 -0.013878
v -0.008660 0.063348 -0.010423
v -0.010000 0.065000 -0.005704
v -0.008660 0.067967 -0.001478
v -0.005000 0.069556 0.001820
v -0.000000 0.070137 0.003027
v 0.005000 0.069556 0.001820
v 0.008660 0.067967 -0.001478
v 0.010000 0.065798 -0.005983
v 0.008660 0.063629 -0.010488
v 0.005000 0.062040 -0.013786
v 0.000000 0.061459 -0.014993
v -0.005000 0.062040 -0.013786
v -0.008660 0.063629 -0.010488
v -0.010000 0.065798 -0.005983
v -0.008660 0.069174 -0.002199
v -0.005000 0.071121 0.000900
v -0.000000 0.071834 0.002034
v 0.005000 0.071121 0.000900
v 0.008660 0.069174 -0.002199
v 0.010000 0.066514 -0.006433
v 0.008660 0.063854 -0.010666
v 0.005000 0.061906 -0.013766
v 0.000000 0.061194 -0.014900
v -0.005000 0.061906 -0.013766
v -0.008660 0.063854 -0.010666
v -0.010000 0.066514 -0.006433
v -0.008660 0.069890 -0.002649
v -0.005000 0.071837 0.000450
v -0.000000 0.072550 0.001585
v 0.005000 0.071837 0.000450
v 0.008660 0.069890 -0.002649
v 0.010000 0.067230 -0.006883
v 0.008660 0.064570 -0.011116
v 0.005000 0.062622 -0.014216
v 0.000000 0.061910 -0.015350
v -0.005000 0.062622 -0.014216
v -0.008660 0.064570 -0.011116
v -0.010000 0.067230 -0.006883
v -0.008660 0.070606 -0.003099
v -0.005000 0.072553 0.000000
v -0.000000 0.073266 0.001135
v 0.005000 0.072553 0.000000
v 0.008660 0.070606 -0.003099
v 0.010000 0.067946 -0.007333
v 0.008660 0.065286 -0.011566
v 0.005000 0.063338 -0.014665
v 0.000000 0.062625 -0.015800
v -0.005000 0.063338 -0.014665
v -0.008660 0.065286 -0.011566
v -0.010000 0.067946 -0.007333
v -0.008660 0.071322 -0.003549
v -0.005000 0.073269 -0.000450
v -0.000000 0.073982 0.000685
v 0.005000 0.073269 -0.000450
v 0.008660 0.071322 -0.003549
v 0.010000 0.068662 -0.007782
v 0.008660 0.066002 -0.012016
v 0.005000 0.064054 -0.015115
v 0.000000 0.063341 -0.016250
v -0.005000 0.064054 -0.015115
v -0.008660 0.066002 -0.012016
v -0.010000 0.068662 -0.007782
v -0.008660 0.072038 -0.003999
v -0.005000 0.073985 -0.000899
v -0.000000 0.074698 0.000235
v 0.005000 0.073985 -0.000899
v 0.008660 0.072038 -0.003999
v 0.010000 0.069378 -0.008232
v 0.008660 0.066718 -0.012466
v 0.005000 0.064770 -0.015565
v 0.000000 0.064057 -0.016700
v -0.005000 0.064770 -0.015565
v -0.008660 0.066718 -0.012466
v -0.010000 0.069378 -0.008232
v -0.008660 0.072754 -0.004449
v -0.005000 0.074701 -0.001349
v -0.000000 0.075414 -0.000215
v 0.005000 0.074701 -0.001349
v 0.008660 0.072754 -0.004449
v 0.010000 0.070094 -0.008682
v 0.008660 0.067433 -0.012916
v 0.005000 0.065486 -0.016015
v 0.000000 0.064773 -0.017149
v -0.005000 0.065486 -0.016015
v -0.008660 0.067433 -0.012916
v -0.010000 0.070094 -0.008682
v -0.008660 0.073470 -0.004898
v -0.005000 0.075417 -0.001799
v -0.000000 0.076130 -0.000665
v 0.005000 0.075417 -0.001799
v 0.008660 0.073470 -0.004898
v 0.008389 0.073588 -0.006974
v 0.008660 0.068149 -0.013366
v 0.005000 0.066202 -0.016465
v 0.000000 0.065489 -0.017599
v -0.005000 0.066202 -0.016465
v -0.010271 0.070928 -0.011207
v -0.010000 0.070810 -0.009132
v 0.008389 0.074304 -0.007423
v 0.008660 0.068865 -0.013815
v 0.005000 0.066918 -0.016915
v 0.000000 0.066205 -0.018049
v -0.005000 0.066918 -0.016915
v -0.008660 0.068865 -0.013815
v 0.008389 0.075020 -0.007873
v 0.008660 0.069581 -0.014265
v 0.005000 0.067634 -0.017365
v 0.000000 0.066921 -0.018499
v -0.005000 0.067634 -0.017365
v -0.008660 0.069581 -0.014265
v 0.008389 0.075736 -0.008323
v 0.008660 0.070297 -0.014715
v 0.005000 0.068350 -0.017814
v 0.000000 0.067637 -0.018949
v -0.005000 0.068350 -0.017814
v -0.008660 0.070297 -0.014715
v 0.008389 0.076452 -0.008773
v 0.007050 0.073792 -0.013007
v 0.005000 0.069066 -0.018264
v 0.000000 0.068353 -0.019399
v -0.005000 0.069066 -0.018264
v -0.008660 0.071013 -0.015165
v 0.008389 0.077168 -0.009223
v 0.007050 0.074508 -0.013457
v 0.005000 0.069782 -0.018714
v 0.000000 0.069069 -0.019849
v -0.005000 0.069782 -0.018714
v -0.008660 0.071729 -0.015615
v 0.008389 0.077884 -0.009673
v 0.008660 0.072445 -0.016065
v 0.005000 0.070498 -0.019164
v 0.000000 0.069785 -0.020298
v -0.005000 0.070498 -0.019164
v -0.008660 0.072445 -0.016065
v 0.008389 0.078600 -0.010123
v 0.008660 0.073161 -0.016515
v 0.005000 0.071214 -0.019614
v 0.000000 0.070501 -0.020748
v -0.005000 0.071214 -0.019614
v -0.008660 0.073161 -0.016515
v 0.008389 0.079316 -0.010572
v 0.008660 0.073877 -0.016964
v 0.005000 0.071930 -0.020064
v 0.000000 0.071217 -0.021198
v -0.005000 0.071930 -0.020064
v -0.008660 0.073877 -0.016964
v 0.008389 0.080032 -0.011022
v 0.008660 0.074136 -0.017090
v 0.005000 0.071853 -0.019952
v 0.000000 0.071018 -0.020999
v -0.005000 0.071853 -0.019952
v -0.008660 0.074136 -0.017090
v 0.008389 0.080630 -0.011620
v 0.008660 0.074315 -0.017314
v 0.005000 0.071727 -0.019902
v 0.000000 0.070780 -0.020850
v -0.005000 0.071727 -0.019902
v -0.008660 0.074315 -0.017314
v 0.008389 0.081227 -0.012218
v 0.008660 0.074913 -0.017912
v 0.005000 0.072325 -0.020500
v 0.000000 0.071378 -0.021448
v -0.005000 0.072325 -0.020500
v -0.008660 0.074913 -0.017912
v 0.008389 0.081825 -0.012816
v 0.008660 0.075511 -0.018510
v 0.005000 0.072923 -0.021098
v 0.000000 0.071976 -0.022045
v -0.005000 0.072923 -0.021098
v -0.008660 0.075511 -0.018510
v -0.008660 0.083180 -0.012037
v -0.005000 0.085768 -0.009449
v -0.000000 0.086716 -0.008501
v 0.005000 0.085768 -0.009449
v 0.008660 0.083180 -0.012037
v 0.010000 0.079645 -0.015572
v 0.008660 0.076109 -0.019108
v 0.005000 0.073521 -0.021696
v 0.000000 0.072574 -0.022643
v -0.005000 0.073521 -0.021696
v -0.010271 0.078888 -0.016949
v -0.010000 0.079645 -0.015572
v -0.008660 0.083778 -0.012635
v -0.005000 0.086366 -0.010046
v -0.000000 0.087314 -0.009099
v 0.005000 0.086366 -0.010046
v 0.008660 0.083778 -0.012635
v 0.010000 0.080243 -0.016170
v 0.008660 0.076707 -0.019706
v 0.005000 0.074119 -0.022294
v 0.000000 0.073171 -0.023241
v -0.005000 0.074119 -0.022294
v -0.008660 0.076707 -0.019706
v -0.010000 0.080243 -0.016170
v -0.008660 0.084376 -0.013233
v -0.005000 0.086964 -0.010644
v -0.000000 0.087911 -0.009697
v 0.005000 0.086964 -0.010644
v 0.008660 0.084376 -0.013233
v 0.010000 0.080840 -0.016768
v 0.008660 0.077305 -0.020304
v 0.005000 0.074717 -0.022892
v 0.000000 0.073769 -0.023839
v -0.005000 0.074717 -0.022892
v -0.008660 0.077305 -0.020304
v -0.010000 0.080840 -0.016768
v -0.008660 0.084974 -0.013830
v -0.005000 0.087562 -0.011242
v -0.000000 0.088509 -0.010295
v 0.005000 0.087562 -0.011242
v 0.008660 0.084974 -0.013830
v 0.010000 0.081438 -0.017366
v 0.008660 0.077903 -0.020901
v 0.005000 0.075315 -0.023490
v 0.000000 0.074367 -0.024437
v -0.005000 0.075315 -0.023490
v -0.008660 0.077903 -0.020901
v -0.010000 0.081438 -0.017366
v -0.008660 0.085572 -0.014428
v -0.005000 0.088160 -0.011840
v -0.000000 0.089107 -0.010893
v 0.005000 0.088160 -0.011840
v 0.008660 0.085572 -0.014428
v 0.010000 0.082036 -0.017964
v 0.008660 0.078501 -0.021499
v 0.005000 0.075912 -0.024088
v 0.000000 0.074965 -0.025035
v -0.005000 0.075912 -0.024088
v -0.008660 0.078501 -0.021499
v -0.010000 0.082036 -0.017964
v -0.008660 0.086170 -0.015026
v -0.005000 0.088758 -0.012438
v -0.000000 0.089705 -0.011491
v 0.005000 0.088758 -0.012438
v 0.008660 0.086170 -0.015026
v 0.010000 0.082634 -0.018562
v 0.008660 0.079099 -0.022097
v 0.005000 0.076510 -0.024685
v 0.000000 0.075563 -0.025633
v -0.005000 0.076510 -0.024685
v -0.008660 0.079099 -0.022097
v -0.010000 0.082634 -0.018562
v -0.008660 0.086768 -0.015624
v -0.005000 0.089356 -0.013036
v -0.000000 0.090303 -0.012089
v 0.005000 0.089356 -0.013036
v 0.008660 0.086768 -0.015624
v 0.010000 0.083232 -0.019160
v 0.008660 0.079696 -0.022695
v 0.005000 0.077108 -0.025283
v 0.000000 0.076161 -0.026231
v -0.005000 0.077108 -0.025283
v -0.008660 0.079696 -0.022695
v -0.010000 0.083232 -0.019160
v -0.008660 0.087365 -0.016222
v -0.005000 0.089954 -0.013634
v -0.000000 0.090901 -0.012686
v 0.005000 0.089954 -0.013634
v 0.008660 0.087365 -0.016222
v 0.010000 0.083830 -0.019757
v 0.008660 0.080294 -0.023293
v 0.005000 0.077706 -0.025881
v 0.000000 0.076759 -0.026829
v -0.005000 0.077706 -0.025881
v -0.008660 0.080294 -0.023293
v -0.010000 0.083830 -0.019757
v -0.008660 0.087963 -0.016820
v -0.005000 0.090551 -0.014232
v -0.000000 0.091499 -0.013284
v 0.005000 0.090551 -0.014232
v 0.008660 0.087963 -0.016820
v 0.010000 0.084428 -0.020355
v 0.008660 0.080892 -0.023891
v 0.005000 0.078304 -0.026479
v 0.000000 0.077357 -0.027426
v -0.005000 0.078304 -0.026479
v -0.008660 0.080892 -0.023891
v -0.010000 0.084428 -0.020355
v -0.008660 0.088561 -0.017418
v -0.005000 0.091149 -0.014830
v -0.000000 0.092097 -0.013882
v 0.005000 0.091149 -0.014830
v 0.008660 0.088561 -0.017418
v 0.010000 0.085026 -0.020953
v 0.008660 0.081490 -0.024489
v 0.005000 0.078902 -0.027077
v 0.000000 0.077955 -0.028024
v -0.005000 0.078902 -0.027077
v -0.008660 0.081490 -0.024489
v -0.010000 0.085026 -0.020953
v -0.008660 0.089159 -0.018016
v -0.005000 0.091747 -0.015427
v -0.000000 0.092695 -0.014480
v 0.005000 0.091747 -0.015427
v 0.008660 0.089159 -0.018016
v 0.010000 0.085624 -0.021551
v 0.008660 0.082088 -0.025087
v 0.005000 0.079500 -0.027675
v 0.000000 0.078552 -0.028622
v -0.005000 0.079500 -0.027675
v -0.008660 0.082088 -0.025087
v -0.010000 0.085624 -0.021551
v -0.008660 0.089757 -0.018614
v -0.005000 0.092345 -0.016025
v -0.000000 0.093292 -0.015078
v 0.005000 0.092345 -0.016025
v 0.008660 0.089757 -0.018614
v 0.010000 0.086221 -0.022149
v 0.008660 0.082686 -0.025685
v 0.005000 0.080098 -0.028273
v 0.000000 0.079150 -0.029220
v -0.005000 0.080098 -0.028273
v -0.008660 0.082686 -0.025685
v -0.010000 0.086221 -0.022149
v -0.008660 0.090728 -0.019629
v -0.005000 0.093590 -0.017347
v -0.000000 0.094638 -0.016512
v 0.005000 0.093590 -0.017347
v 0.008660 0.090728 -0.019629
v 0.010000 0.086819 -0.022747
v 0.008660 0.082910 -0.025864
v 0.005000 0.080048 -0.028147
v 0.000000 0.079001 -0.028982
v -0.005000 0.080048 -0.028147
v -0.008660 0.082910 -0.025864
v -0.010000 0.086819 -0.022747
v -0.008660 0.091503 -0.020803
v -0.005000 0.094602 -0.018855
v -0.000000 0.095736 -0.018143
v 0.005000 0.094602 -0.018855
v 0.008660 0.091503 -0.020803
v 0.010000 0.087269 -0.023463
v 0.008660 0.083036 -0.026123
v 0.005000 0.079936 -0.028070
v 0.000000 0.078802 -0.028783
v -0.005000 0.079936 -0.028070
v -0.008660 0.083036 -0.026123
v -0.010000 0.087269 -0.023463
v -0.008660 0.091953 -0.021519
v -0.005000 0.095052 -0.019571
v -0.000000 0.096186 -0.018859
v 0.005000 0.095052 -0.019571
v 0.008660 0.091953 -0.021519
v 0.010000 0.087719 -0.024179
v 0.008660 0.083485 -0.026839
v 0.005000 0.080386 -0.028786
v 0.000000 0.079252 -0.029499
v -0.005000 0.080386 -0.028786
v -0.008660 0.083485 -0.026839
v -0.010000 0.087719 -0.024179
v -0.008660 0.092403 -0.022235
v -0.005000 0.095502 -0.020287
v -0.000000 0.096636 -0.019574
v 0.005000 0.095502 -0.020287
v 0.008660 0.092403 -0.022235
v 0.010000 0.088169 -0.024895
v 0.008660 0.083935 -0.027555
v 0.005000 0.080836 -0.029502
v 0.000000 0.079702 -0.030215
v -0.005000 0.080836 -0.029502
v -0.008660 0.083935 -0.027555
v -0.010000 0.088169 -0.024895
v -0.008660 0.092852 -0.022951
v -0.005000 0.095952 -0.021003
v -0.000000 0.097086 -0.020290
v 0.005000 0.095952 -0.021003
v 0.008660 0.092852 -0.022951
v 0.010000 0.088619 -0.025611
v 0.008660 0.084385 -0.028271
v 0.005000 0.081286 -0.030218
v 0.000000 0.080151 -0.030931
v -0.005000 0.081286 -0.030218
v -0.008660 0.084385 -0.028271
v -0.010000 0.088619 -0.025611
v -0.008660 0.093302 -0.023667
v -0.005000 0.096401 -0.021719
v -0.000000 0.097536 -0.021006
v 0.005000 0.096401 -0.021719
v 0.008660 0.093302 -0.023667
v 0.010000 0.089069 -0.026327
v 0.008660 0.084835 -0.028987
v 0.005000 0.081736 -0.030934
v 0.000000 0.080601 -0.031647
v -0.005000 0.081736 -0.030934
v -0.008660 0.084835 -0.028987
v -0.010000 0.089069 -0.026327
v -0.008660 0.093752 -0.024382
v -0.005000 0.096851 -0.022435
v -0.000000 0.097986 -0.021722
v 0.005000 0.096851 -0.022435
v 0.008660 0.093752 -0.024382
v 0.010000 0.089518 -0.027043
v 0.008660 0.085285 -0.029703
v 0.005000 0.082186 -0.031650
v 0.000000 0.081051 -0.032363
v -0.005000 0.082186 -0.031650
v -0.008660 0.085285 -0.029703
v -0.010000 0.089518 -0.027043
v -0.008660 0.094202 -0.025098
v -0.005000 0.097301 -0.023151
v -0.000000 0.098436 -0.022438
v 0.005000 0.097301 -0.023151
v 0.008660 0.094202 -0.025098
v 0.010000 0.089968 -0.027759
v 0.008660 0.085735 -0.030419
v 0.005000 0.082635 -0.032366
v 0.000000 0.081501 -0.033079
v -0.005000 0.082635 -0.032366
v -0.008660 0.085735 -0.030419
v -0.010000 0.089968 -0.027759
v -0.008660 0.094652 -0.025814
v -0.005000 0.097751 -0.023867
v -0.000000 0.098885 -0.023154
v 0.005000 0.097751 -0.023867
v 0.008660 0.094652 -0.025814
v 0.010000 0.090418 -0.028474
v 0.008660 0.086185 -0.031135
v 0.005000 0.083085 -0.033082
v 0.000000 0.081951 -0.033795
v -0.005000 0.083085 -0.033082
v -0.008660 0.086185 -0.031135
v -0.010000 0.090418 -0.028474
v -0.008660 0.095102 -0.026530
v -0.005000 0.098201 -0.024583
v -0.000000 0.099335 -0.023870
v 0.005000 0.098201 -0.024583
v 0.008660 0.095102 -0.026530
v 0.010000 0.090868 -0.029190
v 0.008660 0.086634 -0.031851
v 0.005000 0.083535 -0.033798
v 0.000000 0.082401 -0.034511
v -0.005000 0.083535 -0.033798
v -0.008660 0.086634 -0.031851
v -0.010000 0.090868 -0.029190
v -0.008660 0.095552 -0.027246
v -0.005000 0.098651 -0.025299
v -0.000000 0.099785 -0.024586
v 0.005000 0.098651 -0.025299
v 0.008660 0.095552 -0.027246
v 0.010000 0.091318 -0.029906
v 0.008660 0.087084 -0.032567
v 0.005000 0.083985 -0.034514
v 0.000000 0.082851 -0.035227
v -0.005000 0.083985 -0.034514
v -0.008660 0.087084 -0.032567
v -0.010000 0.091318 -0.029906
v -0.008660 0.096001 -0.027962
v -0.005000 0.099101 -0.026015
v -0.000000 0.100235 -0.025302
v 0.005000 0.099101 -0.026015
v 0.008660 0.096001 -0.027962
v 0.010000 0.091768 -0.030622
v 0.008660 0.087534 -0.033282
v 0.005000 0.084435 -0.035230
v 0.000000 0.083300 -0.035943
v -0.005000 0.084435 -0.035230
v -0.008660 0.087534 -0.033282
v -0.010000 0.091768 -0.030622
v -0.008660 0.096451 -0.028678
v -0.005000 0.099550 -0.026731
v -0.000000 0.100685 -0.026018
v 0.005000 0.099550 -0.026731
v 0.008660 0.096451 -0.028678
v 0.010000 0.092218 -0.031338
v 0.008660 0.087984 -0.033998
v 0.005000 0.084885 -0.035946
v 0.000000 0.083750 -0.036659
v -0.005000 0.084885 -0.035946
v -0.008660 0.087984 -0.033998
v -0.010000 0.092218 -0.031338
v -0.008660 0.096901 -0.029394
v -0.005000 0.100000 -0.027447
v -0.000000 0.101135 -0.026734
v 0.005000 0.100000 -0.027447
v 0.008660 0.096901 -0.029394
v 0.010000 0.092667 -0.032054
v 0.008660 0.088434 -0.034714
v 0.005000 0.085335 -0.036662
v 0.000000 0.084200 -0.037375
v -0.005000 0.085335 -0.036662
v -0.008660 0.088434 -0.034714
v -0.010000 0.092667 -0.032054
v -0.008660 0.097351 -0.030110
v -0.005000 0.100450 -0.028163
v -0.000000 0.101585 -0.027450
v 0.005000 0.100450 -0.028163
v 0.008660 0.097351 -0.030110
v 0.010000 0.093117 -0.032770
v 0.008660 0.088884 -0.035430
v 0.005000 0.085784 -0.037378
v 0.000000 0.084650 -0.038090
v -0.005000 0.085784 -0.037378
v -0.008660 0.088884 -0.035430
v -0.010000 0.093117 -0.032770
v -0.008660 0.097801 -0.030826
v -0.005000 0.100900 -0.028879
v -0.000000 0.102034 -0.028166
v 0.005000 0.100900 -0.028879
v 0.008660 0.097801 -0.030826
v 0.010000 0.093567 -0.033486
v 0.008660 0.089334 -0.036146
v 0.005000 0.086234 -0.038094
v 0.000000 0.085100 -0.038806
v -0.005000 0.086234 -0.038094
v -0.008660 0.089334 -0.036146
v -0.010000 0.093567 -0.033486
v -0.008660 0.098522 -0.032033
v -0.005000 0.101820 -0.030444
v -0.000000 0.103027 -0.029863
v 0.005000 0.101820 -0.030444
v 0.008660 0.098522 -0.032033
v 0.010000 0.094017 -0.034202
v 0.008660 0.089512 -0.036371
v 0.005000 0.086214 -0.037960
v 0.000000 0.085007 -0.038541
v -0.005000 0.086214 -0.037960
v -0.008660 0.089512 -0.036371
v -0.010000 0.094017 -0.034202
v -0.008660 0.099016 -0.033349
v -0.005000 0.102471 -0.032140
v -0.000000 0.103735 -0.031697
v 0.005000 0.102471 -0.032140
v 0.008660 0.099016 -0.033349
v 0.010000 0.094296 -0.035000
v 0.008660 0.089577 -0.036652
v 0.005000 0.086122 -0.037860
v 0.000000 0.084857 -0.038303
v -0.005000 0.086122 -0.037860
v -0.008660 0.089577 -0.036652
v -0.010000 0.094296 -0.035000
v -0.008660 0.099295 -0.034147
v -0.005000 0.102750 -0.032938
v -0.000000 0.104014 -0.032495
v 0.005000 0.102750 -0.032938
v 0.008660 0.099295 -0.034147
v 0.010000 0.094576 -0.035798
v 0.008660 0.089856 -0.037450
v 0.005000 0.086401 -0.038659
v 0.000000 0.085137 -0.039101
v -0.005000 0.086401 -0.038659
v -0.008660 0.089856 -0.037450
v -0.010000 0.094576 -0.035798
v -0.008660 0.099574 -0.034945
v -0.005000 0.103029 -0.033736
v -0.000000 0.104294 -0.033294
v 0.005000 0.103029 -0.033736
v 0.008660 0.099574 -0.034945
v 0.010000 0.094855 -0.036596
v 0.008660 0.090135 -0.038248
v 0.005000 0.086681 -0.039457
v 0.000000 0.085416 -0.039899
v -0.005000 0.086681 -0.039457
v -0.008660 0.090135 -0.038248
v -0.010000 0.094855 -0.036596
v -0.008660 0.099854 -0.035743
v -0.005000 0.103308 -0.034534
v -0.000000 0.104573 -0.034092
v 0.005000 0.103308 -0.034534
v 0.008660 0.099854 -0.035743
v 0.010000 0.095134 -0.037394
v 0.008660 0.090415 -0.039046
v 0.005000 0.086960 -0.040255
v 0.000000 0.085695 -0.040697
v -0.005000 0.086960 -0.040255
v -0.008660 0.090415 -0.039046
v -0.010000 0.095134 -0.037394
v -0.008660 0.100133 -0.036541
v -0.005000 0.103588 -0.035332
v -0.000000 0.104852 -0.034890
v 0.005000 0.103588 -0.035332
v 0.008660 0.100133 -0.036541
v 0.010000 0.095413 -0.038193
v 0.008660 0.090694 -0.039844
v 0.005000 0.087239 -0.041053
v 0.000000 0.085974 -0.041495
v -0.005000 0.087239 -0.041053
v -0.008660 0.090694 -0.039844
v -0.010000 0.095413 -0.038193
v -0.008660 0.100412 -0.037339
v -0.005000 0.103867 -0.036130
v -0.000000 0.105131 -0.035688
v 0.005000 0.103867 -0.036130
v 0.008660 0.100412 -0.037339
v 0.010000 0.095693 -0.038991
v 0.008660 0.090973 -0.040642
v 0.005000 0.087518 -0.041851
v 0.000000 0.086254 -0.042293
v -0.005000 0.087518 -0.041851
v -0.008660 0.090973 -0.040642
v -0.010000 0.095693 -0.038991
v -0.008660 0.100691 -0.038137
v -0.005000 0.104146 -0.036928
v -0.000000 0.105411 -0.036486
v 0.005000 0.104146 -0.036928
v 0.008660 0.100691 -0.038137
v 0.010000 0.095972 -0.039789
v 0.008660 0.091252 -0.041440
v 0.005000 0.087798 -0.042649
v 0.000000 0.086533 -0.043091
v -0.005000 0.087798 -0.042649
v -0.008660 0.091252 -0.041440
v -0.010000 0.095972 -0.039789
v -0.008660 0.100971 -0.038935
v -0.005000 0.104425 -0.037726
v -0.000000 0.105690 -0.037284
v 0.005000 0.104425 -0.037726
v 0.008660 0.100971 -0.038935
v 0.010000 0.096251 -0.040587
v 0.008660 0.091532 -0.042238
v 0.005000 0.088077 -0.043447
v 0.000000 0.086812 -0.043890
v -0.005000 0.088077 -0.043447
v -0.008660 0.091532 -0.042238
v -0.010000 0.096251 -0.040587
v -0.008660 0.101250 -0.039733
v -0.005000 0.104705 -0.038525
v -0.000000 0.105969 -0.038082
v 0.005000 0.104705 -0.038525
v 0.008660 0.101250 -0.039733
v 0.010000 0.096530 -0.041385
v 0.008660 0.091811 -0.043036
v 0.005000 0.088356 -0.044245
v 0.000000 0.087092 -0.044688
v -0.005000 0.088356 -0.044245
v -0.008660 0.091811 -0.043036
v -0.010000 0.096530 -0.041385
v -0.008660 0.101529 -0.040532
v -0.005000 0.104984 -0.039323
v -0.000000 0.106249 -0.038880
v 0.005000 0.104984 -0.039323
v 0.008660 0.101529 -0.040532
v 0.010000 0.096810 -0.042183
v 0.008660 0.092090 -0.043834
v 0.005000 0.088635 -0.045043
v 0.000000 0.087371 -0.045486
v -0.005000 0.088635 -0.045043
v -0.008660 0.092090 -0.043834
v -0.010000 0.096810 -0.042183
v -0.008660 0.101808 -0.041330
v -0.005000 0.105263 -0.040121
v -0.000000 0.106528 -0.039678
v 0.005000 0.105263 -0.040121
v 0.008660 0.101808 -0.041330
v 0.010000 0.097089 -0.042981
v 0.008660 0.092370 -0.044632
v 0.005000 0.088915 -0.045841
v 0.000000 0.087650 -0.046284
v -0.005000 0.088915 -0.045841
v -0.008660 0.092370 -0.044632
v -0.010000 0.097089 -0.042981
v -0.008660 0.102088 -0.042128
v -0.005000 0.105542 -0.040919
v -0.000000 0.106807 -0.040476
v 0.005000 0.105542 -0.040919
v 0.008660 0.102088 -0.042128
v 0.010000 0.097368 -0.043779
v 0.008660 0.092649 -0.045431
v 0.005000 0.089194 -0.046639
v 0.000000 0.087929 -0.047082
v -0.005000 0.089194 -0.046639
v -0.008660 0.092649 -0.045431
v -0.010000 0.097368 -0.043779
v -0.008660 0.102367 -0.042926
v -0.005000 0.105822 -0.041717
v -0.000000 0.107086 -0.041274
v 0.005000 0.105822 -0.041717
v 0.008660 0.102367 -0.042926
v 0.010000 0.097647 -0.044577
v 0.008660 0.092928 -0.046229
v 0.005000 0.089473 -0.047438
v 0.000000 0.088209 -0.047880
v -0.005000 0.089473 -0.047438
v -0.008660 0.092928 -0.046229
v -0.010000 0.097647 -0.044577
v -0.008660 0.102646 -0.043724
v -0.005000 0.106101 -0.042515
v -0.000000 0.107366 -0.042073
v 0.005000 0.106101 -0.042515
v 0.008660 0.102646 -0.043724
v 0.010000 0.097927 -0.045375
v 0.008660 0.093207 -0.047027
v 0.005000 0.089752 -0.048236
v 0.000000 0.088488 -0.048678
v -0.005000 0.089752 -0.048236
v -0.008660 0.093207 -0.047027
v -0.010000 0.097927 -0.045375
v -0.008660 0.102925 -0.044522
v -0.005000 0.106380 -0.043313
v -0.000000 0.107645 -0.042871
v 0.005000 0.106380 -0.043313
v 0.008660 0.102925 -0.044522
v 0.010000 0.098206 -0.046173
v 0.008660 0.093487 -0.047825
v 0.005000 0.090032 -0.049034
v 0.000000 0.088767 -0.049476
v -0.005000 0.090032 -0.049034
v -0.008660 0.093487 -0.047825
v -0.010000 0.098206 -0.046173
v -0.008660 0.103360 -0.045859
v -0.005000 0.106928 -0.045045
v -0.000000 0.108235 -0.044746
v 0.005000 0.106928 -0.045045
v 0.008660 0.103360 -0.045859
v 0.010000 0.098485 -0.046972
v 0.008660 0.093611 -0.048084
v 0.005000 0.090042 -0.048899
v 0.000000 0.088736 -0.049197
v -0.005000 0.090042 -0.048899
v -0.008660 0.093611 -0.048084
v -0.010000 0.098485 -0.046972
v -0.008660 0.103548 -0.047252
v -0.005000 0.107186 -0.046842
v -0.000000 0.108517 -0.046692
v 0.005000 0.107186 -0.046842
v 0.008660 0.103548 -0.047252
v 0.010000 0.098580 -0.047812
v 0.008660 0.093611 -0.048372
v 0.005000 0.089974 -0.048781
v 0.000000 0.088643 -0.048931
v -0.005000 0.089974 -0.048781
v -0.008660 0.093611 -0.048372
v -0.010000 0.098580 -0.047812
v -0.008660 0.103643 -0.048092
v -0.005000 0.107280 -0.047682
v -0.000000 0.108612 -0.047532
v 0.005000 0.107280 -0.047682
v 0.008660 0.103643 -0.048092
v 0.010000 0.098675 -0.048652
v 0.008660 0.093706 -0.049212
v 0.005000 0.090069 -0.049622
v 0.000000 0.088737 -0.049772
v -0.005000 0.090069 -0.049622
v -0.008660 0.093706 -0.049212
v -0.010000 0.098675 -0.048652
v -0.008660 0.103738 -0.048932
v -0.005000 0.107375 -0.048523
v -0.000000 0.108706 -0.048373
v 0.005000 0.107375 -0.048523
v 0.008660 0.103738 -0.048932
v 0.010000 0.098769 -0.049492
v 0.008660 0.093801 -0.050052
v 0.005000 0.090163 -0.050462
v 0.000000 0.088832 -0.050612
v -0.005000 0.090163 -0.050462
v -0.008660 0.093801 -0.050052
v -0.010000 0.098769 -0.049492
v -0.008660 0.103833 -0.049773
v -0.005000 0.107470 -0.049363
v -0.000000 0.108801 -0.049213
v 0.005000 0.107470 -0.049363
v 0.008660 0.103833 -0.049773
v 0.010000 0.098864 -0.050332
v 0.008660 0.093895 -0.050892
v 0.005000 0.090258 -0.051302
v 0.000000 0.088927 -0.051452
v -0.005000 0.090258 -0.051302
v -0.008660 0.093895 -0.050892
v -0.010000 0.098864 -0.050332
v -0.008660 0.103927 -0.050613
v -0.005000 0.107564 -0.050203
v -0.000000 0.108896 -0.050053
v 0.005000 0.107564 -0.050203
v 0.008660 0.103927 -0.050613
v 0.010000 0.098959 -0.051173
v 0.008660 0.093990 -0.051733
v 0.005000 0.090353 -0.052142
v 0.000000 0.089021 -0.052292
v -0.005000 0.090353 -0.052142
v -0.008660 0.093990 -0.051733
v -0.010000 0.098959 -0.051173
v -0.008660 0.104022 -0.051453
v -0.005000 0.107659 -0.051043
v -0.000000 0.108990 -0.050893
v 0.005000 0.107659 -0.051043
v 0.008660 0.104022 -0.051453
v 0.010000 0.099053 -0.052013
v 0.008660 0.094085 -0.052573
v 0.005000 0.090447 -0.052983
v 0.000000 0.089116 -0.053133
v -0.005000 0.090447 -0.052983
v -0.008660 0.094085 -0.052573
v -0.010000 0.099053 -0.052013
v -0.008660 0.104117 -0.052293
v -0.005000 0.107754 -0.051884
v -0.000000 0.109085 -0.051734
v 0.005000 0.107754 -0.051884
v 0.008660 0.104117 -0.052293
v 0.010000 0.099148 -0.052853
v 0.008660 0.094179 -0.053413
v 0.005000 0.090542 -0.053823
v 0.000000 0.089211 -0.053973
v -0.005000 0.090542 -0.053823
v -0.008660 0.094179 -0.053413
v -0.010000 0.099148 -0.052853
v -0.008660 0.104211 -0.053134
v -0.005000 0.107848 -0.052724
v -0.000000 0.109180 -0.052574
v 0.005000 0.107848 -0.052724
v 0.008660 0.104211 -0.053134
v 0.010000 0.099243 -0.053693
v 0.008660 0.094274 -0.054253
v 0.005000 0.090637 -0.054663
v 0.000000 0.089305 -0.054813
v -0.005000 0.090637 -0.054663
v -0.008660 0.094274 -0.054253
v -0.010000 0.099243 -0.053693
v -0.008660 0.104306 -0.053974
v -0.005000 0.107943 -0.053564
v -0.000000 0.109274 -0.053414
v 0.005000 0.107943 -0.053564
v 0.008660 0.104306 -0.053974
v 0.010000 0.099337 -0.054534
v 0.008660 0.094369 -0.055093
v 0.005000 0.090732 -0.055503
v 0.000000 0.089400 -0.055653
v -0.005000 0.090731 -0.055503
v -0.008660 0.094369 -0.055093
v -0.010000 0.099337 -0.054534
v -0.008660 0.104401 -0.054814
v -0.005000 0.108038 -0.054404
v -0.000000 0.109369 -0.054254
v 0.005000 0.108038 -0.054404
v 0.008660 0.104401 -0.054814
v 0.010000 0.099432 -0.055374
v 0.008660 0.094463 -0.055934
v 0.005000 0.090826 -0.056344
v 0.000000 0.089495 -0.056494
v -0.005000 0.090826 -0.056344
v -0.008660 0.094463 -0.055934
v -0.010000 0.099432 -0.055374
v -0.008660 0.104495 -0.055654
v -0.005000 0.108132 -0.055244
v -0.000000 0.109464 -0.055094
v 0.005000 0.108132 -0.055244
v 0.008660 0.104495 -0.055654
v 0.010000 0.099527 -0.056214
v 0.008660 0.094558 -0.056774
v 0.005000 0.090921 -0.057184
v 0.000000 0.089590 -0.057334
v -0.005000 0.090921 -0.057184
v -0.008660 0.094558 -0.056774
v -0.010000 0.099527 -0.056214
v -0.008660 0.104590 -0.056494
v -0.005000 0.108227 -0.056085
v -0.000000 0.109558 -0.055935
v 0.005000 0.108227 -0.056085
v 0.008660 0.104590 -0.056494
v 0.010000 0.099621 -0.057054
v 0.008660 0.094653 -0.057614
v 0.005000 0.091016 -0.058024
v 0.000000 0.089684 -0.058174
v -0.005000 0.091016 -0.058024
v -0.008660 0.094653 -0.057614
v -0.010000 0.099621 -0.057054
v -0.008660 0.104685 -0.057335
v -0.005000 0.108322 -0.056925
v -0.000000 0.109653 -0.056775
v 0.005000 0.108322 -0.056925
v 0.008660 0.104685 -0.057335
v 0.010000 0.099716 -0.057895
v 0.008660 0.094747 -0.058454
v 0.005000 0.091110 -0.058864
v 0.000000 0.089779 -0.059014
v -0.005000 0.091110 -0.058864
v -0.008660 0.094747 -0.058454
v -0.010000 0.099716 -0.057895
v -0.008660 0.104779 -0.058175
v -0.005000 0.108416 -0.057765
v -0.000000 0.109748 -0.057615
v 0.005000 0.108416 -0.057765
v 0.008660 0.104779 -0.058175
v 0.010000 0.099811 -0.058735
v 0.008660 0.094842 -0.059295
v 0.005000 0.091205 -0.059704
v 0.000000 0.089874 -0.059854
v -0.005000 0.091205 -0.059704
v -0.008660 0.094842 -0.059295
v -0.010000 0.099811 -0.058735
v -0.008660 0.104874 -0.059015
v -0.005000 0.108511 -0.058605
v -0.000000 0.109842 -0.058455
v 0.005000 0.108511 -0.058605
v 0.008660 0.104874 -0.059015
v 0.010000 0.099905 -0.059575
v 0.008660 0.094937 -0.060135
v 0.005000 0.091300 -0.060545
v 0.000000 0.089968 -0.060695
v -0.005000 0.091300 -0.060545
v -0.008660 0.094937 -0.060135
v -0.010000 0.099905 -0.059575
v -0.008660 0.104992 -0.060135
v -0.005000 0.108647 -0.059930
v -0.000000 0.109984 -0.059854
v 0.005000 0.108647 -0.059930
v 0.008660 0.104992 -0.060135
v 0.010000 0.100000 -0.060415
v 0.008660 0.095008 -0.060696
v 0.005000 0.091353 -0.060901
v 0.000000 0.090016 -0.060976
v -0.005000 0.091353 -0.060901
v -0.008660 0.095008 -0.060696
v -0.010000 0.100000 -0.060415
v -0.008660 0.105000 -0.062889
v -0.005000 0.108660 -0.062889
v -0.000000 0.110000 -0.062889
v 0.005000 0.108660 -0.062889
v 0.008660 0.105000 -0.062889
v 0.010000 0.100000 -0.062889
v 0.008660 0.095000 -0.062889
v 0.005000 0.091340 -0.062889
v 0.000000 0.090000 -0.062889
v -0.005000 0.091340 -0.062889
v -0.008660 0.095000 -0.062889
v -0.010000 0.100000 -0.062889
v -0.008660 0.105000 -0.065363
v -0.005000 0.108660 -0.065363
v -0.000000 0.110000 -0.065363
v 0.005000 0.108660 -0.065363
v 0.008660 0.105000 -0.065363
v 0.010000 0.100000 -0.065363
v 0.008660 0.095000 -0.065363
v 0.005000 0.091340 -0.065363
v 0.000000 0.090000 -0.065363
v -0.005000 0.091340 -0.065363
v -0.008660 0.095000 -0.065363
v -0.010000 0.100000 -0.065363
v -0.008660 0.105000 -0.067837
v -0.005000 0.108660 -0.067837
v -0.000000 0.110000 -0.067837
v 0.005000 0.108660 -0.067837
v 0.008660 0.105000 -0.067837
v 0.010000 0.100000 -0.067837
v 0.008660 0.095000 -0.067837
v 0.005000 0.091340 -0.067837
v 0.000000 0.090000 -0.067837
v -0.005000 0.091340 -0.067837
v -0.008660 0.095000 -0.067837
v -0.010000 0.100000 -0.067837
v -0.008660 0.105000 -0.070311
v -0.005000 0.108660 -0.070311
v -0.000000 0.110000 -0.070311
v 0.005000 0.108660 -0.070311
v 0.008660 0.105000 -0.070311
v 0.010000 0.100000 -0.070311
v 0.008660 0.095000 -0.070311
v 0.005000 0.091340 -0.070311
v 0.000000 0.090000 -0.070311
v -0.005000 0.091340 -0.070311
v -0.008660 0.095000 -0.070311
v -0.010000 0.100000 -0.070311
v -0.008660 0.105000 -0.072785
v -0.005000 0.108660 -0.072785
v -0.000000 0.110000 -0.072785
v 0.005000 0.108660 -0.072785
v 0.008660 0.105000 -0.072785
v 0.010000 0.100000 -0.072785
v 0.008660 0.095000 -0.072785
v 0.005000 0.091340 -0.072785
v 0.000000 0.090000 -0.072785
v -0.005000 0.091340 -0.072785
v -0.008660 0.095000 -0.072785
v -0.010000 0.100000 -0.072785
v -0.008660 0.105000 -0.075260
v -0.005000 0.108660 -0.075260
v -0.000000 0.110000 -0.075260
v 0.005000 0.108660 -0.075260
v 0.008660 0.105000 -0.075260
v 0.010000 0.100000 -0.075260
v 0.008660 0.095000 -0.075260
v 0.005000 0.091340 -0.075260
v 0.000000 0.090000 -0.075260
v -0.005000 0.091340 -0.075260
v -0.008660 0.095000 -0.075260
v -0.010000 0.100000 -0.075260
v -0.008660 0.105000 -0.077734
v -0.005000 0.108660 -0.077734
v -0.000000 0.110000 -0.077734
v 0.005000 0.108660 -0.077734
v 0.008660 0.105000 -0.077734
v 0.010000 0.100000 -0.077734
v 0.008660 0.095000 -0.077734
v 0.005000 0.091340 -0.077734
v 0.000000 0.090000 -0.077734
v -0.005000 0.091340 -0.077734
v -0.008660 0.095000 -0.077734
v -0.010000 0.100000 -0.077734
v -0.008660 0.105000 -0.080208
v -0.005000 0.108660 -0.080208
v -0.000000 0.110000 -0.080208
v 0.005000 0.108660 -0.080208
v 0.008660 0.105000 -0.080208
v 0.010000 0.100000 -0.080208
v 0.008660 0.095000 -0.080208
v 0.005000 0.091340 -0.080208
v 0.000000 0.090000 -0.080208
v -0.005000 0.091340 -0.080208
v -0.008660 0.095000 -0.080208
v -0.010000 0.100000 -0.080208
v -0.008660 0.105000 -0.082682
v -0.005000 0.108660 -0.082682
v -0.000000 0.110000 -0.082682
v 0.005000 0.108660 -0.082682
v 0.008660 0.105000 -0.082682
v 0.010000 0.100000 -0.082682
v 0.008660 0.095000 -0.082682
v 0.005000 0.091340 -0.082682
v 0.000000 0.090000 -0.082682
v -0.005000 0.091340 -0.082682
v -0.008660 0.095000 -0.082682
v -0.010000 0.100000 -0.082682
v -0.008660 0.105000 -0.085156
v -0.005000 0.108660 -0.085156
v -0.000000 0.110000 -0.085156
v 0.005000 0.108660 -0.085156
v 0.008660 0.105000 -0.085156
v 0.010000 0.100000 -0.085156
v 0.008660 0.095000 -0.085156
v 0.005000 0.091340 -0.085156
v 0.000000 0.090000 -0.085156
v -0.005000 0.091340 -0.085156
v -0.008660 0.095000 -0.085156
v -0.010000 0.100000 -0.085156
v -0.008660 0.105000 -0.087630
v -0.005000 0.108660 -0.087630
v -0.000000 0.110000 -0.087630
v 0.005000 0.108660 -0.087630
v 0.008660 0.105000 -0.087630
v 0.010000 0.100000 -0.087630
v 0.008660 0.095000 -0.087630
v 0.005000 0.091340 -0.087630
v 0.000000 0.090000 -0.087630
v -0.005000 0.091340 -0.087630
v -0.008660 0.095000 -0.087630
v -0.010000 0.100000 -0.087630
v -0.008660 0.105000 -0.090104
v -0.005000 0.108660 -0.090104
v -0.000000 0.110000 -0.090104
v 0.005000 0.108660 -0.090104
v 0.008660 0.105000 -0.090104
v 0.010000 0.100000 -0.090104
v 0.008660 0.095000 -0.090104
v 0.005000 0.091340 -0.090104
v 0.000000 0.090000 -0.090104
v -0.005000 0.091340 -0.090104
v -0.008660 0.095000 -0.090104
v -0.010000 0.100000 -0.090104
v -0.008660 0.105000 -0.092578
v -0.005000 0.108660 -0.092578
v -0.000000 0.110000 -0.092578
v 0.005000 0.108660 -0.092578
v 0.008660 0.105000 -0.092578
v 0.010000 0.100000 -0.092578
v 0.008660 0.095000 -0.092578
v 0.005000 0.091340 -0.092578
v 0.000000 0.090000 -0.092578
v -0.005000 0.091340 -0.092578
v -0.008660 0.095000 -0.092578
v -0.010000 0.100000 -0.092578
v -0.008660 0.105000 -0.095052
v -0.005000 0.108660 -0.095052
v -0.000000 0.110000 -0.095052
v 0.005000 0.108660 -0.095052
v 0.008660 0.105000 -0.095052
v 0.010000 0.100000 -0.095052
v 0.008660 0.095000 -0.095052
v 0.005000 0.091340 -0.095052
v 0.000000 0.090000 -0.095052
v -0.005000 0.091340 -0.095052
v -0.008660 0.095000 -0.095052
v -0.010000 0.100000 -0.095052
v -0.008660 0.105000 -0.097526
v -0.005000 0.108660 -0.097526
v -0.000000 0.110000 -0.097526
v 0.005000 0.108660 -0.097526
v 0.008660 0.105000 -0.097526
v 0.010000 0.100000 -0.097526
v 0.008660 0.095000 -0.097526
v 0.005000 0.091340 -0.097526
v 0.000000 0.090000 -0.097526
v -0.005000 0.091340 -0.097526
v -0.008660 0.095000 -0.097526
v -0.010000 0.100000 -0.097526
v -0.008660 0.105000 -0.100000
v -0.005000 0.108660 -0.100000
v -0.000000 0.110000 -0.100000
v 0.005000 0.108660 -0.100000
v 0.008660 0.105000 -0.100000
v 0.010000 0.100000 -0.100000
v 0.008660 0.095000 -0.100000
v 0.005000 0.091340 -0.100000
v 0.000000 0.090000 -0.100000
v -0.005000 0.091340 -0.100000
v -0.008660 0.095000 -0.100000
v -0.010000 0.100000 -0.100000
vn -0.8660 -0.0000 0.5000
vn -0.5000 -0.0000 0.8660
vn -0.0000 -0.0000 1.0000
vn 0.5000 -0.0000 0.8660
vn 0.8660 -0.0000 0.5000
vn 1.0000 -0.0000 -0.0000
vn 0.8660 -0.0000 -0.5000
vn 0.5000 -0.0000 -0.8660
vn -0.0000 -0.0000 -1.0000
vn -0.5000 -0.0000 -0.8660
vn -0.8660 -0.0000 -0.5000
vn -1.0000 -0.0000 -0.0000
vn -0.8659 0.0008 0.5003
vn -0.4997 0.0019 0.8662
vn -0.0000 0.0024 1.0000
vn 0.4997 0.0019 0.8662
vn 0.8659 0.0008 0.5003
vn 1.0000 0.0002 -0.0000
vn 0.8658 0.0011 -0.5004
vn 0.4996 0.0028 -0.8663
vn -0.0000 0.0038 -1.0000
vn -0.4996 0.0028 -0.8663
vn -0.8658 0.0011 -0.5004
vn -1.0000 0.0002 -0.0000
vn -0.8625 0.0273 0.5053
vn -0.4967 0.0463 0.8667
vn -0.0000 0.0532 0.9986
vn 0.4967 0.0463 0.8667
vn 0.8625 0.0273 0.5053
vn 1.0000 0.0001 0.0093
vn 0.8709 -0.0310 -0.4906
vn 0.5061 -0.0611 -0.8603
vn -0.0000 -0.0753 -0.9972
vn -0.5061 -0.0611 -0.8603
vn -0.8709 -0.0310 -0.4906
vn -1.0000 0.0001 0.0093
vn -0.8657 0.0542 0.4976
vn -0.4995 0.0927 0.8613
vn -0.0000 0.1066 0.9943
vn 0.4995 0.0927 0.8613
vn 0.8657 0.0542 0.4976
vn 1.0000 -0.0006 0.0001
vn 0.8654 -0.0607 -0.4974
vn 0.4984 -0.1126 -0.8596
vn -0.0000 -0.1344 -0.9909
vn -0.4984 -0.1126 -0.8596
vn -0.8654 -0.0607 -0.4974
vn -1.0000 -0.0006 0.0001
vn -0.8660 0.0560 0.4969
vn -0.5000 0.0970 0.8606
vn -0.0000 0.1120 0.9937
vn 0.5000 0.0970 0.8606
vn 0.8660 0.0560 0.4969
vn 0.8660 -0.0560 -0.4969
vn 0.5000 -0.0970 -0.8606
vn -0.0000 -0.1120 -0.9937
vn -0.5000 -0.0970 -0.8606
vn -0.8660 -0.0560 -0.4969
vn -0.8650 0.0620 0.4979
vn -0.4987 0.1096 0.8598
vn -0.0000 0.1273 0.9919
vn 0.4987 0.1096 0.8598
vn 0.8650 0.0620 0.4979
vn 1.0000 0.0028 -0.0005
vn 0.8578 0.0434 -0.5122
vn 0.6693 0.2407 -0.7029
vn -0.0000 0.9292 -0.3695
vn -0.6693 0.2407 -0.7029
vn -0.8578 0.0434 -0.5122
vn -1.0000 0.0028 -0.0005
vn -0.8600 0.1136 0.4975
vn -0.4947 0.1934 0.8473
vn -0.0000 0.2225 0.9749
vn 0.4947 0.1934 0.8473
vn 0.8600 0.1136 0.4975
vn 0.9998 0.0042 0.0183
vn 0.8909 -0.1011 -0.4428
vn 0.9311 0.0811 0.3555
vn -0.9312 0.0811 0.3555
vn -0.8909 -0.1011 -0.4428
vn -0.9998 0.0042 0.0183
vn -0.8650 0.1602 0.4755
vn -0.4987 0.2743 0.8222
vn -0.0000 0.3156 0.9489
vn 0.4987 0.2743 0.8222
vn 0.8650 0.1602 0.4755
vn 1.0000 -0.0027 0.0008
vn 0.8578 -0.2613 -0.4426
vn 0.6693 -0.5219 -0.5289
vn -0.0000 -0.9975 0.0702
vn -0.6693 -0.5219 -0.5288
vn -0.8578 -0.2613 -0.4426
vn -1.0000 -0.0027 0.0008
vn -0.8660 0.1651 0.4719
vn -0.5000 0.2860 0.8174
vn -0.0000 0.3303 0.9439
vn 0.5000 0.2860 0.8174
vn 0.8660 0.1651 0.4719
vn 0.8660 -0.1651 -0.4719
vn 0.5000 -0.2860 -0.8174
vn -0.0000 -0.3303 -0.9439
vn -0.5000 -0.2860 -0.8174
vn -0.8660 -0.1651 -0.4719
vn -0.8650 0.1712 0.4716
vn -0.4987 0.2982 0.8139
vn -0.0000 0.3448 0.9387
vn 0.4987 0.2982 0.8139
vn 0.8650 0.1712 0.4716
vn 1.0000 0.0026 -0.0011
vn 0.8578 -0.0717 -0.5090
vn 0.6693 0.0783 -0.7389
vn -0.0000 0.8237 -0.5670
vn -0.6693 0.0783 -0.7389
vn -0.8578 -0.0717 -0.5090
vn -1.0000 0.0026 -0.0011
vn -0.8600 0.2214 0.4598
vn -0.4947 0.3771 0.7830
vn -0.0000 0.4339 0.9010
vn 0.4947 0.3771 0.7830
vn 0.8600 0.2214 0.4598
vn 0.9998 0.0081 0.0169
vn 0.8909 -0.1971 -0.4092
vn 0.9311 0.1582 0.3286
vn -0.9311 0.1583 0.3286
vn -0.8909 -0.1971 -0.4092
vn -0.9998 0.0081 0.0169
vn -0.8650 0.2619 0.4279
vn -0.4987 0.4504 0.7406
vn -0.0000 0.5189 0.8549
vn 0.4987 0.4504 0.7406
vn 0.8650 0.2619 0.4279
vn 1.0000 -0.0025 0.0014
vn 0.8578 -0.3533 -0.3734
vn 0.6693 -0.6265 -0.3995
vn -0.0000 -0.9569 0.2905
vn -0.6693 -0.6265 -0.3995
vn -0.8578 -0.3533 -0.3734
vn -1.0000 -0.0025 0.0014
vn -0.8660 0.2660 0.4234
vn -0.5000 0.4608 0.7333
vn -0.0000 0.5320 0.8467
vn 0.5000 0.4608 0.7333
vn 0.8660 0.2660 0.4234
vn 0.8660 -0.2660 -0.4234
vn 0.5000 -0.4608 -0.7333
vn -0.0000 -0.5320 -0.8467
vn -0.5000 -0.4608 -0.7333
vn -0.8660 -0.2660 -0.4234
vn 0.8680 0.3254 0.3751
vn 0.9634 0.2104 -0.1660
vn 0.8609 -0.1243 -0.4934
vn -0.5065 -0.3839 -0.7721
vn -0.8311 -0.1934 -0.5214
vn -0.9970 -0.0560 0.0528
vn 0.8831 0.3813 0.2734
vn 0.9725 0.2303 -0.0353
vn 0.8899 -0.0743 -0.4500
vn -0.5142 -0.5329 -0.6721
vn -0.9222 -0.3637 -0.1316
vn -0.9845 -0.1533 0.0854
vn 0.9995 0.0173 0.0276
vn 0.9300 -0.1956 -0.3112
vn -0.4959 -0.6249 -0.6030
vn -0.6610 -0.7282 -0.1811
vn -0.7071 -0.3762 -0.5987
vn 0.9410 0.2556 -0.2218
vn 0.8646 0.0931 -0.4937
vn 0.4961 -0.2732 -0.8241
vn 0.9313 0.1538 -0.3302
vn 0.9153 0.1405 -0.3776
vn 0.5882 -0.2050 -0.7823
vn 0.8199 -0.5397 0.1912
vn 0.7964 -0.5722 0.1957
vn 0.5957 -0.6424 -0.4822
vn 0.8638 -0.3980 0.3089
vn 0.7875 -0.6128 0.0664
vn 0.4609 -0.7007 -0.5446
vn 0.9995 0.0170 0.0280
vn 0.9214 -0.1114 -0.3723
vn 0.6693 -0.0881 -0.7377
vn -0.0000 0.6769 -0.7361
vn -0.6693 -0.0881 -0.7377
vn -0.6890 -0.2154 -0.6920
vn 0.9995 0.0202 0.0249
vn 0.9562 -0.1827 -0.2288
vn 0.9312 0.2273 0.2851
vn -0.0000 0.6235 0.7818
vn -0.9312 0.2273 0.2851
vn -0.7192 -0.4332 -0.5432
vn 0.9995 0.0229 0.0223
vn 0.9212 -0.3384 -0.1917
vn 0.6693 -0.6997 -0.2500
vn -0.0000 -0.8683 0.4961
vn -0.6693 -0.6996 -0.2500
vn -0.6890 -0.6267 -0.3640
vn 0.9995 0.0225 0.0225
vn 0.9299 -0.2602 -0.2601
vn 0.5000 -0.6124 -0.6124
vn -0.0000 -0.7071 -0.7071
vn -0.5000 -0.6124 -0.6124
vn -0.7071 -0.5000 -0.5000
vn 0.9810 -0.1207 0.1519
vn 0.8826 -0.4523 -0.1279
vn -0.5063 -0.5220 -0.6864
vn -0.7101 -0.2560 -0.6559
vn -0.8660 0.3536 0.3536
vn -0.5000 0.6124 0.6124
vn -0.0000 0.7071 0.7071
vn 0.5000 0.6124 0.6124
vn 0.8660 0.3536 0.3536
vn 0.9144 -0.2933 0.2791
vn 0.8451 -0.5042 -0.1779
vn -0.5202 -0.6259 -0.5810
vn -0.7567 0.3232 -0.5683
vn -0.9276 0.3363 -0.1627
vn 0.8660 -0.3536 -0.3536
vn -0.5036 -0.7121 -0.4893
vn -0.8107 -0.5560 -0.1836
vn -0.9796 0.1742 -0.1002
vn -0.8660 -0.3536 -0.3536
vn -0.8650 0.3589 0.3506
vn -0.4987 0.6218 0.6039
vn -0.0000 0.7180 0.6961
vn 0.4987 0.6218 0.6039
vn 0.8650 0.3589 0.3506
vn 1.0000 0.0019 -0.0021
vn 0.8578 -0.2854 -0.4275
vn 0.6693 -0.2500 -0.6997
vn -0.0000 0.4961 -0.8683
vn -0.6693 -0.2500 -0.6997
vn -0.8578 -0.2855 -0.4275
vn -1.0000 0.0019 -0.0021
vn -0.8600 0.3990 0.3182
vn -0.4947 0.6795 0.5418
vn -0.0000 0.7818 0.6235
vn 0.4947 0.6795 0.5418
vn 0.8600 0.3990 0.3182
vn 0.9998 0.0147 0.0117
vn 0.8909 -0.3551 -0.2832
vn 0.9312 0.2850 0.2273
vn -0.9312 0.2850 0.2273
vn -0.8909 -0.3551 -0.2832
vn -0.9998 0.0147 0.0117
vn -0.8650 0.4217 0.2719
vn -0.4987 0.7271 0.4718
vn -0.0000 0.8384 0.5451
vn 0.4987 0.7271 0.4718
vn 0.8650 0.4217 0.2719
vn 1.0000 -0.0016 0.0023
vn 0.8578 -0.4803 -0.1831
vn 0.6693 -0.7378 -0.0881
vn -0.0000 -0.7361 0.6769
vn -0.6693 -0.7378 -0.0881
vn -0.8578 -0.4803 -0.1831
vn -1.0000 -0.0016 0.0023
vn -0.8660 0.4234 0.2660
vn -0.5000 0.7333 0.4608
vn -0.0000 0.8467 0.5320
vn 0.5000 0.7333 0.4608
vn 0.8660 0.4234 0.2660
vn 0.8660 -0.4234 -0.2660
vn 0.5000 -0.7333 -0.4608
vn -0.0000 -0.8467 -0.5320
vn -0.5000 -0.7333 -0.4608
vn -0.8660 -0.4234 -0.2660
vn 0.5000 0.7333 0.4607
vn -0.8650 0.4279 0.2619
vn -0.4987 0.7406 0.4504
vn -0.0000 0.8549 0.5189
vn 0.4987 0.7406 0.4504
vn 0.8650 0.4279 0.2619
vn 1.0000 0.0014 -0.0025
vn 0.8578 -0.3734 -0.3533
vn 0.6693 -0.3994 -0.6265
vn -0.0000 0.2905 -0.9569
vn -0.6693 -0.3994 -0.6265
vn -0.8578 -0.3734 -0.3533
vn -1.0000 0.0014 -0.0025
vn -0.8600 0.4598 0.2214
vn -0.4947 0.7830 0.3771
vn -0.0000 0.9010 0.4339
vn 0.4947 0.7830 0.3771
vn 0.8600 0.4598 0.2214
vn 0.9998 0.0169 0.0081
vn 0.8909 -0.4092 -0.1971
vn 0.9312 0.3286 0.1581
vn -0.9311 0.3286 0.1581
vn -0.8909 -0.4092 -0.1971
vn -0.9998 0.0169 0.0081
vn -0.8650 0.4716 0.1712
vn -0.4987 0.8139 0.2982
vn -0.0000 0.9387 0.3448
vn 0.4987 0.8139 0.2982
vn 0.8650 0.4716 0.1712
vn 1.0000 -0.0011 0.0026
vn 0.8578 -0.5090 -0.0717
vn 0.6693 -0.7389 0.0783
vn -0.0000 -0.5670 0.8237
vn -0.6693 -0.7388 0.0783
vn -0.8578 -0.5090 -0.0717
vn -1.0000 -0.0011 0.0026
vn -0.8660 0.4719 0.1651
vn -0.5000 0.8174 0.2860
vn -0.0000 0.9439 0.3303
vn 0.5000 0.8174 0.2860
vn 0.8660 0.4719 0.1651
vn 0.8660 -0.4719 -0.1651
vn 0.5000 -0.8174 -0.2860
vn -0.0000 -0.9439 -0.3303
vn -0.5000 -0.8174 -0.2860
vn -0.8660 -0.4719 -0.1651
vn -0.8650 0.4755 0.1602
vn -0.4987 0.8222 0.2743
vn -0.0000 0.9489 0.3156
vn 0.4987 0.8222 0.2743
vn 0.8650 0.4755 0.1602
vn 1.0000 0.0008 -0.0027
vn 0.8578 -0.4426 -0.2613
vn 0.6693 -0.5288 -0.5219
vn -0.0000 0.0703 -0.9975
vn -0.6693 -0.5288 -0.5219
vn -0.8578 -0.4426 -0.2613
vn -1.0000 0.0008 -0.0027
vn -0.8600 0.4975 0.1136
vn -0.4947 0.8473 0.1934
vn -0.0000 0.9749 0.2225
vn 0.4947 0.8473 0.1934
vn 0.8600 0.4975 0.1136
vn 0.9998 0.0183 0.0042
vn 0.8909 -0.4428 -0.1011
vn 0.9311 0.3555 0.0810
vn -0.0000 0.9749 0.2226
vn -0.9311 0.3556 0.0811
vn -0.8909 -0.4428 -0.1011
vn -0.9998 0.0183 0.0042
vn -0.8650 0.4979 0.0620
vn -0.4987 0.8598 0.1096
vn -0.0000 0.9919 0.1273
vn 0.4987 0.8598 0.1096
vn 0.8650 0.4979 0.0620
vn 1.0000 -0.0005 0.0028
vn 0.8578 -0.5122 0.0433
vn 0.6693 -0.7029 0.2407
vn -0.0000 -0.3695 0.9292
vn -0.6693 -0.7029 0.2407
vn -0.8578 -0.5122 0.0433
vn -1.0000 -0.0005 0.0028
vn -0.8660 0.4969 0.0560
vn -0.5000 0.8606 0.0970
vn -0.0000 0.9937 0.1120
vn 0.5000 0.8606 0.0970
vn 0.8660 0.4969 0.0560
vn 0.8660 -0.4969 -0.0560
vn 0.5000 -0.8606 -0.0970
vn -0.0000 -0.9937 -0.1120
vn -0.5000 -0.8606 -0.0970
vn -0.8660 -0.4969 -0.0560
vn -0.8657 0.4976 0.0542
vn -0.4995 0.8613 0.0927
vn -0.0000 0.9943 0.1066
vn 0.4995 0.8613 0.0927
vn 0.8657 0.4976 0.0542
vn 1.0000 0.0001 -0.0006
vn 0.8654 -0.4974 -0.0607
vn 0.4984 -0.8596 -0.1126
vn -0.0000 -0.9909 -0.1344
vn -0.4984 -0.8596 -0.1126
vn -0.8654 -0.4974 -0.0607
vn -1.0000 0.0001 -0.0006
vn -0.8625 0.5053 0.0273
vn -0.4967 0.8667 0.0463
vn -0.0000 0.9986 0.0532
vn 0.4967 0.8667 0.0463
vn 0.8625 0.5053 0.0273
vn 1.0000 0.0093 0.0001
vn 0.8709 -0.4906 -0.0310
vn 0.5061 -0.8603 -0.0611
vn -0.0000 -0.9972 -0.0753
vn -0.5061 -0.8603 -0.0611
vn -0.8709 -0.4906 -0.0310
vn -1.0000 0.0093 0.0001
vn -0.8659 0.5003 0.0008
vn -0.4997 0.8662 0.0019
vn -0.0000 1.0000 0.0024
vn 0.4997 0.8662 0.0019
vn 0.8659 0.5003 0.0008
vn 1.0000 -0.0000 0.0002
vn 0.8658 -0.5004 0.0011
vn 0.4996 -0.8663 0.0028
vn -0.0000 -1.0000 0.0038
vn -0.4996 -0.8663 0.0028
vn -0.8658 -0.5004 0.0011
vn -1.0000 -0.0000 0.0002
vn -0.8660 0.5000 -0.0000
vn -0.5000 0.8660 -0.0000
vn -0.0000 1.0000 -0.0000
vn 0.5000 0.8660 -0.0000
vn 0.8660 0.5000 -0.0000
vn 0.8660 -0.5000 -0.0000
vn 0.5000 -0.8660 -0.0000
vn -0.0000 -1.0000 -0.0000
vn -0.5000 -0.8660 -0.0000
vn -0.8660 -0.5000 -0.0000
vt 0.000000 1.000000
vt 0.006944 1.000000
vt 0.006944 0.916667
vt 0.000000 0.916667
vt 0.000000 0.083333
vt 0.006944 0.083333
vt 0.006944 0.000000
vt 0.000000 0.000000
vt 0.000000 0.166667
vt 0.006944 0.166667
vt 0.000000 0.250000
vt 0.006944 0.250000
vt 0.000000 0.333333
vt 0.006944 0.333333
vt 0.000000 0.416667
vt 0.006944 0.416667
vt 0.000000 0.500000
vt 0.006944 0.500000
vt 0.000000 0.583333
vt 0.006944 0.583333
vt 0.000000 0.666667
vt 0.006944 0.666667
vt 0.000000 0.750000
vt 0.006944 0.750000
vt 0.000000 0.833333
vt 0.006944 0.833333
vt 0.013889 1.000000
vt 0.013889 0.916667
vt 0.013889 0.083333
vt 0.013889 0.000000
vt 0.013889 0.166667
vt 0.013889 0.250000
vt 0.013889 0.333333
vt 0.013889 0.416667
vt 0.013889 0.500000
vt 0.013889 0.583333
vt 0.013889 0.666667
vt 0.013889 0.750000
vt 0.013889 0.833333
vt 0.020833 1.000000
vt 0.020833 0.916667
vt 0.020833 0.083333
vt 0.020833 0.000000
vt 0.020833 0.166667
vt 0.020833 0.250000
vt 0.020833 0.333333
vt 0.020833 0.416667
vt 0.020833 0.500000
vt 0.020833 0.583333
vt 0.020833 0.666667
vt 0.020833 0.750000
vt 0.020833 0.833333
vt 0.027778 1.000000
vt 0.027778 0.916667
vt 0.027778 0.083333
vt 0.027778 0.000000
vt 0.027778 0.166667
vt 0.027778 0.250000
vt 0.027778 0.333333
vt 0.027778 0.416667
vt 0.027778 0.500000
vt 0.027778 0.583333
vt 0.027778 0.666667
vt 0.027778 0.750000
vt 0.027778 0.833333
vt 0.034722 1.000000
vt 0.034722 0.916667
vt 0.034722 0.083333
vt 0.034722 0.000000
vt 0.034722 0.166667
vt 0.034722 0.250000
vt 0.034722 0.333333
vt 0.034722 0.416667
vt 0.034722 0.500000
vt 0.034722 0.583333
vt 0.034722 0.666667
vt 0.034722 0.750000
vt 0.034722 0.833333
vt 0.041667 1.000000
vt 0.041667 0.916667
vt 0.041667 0.083333
vt 0.041667 0.000000
vt 0.041667 0.166667
vt 0.041667 0.250000
vt 0.041667 0.333333
vt 0.041667 0.416667
vt 0.041667 0.500000
vt 0.041667 0.583333
vt 0.041667 0.666667
vt 0.041667 0.750000
vt 0.041667 0.833333
vt 0.048611 1.000000
vt 0.048611 0.916667
vt 0.048611 0.083333
vt 0.048611 0.000000
vt 0.048611 0.166667
vt 0.048611 0.250000
vt 0.048611 0.333333
vt 0.048611 0.416667
vt 0.048611 0.500000
vt 0.048611 0.583333
vt 0.048611 0.666667
vt 0.048611 0.750000
vt 0.048611 0.833333
vt 0.055556 1.000000
vt 0.055556 0.916667
vt 0.055556 0.083333
vt 0.055556 0.000000
vt 0.055556 0.166667
vt 0.055556 0.250000
vt 0.055556 0.333333
vt 0.055556 0.416667
vt 0.055556 0.500000
vt 0.055556 0.583333
vt 0.055556 0.666667
vt 0.055556 0.750000
vt 0.055556 0.833333
vt 0.062500 1.000000
vt 0.062500 0.916667
vt 0.062500 0.083333
vt 0.062500 0.000000
vt 0.062500 0.166667
vt 0.062500 0.250000
vt 0.062500 0.333333
vt 0.062500 0.416667
vt 0.062500 0.500000
vt 0.062500 0.583333
vt 0.062500 0.666667
vt 0.062500 0.750000
vt 0.062500 0.833333
vt 0.069444 1.000000
vt 0.069444 0.916667
vt 0.069444 0.083333
vt 0.069444 0.000000
vt 0.069444 0.166667
vt 0.069444 0.250000
vt 0.069444 0.333333
vt 0.069444 0.416667
vt 0.069444 0.500000
vt 0.069444 0.583333
vt 0.069444 0.666667
vt 0.069444 0.750000
vt 0.069444 0.833333
vt 0.076389 1.000000
vt 0.076389 0.916667
vt 0.076389 0.083333
vt 0.076389 0.000000
vt 0.076389 0.166667
vt 0.076389 0.250000
vt 0.076389 0.333333
vt 0.076389 0.416667
vt 0.076389 0.500000
vt 0.076389 0.583333
vt 0.076389 0.666667
vt 0.076389 0.750000
vt 0.076389 0.833333
vt 0.083333 1.000000
vt 0.083333 0.916667
vt 0.083333 0.083333
vt 0.083333 0.000000
vt 0.083333 0.166667
vt 0.083333 0.250000
vt 0.083333 0.333333
vt 0.083333 0.416667
vt 0.083333 0.500000
vt 0.083333 0.583333
vt 0.083333 0.666667
vt 0.083333 0.750000
vt 0.083333 0.833333
vt 0.090278 1.000000
vt 0.090278 0.916667
vt 0.090278 0.083333
vt 0.090278 0.000000
vt 0.090278 0.166667
vt 0.090278 0.250000
vt 0.090278 0.333333
vt 0.090278 0.416667
vt 0.090278 0.500000
vt 0.090278 0.583333
vt 0.090278 0.666667
vt 0.090278 0.750000
vt 0.090278 0.833333
vt 0.097222 1.000000
vt 0.097222 0.916667
vt 0.097222 0.083333
vt 0.097222 0.000000
vt 0.097222 0.166667
vt 0.097222 0.250000
vt 0.097222 0.333333
vt 0.097222 0.416667
vt 0.097222 0.500000
vt 0.097222 0.583333
vt 0.097222 0.666667
vt 0.097222 0.750000
vt 0.097222 0.833333
vt 0.104167 1.000000
vt 0.104167 0.916667
vt 0.104167 0.083333
vt 0.104167 0.000000
vt 0.104167 0.166667
vt 0.104167 0.250000
vt 0.104167 0.333333
vt 0.104167 0.416667
vt 0.104167 0.500000
vt 0.104167 0.583333
vt 0.104167 0.666667
vt 0.104167 0.750000
vt 0.104167 0.833333
vt 0.111111 1.000000
vt 0.111111 0.916667
vt 0.111111 0.083333
vt 0.111111 0.000000
vt 0.111111 0.166667
vt 0.111111 0.250000
vt 0.111111 0.333333
vt 0.111111 0.416667
vt 0.111111 0.500000
vt 0.111111 0.583333
vt 0.111111 0.666667
vt 0.111111 0.750000
vt 0.111111 0.833333
vt 0.118056 1.000000
vt 0.118056 0.916667
vt 0.118056 0.083333
vt 0.118056 0.000000
vt 0.118056 0.166667
vt 0.118056 0.250000
vt 0.118056 0.333333
vt 0.118056 0.416667
vt 0.118056 0.500000
vt 0.118056 0.583333
vt 0.118056 0.666667
vt 0.118056 0.750000
vt 0.118056 0.833333
vt 0.125000 1.000000
vt 0.125000 0.916667
vt 0.125000 0.083333
vt 0.125000 0.000000
vt 0.125000 0.166667
vt 0.125000 0.250000
vt 0.125000 0.333333
vt 0.125000 0.416667
vt 0.125000 0.500000
vt 0.125000 0.583333
vt 0.125000 0.666667
vt 0.125000 0.750000
vt 0.125000 0.833333
vt 0.131944 1.000000
vt 0.131944 0.916667
vt 0.131944 0.083333
vt 0.131944 0.000000
vt 0.131944 0.166667
vt 0.131944 0.250000
vt 0.131944 0.333333
vt 0.131944 0.416667
vt 0.131944 0.500000
vt 0.131944 0.583333
vt 0.131944 0.666667
vt 0.131944 0.750000
vt 0.131944 0.833333
vt 0.138889 1.000000
vt 0.138889 0.916667
vt 0.138889 0.083333
vt 0.138889 0.000000
vt 0.138889 0.166667
vt 0.138889 0.250000
vt 0.138889 0.333333
vt 0.138889 0.416667
vt 0.138889 0.500000
vt 0.138889 0.583333
vt 0.138889 0.666667
vt 0.138889 0.750000
vt 0.138889 0.833333
vt 0.145833 1.000000
vt 0.145833 0.916667
vt 0.145833 0.083333
vt 0.145833 0.000000
vt 0.145833 0.166667
vt 0.145833 0.250000
vt 0.145833 0.333333
vt 0.145833 0.416667
vt 0.145833 0.500000
vt 0.145833 0.583333
vt 0.145833 0.666667
vt 0.145833 0.750000
vt 0.145833 0.833333
vt 0.152778 1.000000
vt 0.152778 0.916667
vt 0.152778 0.083333
vt 0.152778 0.000000
vt 0.152778 0.166667
vt 0.152778 0.250000
vt 0.152778 0.333333
vt 0.152778 0.416667
vt 0.152778 0.500000
vt 0.152778 0.583333
vt 0.152778 0.666667
vt 0.152778 0.750000
vt 0.152778 0.833333
vt 0.159722 1.000000
vt 0.159722 0.916667
vt 0.159722 0.083333
vt 0.159722 0.000000
vt 0.159722 0.166667
vt 0.159722 0.250000
vt 0.159722 0.333333
vt 0.159722 0.416667
vt 0.159722 0.500000
vt 0.159722 0.583333
vt 0.159722 0.666667
vt 0.159722 0.750000
vt 0.159722 0.833333
vt 0.166667 1.000000
vt 0.166667 0.916667
vt 0.166667 0.083333
vt 0.166667 0.000000
vt 0.166667 0.166667
vt 0.166667 0.250000
vt 0.166667 0.333333
vt 0.166667 0.416667
vt 0.166667 0.500000
vt 0.166667 0.583333
vt 0.166667 0.666667
vt 0.166667 0.750000
vt 0.166667 0.833333
vt 0.173611 1.000000
vt 0.173611 0.916667
vt 0.173611 0.083333
vt 0.173611 0.000000
vt 0.173611 0.166667
vt 0.173611 0.250000
vt 0.173611 0.333333
vt 0.173611 0.416667
vt 0.173611 0.500000
vt 0.173611 0.583333
vt 0.173611 0.666667
vt 0.173611 0.750000
vt 0.173611 0.833333
vt 0.180556 1.000000
vt 0.180556 0.916667
vt 0.180556 0.083333
vt 0.180556 0.000000
vt 0.180556 0.166667
vt 0.180556 0.250000
vt 0.180556 0.333333
vt 0.180556 0.416667
vt 0.180556 0.500000
vt 0.180556 0.583333
vt 0.180556 0.666667
vt 0.180556 0.750000
vt 0.180556 0.833333
vt 0.187500 1.000000
vt 0.187500 0.916667
vt 0.187500 0.083333
vt 0.187500 0.000000
vt 0.187500 0.166667
vt 0.187500 0.250000
vt 0.187500 0.333333
vt 0.187500 0.416667
vt 0.187500 0.500000
vt 0.187500 0.583333
vt 0.187500 0.666667
vt 0.187500 0.750000
vt 0.187500 0.833333
vt 0.194444 1.000000
vt 0.194444 0.916667
vt 0.194444 0.083333
vt 0.194444 0.000000
vt 0.194444 0.166667
vt 0.194444 0.250000
vt 0.194444 0.333333
vt 0.194444 0.416667
vt 0.194444 0.500000
vt 0.194444 0.583333
vt 0.194444 0.666667
vt 0.194444 0.750000
vt 0.194444 0.833333
vt 0.201389 1.000000
vt 0.201389 0.916667
vt 0.201389 0.083333
vt 0.201389 0.000000
vt 0.201389 0.166667
vt 0.201389 0.250000
vt 0.201389 0.333333
vt 0.201389 0.416667
vt 0.201389 0.500000
vt 0.201389 0.583333
vt 0.201389 0.666667
vt 0.201389 0.750000
vt 0.201389 0.833333
vt 0.208333 1.000000
vt 0.208333 0.916667
vt 0.208333 0.083333
vt 0.208333 0.000000
vt 0.208333 0.166667
vt 0.208333 0.250000
vt 0.208333 0.333333
vt 0.208333 0.416667
vt 0.208333 0.500000
vt 0.208333 0.583333
vt 0.208333 0.666667
vt 0.208333 0.750000
vt 0.208333 0.833333
vt 0.215278 1.000000
vt 0.215278 0.916667
vt 0.215278 0.083333
vt 0.215278 0.000000
vt 0.215278 0.166667
vt 0.215278 0.250000
vt 0.215278 0.333333
vt 0.215278 0.416667
vt 0.215278 0.500000
vt 0.215278 0.583333
vt 0.215278 0.666667
vt 0.215278 0.750000
vt 0.215278 0.833333
vt 0.222222 1.000000
vt 0.222222 0.916667
vt 0.222222 0.083333
vt 0.222222 0.000000
vt 0.222222 0.166667
vt 0.222222 0.250000
vt 0.222222 0.333333
vt 0.222222 0.416667
vt 0.222222 0.500000
vt 0.222222 0.583333
vt 0.222222 0.666667
vt 0.222222 0.750000
vt 0.222222 0.833333
vt 0.229167 1.000000
vt 0.229167 0.916667
vt 0.229167 0.083333
vt 0.229167 0.000000
vt 0.229167 0.166667
vt 0.229167 0.250000
vt 0.229167 0.333333
vt 0.229167 0.416667
vt 0.229167 0.500000
vt 0.229167 0.583333
vt 0.229167 0.666667
vt 0.229167 0.750000
vt 0.229167 0.833333
vt 0.236111 1.000000
vt 0.236111 0.916667
vt 0.236111 0.083333
vt 0.236111 0.000000
vt 0.236111 0.166667
vt 0.236111 0.250000
vt 0.236111 0.333333
vt 0.236111 0.416667
vt 0.236111 0.500000
vt 0.236111 0.583333
vt 0.236111 0.666667
vt 0.236111 0.750000
vt 0.236111 0.833333
vt 0.243056 1.000000
vt 0.243056 0.916667
vt 0.243056 0.083333
vt 0.243056 0.000000
vt 0.243056 0.166667
vt 0.243056 0.250000
vt 0.243056 0.333333
vt 0.243056 0.416667
vt 0.243056 0.500000
vt 0.243056 0.583333
vt 0.243056 0.666667
vt 0.243056 0.750000
vt 0.243056 0.833333
vt 0.250000 1.000000
vt 0.250000 0.916667
vt 0.250000 0.083333
vt 0.250000 0.000000
vt 0.250000 0.166667
vt 0.250000 0.250000
vt 0.250000 0.333333
vt 0.250000 0.416667
vt 0.250000 0.500000
vt 0.250000 0.583333
vt 0.250000 0.666667
vt 0.250000 0.750000
vt 0.250000 0.833333
vt 0.256944 1.000000
vt 0.256944 0.916667
vt 0.256944 0.083333
vt 0.256944 0.000000
vt 0.256944 0.166667
vt 0.256944 0.250000
vt 0.256944 0.333333
vt 0.256944 0.416667
vt 0.256944 0.500000
vt 0.256944 0.583333
vt 0.256944 0.666667
vt 0.256944 0.750000
vt 0.256944 0.833333
vt 0.263889 1.000000
vt 0.263889 0.916667
vt 0.263889 0.083333
vt 0.263889 0.000000
vt 0.263889 0.166667
vt 0.263889 0.250000
vt 0.263889 0.333333
vt 0.263889 0.416667
vt 0.263889 0.500000
vt 0.263889 0.583333
vt 0.263889 0.666667
vt 0.263889 0.750000
vt 0.263889 0.833333
vt 0.270833 1.000000
vt 0.270833 0.916667
vt 0.270833 0.083333
vt 0.270833 0.000000
vt 0.270833 0.166667
vt 0.270833 0.250000
vt 0.270833 0.333333
vt 0.270833 0.416667
vt 0.270833 0.500000
vt 0.270833 0.583333
vt 0.270833 0.666667
vt 0.270833 0.750000
vt 0.270833 0.833333
vt 0.277778 1.000000
vt 0.277778 0.916667
vt 0.277778 0.083333
vt 0.277778 0.000000
vt 0.277778 0.166667
vt 0.277778 0.250000
vt 0.277778 0.333333
vt 0.277778 0.416667
vt 0.277778 0.500000
vt 0.277778 0.583333
vt 0.277778 0.666667
vt 0.277778 0.750000
vt 0.277778 0.833333
vt 0.284722 1.000000
vt 0.284722 0.916667
vt 0.284722 0.083333
vt 0.284722 0.000000
vt 0.284722 0.166667
vt 0.284722 0.250000
vt 0.284722 0.333333
vt 0.284722 0.416667
vt 0.284722 0.500000
vt 0.284722 0.583333
vt 0.284722 0.666667
vt 0.284722 0.750000
vt 0.284722 0.833333
vt 0.291667 1.000000
vt 0.291667 0.916667
vt 0.291667 0.083333
vt 0.291667 0.000000
vt 0.291667 0.166667
vt 0.291667 0.250000
vt 0.291667 0.333333
vt 0.291667 0.416667
vt 0.291667 0.500000
vt 0.291667 0.583333
vt 0.291667 0.666667
vt 0.291667 0.750000
vt 0.291667 0.833333
vt 0.298611 1.000000
vt 0.298611 0.916667
vt 0.298611 0.083333
vt 0.298611 0.000000
vt 0.298611 0.166667
vt 0.298611 0.250000
vt 0.298611 0.333333
vt 0.298611 0.416667
vt 0.298611 0.500000
vt 0.298611 0.583333
vt 0.298611 0.666667
vt 0.298611 0.750000
vt 0.298611 0.833333
vt 0.305556 1.000000
vt 0.305556 0.916667
vt 0.305556 0.083333
vt 0.305556 0.000000
vt 0.305556 0.166667
vt 0.305556 0.250000
vt 0.305556 0.333333
vt 0.305556 0.416667
vt 0.305556 0.500000
vt 0.305556 0.583333
vt 0.305556 0.666667
vt 0.305556 0.750000
vt 0.305556 0.833333
vt 0.312500 1.000000
vt 0.312500 0.916667
vt 0.312500 0.083333
vt 0.312500 0.000000
vt 0.312500 0.166667
vt 0.312500 0.250000
vt 0.312500 0.333333
vt 0.312500 0.416667
vt 0.312500 0.500000
vt 0.312500 0.583333
vt 0.312500 0.666667
vt 0.312500 0.750000
vt 0.312500 0.833333
vt 0.319444 1.000000
vt 0.319444 0.916667
vt 0.319444 0.083333
vt 0.319444 0.000000
vt 0.319444 0.166667
vt 0.319444 0.250000
vt 0.319444 0.333333
vt 0.319444 0.416667
vt 0.319444 0.500000
vt 0.319444 0.583333
vt 0.319444 0.666667
vt 0.319444 0.750000
vt 0.319444 0.833333
vt 0.326389 1.000000
vt 0.326389 0.916667
vt 0.326389 0.083333
vt 0.326389 0.000000
vt 0.326389 0.166667
vt 0.326389 0.250000
vt 0.326389 0.333333
vt 0.326389 0.416667
vt 0.326389 0.500000
vt 0.326389 0.583333
vt 0.326389 0.666667
vt 0.326389 0.750000
vt 0.326389 0.833333
vt 0.333333 1.000000
vt 0.333333 0.916667
vt 0.333333 0.083333
vt 0.333333 0.000000
vt 0.333333 0.166667
vt 0.333333 0.250000
vt 0.333333 0.333333
vt 0.333333 0.416667
vt 0.333333 0.500000
vt 0.333333 0.583333
vt 0.333333 0.666667
vt 0.333333 0.750000
vt 0.333333 0.833333
vt 0.340278 1.000000
vt 0.340278 0.916667
vt 0.340278 0.083333
vt 0.340278 0.000000
vt 0.340278 0.166667
vt 0.340278 0.250000
vt 0.340278 0.333333
vt 0.340278 0.416667
vt 0.340278 0.500000
vt 0.340278 0.583333
vt 0.340278 0.666667
vt 0.340278 0.750000
vt 0.340278 0.833333
vt 0.347222 1.000000
vt 0.347222 0.916667
vt 0.347222 0.083333
vt 0.347222 0.000000
vt 0.347222 0.166667
vt 0.347222 0.250000
vt 0.347222 0.333333
vt 0.347222 0.416667
vt 0.347222 0.500000
vt 0.347222 0.583333
vt 0.347222 0.666667
vt 0.347222 0.750000
vt 0.347222 0.833333
vt 0.354167 1.000000
vt 0.354167 0.916667
vt 0.354167 0.083333
vt 0.354167 0.000000
vt 0.354167 0.166667
vt 0.354167 0.250000
vt 0.354167 0.333333
vt 0.354167 0.416667
vt 0.354167 0.500000
vt 0.354167 0.583333
vt 0.354167 0.666667
vt 0.354167 0.750000
vt 0.354167 0.833333
vt 0.361111 1.000000
vt 0.361111 0.916667
vt 0.361111 0.083333
vt 0.361111 0.000000
vt 0.361111 0.166667
vt 0.361111 0.250000
vt 0.361111 0.333333
vt 0.361111 0.416667
vt 0.361111 0.500000
vt 0.361111 0.583333
vt 0.361111 0.666667
vt 0.361111 0.750000
vt 0.361111 0.833333
vt 0.368056 1.000000
vt 0.368056 0.916667
vt 0.368056 0.083333
vt 0.368056 0.000000
vt 0.368056 0.166667
vt 0.368056 0.250000
vt 0.368056 0.333333
vt 0.368056 0.416667
vt 0.368056 0.500000
vt 0.368056 0.583333
vt 0.368056 0.666667
vt 0.368056 0.750000
vt 0.368056 0.833333
vt 0.375000 1.000000
vt 0.375000 0.916667
vt 0.375000 0.083333
vt 0.375000 0.000000
vt 0.375000 0.166667
vt 0.375000 0.250000
vt 0.375000 0.333333
vt 0.375000 0.416667
vt 0.375000 0.500000
vt 0.375000 0.583333
vt 0.375000 0.666667
vt 0.375000 0.750000
vt 0.375000 0.833333
vt 0.381944 1.000000
vt 0.381944 0.916667
vt 0.381944 0.083333
vt 0.381944 0.000000
vt 0.381944 0.166667
vt 0.381944 0.250000
vt 0.381944 0.333333
vt 0.381944 0.416667
vt 0.381944 0.500000
vt 0.381944 0.583333
vt 0.381944 0.666667
vt 0.381944 0.750000
vt 0.381944 0.833333
vt 0.388889 0.500000
vt 0.388889 0.416667
vt 0.388889 0.583333
vt 0.388889 0.666667
vt 0.388889 0.750000
vt 0.388889 0.833333
vt 0.395833 0.500000
vt 0.395833 0.416667
vt 0.395833 0.583333
vt 0.395833 0.666667
vt 0.395833 0.750000
vt 0.395833 0.833333
vt 0.402778 0.500000
vt 0.402778 0.416667
vt 0.402778 0.583333
vt 0.402778 0.666667
vt 0.402778 0.750000
vt 0.402778 0.833333
vt 0.409722 0.500000
vt 0.409722 0.416667
vt 0.409722 0.583333
vt 0.409722 0.666667
vt 0.409722 0.750000
vt 0.409722 0.833333
vt 0.416667 0.500000
vt 0.416667 0.416667
vt 0.416667 0.583333
vt 0.416667 0.666667
vt 0.416667 0.750000
vt 0.416667 0.833333
vt 0.423611 0.500000
vt 0.423611 0.416667
vt 0.423611 0.583333
vt 0.423611 0.666667
vt 0.423611 0.750000
vt 0.423611 0.833333
vt 0.430556 0.500000
vt 0.430556 0.416667
vt 0.430556 0.583333
vt 0.430556 0.666667
vt 0.430556 0.750000
vt 0.430556 0.833333
vt 0.437500 0.500000
vt 0.437500 0.416667
vt 0.437500 0.583333
vt 0.437500 0.666667
vt 0.437500 0.750000
vt 0.437500 0.833333
vt 0.444444 0.500000
vt 0.444444 0.416667
vt 0.444444 0.583333
vt 0.444444 0.666667
vt 0.444444 0.750000
vt 0.444444 0.833333
vt 0.451389 0.500000
vt 0.451389 0.416667
vt 0.451389 0.583333
vt 0.451389 0.666667
vt 0.451389 0.750000
vt 0.451389 0.833333
vt 0.458333 0.500000
vt 0.458333 0.416667
vt 0.458333 0.583333
vt 0.458333 0.666667
vt 0.458333 0.750000
vt 0.458333 0.833333
vt 0.465278 0.500000
vt 0.465278 0.416667
vt 0.465278 0.583333
vt 0.465278 0.666667
vt 0.465278 0.750000
vt 0.465278 0.833333
vt 0.472222 0.500000
vt 0.472222 0.416667
vt 0.472222 0.583333
vt 0.472222 0.666667
vt 0.472222 0.750000
vt 0.472222 0.833333
vt 0.472222 1.000000
vt 0.479167 1.000000
vt 0.479167 0.916667
vt 0.472222 0.916667
vt 0.472222 0.083333
vt 0.479167 0.083333
vt 0.479167 0.000000
vt 0.472222 0.000000
vt 0.472222 0.166667
vt 0.479167 0.166667
vt 0.472222 0.250000
vt 0.479167 0.250000
vt 0.472222 0.333333
vt 0.479167 0.333333
vt 0.479167 0.416667
vt 0.479167 0.500000
vt 0.479167 0.583333
vt 0.479167 0.666667
vt 0.479167 0.750000
vt 0.479167 0.833333
vt 0.486111 1.000000
vt 0.486111 0.916667
vt 0.486111 0.083333
vt 0.486111 0.000000
vt 0.486111 0.166667
vt 0.486111 0.250000
vt 0.486111 0.333333
vt 0.486111 0.416667
vt 0.486111 0.500000
vt 0.486111 0.583333
vt 0.486111 0.666667
vt 0.486111 0.750000
vt 0.486111 0.833333
vt 0.493056 1.000000
vt 0.493056 0.916667
vt 0.493056 0.083333
vt 0.493056 0.000000
vt 0.493056 0.166667
vt 0.493056 0.250000
vt 0.493056 0.333333
vt 0.493056 0.416667
vt 0.493056 0.500000
vt 0.493056 0.583333
vt 0.493056 0.666667
vt 0.493056 0.750000
vt 0.493056 0.833333
vt 0.500000 1.000000
vt 0.500000 0.916667
vt 0.500000 0.083333
vt 0.500000 0.000000
vt 0.500000 0.166667
vt 0.500000 0.250000
vt 0.500000 0.333333
vt 0.500000 0.416667
vt 0.500000 0.500000
vt 0.500000 0.583333
vt 0.500000 0.666667
vt 0.500000 0.750000
vt 0.500000 0.833333
vt 0.506944 1.000000
vt 0.506944 0.916667
vt 0.506944 0.083333
vt 0.506944 0.000000
vt 0.506944 0.166667
vt 0.506944 0.250000
vt 0.506944 0.333333
vt 0.506944 0.416667
vt 0.506944 0.500000
vt 0.506944 0.583333
vt 0.506944 0.666667
vt 0.506944 0.750000
vt 0.506944 0.833333
vt 0.513889 1.000000
vt 0.513889 0.916667
vt 0.513889 0.083333
vt 0.513889 0.000000
vt 0.513889 0.166667
vt 0.513889 0.250000
vt 0.513889 0.333333
vt 0.513889 0.416667
vt 0.513889 0.500000
vt 0.513889 0.583333
vt 0.513889 0.666667
vt 0.513889 0.750000
vt 0.513889 0.833333
vt 0.520833 1.000000
vt 0.520833 0.916667
vt 0.520833 0.083333
vt 0.520833 0.000000
vt 0.520833 0.166667
vt 0.520833 0.250000
vt 0.520833 0.333333
vt 0.520833 0.416667
vt 0.520833 0.500000
vt 0.520833 0.583333
vt 0.520833 0.666667
vt 0.520833 0.750000
vt 0.520833 0.833333
vt 0.527778 1.000000
vt 0.527778 0.916667
vt 0.527778 0.083333
vt 0.527778 0.000000
vt 0.527778 0.166667
vt 0.527778 0.250000
vt 0.527778 0.333333
vt 0.527778 0.416667
vt 0.527778 0.500000
vt 0.527778 0.583333
vt 0.527778 0.666667
vt 0.527778 0.750000
vt 0.527778 0.833333
vt 0.534722 1.000000
vt 0.534722 0.916667
vt 0.534722 0.083333
vt 0.534722 0.000000
vt 0.534722 0.166667
vt 0.534722 0.250000
vt 0.534722 0.333333
vt 0.534722 0.416667
vt 0.534722 0.500000
vt 0.534722 0.583333
vt 0.534722 0.666667
vt 0.534722 0.750000
vt 0.534722 0.833333
vt 0.541667 1.000000
vt 0.541667 0.916667
vt 0.541667 0.083333
vt 0.541667 0.000000
vt 0.541667 0.166667
vt 0.541667 0.250000
vt 0.541667 0.333333
vt 0.541667 0.416667
vt 0.541667 0.500000
vt 0.541667 0.583333
vt 0.541667 0.666667
vt 0.541667 0.750000
vt 0.541667 0.833333
vt 0.548611 1.000000
vt 0.548611 0.916667
vt 0.548611 0.083333
vt 0.548611 0.000000
vt 0.548611 0.166667
vt 0.548611 0.250000
vt 0.548611 0.333333
vt 0.548611 0.416667
vt 0.548611 0.500000
vt 0.548611 0.583333
vt 0.548611 0.666667
vt 0.548611 0.750000
vt 0.548611 0.833333
vt 0.555556 1.000000
vt 0.555556 0.916667
vt 0.555556 0.083333
vt 0.555556 0.000000
vt 0.555556 0.166667
vt 0.555556 0.250000
vt 0.555556 0.333333
vt 0.555556 0.416667
vt 0.555556 0.500000
vt 0.555556 0.583333
vt 0.555556 0.666667
vt 0.555556 0.750000
vt 0.555556 0.833333
vt 0.562500 1.000000
vt 0.562500 0.916667
vt 0.562500 0.083333
vt 0.562500 0.000000
vt 0.562500 0.166667
vt 0.562500 0.250000
vt 0.562500 0.333333
vt 0.562500 0.416667
vt 0.562500 0.500000
vt 0.562500 0.583333
vt 0.562500 0.666667
vt 0.562500 0.750000
vt 0.562500 0.833333
vt 0.569444 1.000000
vt 0.569444 0.916667
vt 0.569444 0.083333
vt 0.569444 0.000000
vt 0.569444 0.166667
vt 0.569444 0.250000
vt 0.569444 0.333333
vt 0.569444 0.416667
vt 0.569444 0.500000
vt 0.569444 0.583333
vt 0.569444 0.666667
vt 0.569444 0.750000
vt 0.569444 0.833333
vt 0.576389 1.000000
vt 0.576389 0.916667
vt 0.576389 0.083333
vt 0.576389 0.000000
vt 0.576389 0.166667
vt 0.576389 0.250000
vt 0.576389 0.333333
vt 0.576389 0.416667
vt 0.576389 0.500000
vt 0.576389 0.583333
vt 0.576389 0.666667
vt 0.576389 0.750000
vt 0.576389 0.833333
vt 0.583333 1.000000
vt 0.583333 0.916667
vt 0.583333 0.083333
vt 0.583333 0.000000
vt 0.583333 0.166667
vt 0.583333 0.250000
vt 0.583333 0.333333
vt 0.583333 0.416667
vt 0.583333 0.500000
vt 0.583333 0.583333
vt 0.583333 0.666667
vt 0.583333 0.750000
vt 0.583333 0.833333
vt 0.590278 1.000000
vt 0.590278 0.916667
vt 0.590278 0.083333
vt 0.590278 0.000000
vt 0.590278 0.166667
vt 0.590278 0.250000
vt 0.590278 0.333333
vt 0.590278 0.416667
vt 0.590278 0.500000
vt 0.590278 0.583333
vt 0.590278 0.666667
vt 0.590278 0.750000
vt 0.590278 0.833333
vt 0.597222 1.000000
vt 0.597222 0.916667
vt 0.597222 0.083333
vt 0.597222 0.000000
vt 0.597222 0.166667
vt 0.597222 0.250000
vt 0.597222 0.333333
vt 0.597222 0.416667
vt 0.597222 0.500000
vt 0.597222 0.583333
vt 0.597222 0.666667
vt 0.597222 0.750000
vt 0.597222 0.833333
vt 0.604167 1.000000
vt 0.604167 0.916667
vt 0.604167 0.083333
vt 0.604167 0.000000
vt 0.604167 0.166667
vt 0.604167 0.250000
vt 0.604167 0.333333
vt 0.604167 0.416667
vt 0.604167 0.500000
vt 0.604167 0.583333
vt 0.604167 0.666667
vt 0.604167 0.750000
vt 0.604167 0.833333
vt 0.611111 1.000000
vt 0.611111 0.916667
vt 0.611111 0.083333
vt 0.611111 0.000000
vt 0.611111 0.166667
vt 0.611111 0.250000
vt 0.611111 0.333333
vt 0.611111 0.416667
vt 0.611111 0.500000
vt 0.611111 0.583333
vt 0.611111 0.666667
vt 0.611111 0.750000
vt 0.611111 0.833333
vt 0.618056 1.000000
vt 0.618056 0.916667
vt 0.618056 0.083333
vt 0.618056 0.000000
vt 0.618056 0.166667
vt 0.618056 0.250000
vt 0.618056 0.333333
vt 0.618056 0.416667
vt 0.618056 0.500000
vt 0.618056 0.583333
vt 0.618056 0.666667
vt 0.618056 0.750000
vt 0.618056 0.833333
vt 0.625000 1.000000
vt 0.625000 0.916667
vt 0.625000 0.083333
vt 0.625000 0.000000
vt 0.625000 0.166667
vt 0.625000 0.250000
vt 0.625000 0.333333
vt 0.625000 0.416667
vt 0.625000 0.500000
vt 0.625000 0.583333
vt 0.625000 0.666667
vt 0.625000 0.750000
vt 0.625000 0.833333
vt 0.631944 1.000000
vt 0.631944 0.916667
vt 0.631944 0.083333
vt 0.631944 0.000000
vt 0.631944 0.166667
vt 0.631944 0.250000
vt 0.631944 0.333333
vt 0.631944 0.416667
vt 0.631944 0.500000
vt 0.631944 0.583333
vt 0.631944 0.666667
vt 0.631944 0.750000
vt 0.631944 0.833333
vt 0.638889 1.000000
vt 0.638889 0.916667
vt 0.638889 0.083333
vt 0.638889 0.000000
vt 0.638889 0.166667
vt 0.638889 0.250000
vt 0.638889 0.333333
vt 0.638889 0.416667
vt 0.638889 0.500000
vt 0.638889 0.583333
vt 0.638889 0.666667
vt 0.638889 0.750000
vt 0.638889 0.833333
vt 0.645833 1.000000
vt 0.645833 0.916667
vt 0.645833 0.083333
vt 0.645833 0.000000
vt 0.645833 0.166667
vt 0.645833 0.250000
vt 0.645833 0.333333
vt 0.645833 0.416667
vt 0.645833 0.500000
vt 0.645833 0.583333
vt 0.645833 0.666667
vt 0.645833 0.750000
vt 0.645833 0.833333
vt 0.652778 1.000000
vt 0.652778 0.916667
vt 0.652778 0.083333
vt 0.652778 0.000000
vt 0.652778 0.166667
vt 0.652778 0.250000
vt 0.652778 0.333333
vt 0.652778 0.416667
vt 0.652778 0.500000
vt 0.652778 0.583333
vt 0.652778 0.666667
vt 0.652778 0.750000
vt 0.652778 0.833333
vt 0.659722 1.000000
vt 0.659722 0.916667
vt 0.659722 0.083333
vt 0.659722 0.000000
vt 0.659722 0.166667
vt 0.659722 0.250000
vt 0.659722 0.333333
vt 0.659722 0.416667
vt 0.659722 0.500000
vt 0.659722 0.583333
vt 0.659722 0.666667
vt 0.659722 0.750000
vt 0.659722 0.833333
vt 0.666667 1.000000
vt 0.666667 0.916667
vt 0.666667 0.083333
vt 0.666667 0.000000
vt 0.666667 0.166667
vt 0.666667 0.250000
vt 0.666667 0.333333
vt 0.666667 0.416667
vt 0.666667 0.500000
vt 0.666667 0.583333
vt 0.666667 0.666667
vt 0.666667 0.750000
vt 0.666667 0.833333
vt 0.673611 1.000000
vt 0.673611 0.916667
vt 0.673611 0.083333
vt 0.673611 0.000000
vt 0.673611 0.166667
vt 0.673611 0.250000
vt 0.673611 0.333333
vt 0.673611 0.416667
vt 0.673611 0.500000
vt 0.673611 0.583333
vt 0.673611 0.666667
vt 0.673611 0.750000
vt 0.673611 0.833333
vt 0.680556 1.000000
vt 0.680556 0.916667
vt 0.680556 0.083333
vt 0.680556 0.000000
vt 0.680556 0.166667
vt 0.680556 0.250000
vt 0.680556 0.333333
vt 0.680556 0.416667
vt 0.680556 0.500000
vt 0.680556 0.583333
vt 0.680556 0.666667
vt 0.680556 0.750000
vt 0.680556 0.833333
vt 0.687500 1.000000
vt 0.687500 0.916667
vt 0.687500 0.083333
vt 0.687500 0.000000
vt 0.687500 0.166667
vt 0.687500 0.250000
vt 0.687500 0.333333
vt 0.687500 0.416667
vt 0.687500 0.500000
vt 0.687500 0.583333
vt 0.687500 0.666667
vt 0.687500 0.750000
vt 0.687500 0.833333
vt 0.694444 1.000000
vt 0.694444 0.916667
vt 0.694444 0.083333
vt 0.694444 0.000000
vt 0.694444 0.166667
vt 0.694444 0.250000
vt 0.694444 0.333333
vt 0.694444 0.416667
vt 0.694444 0.500000
vt 0.694444 0.583333
vt 0.694444 0.666667
vt 0.694444 0.750000
vt 0.694444 0.833333
vt 0.701389 1.000000
vt 0.701389 0.916667
vt 0.701389 0.083333
vt 0.701389 0.000000
vt 0.701389 0.166667
vt 0.701389 0.250000
vt 0.701389 0.333333
vt 0.701389 0.416667
vt 0.701389 0.500000
vt 0.701389 0.583333
vt 0.701389 0.666667
vt 0.701389 0.750000
vt 0.701389 0.833333
vt 0.708333 1.000000
vt 0.708333 0.916667
vt 0.708333 0.083333
vt 0.708333 0.000000
vt 0.708333 0.166667
vt 0.708333 0.250000
vt 0.708333 0.333333
vt 0.708333 0.416667
vt 0.708333 0.500000
vt 0.708333 0.583333
vt 0.708333 0.666667
vt 0.708333 0.750000
vt 0.708333 0.833333
vt 0.715278 1.000000
vt 0.715278 0.916667
vt 0.715278 0.083333
vt 0.715278 0.000000
vt 0.715278 0.166667
vt 0.715278 0.250000
vt 0.715278 0.333333
vt 0.715278 0.416667
vt 0.715278 0.500000
vt 0.715278 0.583333
vt 0.715278 0.666667
vt 0.715278 0.750000
vt 0.715278 0.833333
vt 0.722222 1.000000
vt 0.722222 0.916667
vt 0.722222 0.083333
vt 0.722222 0.000000
vt 0.722222 0.166667
vt 0.722222 0.250000
vt 0.722222 0.333333
vt 0.722222 0.416667
vt 0.722222 0.500000
vt 0.722222 0.583333
vt 0.722222 0.666667
vt 0.722222 0.750000
vt 0.722222 0.833333
vt 0.729167 1.000000
vt 0.729167 0.916667
vt 0.729167 0.083333
vt 0.729167 0.000000
vt 0.729167 0.166667
vt 0.729167 0.250000
vt 0.729167 0.333333
vt 0.729167 0.416667
vt 0.729167 0.500000
vt 0.729167 0.583333
vt 0.729167 0.666667
vt 0.729167 0.750000
vt 0.729167 0.833333
vt 0.736111 1.000000
vt 0.736111 0.916667
vt 0.736111 0.083333
vt 0.736111 0.000000
vt 0.736111 0.166667
vt 0.736111 0.250000
vt 0.736111 0.333333
vt 0.736111 0.416667
vt 0.736111 0.500000
vt 0.736111 0.583333
vt 0.736111 0.666667
vt 0.736111 0.750000
vt 0.736111 0.833333
vt 0.743056 1.000000
vt 0.743056 0.916667
vt 0.743056 0.083333
vt 0.743056 0.000000
vt 0.743056 0.166667
vt 0.743056 0.250000
vt 0.743056 0.333333
vt 0.743056 0.416667
vt 0.743056 0.500000
vt 0.743056 0.583333
vt 0.743056 0.666667
vt 0.743056 0.750000
vt 0.743056 0.833333
vt 0.750000 1.000000
vt 0.750000 0.916667
vt 0.750000 0.083333
vt 0.750000 0.000000
vt 0.750000 0.166667
vt 0.750000 0.250000
vt 0.750000 0.333333
vt 0.750000 0.416667
vt 0.750000 0.500000
vt 0.750000 0.583333
vt 0.750000 0.666667
vt 0.750000 0.750000
vt 0.750000 0.833333
vt 0.756944 1.000000
vt 0.756944 0.916667
vt 0.756944 0.083333
vt 0.756944 0.000000
vt 0.756944 0.166667
vt 0.756944 0.250000
vt 0.756944 0.333333
vt 0.756944 0.416667
vt 0.756944 0.500000
vt 0.756944 0.583333
vt 0.756944 0.666667
vt 0.756944 0.750000
vt 0.756944 0.833333
vt 0.763889 1.000000
vt 0.763889 0.916667
vt 0.763889 0.083333
vt 0.763889 0.000000
vt 0.763889 0.166667
vt 0.763889 0.250000
vt 0.763889 0.333333
vt 0.763889 0.416667
vt 0.763889 0.500000
vt 0.763889 0.583333
vt 0.763889 0.666667
vt 0.763889 0.750000
vt 0.763889 0.833333
vt 0.770833 1.000000
vt 0.770833 0.916667
vt 0.770833 0.083333
vt 0.770833 0.000000
vt 0.770833 0.166667
vt 0.770833 0.250000
vt 0.770833 0.333333
vt 0.770833 0.416667
vt 0.770833 0.500000
vt 0.770833 0.583333
vt 0.770833 0.666667
vt 0.770833 0.750000
vt 0.770833 0.833333
vt 0.777778 1.000000
vt 0.777778 0.916667
vt 0.777778 0.083333
vt 0.777778 0.000000
vt 0.777778 0.166667
vt 0.777778 0.250000
vt 0.777778 0.333333
vt 0.777778 0.416667
vt 0.777778 0.500000
vt 0.777778 0.583333
vt 0.777778 0.666667
vt 0.777778 0.750000
vt 0.777778 0.833333
vt 0.784722 1.000000
vt 0.784722 0.916667
vt 0.784722 0.083333
vt 0.784722 0.000000
vt 0.784722 0.166667
vt 0.784722 0.250000
vt 0.784722 0.333333
vt 0.784722 0.416667
vt 0.784722 0.500000
vt 0.784722 0.583333
vt 0.784722 0.666667
vt 0.784722 0.750000
vt 0.784722 0.833333
vt 0.791667 1.000000
vt 0.791667 0.916667
vt 0.791667 0.083333
vt 0.791667 0.000000
vt 0.791667 0.166667
vt 0.791667 0.250000
vt 0.791667 0.333333
vt 0.791667 0.416667
vt 0.791667 0.500000
vt 0.791667 0.583333
vt 0.791667 0.666667
vt 0.791667 0.750000
vt 0.791667 0.833333
vt 0.798611 1.000000
vt 0.798611 0.916667
vt 0.798611 0.083333
vt 0.798611 0.000000
vt 0.798611 0.166667
vt 0.798611 0.250000
vt 0.798611 0.333333
vt 0.798611 0.416667
vt 0.798611 0.500000
vt 0.798611 0.583333
vt 0.798611 0.666667
vt 0.798611 0.750000
vt 0.798611 0.833333
vt 0.805556 1.000000
vt 0.805556 0.916667
vt 0.805556 0.083333
vt 0.805556 0.000000
vt 0.805556 0.166667
vt 0.805556 0.250000
vt 0.805556 0.333333
vt 0.805556 0.416667
vt 0.805556 0.500000
vt 0.805556 0.583333
vt 0.805556 0.666667
vt 0.805556 0.750000
vt 0.805556 0.833333
vt 0.812500 1.000000
vt 0.812500 0.916667
vt 0.812500 0.083333
vt 0.812500 0.000000
vt 0.812500 0.166667
vt 0.812500 0.250000
vt 0.812500 0.333333
vt 0.812500 0.416667
vt 0.812500 0.500000
vt 0.812500 0.583333
vt 0.812500 0.666667
vt 0.812500 0.750000
vt 0.812500 0.833333
vt 0.819444 1.000000
vt 0.819444 0.916667
vt 0.819444 0.083333
vt 0.819444 0.000000
vt 0.819444 0.166667
vt 0.819444 0.250000
vt 0.819444 0.333333
vt 0.819444 0.416667
vt 0.819444 0.500000
vt 0.819444 0.583333
vt 0.819444 0.666667
vt 0.819444 0.750000
vt 0.819444 0.833333
vt 0.826389 1.000000
vt 0.826389 0.916667
vt 0.826389 0.083333
vt 0.826389 0.000000
vt 0.826389 0.166667
vt 0.826389 0.250000
vt 0.826389 0.333333
vt 0.826389 0.416667
vt 0.826389 0.500000
vt 0.826389 0.583333
vt 0.826389 0.666667
vt 0.826389 0.750000
vt 0.826389 0.833333
vt 0.833333 1.000000
vt 0.833333 0.916667
vt 0.833333 0.083333
vt 0.833333 0.000000
vt 0.833333 0.166667
vt 0.833333 0.250000
vt 0.833333 0.333333
vt 0.833333 0.416667
vt 0.833333 0.500000
vt 0.833333 0.583333
vt 0.833333 0.666667
vt 0.833333 0.750000
vt 0.833333 0.833333
vt 0.840278 1.000000
vt 0.840278 0.916667
vt 0.840278 0.083333
vt 0.840278 0.000000
vt 0.840278 0.166667
vt 0.840278 0.250000
vt 0.840278 0.333333
vt 0.840278 0.416667
vt 0.840278 0.500000
vt 0.840278 0.583333
vt 0.840278 0.666667
vt 0.840278 0.750000
vt 0.840278 0.833333
vt 0.847222 1.000000
vt 0.847222 0.916667
vt 0.847222 0.083333
vt 0.847222 0.000000
vt 0.847222 0.166667
vt 0.847222 0.250000
vt 0.847222 0.333333
vt 0.847222 0.416667
vt 0.847222 0.500000
vt 0.847222 0.583333
vt 0.847222 0.666667
vt 0.847222 0.750000
vt 0.847222 0.833333
vt 0.854167 1.000000
vt 0.854167 0.916667
vt 0.854167 0.083333
vt 0.854167 0.000000
vt 0.854167 0.166667
vt 0.854167 0.250000
vt 0.854167 0.333333
vt 0.854167 0.416667
vt 0.854167 0.500000
vt 0.854167 0.583333
vt 0.854167 0.666667
vt 0.854167 0.750000
vt 0.854167 0.833333
vt 0.861111 1.000000
vt 0.861111 0.916667
vt 0.861111 0.083333
vt 0.861111 0.000000
vt 0.861111 0.166667
vt 0.861111 0.250000
vt 0.861111 0.333333
vt 0.861111 0.416667
vt 0.861111 0.500000
vt 0.861111 0.583333
vt 0.861111 0.666667
vt 0.861111 0.750000
vt 0.861111 0.833333
vt 0.868056 1.000000
vt 0.868056 0.916667
vt 0.868056 0.083333
vt 0.868056 0.000000
vt 0.868056 0.166667
vt 0.868056 0.250000
vt 0.868056 0.333333
vt 0.868056 0.416667
vt 0.868056 0.500000
vt 0.868056 0.583333
vt 0.868056 0.666667
vt 0.868056 0.750000
vt 0.868056 0.833333
vt 0.875000 1.000000
vt 0.875000 0.916667
vt 0.875000 0.083333
vt 0.875000 0.000000
vt 0.875000 0.166667
vt 0.875000 0.250000
vt 0.875000 0.333333
vt 0.875000 0.416667
vt 0.875000 0.500000
vt 0.875000 0.583333
vt 0.875000 0.666667
vt 0.875000 0.750000
vt 0.875000 0.833333
vt 0.881944 1.000000
vt 0.881944 0.916667
vt 0.881944 0.083333
vt 0.881944 0.000000
vt 0.881944 0.166667
vt 0.881944 0.250000
vt 0.881944 0.333333
vt 0.881944 0.416667
vt 0.881944 0.500000
vt 0.881944 0.583333
vt 0.881944 0.666667
vt 0.881944 0.750000
vt 0.881944 0.833333
vt 0.888889 1.000000
vt 0.888889 0.916667
vt 0.888889 0.083333
vt 0.888889 0.000000
vt 0.888889 0.166667
vt 0.888889 0.250000
vt 0.888889 0.333333
vt 0.888889 0.416667
vt 0.888889 0.500000
vt 0.888889 0.583333
vt 0.888889 0.666667
vt 0.888889 0.750000
vt 0.888889 0.833333
vt 0.895833 1.000000
vt 0.895833 0.916667
vt 0.895833 0.083333
vt 0.895833 0.000000
vt 0.895833 0.166667
vt 0.895833 0.250000
vt 0.895833 0.333333
vt 0.895833 0.416667
vt 0.895833 0.500000
vt 0.895833 0.583333
vt 0.895833 0.666667
vt 0.895833 0.750000
vt 0.895833 0.833333
vt 0.902778 1.000000
vt 0.902778 0.916667
vt 0.902778 0.083333
vt 0.902778 0.000000
vt 0.902778 0.166667
vt 0.902778 0.250000
vt 0.902778 0.333333
vt 0.902778 0.416667
vt 0.902778 0.500000
vt 0.902778 0.583333
vt 0.902778 0.666667
vt 0.902778 0.750000
vt 0.902778 0.833333
vt 0.909722 1.000000
vt 0.909722 0.916667
vt 0.909722 0.083333
vt 0.909722 0.000000
vt 0.909722 0.166667
vt 0.909722 0.250000
vt 0.909722 0.333333
vt 0.909722 0.416667
vt 0.909722 0.500000
vt 0.909722 0.583333
vt 0.909722 0.666667
vt 0.909722 0.750000
vt 0.909722 0.833333
vt 0.916667 1.000000
vt 0.916667 0.916667
vt 0.916667 0.083333
vt 0.916667 0.000000
vt 0.916667 0.166667
vt 0.916667 0.250000
vt 0.916667 0.333333
vt 0.916667 0.416667
vt 0.916667 0.500000
vt 0.916667 0.583333
vt 0.916667 0.666667
vt 0.916667 0.750000
vt 0.916667 0.833333
vt 0.923611 1.000000
vt 0.923611 0.916667
vt 0.923611 0.083333
vt 0.923611 0.000000
vt 0.923611 0.166667
vt 0.923611 0.250000
vt 0.923611 0.333333
vt 0.923611 0.416667
vt 0.923611 0.500000
vt 0.923611 0.583333
vt 0.923611 0.666667
vt 0.923611 0.750000
vt 0.923611 0.833333
vt 0.930556 1.000000
vt 0.930556 0.916667
vt 0.930556 0.083333
vt 0.930556 0.000000
vt 0.930556 0.166667
vt 0.930556 0.250000
vt 0.930556 0.333333
vt 0.930556 0.416667
vt 0.930556 0.500000
vt 0.930556 0.583333
vt 0.930556 0.666667
vt 0.930556 0.750000
vt 0.930556 0.833333
vt 0.937500 1.000000
vt 0.937500 0.916667
vt 0.937500 0.083333
vt 0.937500 0.000000
vt 0.937500 0.166667
vt 0.937500 0.250000
vt 0.937500 0.333333
vt 0.937500 0.416667
vt 0.937500 0.500000
vt 0.937500 0.583333
vt 0.937500 0.666667
vt 0.937500 0.750000
vt 0.937500 0.833333
vt 0.944444 1.000000
vt 0.944444 0.916667
vt 0.944444 0.083333
vt 0.944444 0.000000
vt 0.944444 0.166667
vt 0.944444 0.250000
vt 0.944444 0.333333
vt 0.944444 0.416667
vt 0.944444 0.500000
vt 0.944444 0.583333
vt 0.944444 0.666667
vt 0.944444 0.750000
vt 0.944444 0.833333
vt 0.951389 1.000000
vt 0.951389 0.916667
vt 0.951389 0.083333
vt 0.951389 0.000000
vt 0.951389 0.166667
vt 0.951389 0.250000
vt 0.951389 0.333333
vt 0.951389 0.416667
vt 0.951389 0.500000
vt 0.951389 0.583333
vt 0.951389 0.666667
vt 0.951389 0.750000
vt 0.951389 0.833333
vt 0.958333 1.000000
vt 0.958333 0.916667
vt 0.958333 0.083333
vt 0.958333 0.000000
vt 0.958333 0.166667
vt 0.958333 0.250000
vt 0.958333 0.333333
vt 0.958333 0.416667
vt 0.958333 0.500000
vt 0.958333 0.583333
vt 0.958333 0.666667
vt 0.958333 0.750000
vt 0.958333 0.833333
vt 0.965278 1.000000
vt 0.965278 0.916667
vt 0.965278 0.083333
vt 0.965278 0.000000
vt 0.965278 0.166667
vt 0.965278 0.250000
vt 0.965278 0.333333
vt 0.965278 0.416667
vt 0.965278 0.500000
vt 0.965278 0.583333
vt 0.965278 0.666667
vt 0.965278 0.750000
vt 0.965278 0.833333
vt 0.972222 1.000000
vt 0.972222 0.916667
vt 0.972222 0.083333
vt 0.972222 0.000000
vt 0.972222 0.166667
vt 0.972222 0.250000
vt 0.972222 0.333333
vt 0.972222 0.416667
vt 0.972222 0.500000
vt 0.972222 0.583333
vt 0.972222 0.666667
vt 0.972222 0.750000
vt 0.972222 0.833333
vt 0.979167 1.000000
vt 0.979167 0.916667
vt 0.979167 0.083333
vt 0.979167 0.000000
vt 0.979167 0.166667
vt 0.979167 0.250000
vt 0.979167 0.333333
vt 0.979167 0.416667
vt 0.979167 0.500000
vt 0.979167 0.583333
vt 0.979167 0.666667
vt 0.979167 0.750000
vt 0.979167 0.833333
vt 0.986111 1.000000
vt 0.986111 0.916667
vt 0.986111 0.083333
vt 0.986111 0.000000
vt 0.986111 0.166667
vt 0.986111 0.250000
vt 0.986111 0.333333
vt 0.986111 0.416667
vt 0.986111 0.500000
vt 0.986111 0.583333
vt 0.986111 0.666667
vt 0.986111 0.750000
vt 0.986111 0.833333
vt 0.993056 1.000000
vt 0.993056 0.916667
vt 0.993056 0.083333
vt 0.993056 0.000000
vt 0.993056 0.166667
vt 0.993056 0.250000
vt 0.993056 0.333333
vt 0.993056 0.416667
vt 0.993056 0.500000
vt 0.993056 0.583333
vt 0.993056 0.666667
vt 0.993056 0.750000
vt 0.993056 0.833333
vt 1.000000 1.000000
vt 1.000000 0.916667
vt 1.000000 0.083333
vt 1.000000 0.000000
vt 1.000000 0.166667
vt 1.000000 0.250000
vt 1.000000 0.333333
vt 1.000000 0.416667
vt 1.000000 0.500000
vt 1.000000 0.583333
vt 1.000000 0.666667
vt 1.000000 0.750000
vt 1.000000 0.833333
s 1
usemtl Material.002
f 81/87/48 93/88/48 104/89/59 92/90/59
f 82/91/49 94/92/49 93/93/48 81/94/48
f 83/95/50 95/96/50 94/92/49 82/91/49
f 84/97/51 96/98/51 95/96/50 83/95/50
f 85/99/52 97/100/52 96/98/51 84/97/51
f 86/101/53 98/102/53 97/100/52 85/99/52
f 87/103/54 99/104/54 98/102/53 86/101/53
f 88/105/55 100/106/55 99/104/54 87/103/54
f 89/107/56 101/108/56 100/106/55 88/105/55
f 90/109/57 102/110/57 101/108/56 89/107/56
f 91/111/58 103/112/58 102/110/57 90/109/57
f 92/90/59 104/89/59 103/112/58 91/111/58
f 93/88/48 105/113/48 116/114/59 104/89/59
f 94/92/49 106/115/49 105/116/48 93/93/48
f 95/96/50 107/117/50 106/115/49 94/92/49
f 96/98/51 108/118/51 107/117/50 95/96/50
f 97/100/52 109/119/52 108/118/51 96/98/51
f 98/102/53 110/120/53 109/119/52 97/100/52
f 99/104/54 111/121/54 110/120/53 98/102/53
f 100/106/55 112/122/55 111/121/54 99/104/54
f 101/108/56 113/123/56 112/122/55 100/106/55
f 102/110/57 114/124/57 113/123/56 101/108/56
f 103/112/58 115/125/58 114/124/57 102/110/57
f 104/89/59 116/114/59 115/125/58 103/112/58
f 105/113/48 117/126/48 128/127/59 116/114/59
f 106/115/49 118/128/49 117/129/48 105/116/48
f 107/117/50 119/130/50 118/128/49 106/115/49
f 108/118/51 120/131/51 119/130/50 107/117/50
f 109/119/52 121/132/52 120/131/51 108/118/51
f 110/120/53 122/133/53 121/132/52 109/119/52
f 111/121/54 123/134/54 122/133/53 110/120/53
f 112/122/55 124/135/55 123/134/54 111/121/54
f 113/123/56 125/136/56 124/135/55 112/122/55
f 114/124/57 126/137/57 125/136/56 113/123/56
f 115/125/58 127/138/58 126/137/57 114/124/57
f 116/114/59 128/127/59 127/138/58 115/125/58
f 117/126/48 129/139/48 140/140/59 128/127/59
f 118/128/49 130/141/49 129/142/48 117/129/48
f 119/130/50 131/143/50 130/141/49 118/128/49
f 120/131/51 132/144/51 131/143/50 119/130/50
f 121/132/52 133/145/52 132/144/51 120/131/51
f 122/133/53 134/146/53 133/145/52 121/132/52
f 123/134/54 135/147/54 134/146/53 122/133/53
f 124/135/55 136/148/55 135/147/54 123/134/54
f 125/136/56 137/149/56 136/148/55 124/135/55
f 126/137/57 138/150/57 137/149/56 125/136/56
f 127/138/58 139/151/58 138/150/57 126/137/57
f 128/127/59 140/140/59 139/151/58 127/138/58
f 129/139/48 141/152/48 152/153/59 140/140/59
f 130/141/49 142/154/49 141/155/48 129/142/48
f 131/143/50 143/156/50 142/154/49 130/141/49
f 132/144/51 144/157/51 143/156/50 131/143/50
f 133/145/52 145/158/52 144/157/51 132/144/51
f 134/146/53 146/159/53 145/158/52 133/145/52
f 135/147/54 147/160/54 146/159/53 134/146/53
f 136/148/55 148/161/55 147/160/54 135/147/54
f 137/149/56 149/162/56 148/161/55 136/148/55
f 138/150/57 150/163/57 149/162/56 137/149/56
f 139/151/58 151/164/58 150/163/57 138/150/57
f 140/140/59 152/153/59 151/164/58 139/151/58
f 141/152/48 153/165/48 164/166/59 152/153/59
f 142/154/49 154/167/49 153/168/48 141/155/48
f 143/156/50 155/169/50 154/167/49 142/154/49
f 144/157/51 156/170/51 155/169/50 143/156/50
f 145/158/52 157/171/52 156/170/51 144/157/51
f 146/159/53 158/172/53 157/171/52 145/158/52
f 147/160/54 159/173/54 158/172/53 146/159/53
f 148/161/55 160/174/55 159/173/54 147/160/54
f 149/162/56 161/175/56 160/174/55 148/161/55
f 150/163/57 162/176/57 161/175/56 149/162/56
f 151/164/58 163/177/58 162/176/57 150/163/57
f 152/153/59 164/166/59 163/177/58 151/164/58
f 153/165/48 165/178/48 176/179/59 164/166/59
f 154/167/49 166/180/49 165/181/48 153/168/48
f 155/169/50 167/182/50 166/180/49 154/167/49
f 156/170/51 168/183/51 167/182/50 155/169/50
f 157/171/52 169/184/52 168/183/51 156/170/51
f 158/172/53 170/185/53 169/184/52 157/171/52
f 159/173/54 171/186/54 170/185/53 158/172/53
f 160/174/55 172/187/55 171/186/54 159/173/54
f 161/175/56 173/188/56 172/187/55 160/174/55
f 162/176/57 174/189/57 173/188/56 161/175/56
f 163/177/58 175/190/58 174/189/57 162/176/57
f 164/166/59 176/179/59 175/190/58 163/177/58
f 165/178/48 177/191/48 188/192/59 176/179/59
f 166/180/49 178/193/49 177/194/48 165/181/48
f 167/182/50 179/195/50 178/193/49 166/180/49
f 168/183/51 180/196/51 179/195/50 167/182/50
f 169/184/52 181/197/52 180/196/51 168/183/51
f 170/185/53 182/198/53 181/197/52 169/184/52
f 171/186/54 183/199/54 182/198/53 170/185/53
f 172/187/55 184/200/55 183/199/54 171/186/54
f 173/188/56 185/201/56 184/200/55 172/187/55
f 174/189/57 186/202/57 185/201/56 173/188/56
f 175/190/58 187/203/58 186/202/57 174/189/57
f 176/179/59 188/192/59 187/203/58 175/190/58
f 177/191/48 189/204/48 200/205/59 188/192/59
f 178/193/49 190/206/49 189/207/48 177/194/48
f 179/195/50 191/208/50 190/206/49 178/193/49
f 180/196/51 192/209/51 191/208/50 179/195/50
f 181/197/52 193/210/52 192/209/51 180/196/51
f 182/198/53 194/211/53 193/210/52 181/197/52
f 183/199/54 195/212/54 194/211/53 182/198/53
f 184/200/55 196/213/55 195/212/54 183/199/54
f 185/201/56 197/214/56 196/213/55 184/200/55
f 186/202/57 198/215/57 197/214/56 185/201/56
f 187/203/58 199/216/58 198/215/57 186/202/57
f 188/192/59 200/205/59 199/216/58 187/203/58
f 189/204/48 201/217/48 212/218/59 200/205/59
f 190/206/49 202/219/49 201/220/48 189/207/48
f 191/208/50 203/221/50 202/219/49 190/206/49
f 192/209/51 204/222/51 203/221/50 191/208/50
f 193/210/52 205/223/52 204/222/51 192/209/51
f 194/211/53 206/224/53 205/223/52 193/210/52
f 195/212/54 207/225/54 206/224/53 194/211/53
f 196/213/55 208/226/55 207/225/54 195/212/54
f 197/214/56 209/227/56 208/226/55 196/213/55
f 198/215/57 210/228/57 209/227/56 197/214/56
f 199/216/58 211/229/58 210/228/57 198/215/57
f 200/205/59 212/218/59 211/229/58 199/216/58
f 201/217/48 213/230/48 224/231/59 212/218/59
f 202/219/49 214/232/49 213/233/48 201/220/48
f 203/221/50 215/234/50 214/232/49 202/219/49
f 204/222/51 216/235/51 215/234/50 203/221/50
f 205/223/52 217/236/52 216/235/51 204/222/51
f 206/224/53 218/237/53 217/236/52 205/223/52
f 207/225/54 219/238/54 218/237/53 206/224/53
f 208/226/55 220/239/55 219/238/54 207/225/54
f 209/227/56 221/240/56 220/239/55 208/226/55
f 210/228/57 222/241/57 221/240/56 209/227/56
f 211/229/58 223/242/58 222/241/57 210/228/57
f 212/218/59 224/231/59 223/242/58 211/229/58
f 213/230/48 225/243/48 236/244/59 224/231/59
f 214/232/49 226/245/49 225/246/48 213/233/48
f 215/234/50 227/247/50 226/245/49 214/232/49
f 216/235/51 228/248/51 227/247/50 215/234/50
f 217/236/52 229/249/52 228/248/51 216/235/51
f 218/237/53 230/250/53 229/249/52 217/236/52
f 219/238/54 231/251/54 230/250/53 218/237/53
f 220/239/55 232/252/55 231/251/54 219/238/54
f 221/240/56 233/253/56 232/252/55 220/239/55
f 222/241/57 234/254/57 233/253/56 221/240/56
f 223/242/58 235/255/58 234/254/57 222/241/57
f 224/231/59 236/244/59 235/255/58 223/242/58
f 225/243/48 237/256/48 248/257/59 236/244/59
f 226/245/49 238/258/49 237/259/48 225/246/48
f 227/247/50 239/260/50 238/258/49 226/245/49
f 228/248/51 240/261/51 239/260/50 227/247/50
f 229/249/52 241/262/52 240/261/51 228/248/51
f 230/250/53 242/263/53 241/262/52 229/249/52
f 231/251/54 243/264/54 242/263/53 230/250/53
f 232/252/55 244/265/55 243/264/54 231/251/54
f 233/253/56 245/266/56 244/265/55 232/252/55
f 234/254/57 246/267/57 245/266/56 233/253/56
f 235/255/58 247/268/58 246/267/57 234/254/57
f 236/244/59 248/257/59 247/268/58 235/255/58
f 237/256/48 249/269/48 260/270/59 248/257/59
f 238/258/49 250/271/49 249/272/48 237/259/48
f 239/260/50 251/273/50 250/271/49 238/258/49
f 240/261/51 252/274/51 251/273/50 239/260/50
f 241/262/52 253/275/52 252/274/51 240/261/51
f 242/263/53 254/276/53 253/275/52 241/262/52
f 243/264/54 255/277/54 254/276/53 242/263/53
f 244/265/55 256/278/55 255/277/54 243/264/54
f 245/266/56 257/279/56 256/278/55 244/265/55
f 246/267/57 258/280/57 257/279/56 245/266/56
f 247/268/58 259/281/58 258/280/57 246/267/57
f 248/257/59 260/270/59 259/281/58 247/268/58
f 249/269/48 261/282/60 272/283/71 260/270/59
f 250/271/49 262/284/61 261/285/60 249/272/48
f 251/273/50 263/286/62 262/284/61 250/271/49
f 252/274/51 264/287/63 263/286/62 251/273/50
f 253/275/52 265/288/64 264/287/63 252/274/51
f 254/276/53 266/289/65 265/288/64 253/275/52
f 255/277/54 267/290/66 266/289/65 254/276/53
f 256/278/55 268/291/67 267/290/66 255/277/54
f 257/279/56 269/292/68 268/291/67 256/278/55
f 258/280/57 270/293/69 269/292/68 257/279/56
f 259/281/58 271/294/70 270/293/69 258/280/57
f 260/270/59 272/283/71 271/294/70 259/281/58
f 261/282/60 273/295/72 284/296/83 272/283/71
f 262/284/61 274/297/73 273/298/72 261/285/60
f 263/286/62 275/299/74 274/297/73 262/284/61
f 264/287/63 276/300/75 275/299/74 263/286/62
f 265/288/64 277/301/76 276/300/75 264/287/63
f 266/289/65 278/302/77 277/301/76 265/288/64
f 267/290/66 279/303/78 278/302/77 266/289/65
f 268/291/67 280/304/79 279/303/78 267/290/66
f 269/292/68 281/305/80 280/304/79 268/291/67
f 270/293/69 282/306/81 281/305/80 269/292/68
f 271/294/70 283/307/82 282/306/81 270/293/69
f 272/283/71 284/296/83 283/307/82 271/294/70
f 273/295/72 285/308/84 296/309/95 284/296/83
f 274/297/73 286/310/85 285/311/84 273/298/72
f 275/299/74 287/312/86 286/310/85 274/297/73
f 276/300/75 288/313/87 287/312/86 275/299/74
f 277/301/76 289/314/88 288/313/87 276/300/75
f 278/302/77 290/315/89 289/314/88 277/301/76
f 279/303/78 291/316/90 290/315/89 278/302/77
f 280/304/79 292/317/91 291/316/90 279/303/78
f 281/305/80 293/318/92 292/317/91 280/304/79
f 282/306/81 294/319/93 293/318/92 281/305/80
f 283/307/82 295/320/94 294/319/93 282/306/81
f 284/296/83 296/309/95 295/320/94 283/307/82
f 285/308/84 297/321/96 308/322/59 296/309/95
f 286/310/85 298/323/97 297/324/96 285/311/84
f 287/312/86 299/325/98 298/323/97 286/310/85
f 288/313/87 300/326/99 299/325/98 287/312/86
f 289/314/88 301/327/100 300/326/99 288/313/87
f 290/315/89 302/328/53 301/327/100 289/314/88
f 291/316/90 303/329/101 302/328/53 290/315/89
f 292/317/91 304/330/102 303/329/101 291/316/90
f 293/318/92 305/331/103 304/330/102 292/317/91
f 294/319/93 306/332/104 305/331/103 293/318/92
f 295/320/94 307/333/105 306/332/104 294/319/93
f 296/309/95 308/322/59 307/333/105 295/320/94
f 297/321/96 309/334/96 320/335/59 308/322/59
f 298/323/97 310/336/97 309/337/96 297/324/96
f 299/325/98 311/338/98 310/336/97 298/323/97
f 300/326/99 312/339/99 311/338/98 299/325/98
f 301/327/100 313/340/100 312/339/99 300/326/99
f 302/328/53 314/341/53 313/340/100 301/327/100
f 303/329/101 315/342/101 314/341/53 302/328/53
f 304/330/102 316/343/102 315/342/101 303/329/101
f 305/331/103 317/344/103 316/343/102 304/330/102
f 306/332/104 318/345/104 317/344/103 305/331/103
f 307/333/105 319/346/105 318/345/104 306/332/104
f 308/322/59 320/335/59 319/346/105 307/333/105
f 309/334/96 321/347/96 332/348/59 320/335/59
f 310/336/97 322/349/97 321/350/96 309/337/96
f 311/338/98 323/351/98 322/349/97 310/336/97
f 312/339/99 324/352/99 323/351/98 311/338/98
f 313/340/100 325/353/100 324/352/99 312/339/99
f 314/341/53 326/354/53 325/353/100 313/340/100
f 315/342/101 327/355/101 326/354/53 314/341/53
f 316/343/102 328/356/102 327/355/101 315/342/101
f 317/344/103 329/357/103 328/356/102 316/343/102
f 318/345/104 330/358/104 329/357/103 317/344/103
f 319/346/105 331/359/105 330/358/104 318/345/104
f 320/335/59 332/348/59 331/359/105 319/346/105
f 321/347/96 333/360/96 344/361/59 332/348/59
f 322/349/97 334/362/97 333/363/96 321/350/96
f 323/351/98 335/364/98 334/362/97 322/349/97
f 324/352/99 336/365/99 335/364/98 323/351/98
f 325/353/100 337/366/100 336/365/99 324/352/99
f 326/354/53 338/367/53 337/366/100 325/353/100
f 327/355/101 339/368/101 338/367/53 326/354/53
f 328/356/102 340/369/102 339/368/101 327/355/101
f 329/357/103 341/370/103 340/369/102 328/356/102
f 330/358/104 342/371/104 341/370/103 329/357/103
f 331/359/105 343/372/105 342/371/104 330/358/104
f 332/348/59 344/361/59 343/372/105 331/359/105
f 333/360/96 345/373/96 356/374/59 344/361/59
f 334/362/97 346/375/97 345/376/96 333/363/96
f 335/364/98 347/377/98 346/375/97 334/362/97
f 336/365/99 348/378/99 347/377/98 335/364/98
f 337/366/100 349/379/100 348/378/99 336/365/99
f 338/367/53 350/380/53 349/379/100 337/366/100
f 339/368/101 351/381/101 350/380/53 338/367/53
f 340/369/102 352/382/102 351/381/101 339/368/101
f 341/370/103 353/383/103 352/382/102 340/369/102
f 342/371/104 354/384/104 353/383/103 341/370/103
f 343/372/105 355/385/105 354/384/104 342/371/104
f 344/361/59 356/374/59 355/385/105 343/372/105
f 345/373/96 357/386/96 368/387/59 356/374/59
f 346/375/97 358/388/97 357/389/96 345/376/96
f 347/377/98 359/390/98 358/388/97 346/375/97
f 348/378/99 360/391/99 359/390/98 347/377/98
f 349/379/100 361/392/100 360/391/99 348/378/99
f 350/380/53 362/393/53 361/392/100 349/379/100
f 351/381/101 363/394/101 362/393/53 350/380/53
f 352/382/102 364/395/102 363/394/101 351/381/101
f 353/383/103 365/396/103 364/395/102 352/382/102
f 354/384/104 366/397/104 365/396/103 353/383/103
f 355/385/105 367/398/105 366/397/104 354/384/104
f 356/374/59 368/387/59 367/398/105 355/385/105
f 357/386/96 369/399/96 380/400/59 368/387/59
f 358/388/97 370/401/97 369/402/96 357/389/96
f 359/390/98 371/403/98 370/401/97 358/388/97
f 360/391/99 372/404/99 371/403/98 359/390/98
f 361/392/100 373/405/100 372/404/99 360/391/99
f 362/393/53 374/406/53 373/405/100 361/392/100
f 363/394/101 375/407/101 374/406/53 362/393/53
f 364/395/102 376/408/102 375/407/101 363/394/101
f 365/396/103 377/409/103 376/408/102 364/395/102
f 366/397/104 378/410/104 377/409/103 365/396/103
f 367/398/105 379/411/105 378/410/104 366/397/104
f 368/387/59 380/400/59 379/411/105 367/398/105
f 369/399/96 381/412/96 392/413/59 380/400/59
f 370/401/97 382/414/97 381/415/96 369/402/96
f 371/403/98 383/416/98 382/414/97 370/401/97
f 372/404/99 384/417/99 383/416/98 371/403/98
f 373/405/100 385/418/100 384/417/99 372/404/99
f 374/406/53 386/419/53 385/418/100 373/405/100
f 375/407/101 387/420/101 386/419/53 374/406/53
f 376/408/102 388/421/102 387/420/101 375/407/101
f 377/409/103 389/422/103 388/421/102 376/408/102
f 378/410/104 390/423/104 389/422/103 377/409/103
f 379/411/105 391/424/105 390/423/104 378/410/104
f 380/400/59 392/413/59 391/424/105 379/411/105
f 381/412/96 393/425/96 404/426/59 392/413/59
f 382/414/97 394/427/97 393/428/96 381/415/96
f 383/416/98 395/429/98 394/427/97 382/414/97
f 384/417/99 396/430/99 395/429/98 383/416/98
f 385/418/100 397/431/100 396/430/99 384/417/99
f 386/419/53 398/432/53 397/431/100 385/418/100
f 387/420/101 399/433/101 398/432/53 386/419/53
f 388/421/102 400/434/102 399/433/101 387/420/101
f 389/422/103 401/435/103 400/434/102 388/421/102
f 390/423/104 402/436/104 401/435/103 389/422/103
f 391/424/105 403/437/105 402/436/104 390/423/104
f 392/413/59 404/426/59 403/437/105 391/424/105
f 393/425/96 405/438/96 416/439/59 404/426/59
f 394/427/97 406/440/97 405/441/96 393/428/96
f 395/429/98 407/442/98 406/440/97 394/427/97
f 396/430/99 408/443/99 407/442/98 395/429/98
f 397/431/100 409/444/100 408/443/99 396/430/99
f 398/432/53 410/445/53 409/444/100 397/431/100
f 399/433/101 411/446/101 410/445/53 398/432/53
f 400/434/102 412/447/102 411/446/101 399/433/101
f 401/435/103 413/448/103 412/447/102 400/434/102
f 402/436/104 414/449/104 413/448/103 401/435/103
f 403/437/105 415/450/105 414/449/104 402/436/104
f 404/426/59 416/439/59 415/450/105 403/437/105
f 405/438/96 417/451/96 428/452/59 416/439/59
f 406/440/97 418/453/97 417/454/96 405/441/96
f 407/442/98 419/455/98 418/453/97 406/440/97
f 408/443/99 420/456/99 419/455/98 407/442/98
f 409/444/100 421/457/100 420/456/99 408/443/99
f 410/445/53 422/458/53 421/457/100 409/444/100
f 411/446/101 423/459/101 422/458/53 410/445/53
f 412/447/102 424/460/102 423/459/101 411/446/101
f 413/448/103 425/461/103 424/460/102 412/447/102
f 414/449/104 426/462/104 425/461/103 413/448/103
f 415/450/105 427/463/105 426/462/104 414/449/104
f 416/439/59 428/452/59 427/463/105 415/450/105
f 417/451/96 429/464/96 440/465/59 428/452/59
f 418/453/97 430/466/97 429/467/96 417/454/96
f 419/455/98 431/468/98 430/466/97 418/453/97
f 420/456/99 432/469/99 431/468/98 419/455/98
f 421/457/100 433/470/100 432/469/99 420/456/99
f 422/458/53 434/471/53 433/470/100 421/457/100
f 423/459/101 435/472/101 434/471/53 422/458/53
f 424/460/102 436/473/102 435/472/101 423/459/101
f 425/461/103 437/474/103 436/473/102 424/460/102
f 426/462/104 438/475/104 437/474/103 425/461/103
f 427/463/105 439/476/105 438/475/104 426/462/104
f 428/452/59 440/465/59 439/476/105 427/463/105
f 429/464/96 441/477/96 452/478/59 440/465/59
f 430/466/97 442/479/97 441/480/96 429/467/96
f 431/468/98 443/481/98 442/479/97 430/466/97
f 432/469/99 444/482/99 443/481/98 431/468/98
f 433/470/100 445/483/100 444/482/99 432/469/99
f 434/471/53 446/484/53 445/483/100 433/470/100
f 435/472/101 447/485/101 446/484/53 434/471/53
f 436/473/102 448/486/102 447/485/101 435/472/101
f 437/474/103 449/487/103 448/486/102 436/473/102
f 438/475/104 450/488/104 449/487/103 437/474/103
f 439/476/105 451/489/105 450/488/104 438/475/104
f 440/465/59 452/478/59 451/489/105 439/476/105
f 441/477/96 453/490/106 464/491/117 452/478/59
f 442/479/97 454/492/107 453/493/106 441/480/96
f 443/481/98 455/494/108 454/492/107 442/479/97
f 444/482/99 456/495/109 455/494/108 443/481/98
f 445/483/100 457/496/110 456/495/109 444/482/99
f 446/484/53 458/497/111 457/496/110 445/483/100
f 447/485/101 459/498/112 458/497/111 446/484/53
f 448/486/102 460/499/113 459/498/112 447/485/101
f 449/487/103 461/500/114 460/499/113 448/486/102
f 450/488/104 462/501/115 461/500/114 449/487/103
f 451/489/105 463/502/116 462/501/115 450/488/104
f 452/478/59 464/491/117 463/502/116 451/489/105
f 453/490/106 465/503/118 476/504/128 464/491/117
f 454/492/107 466/505/119 465/506/118 453/493/106
f 455/494/108 467/507/120 466/505/119 454/492/107
f 456/495/109 468/508/121 467/507/120 455/494/108
f 457/496/110 469/509/122 468/508/121 456/495/109
f 458/497/111 470/510/123 469/509/122 457/496/110
f 459/498/112 471/511/124 470/510/123 458/497/111
f 460/499/113 472/512/125 471/511/124 459/498/112
f 461/500/114 473/513/120 472/512/125 460/499/113
f 462/501/115 474/514/126 473/513/120 461/500/114
f 463/502/116 475/515/127 474/514/126 462/501/115
f 464/491/117 476/504/128 475/515/127 463/502/116
f 465/503/118 477/516/129 488/517/140 476/504/128
f 466/505/119 478/518/130 477/519/129 465/506/118
f 467/507/120 479/520/131 478/518/130 466/505/119
f 468/508/121 480/521/132 479/520/131 467/507/120
f 469/509/122 481/522/133 480/521/132 468/508/121
f 470/510/123 482/523/134 481/522/133 469/509/122
f 471/511/124 483/524/135 482/523/134 470/510/123
f 472/512/125 484/525/136 483/524/135 471/511/124
f 473/513/120 485/526/137 484/525/136 472/512/125
f 474/514/126 486/527/138 485/526/137 473/513/120
f 475/515/127 487/528/139 486/527/138 474/514/126
f 476/504/128 488/517/140 487/528/139 475/515/127
f 477/516/129 489/529/141 500/530/59 488/517/140
f 478/518/130 490/531/142 489/532/141 477/519/129
f 479/520/131 491/533/143 490/531/142 478/518/130
f 480/521/132 492/534/144 491/533/143 479/520/131
f 481/522/133 493/535/145 492/534/144 480/521/132
f 482/523/134 494/536/53 493/535/145 481/522/133
f 483/524/135 495/537/146 494/536/53 482/523/134
f 484/525/136 496/538/147 495/537/146 483/524/135
f 485/526/137 497/539/148 496/538/147 484/525/136
f 486/527/138 498/540/149 497/539/148 485/526/137
f 487/528/139 499/541/150 498/540/149 486/527/138
f 488/517/140 500/530/59 499/541/150 487/528/139
f 489/529/141 501/542/141 512/543/59 500/530/59
f 490/531/142 502/544/142 501/545/141 489/532/141
f 491/533/143 503/546/143 502/544/142 490/531/142
f 492/534/144 504/547/144 503/546/143 491/533/143
f 493/535/145 505/548/145 504/547/144 492/534/144
f 494/536/53 506/549/53 505/548/145 493/535/145
f 495/537/146 507/550/146 506/549/53 494/536/53
f 496/538/147 508/551/147 507/550/146 495/537/146
f 497/539/148 509/552/148 508/551/147 496/538/147
f 498/540/149 510/553/149 509/552/148 497/539/148
f 499/541/150 511/554/150 510/553/149 498/540/149
f 500/530/59 512/543/59 511/554/150 499/541/150
f 501/542/141 513/555/141 524/556/59 512/543/59
f 502/544/142 514/557/142 513/558/141 501/545/141
f 503/546/143 515/559/143 514/557/142 502/544/142
f 504/547/144 516/560/144 515/559/143 503/546/143
f 505/548/145 517/561/145 516/560/144 504/547/144
f 506/549/53 518/562/53 517/561/145 505/548/145
f 507/550/146 519/563/146 518/562/53 506/549/53
f 508/551/147 520/564/147 519/563/146 507/550/146
f 509/552/148 521/565/148 520/564/147 508/551/147
f 510/553/149 522/566/149 521/565/148 509/552/148
f 511/554/150 523/567/150 522/566/149 510/553/149
f 512/543/59 524/556/59 523/567/150 511/554/150
f 513/555/141 525/568/141 536/569/59 524/556/59
f 514/557/142 526/570/142 525/571/141 513/558/141
f 515/559/143 527/572/143 526/570/142 514/557/142
f 516/560/144 528/573/144 527/572/143 515/559/143
f 517/561/145 529/574/145 528/573/144 516/560/144
f 518/562/53 530/575/53 529/574/145 517/561/145
f 519/563/146 531/576/146 530/575/53 518/562/53
f 520/564/147 532/577/147 531/576/146 519/563/146
f 521/565/148 533/578/148 532/577/147 520/564/147
f 522/566/149 534/579/149 533/578/148 521/565/148
f 523/567/150 535/580/150 534/579/149 522/566/149
f 524/556/59 536/569/59 535/580/150 523/567/150
f 525/568/141 537/581/141 548/582/59 536/569/59
f 526/570/142 538/583/142 537/584/141 525/571/141
f 527/572/143 539/585/143 538/583/142 526/570/142
f 528/573/144 540/586/144 539/585/143 527/572/143
f 529/574/145 541/587/145 540/586/144 528/573/144
f 530/575/53 542/588/53 541/587/145 529/574/145
f 531/576/146 543/589/146 542/588/53 530/575/53
f 532/577/147 544/590/147 543/589/146 531/576/146
f 533/578/148 545/591/148 544/590/147 532/577/147
f 534/579/149 546/592/149 545/591/148 533/578/148
f 535/580/150 547/593/150 546/592/149 534/579/149
f 536/569/59 548/582/59 547/593/150 535/580/150
f 537/581/141 549/594/141 560/595/59 548/582/59
f 538/583/142 550/596/142 549/597/141 537/584/141
f 539/585/143 551/598/143 550/596/142 538/583/142
f 540/586/144 552/599/144 551/598/143 539/585/143
f 541/587/145 553/600/145 552/599/144 540/586/144
f 542/588/53 554/601/53 553/600/145 541/587/145
f 543/589/146 555/602/146 554/601/53 542/588/53
f 544/590/147 556/603/147 555/602/146 543/589/146
f 545/591/148 557/604/148 556/603/147 544/590/147
f 546/592/149 558/605/149 557/604/148 545/591/148
f 547/593/150 559/606/150 558/605/149 546/592/149
f 548/582/59 560/595/59 559/606/150 547/593/150
f 549/594/141 561/607/141 572/608/59 560/595/59
f 550/596/142 562/609/142 561/610/141 549/597/141
f 551/598/143 563/611/143 562/609/142 550/596/142
f 552/599/144 564/612/144 563/611/143 551/598/143
f 553/600/145 565/613/145 564/612/144 552/599/144
f 554/601/53 566/614/53 565/613/145 553/600/145
f 555/602/146 567/615/146 566/614/53 554/601/53
f 556/603/147 568/616/147 567/615/146 555/602/146
f 557/604/148 569/617/148 568/616/147 556/603/147
f 558/605/149 570/618/149 569/617/148 557/604/148
f 559/606/150 571/619/150 570/618/149 558/605/149
f 560/595/59 572/608/59 571/619/150 559/606/150
f 561/607/141 573/620/141 584/621/59 572/608/59
f 562/609/142 574/622/142 573/623/141 561/610/141
f 563/611/143 575/624/143 574/622/142 562/609/142
f 564/612/144 576/625/144 575/624/143 563/611/143
f 565/613/145 577/626/145 576/625/144 564/612/144
f 566/614/53 578/627/53 577/626/145 565/613/145
f 567/615/146 579/628/146 578/627/53 566/614/53
f 568/616/147 580/629/147 579/628/146 567/615/146
f 569/617/148 581/630/148 580/629/147 568/616/147
f 570/618/149 582/631/149 581/630/148 569/617/148
f 571/619/150 583/632/150 582/631/149 570/618/149
f 572/608/59 584/621/59 583/632/150 571/619/150
f 573/620/141 585/633/141 596/634/59 584/621/59
f 574/622/142 586/635/142 585/636/141 573/623/141
f 575/624/143 587/637/143 586/635/142 574/622/142
f 576/625/144 588/638/144 587/637/143 575/624/143
f 577/626/145 589/639/145 588/638/144 576/625/144
f 578/627/53 590/640/53 589/639/145 577/626/145
f 579/628/146 591/641/146 590/640/53 578/627/53
f 580/629/147 592/642/147 591/641/146 579/628/146
f 581/630/148 593/643/148 592/642/147 580/629/147
f 582/631/149 594/644/149 593/643/148 581/630/148
f 583/632/150 595/645/150 594/644/149 582/631/149
f 584/621/59 596/634/59 595/645/150 583/632/150
f 585/633/141 597/646/141 608/647/59 596/634/59
f 586/635/142 598/648/142 597/649/141 585/636/141
f 587/637/143 599/650/143 598/648/142 586/635/142
f 588/638/144 600/651/144 599/650/143 587/637/143
f 589/639/145 601/652/145 600/651/144 588/638/144
f 590/640/53 602/653/53 601/652/145 589/639/145
f 591/641/146 603/654/146 602/653/53 590/640/53
f 592/642/147 604/655/147 603/654/146 591/641/146
f 593/643/148 605/656/148 604/655/147 592/642/147
f 594/644/149 606/657/149 605/656/148 593/643/148
f 595/645/150 607/658/150 606/657/149 594/644/149
f 596/634/59 608/647/59 607/658/150 595/645/150
f 597/646/141 609/659/141 620/660/59 608/647/59
f 598/648/142 610/661/142 609/662/141 597/649/141
f 599/650/143 611/663/143 610/661/142 598/648/142
f 600/651/144 612/664/144 611/663/143 599/650/143
f 601/652/145 613/665/145 612/664/144 600/651/144
f 602/653/53 614/666/53 613/665/145 601/652/145
f 603/654/146 615/667/146 614/666/53 602/653/53
f 604/655/147 616/668/147 615/667/146 603/654/146
f 605/656/148 617/669/148 616/668/147 604/655/147
f 606/657/149 618/670/149 617/669/148 605/656/148
f 607/658/150 619/671/150 618/670/149 606/657/149
f 608/647/59 620/660/59 619/671/150 607/658/150
f 609/659/141 621/672/141 632/673/59 620/660/59
f 610/661/142 622/674/142 621/675/141 609/662/141
f 611/663/143 623/676/143 622/674/142 610/661/142
f 612/664/144 624/677/144 623/676/143 611/663/143
f 613/665/145 625/678/145 624/677/144 612/664/144
f 614/666/53 626/679/53 625/678/145 613/665/145
f 615/667/146 627/680/146 626/679/53 614/666/53
f 616/668/147 628/681/147 627/680/146 615/667/146
f 617/669/148 629/682/148 628/681/147 616/668/147
f 618/670/149 630/683/149 629/682/148 617/669/148
f 619/671/150 631/684/150 630/683/149 618/670/149
f 620/660/59 632/673/59 631/684/150 619/671/150
f 621/672/141 633/685/141 644/686/59 632/673/59
f 622/674/142 634/687/142 633/688/141 621/675/141
f 623/676/143 635/689/143 634/687/142 622/674/142
f 624/677/144 636/690/144 635/689/143 623/676/143
f 625/678/145 637/691/145 636/690/144 624/677/144
f 626/679/53 638/692/53 637/691/145 625/678/145
f 627/680/146 639/693/146 638/692/53 626/679/53
f 628/681/147 640/694/147 639/693/146 627/680/146
f 629/682/148 641/695/148 640/694/147 628/681/147
f 630/683/149 642/696/149 641/695/148 629/682/148
f 631/684/150 643/697/150 642/696/149 630/683/149
f 632/673/59 644/686/59 643/697/150 631/684/150
f 633/685/141 645/698/151 656/699/162 644/686/59
f 634/687/142 646/700/152 645/701/151 633/688/141
f 635/689/143 647/702/153 646/700/152 634/687/142
f 636/690/144 648/703/154 647/702/153 635/689/143
f 637/691/145 649/704/155 648/703/154 636/690/144
f 638/692/53 650/705/156 649/704/155 637/691/145
f 639/693/146 651/706/157 650/705/156 638/692/53
f 640/694/147 652/707/158 651/706/157 639/693/146
f 641/695/148 653/708/159 652/707/158 640/694/147
f 642/696/149 654/709/160 653/708/159 641/695/148
f 643/697/150 655/710/161 654/709/160 642/696/149
f 644/686/59 656/699/162 655/710/161 643/697/150
f 645/698/151 657/711/163 668/712/173 656/699/162
f 646/700/152 658/713/164 657/714/163 645/701/151
f 647/702/153 659/715/165 658/713/164 646/700/152
f 648/703/154 660/716/166 659/715/165 647/702/153
f 649/704/155 661/717/167 660/716/166 648/703/154
f 650/705/156 662/718/168 661/717/167 649/704/155
f 651/706/157 663/719/169 662/718/168 650/705/156
f 652/707/158 664/720/170 663/719/169 651/706/157
f 653/708/159 665/721/165 664/720/170 652/707/158
f 654/709/160 666/722/171 665/721/165 653/708/159
f 655/710/161 667/723/172 666/722/171 654/709/160
f 656/699/162 668/712/173 667/723/172 655/710/161
f 657/711/163 669/724/174 680/725/185 668/712/173
f 658/713/164 670/726/175 669/727/174 657/714/163
f 659/715/165 671/728/176 670/726/175 658/713/164
f 660/716/166 672/729/177 671/728/176 659/715/165
f 661/717/167 673/730/178 672/729/177 660/716/166
f 662/718/168 674/731/179 673/730/178 661/717/167
f 663/719/169 675/732/180 674/731/179 662/718/168
f 664/720/170 676/733/181 675/732/180 663/719/169
f 665/721/165 677/734/182 676/733/181 664/720/170
f 666/722/171 678/735/183 677/734/182 665/721/165
f 667/723/172 679/736/184 678/735/183 666/722/171
f 668/712/173 680/725/185 679/736/184 667/723/172
f 669/724/174 681/737/186 692/738/59 680/725/185
f 670/726/175 682/739/187 681/740/186 669/727/174
f 671/728/176 683/741/188 682/739/187 670/726/175
f 672/729/177 684/742/189 683/741/188 671/728/176
f 673/730/178 685/743/190 684/742/189 672/729/177
f 674/731/179 686/744/53 685/743/190 673/730/178
f 675/732/180 687/745/191 686/744/53 674/731/179
f 676/733/181 688/746/192 687/745/191 675/732/180
f 677/734/182 689/747/193 688/746/192 676/733/181
f 678/735/183 690/748/194 689/747/193 677/734/182
f 679/736/184 691/749/195 690/748/194 678/735/183
f 680/725/185 692/738/59 691/749/195 679/736/184
f 681/737/186 693/750/186 704/751/59 692/738/59
f 682/739/187 694/752/187 693/753/186 681/740/186
f 683/741/188 695/754/188 694/752/187 682/739/187
f 684/742/189 696/755/189 695/754/188 683/741/188
f 685/743/190 697/756/190 696/755/189 684/742/189
f 686/744/53 698/757/53 697/756/190 685/743/190
f 687/745/191 699/758/191 698/757/53 686/744/53
f 688/746/192 700/759/192 699/758/191 687/745/191
f 689/747/193 701/760/193 700/759/192 688/746/192
f 690/748/194 702/761/194 701/760/193 689/747/193
f 691/749/195 703/762/195 702/761/194 690/748/194
f 692/738/59 704/751/59 703/762/195 691/749/195
f 693/750/186 705/763/186 716/764/59 704/751/59
f 694/752/187 706/765/187 705/766/186 693/753/186
f 695/754/188 707/767/188 706/765/187 694/752/187
f 696/755/189 708/768/189 707/767/188 695/754/188
f 697/756/190 709/769/190 708/768/189 696/755/189
f 698/757/53 710/770/53 709/769/190 697/756/190
f 699/758/191 711/771/191 710/770/53 698/757/53
f 700/759/192 712/772/192 711/771/191 699/758/191
f 701/760/193 713/773/193 712/772/192 700/759/192
f 702/761/194 714/774/194 713/773/193 701/760/193
f 703/762/195 715/775/195 714/774/194 702/761/194
f 704/751/59 716/764/59 715/775/195 703/762/195
f 705/763/186 717/776/186 728/777/59 716/764/59
f 706/765/187 718/778/187 717/779/186 705/766/186
f 707/767/188 719/780/188 718/778/187 706/765/187
f 708/768/189 720/781/189 719/780/188 707/767/188
f 709/769/190 721/782/190 720/781/189 708/768/189
f 710/770/53 722/783/53 721/782/190 709/769/190
f 711/771/191 723/784/191 722/783/53 710/770/53
f 712/772/192 724/785/192 723/784/191 711/771/191
f 713/773/193 725/786/193 724/785/192 712/772/192
f 714/774/194 726/787/194 725/786/193 713/773/193
f 715/775/195 727/788/195 726/787/194 714/774/194
f 716/764/59 728/777/59 727/788/195 715/775/195
f 717/776/186 729/789/186 740/790/201 728/777/59
f 718/778/187 730/791/187 729/792/186 717/779/186
f 719/780/188 731/793/188 730/791/187 718/778/187
f 720/781/189 732/794/189 731/793/188 719/780/188
f 721/782/190 733/795/196 732/794/189 720/781/189
f 722/783/53 734/796/197 733/795/196 721/782/190
f 723/784/191 735/797/198 734/796/197 722/783/53
f 724/785/192 736/798/192 735/797/198 723/784/191
f 725/786/193 737/799/193 736/798/192 724/785/192
f 726/787/194 738/800/199 737/799/193 725/786/193
f 727/788/195 739/801/200 738/800/199 726/787/194
f 728/777/59 740/790/201 739/801/200 727/788/195
f 729/789/186 741/802/186 752/803/207 740/790/201
f 730/791/187 742/804/187 741/805/186 729/792/186
f 731/793/188 743/806/188 742/804/187 730/791/187
f 732/794/189 744/807/189 743/806/188 731/793/188
f 733/795/196 745/808/202 744/807/189 732/794/189
f 734/796/197 746/809/203 745/808/202 733/795/196
f 735/797/198 747/810/204 746/809/203 734/796/197
f 736/798/192 748/811/192 747/810/204 735/797/198
f 737/799/193 749/812/193 748/811/192 736/798/192
f 738/800/199 750/813/205 749/812/193 737/799/193
f 739/801/200 751/814/206 750/813/205 738/800/199
f 740/790/201 752/803/207 751/814/206 739/801/200
f 747/810/204 754/815/209 753/816/208 746/809/203
f 748/811/192 755/817/192 754/815/209 747/810/204
f 749/812/193 756/818/193 755/817/192 748/811/192
f 750/813/205 757/819/210 756/818/193 749/812/193
f 751/814/206 758/820/211 757/819/210 750/813/205
f 754/815/209 760/821/209 759/822/208 753/816/208
f 755/817/192 761/823/192 760/821/209 754/815/209
f 756/818/193 762/824/193 761/823/192 755/817/192
f 757/819/210 763/825/194 762/824/193 756/818/193
f 758/820/211 764/826/212 763/825/194 757/819/210
f 760/821/209 766/827/214 765/828/213 759/822/208
f 761/823/192 767/829/215 766/827/214 760/821/209
f 762/824/193 768/830/193 767/829/215 761/823/192
f 763/825/194 769/831/194 768/830/193 762/824/193
f 764/826/212 770/832/212 769/831/194 763/825/194
f 766/827/214 772/833/217 771/834/216 765/828/213
f 767/829/215 773/835/218 772/833/217 766/827/214
f 768/830/193 774/836/193 773/835/218 767/829/215
f 769/831/194 775/837/194 774/836/193 768/830/193
f 770/832/212 776/838/212 775/837/194 769/831/194
f 772/833/217 778/839/220 777/840/219 771/834/216
f 773/835/218 779/841/221 778/839/220 772/833/217
f 774/836/193 780/842/193 779/841/221 773/835/218
f 775/837/194 781/843/194 780/842/193 774/836/193
f 776/838/212 782/844/212 781/843/194 775/837/194
f 778/839/220 784/845/223 783/846/222 777/840/219
f 779/841/221 785/847/224 784/845/223 778/839/220
f 780/842/193 786/848/193 785/847/224 779/841/221
f 781/843/194 787/849/194 786/848/193 780/842/193
f 782/844/212 788/850/212 787/849/194 781/843/194
f 784/845/223 790/851/209 789/852/208 783/846/222
f 785/847/224 791/853/192 790/851/209 784/845/223
f 786/848/193 792/854/193 791/853/192 785/847/224
f 787/849/194 793/855/194 792/854/193 786/848/193
f 788/850/212 794/856/212 793/855/194 787/849/194
f 790/851/209 796/857/226 795/858/225 789/852/208
f 791/853/192 797/859/227 796/857/226 790/851/209
f 792/854/193 798/860/228 797/859/227 791/853/192
f 793/855/194 799/861/229 798/860/228 792/854/193
f 794/856/212 800/862/230 799/861/229 793/855/194
f 796/857/226 802/863/232 801/864/231 795/858/225
f 797/859/227 803/865/233 802/863/232 796/857/226
f 798/860/228 804/866/234 803/865/233 797/859/227
f 799/861/229 805/867/235 804/866/234 798/860/228
f 800/862/230 806/868/236 805/867/235 799/861/229
f 802/863/232 808/869/238 807/870/237 801/864/231
f 803/865/233 809/871/239 808/869/238 802/863/232
f 804/866/234 810/872/240 809/871/239 803/865/233
f 805/867/235 811/873/241 810/872/240 804/866/234
f 806/868/236 812/874/242 811/873/241 805/867/235
f 808/869/238 814/875/244 813/876/243 807/870/237
f 809/871/239 815/877/245 814/875/244 808/869/238
f 810/872/240 816/878/246 815/877/245 809/871/239
f 811/873/241 817/879/247 816/878/246 810/872/240
f 812/874/242 818/880/248 817/879/247 811/873/241
f 814/875/244 820/881/250 819/882/249 813/876/243
f 815/877/245 821/883/245 820/881/250 814/875/244
f 816/878/246 822/884/246 821/883/245 815/877/245
f 817/879/247 823/885/251 822/884/246 816/878/246
f 818/880/248 824/886/252 823/885/251 817/879/247
f 820/881/250 831/887/259 830/888/258 819/882/249
f 821/883/245 832/889/245 831/887/259 820/881/250
f 822/884/246 833/890/246 832/889/245 821/883/245
f 823/885/251 834/891/260 833/890/246 822/884/246
f 824/886/252 835/892/261 834/891/260 823/885/251
f 825/893/253 837/894/253 848/895/266 836/896/262
f 826/897/254 838/898/254 837/899/253 825/900/253
f 827/901/255 839/902/255 838/898/254 826/897/254
f 828/903/256 840/904/256 839/902/255 827/901/255
f 829/905/257 841/906/257 840/904/256 828/903/256
f 830/888/258 842/907/53 841/906/257 829/905/257
f 831/887/259 843/908/263 842/907/53 830/888/258
f 832/889/245 844/909/245 843/908/263 831/887/259
f 833/890/246 845/910/246 844/909/245 832/889/245
f 834/891/260 846/911/264 845/910/246 833/890/246
f 835/892/261 847/912/265 846/911/264 834/891/260
f 836/896/262 848/895/266 847/912/265 835/892/261
f 837/894/253 849/913/253 860/914/59 848/895/266
f 838/898/254 850/915/254 849/916/253 837/899/253
f 839/902/255 851/917/255 850/915/254 838/898/254
f 840/904/256 852/918/256 851/917/255 839/902/255
f 841/906/257 853/919/257 852/918/256 840/904/256
f 842/907/53 854/920/53 853/919/257 841/906/257
f 843/908/263 855/921/263 854/920/53 842/907/53
f 844/909/245 856/922/245 855/921/263 843/908/263
f 845/910/246 857/923/246 856/922/245 844/909/245
f 846/911/264 858/924/247 857/923/246 845/910/246
f 847/912/265 859/925/267 858/924/247 846/911/264
f 848/895/266 860/914/59 859/925/267 847/912/265
f 849/913/253 861/926/253 872/927/59 860/914/59
f 850/915/254 862/928/254 861/929/253 849/916/253
f 851/917/255 863/930/255 862/928/254 850/915/254
f 852/918/256 864/931/256 863/930/255 851/917/255
f 853/919/257 865/932/257 864/931/256 852/918/256
f 854/920/53 866/933/53 865/932/257 853/919/257
f 855/921/263 867/934/263 866/933/53 854/920/53
f 856/922/245 868/935/245 867/934/263 855/921/263
f 857/923/246 869/936/246 868/935/245 856/922/245
f 858/924/247 870/937/247 869/936/246 857/923/246
f 859/925/267 871/938/267 870/937/247 858/924/247
f 860/914/59 872/927/59 871/938/267 859/925/267
f 861/926/253 873/939/253 884/940/59 872/927/59
f 862/928/254 874/941/254 873/942/253 861/929/253
f 863/930/255 875/943/255 874/941/254 862/928/254
f 864/931/256 876/944/256 875/943/255 863/930/255
f 865/932/257 877/945/257 876/944/256 864/931/256
f 866/933/53 878/946/53 877/945/257 865/932/257
f 867/934/263 879/947/263 878/946/53 866/933/53
f 868/935/245 880/948/245 879/947/263 867/934/263
f 869/936/246 881/949/246 880/948/245 868/935/245
f 870/937/247 882/950/247 881/949/246 869/936/246
f 871/938/267 883/951/267 882/950/247 870/937/247
f 872/927/59 884/940/59 883/951/267 871/938/267
f 873/939/253 885/952/253 896/953/59 884/940/59
f 874/941/254 886/954/254 885/955/253 873/942/253
f 875/943/255 887/956/255 886/954/254 874/941/254
f 876/944/256 888/957/256 887/956/255 875/943/255
f 877/945/257 889/958/257 888/957/256 876/944/256
f 878/946/53 890/959/53 889/958/257 877/945/257
f 879/947/263 891/960/263 890/959/53 878/946/53
f 880/948/245 892/961/245 891/960/263 879/947/263
f 881/949/246 893/962/246 892/961/245 880/948/245
f 882/950/247 894/963/247 893/962/246 881/949/246
f 883/951/267 895/964/267 894/963/247 882/950/247
f 884/940/59 896/953/59 895/964/267 883/951/267
f 885/952/253 897/965/253 908/966/59 896/953/59
f 886/954/254 898/967/254 897/968/253 885/955/253
f 887/956/255 899/969/255 898/967/254 886/954/254
f 888/957/256 900/970/256 899/969/255 887/956/255
f 889/958/257 901/971/257 900/970/256 888/957/256
f 890/959/53 902/972/53 901/971/257 889/958/257
f 891/960/263 903/973/263 902/972/53 890/959/53
f 892/961/245 904/974/245 903/973/263 891/960/263
f 893/962/246 905/975/246 904/974/245 892/961/245
f 894/963/247 906/976/247 905/975/246 893/962/246
f 895/964/267 907/977/267 906/976/247 894/963/247
f 896/953/59 908/966/59 907/977/267 895/964/267
f 897/965/253 909/978/253 920/979/59 908/966/59
f 898/967/254 910/980/254 909/981/253 897/968/253
f 899/969/255 911/982/255 910/980/254 898/967/254
f 900/970/256 912/983/256 911/982/255 899/969/255
f 901/971/257 913/984/257 912/983/256 900/970/256
f 902/972/53 914/985/53 913/984/257 901/971/257
f 903/973/263 915/986/263 914/985/53 902/972/53
f 904/974/245 916/987/245 915/986/263 903/973/263
f 905/975/246 917/988/246 916/987/245 904/974/245
f 906/976/247 918/989/247 917/988/246 905/975/246
f 907/977/267 919/990/267 918/989/247 906/976/247
f 908/966/59 920/979/59 919/990/267 907/977/267
f 909/978/253 921/991/253 932/992/59 920/979/59
f 910/980/254 922/993/254 921/994/253 909/981/253
f 911/982/255 923/995/255 922/993/254 910/980/254
f 912/983/256 924/996/256 923/995/255 911/982/255
f 913/984/257 925/997/257 924/996/256 912/983/256
f 914/985/53 926/998/53 925/997/257 913/984/257
f 915/986/263 927/999/263 926/998/53 914/985/53
f 916/987/245 928/1000/245 927/999/263 915/986/263
f 917/988/246 929/1001/246 928/1000/245 916/987/245
f 918/989/247 930/1002/247 929/1001/246 917/988/246
f 919/990/267 931/1003/267 930/1002/247 918/989/247
f 920/979/59 932/992/59 931/1003/267 919/990/267
f 921/991/253 933/1004/253 944/1005/59 932/992/59
f 922/993/254 934/1006/254 933/1007/253 921/994/253
f 923/995/255 935/1008/255 934/1006/254 922/993/254
f 924/996/256 936/1009/256 935/1008/255 923/995/255
f 925/997/257 937/1010/257 936/1009/256 924/996/256
f 926/998/53 938/1011/53 937/1010/257 925/997/257
f 927/999/263 939/1012/263 938/1011/53 926/998/53
f 928/1000/245 940/1013/245 939/1012/263 927/999/263
f 929/1001/246 941/1014/246 940/1013/245 928/1000/245
f 930/1002/247 942/1015/247 941/1014/246 929/1001/246
f 931/1003/267 943/1016/267 942/1015/247 930/1002/247
f 932/992/59 944/1005/59 943/1016/267 931/1003/267
f 933/1004/253 945/1017/253 956/1018/59 944/1005/59
f 934/1006/254 946/1019/254 945/1020/253 933/1007/253
f 935/1008/255 947/1021/255 946/1019/254 934/1006/254
f 936/1009/256 948/1022/256 947/1021/255 935/1008/255
f 937/1010/257 949/1023/257 948/1022/256 936/1009/256
f 938/1011/53 950/1024/53 949/1023/257 937/1010/257
f 939/1012/263 951/1025/263 950/1024/53 938/1011/53
f 940/1013/245 952/1026/245 951/1025/263 939/1012/263
f 941/1014/246 953/1027/246 952/1026/245 940/1013/245
f 942/1015/247 954/1028/247 953/1027/246 941/1014/246
f 943/1016/267 955/1029/267 954/1028/247 942/1015/247
f 944/1005/59 956/1018/59 955/1029/267 943/1016/267
f 945/1017/253 957/1030/268 968/1031/279 956/1018/59
f 946/1019/254 958/1032/269 957/1033/268 945/1020/253
f 947/1021/255 959/1034/270 958/1032/269 946/1019/254
f 948/1022/256 960/1035/271 959/1034/270 947/1021/255
f 949/1023/257 961/1036/272 960/1035/271 948/1022/256
f 950/1024/53 962/1037/273 961/1036/272 949/1023/257
f 951/1025/263 963/1038/274 962/1037/273 950/1024/53
f 952/1026/245 964/1039/275 963/1038/274 951/1025/263
f 953/1027/246 965/1040/276 964/1039/275 952/1026/245
f 954/1028/247 966/1041/277 965/1040/276 953/1027/246
f 955/1029/267 967/1042/278 966/1041/277 954/1028/247
f 956/1018/59 968/1031/279 967/1042/278 955/1029/267
f 957/1030/268 969/1043/280 980/1044/290 968/1031/279
f 958/1032/269 970/1045/281 969/1046/280 957/1033/268
f 959/1034/270 971/1047/282 970/1045/281 958/1032/269
f 960/1035/271 972/1048/283 971/1047/282 959/1034/270
f 961/1036/272 973/1049/284 972/1048/283 960/1035/271
f 962/1037/273 974/1050/285 973/1049/284 961/1036/272
f 963/1038/274 975/1051/286 974/1050/285 962/1037/273
f 964/1039/275 976/1052/287 975/1051/286 963/1038/274
f 965/1040/276 977/1053/282 976/1052/287 964/1039/275
f 966/1041/277 978/1054/288 977/1053/282 965/1040/276
f 967/1042/278 979/1055/289 978/1054/288 966/1041/277
f 968/1031/279 980/1044/290 979/1055/289 967/1042/278
f 969/1043/280 981/1056/291 992/1057/302 980/1044/290
f 970/1045/281 982/1058/292 981/1059/291 969/1046/280
f 971/1047/282 983/1060/293 982/1058/292 970/1045/281
f 972/1048/283 984/1061/294 983/1060/293 971/1047/282
f 973/1049/284 985/1062/295 984/1061/294 972/1048/283
f 974/1050/285 986/1063/296 985/1062/295 973/1049/284
f 975/1051/286 987/1064/297 986/1063/296 974/1050/285
f 976/1052/287 988/1065/298 987/1064/297 975/1051/286
f 977/1053/282 989/1066/299 988/1065/298 976/1052/287
f 978/1054/288 990/1067/300 989/1066/299 977/1053/282
f 979/1055/289 991/1068/301 990/1067/300 978/1054/288
f 980/1044/290 992/1057/302 991/1068/301 979/1055/289
f 981/1056/291 993/1069/303 1004/1070/59 992/1057/302
f 982/1058/292 994/1071/304 993/1072/303 981/1059/291
f 983/1060/293 995/1073/305 994/1071/304 982/1058/292
f 984/1061/294 996/1074/306 995/1073/305 983/1060/293
f 985/1062/295 997/1075/307 996/1074/306 984/1061/294
f 986/1063/296 998/1076/53 997/1075/307 985/1062/295
f 987/1064/297 999/1077/308 998/1076/53 986/1063/296
f 988/1065/298 1000/1078/309 999/1077/308 987/1064/297
f 989/1066/299 1001/1079/310 1000/1078/309 988/1065/298
f 990/1067/300 1002/1080/311 1001/1079/310 989/1066/299
f 991/1068/301 1003/1081/312 1002/1080/311 990/1067/300
f 992/1057/302 1004/1070/59 1003/1081/312 991/1068/301
f 993/1069/303 1005/1082/303 1016/1083/59 1004/1070/59
f 994/1071/304 1006/1084/304 1005/1085/303 993/1072/303
f 995/1073/305 1007/1086/305 1006/1084/304 994/1071/304
f 996/1074/306 1008/1087/306 1007/1086/305 995/1073/305
f 997/1075/307 1009/1088/307 1008/1087/306 996/1074/306
f 998/1076/53 1010/1089/53 1009/1088/307 997/1075/307
f 999/1077/308 1011/1090/308 1010/1089/53 998/1076/53
f 1000/1078/309 1012/1091/309 1011/1090/308 999/1077/308
f 1001/1079/310 1013/1092/310 1012/1091/309 1000/1078/309
f 1002/1080/311 1014/1093/311 1013/1092/310 1001/1079/310
f 1003/1081/312 1015/1094/312 1014/1093/311 1002/1080/311
f 1004/1070/59 1016/1083/59 1015/1094/312 1003/1081/312
f 1005/1082/303 1017/1095/303 1028/1096/59 1016/1083/59
f 1006/1084/304 1018/1097/304 1017/1098/303 1005/1085/303
f 1007/1086/305 1019/1099/305 1018/1097/304 1006/1084/304
f 1008/1087/306 1020/1100/306 1019/1099/305 1007/1086/305
f 1009/1088/307 1021/1101/307 1020/1100/306 1008/1087/306
f 1010/1089/53 1022/1102/53 1021/1101/307 1009/1088/307
f 1011/1090/308 1023/1103/308 1022/1102/53 1010/1089/53
f 1012/1091/309 1024/1104/309 1023/1103/308 1011/1090/308
f 1013/1092/310 1025/1105/310 1024/1104/309 1012/1091/309
f 1014/1093/311 1026/1106/311 1025/1105/310 1013/1092/310
f 1015/1094/312 1027/1107/312 1026/1106/311 1014/1093/311
f 1016/1083/59 1028/1096/59 1027/1107/312 1015/1094/312
f 1017/1095/303 1029/1108/303 1040/1109/59 1028/1096/59
f 1018/1097/304 1030/1110/304 1029/1111/303 1017/1098/303
f 1019/1099/305 1031/1112/305 1030/1110/304 1018/1097/304
f 1020/1100/306 1032/1113/306 1031/1112/305 1019/1099/305
f 1021/1101/307 1033/1114/307 1032/1113/306 1020/1100/306
f 1022/1102/53 1034/1115/53 1033/1114/307 1021/1101/307
f 1023/1103/308 1035/1116/308 1034/1115/53 1022/1102/53
f 1024/1104/309 1036/1117/309 1035/1116/308 1023/1103/308
f 1025/1105/310 1037/1118/310 1036/1117/309 1024/1104/309
f 1026/1106/311 1038/1119/311 1037/1118/310 1025/1105/310
f 1027/1107/312 1039/1120/312 1038/1119/311 1026/1106/311
f 1028/1096/59 1040/1109/59 1039/1120/312 1027/1107/312
f 1029/1108/303 1041/1121/303 1052/1122/59 1040/1109/59
f 1030/1110/304 1042/1123/304 1041/1124/303 1029/1111/303
f 1031/1112/305 1043/1125/305 1042/1123/304 1030/1110/304
f 1032/1113/306 1044/1126/306 1043/1125/305 1031/1112/305
f 1033/1114/307 1045/1127/307 1044/1126/306 1032/1113/306
f 1034/1115/53 1046/1128/53 1045/1127/307 1033/1114/307
f 1035/1116/308 1047/1129/308 1046/1128/53 1034/1115/53
f 1036/1117/309 1048/1130/309 1047/1129/308 1035/1116/308
f 1037/1118/310 1049/1131/310 1048/1130/309 1036/1117/309
f 1038/1119/311 1050/1132/311 1049/1131/310 1037/1118/310
f 1039/1120/312 1051/1133/312 1050/1132/311 1038/1119/311
f 1040/1109/59 1052/1122/59 1051/1133/312 1039/1120/312
f 1041/1121/303 1053/1134/303 1064/1135/59 1052/1122/59
f 1042/1123/304 1054/1136/304 1053/1137/303 1041/1124/303
f 1043/1125/305 1055/1138/305 1054/1136/304 1042/1123/304
f 1044/1126/306 1056/1139/306 1055/1138/305 1043/1125/305
f 1045/1127/307 1057/1140/307 1056/1139/306 1044/1126/306
f 1046/1128/53 1058/1141/53 1057/1140/307 1045/1127/307
f 1047/1129/308 1059/1142/308 1058/1141/53 1046/1128/53
f 1048/1130/309 1060/1143/309 1059/1142/308 1047/1129/308
f 1049/1131/310 1061/1144/310 1060/1143/309 1048/1130/309
f 1050/1132/311 1062/1145/311 1061/1144/310 1049/1131/310
f 1051/1133/312 1063/1146/312 1062/1145/311 1050/1132/311
f 1052/1122/59 1064/1135/59 1063/1146/312 1051/1133/312
f 1053/1134/303 1065/1147/303 1076/1148/59 1064/1135/59
f 1054/1136/304 1066/1149/304 1065/1150/303 1053/1137/303
f 1055/1138/305 1067/1151/305 1066/1149/304 1054/1136/304
f 1056/1139/306 1068/1152/306 1067/1151/305 1055/1138/305
f 1057/1140/307 1069/1153/307 1068/1152/306 1056/1139/306
f 1058/1141/53 1070/1154/53 1069/1153/307 1057/1140/307
f 1059/1142/308 1071/1155/308 1070/1154/53 1058/1141/53
f 1060/1143/309 1072/1156/309 1071/1155/308 1059/1142/308
f 1061/1144/310 1073/1157/310 1072/1156/309 1060/1143/309
f 1062/1145/311 1074/1158/311 1073/1157/310 1061/1144/310
f 1063/1146/312 1075/1159/312 1074/1158/311 1062/1145/311
f 1064/1135/59 1076/1148/59 1075/1159/312 1063/1146/312
f 1065/1147/303 1077/1160/303 1088/1161/59 1076/1148/59
f 1066/1149/304 1078/1162/304 1077/1163/303 1065/1150/303
f 1067/1151/305 1079/1164/305 1078/1162/304 1066/1149/304
f 1068/1152/306 1080/1165/306 1079/1164/305 1067/1151/305
f 1069/1153/307 1081/1166/307 1080/1165/306 1068/1152/306
f 1070/1154/53 1082/1167/53 1081/1166/307 1069/1153/307
f 1071/1155/308 1083/1168/308 1082/1167/53 1070/1154/53
f 1072/1156/309 1084/1169/309 1083/1168/308 1071/1155/308
f 1073/1157/310 1085/1170/310 1084/1169/309 1072/1156/309
f 1074/1158/311 1086/1171/311 1085/1170/310 1073/1157/310
f 1075/1159/312 1087/1172/312 1086/1171/311 1074/1158/311
f 1076/1148/59 1088/1161/59 1087/1172/312 1075/1159/312
f 1077/1160/303 1089/1173/303 1100/1174/59 1088/1161/59
f 1078/1162/304 1090/1175/304 1089/1176/303 1077/1163/303
f 1079/1164/305 1091/1177/305 1090/1175/304 1078/1162/304
f 1080/1165/306 1092/1178/306 1091/1177/305 1079/1164/305
f 1081/1166/307 1093/1179/307 1092/1178/306 1080/1165/306
f 1082/1167/53 1094/1180/53 1093/1179/307 1081/1166/307
f 1083/1168/308 1095/1181/308 1094/1180/53 1082/1167/53
f 1084/1169/309 1096/1182/309 1095/1181/308 1083/1168/308
f 1085/1170/310 1097/1183/310 1096/1182/309 1084/1169/309
f 1086/1171/311 1098/1184/311 1097/1183/310 1085/1170/310
f 1087/1172/312 1099/1185/312 1098/1184/311 1086/1171/311
f 1088/1161/59 1100/1174/59 1099/1185/312 1087/1172/312
f 1089/1173/303 1101/1186/303 1112/1187/59 1100/1174/59
f 1090/1175/304 1102/1188/304 1101/1189/303 1089/1176/303
f 1091/1177/305 1103/1190/305 1102/1188/304 1090/1175/304
f 1092/1178/306 1104/1191/306 1103/1190/305 1091/1177/305
f 1093/1179/307 1105/1192/307 1104/1191/306 1092/1178/306
f 1094/1180/53 1106/1193/53 1105/1192/307 1093/1179/307
f 1095/1181/308 1107/1194/308 1106/1193/53 1094/1180/53
f 1096/1182/309 1108/1195/309 1107/1194/308 1095/1181/308
f 1097/1183/310 1109/1196/310 1108/1195/309 1096/1182/309
f 1098/1184/311 1110/1197/311 1109/1196/310 1097/1183/310
f 1099/1185/312 1111/1198/312 1110/1197/311 1098/1184/311
f 1100/1174/59 1112/1187/59 1111/1198/312 1099/1185/312
f 1101/1186/303 1113/1199/303 1124/1200/59 1112/1187/59
f 1102/1188/304 1114/1201/304 1113/1202/303 1101/1189/303
f 1103/1190/305 1115/1203/305 1114/1201/304 1102/1188/304
f 1104/1191/306 1116/1204/306 1115/1203/305 1103/1190/305
f 1105/1192/307 1117/1205/307 1116/1204/306 1104/1191/306
f 1106/1193/53 1118/1206/53 1117/1205/307 1105/1192/307
f 1107/1194/308 1119/1207/308 1118/1206/53 1106/1193/53
f 1108/1195/309 1120/1208/309 1119/1207/308 1107/1194/308
f 1109/1196/310 1121/1209/310 1120/1208/309 1108/1195/309
f 1110/1197/311 1122/1210/311 1121/1209/310 1109/1196/310
f 1111/1198/312 1123/1211/312 1122/1210/311 1110/1197/311
f 1112/1187/59 1124/1200/59 1123/1211/312 1111/1198/312
f 1113/1199/303 1125/1212/303 1136/1213/59 1124/1200/59
f 1114/1201/304 1126/1214/304 1125/1215/303 1113/1202/303
f 1115/1203/305 1127/1216/305 1126/1214/304 1114/1201/304
f 1116/1204/306 1128/1217/306 1127/1216/305 1115/1203/305
f 1117/1205/307 1129/1218/307 1128/1217/306 1116/1204/306
f 1118/1206/53 1130/1219/53 1129/1218/307 1117/1205/307
f 1119/1207/308 1131/1220/308 1130/1219/53 1118/1206/53
f 1120/1208/309 1132/1221/309 1131/1220/308 1119/1207/308
f 1121/1209/310 1133/1222/310 1132/1221/309 1120/1208/309
f 1122/1210/311 1134/1223/311 1133/1222/310 1121/1209/310
f 1123/1211/312 1135/1224/312 1134/1223/311 1122/1210/311
f 1124/1200/59 1136/1213/59 1135/1224/312 1123/1211/312
f 1125/1212/303 1137/1225/303 1148/1226/59 1136/1213/59
f 1126/1214/304 1138/1227/304 1137/1228/303 1125/1215/303
f 1127/1216/305 1139/1229/305 1138/1227/304 1126/1214/304
f 1128/1217/306 1140/1230/313 1139/1229/305 1127/1216/305
f 1129/1218/307 1141/1231/307 1140/1230/313 1128/1217/306
f 1130/1219/53 1142/1232/53 1141/1231/307 1129/1218/307
f 1131/1220/308 1143/1233/308 1142/1232/53 1130/1219/53
f 1132/1221/309 1144/1234/309 1143/1233/308 1131/1220/308
f 1133/1222/310 1145/1235/310 1144/1234/309 1132/1221/309
f 1134/1223/311 1146/1236/311 1145/1235/310 1133/1222/310
f 1135/1224/312 1147/1237/312 1146/1236/311 1134/1223/311
f 1136/1213/59 1148/1226/59 1147/1237/312 1135/1224/312
f 1137/1225/303 1149/1238/314 1160/1239/325 1148/1226/59
f 1138/1227/304 1150/1240/315 1149/1241/314 1137/1228/303
f 1139/1229/305 1151/1242/316 1150/1240/315 1138/1227/304
f 1140/1230/313 1152/1243/317 1151/1242/316 1139/1229/305
f 1141/1231/307 1153/1244/318 1152/1243/317 1140/1230/313
f 1142/1232/53 1154/1245/319 1153/1244/318 1141/1231/307
f 1143/1233/308 1155/1246/320 1154/1245/319 1142/1232/53
f 1144/1234/309 1156/1247/321 1155/1246/320 1143/1233/308
f 1145/1235/310 1157/1248/322 1156/1247/321 1144/1234/309
f 1146/1236/311 1158/1249/323 1157/1248/322 1145/1235/310
f 1147/1237/312 1159/1250/324 1158/1249/323 1146/1236/311
f 1148/1226/59 1160/1239/325 1159/1250/324 1147/1237/312
f 1149/1238/314 1161/1251/326 1172/1252/336 1160/1239/325
f 1150/1240/315 1162/1253/327 1161/1254/326 1149/1241/314
f 1151/1242/316 1163/1255/328 1162/1253/327 1150/1240/315
f 1152/1243/317 1164/1256/329 1163/1255/328 1151/1242/316
f 1153/1244/318 1165/1257/330 1164/1256/329 1152/1243/317
f 1154/1245/319 1166/1258/331 1165/1257/330 1153/1244/318
f 1155/1246/320 1167/1259/332 1166/1258/331 1154/1245/319
f 1156/1247/321 1168/1260/333 1167/1259/332 1155/1246/320
f 1157/1248/322 1169/1261/328 1168/1260/333 1156/1247/321
f 1158/1249/323 1170/1262/334 1169/1261/328 1157/1248/322
f 1159/1250/324 1171/1263/335 1170/1262/334 1158/1249/323
f 1160/1239/325 1172/1252/336 1171/1263/335 1159/1250/324
f 1161/1251/326 1173/1264/337 1184/1265/348 1172/1252/336
f 1162/1253/327 1174/1266/338 1173/1267/337 1161/1254/326
f 1163/1255/328 1175/1268/339 1174/1266/338 1162/1253/327
f 1164/1256/329 1176/1269/340 1175/1268/339 1163/1255/328
f 1165/1257/330 1177/1270/341 1176/1269/340 1164/1256/329
f 1166/1258/331 1178/1271/342 1177/1270/341 1165/1257/330
f 1167/1259/332 1179/1272/343 1178/1271/342 1166/1258/331
f 1168/1260/333 1180/1273/344 1179/1272/343 1167/1259/332
f 1169/1261/328 1181/1274/345 1180/1273/344 1168/1260/333
f 1170/1262/334 1182/1275/346 1181/1274/345 1169/1261/328
f 1171/1263/335 1183/1276/347 1182/1275/346 1170/1262/334
f 1172/1252/336 1184/1265/348 1183/1276/347 1171/1263/335
f 1173/1264/337 1185/1277/349 1196/1278/59 1184/1265/348
f 1174/1266/338 1186/1279/350 1185/1280/349 1173/1267/337
f 1175/1268/339 1187/1281/351 1186/1279/350 1174/1266/338
f 1176/1269/340 1188/1282/352 1187/1281/351 1175/1268/339
f 1177/1270/341 1189/1283/353 1188/1282/352 1176/1269/340
f 1178/1271/342 1190/1284/53 1189/1283/353 1177/1270/341
f 1179/1272/343 1191/1285/354 1190/1284/53 1178/1271/342
f 1180/1273/344 1192/1286/355 1191/1285/354 1179/1272/343
f 1181/1274/345 1193/1287/356 1192/1286/355 1180/1273/344
f 1182/1275/346 1194/1288/357 1193/1287/356 1181/1274/345
f 1183/1276/347 1195/1289/358 1194/1288/357 1182/1275/346
f 1184/1265/348 1196/1278/59 1195/1289/358 1183/1276/347
f 1185/1277/349 1197/1290/349 1208/1291/59 1196/1278/59
f 1186/1279/350 1198/1292/350 1197/1293/349 1185/1280/349
f 1187/1281/351 1199/1294/351 1198/1292/350 1186/1279/350
f 1188/1282/352 1200/1295/352 1199/1294/351 1187/1281/351
f 1189/1283/353 1201/1296/353 1200/1295/352 1188/1282/352
f 1190/1284/53 1202/1297/53 1201/1296/353 1189/1283/353
f 1191/1285/354 1203/1298/354 1202/1297/53 1190/1284/53
f 1192/1286/355 1204/1299/355 1203/1298/354 1191/1285/354
f 1193/1287/356 1205/1300/356 1204/1299/355 1192/1286/355
f 1194/1288/357 1206/1301/357 1205/1300/356 1193/1287/356
f 1195/1289/358 1207/1302/358 1206/1301/357 1194/1288/357
f 1196/1278/59 1208/1291/59 1207/1302/358 1195/1289/358
f 1197/1290/349 1209/1303/349 1220/1304/59 1208/1291/59
f 1198/1292/350 1210/1305/350 1209/1306/349 1197/1293/349
f 1199/1294/351 1211/1307/351 1210/1305/350 1198/1292/350
f 1200/1295/352 1212/1308/352 1211/1307/351 1199/1294/351
f 1201/1296/353 1213/1309/353 1212/1308/352 1200/1295/352
f 1202/1297/53 1214/1310/53 1213/1309/353 1201/1296/353
f 1203/1298/354 1215/1311/354 1214/1310/53 1202/1297/53
f 1204/1299/355 1216/1312/355 1215/1311/354 1203/1298/354
f 1205/1300/356 1217/1313/356 1216/1312/355 1204/1299/355
f 1206/1301/357 1218/1314/357 1217/1313/356 1205/1300/356
f 1207/1302/358 1219/1315/358 1218/1314/357 1206/1301/357
f 1208/1291/59 1220/1304/59 1219/1315/358 1207/1302/358
f 1209/1303/349 1221/1316/349 1232/1317/59 1220/1304/59
f 1210/1305/350 1222/1318/350 1221/1319/349 1209/1306/349
f 1211/1307/351 1223/1320/351 1222/1318/350 1210/1305/350
f 1212/1308/352 1224/1321/352 1223/1320/351 1211/1307/351
f 1213/1309/353 1225/1322/353 1224/1321/352 1212/1308/352
f 1214/1310/53 1226/1323/53 1225/1322/353 1213/1309/353
f 1215/1311/354 1227/1324/354 1226/1323/53 1214/1310/53
f 1216/1312/355 1228/1325/355 1227/1324/354 1215/1311/354
f 1217/1313/356 1229/1326/356 1228/1325/355 1216/1312/355
f 1218/1314/357 1230/1327/357 1229/1326/356 1217/1313/356
f 1219/1315/358 1231/1328/358 1230/1327/357 1218/1314/357
f 1220/1304/59 1232/1317/59 1231/1328/358 1219/1315/358
f 1221/1316/349 1233/1329/349 1244/1330/59 1232/1317/59
f 1222/1318/350 1234/1331/350 1233/1332/349 1221/1319/349
f 1223/1320/351 1235/1333/351 1234/1331/350 1222/1318/350
f 1224/1321/352 1236/1334/352 1235/1333/351 1223/1320/351
f 1225/1322/353 1237/1335/353 1236/1334/352 1224/1321/352
f 1226/1323/53 1238/1336/53 1237/1335/353 1225/1322/353
f 1227/1324/354 1239/1337/354 1238/1336/53 1226/1323/53
f 1228/1325/355 1240/1338/355 1239/1337/354 1227/1324/354
f 1229/1326/356 1241/1339/356 1240/1338/355 1228/1325/355
f 1230/1327/357 1242/1340/357 1241/1339/356 1229/1326/356
f 1231/1328/358 1243/1341/358 1242/1340/357 1230/1327/357
f 1232/1317/59 1244/1330/59 1243/1341/358 1231/1328/358
f 1233/1329/349 1245/1342/349 1256/1343/59 1244/1330/59
f 1234/1331/350 1246/1344/350 1245/1345/349 1233/1332/349
f 1235/1333/351 1247/1346/351 1246/1344/350 1234/1331/350
f 1236/1334/352 1248/1347/352 1247/1346/351 1235/1333/351
f 1237/1335/353 1249/1348/353 1248/1347/352 1236/1334/352
f 1238/1336/53 1250/1349/53 1249/1348/353 1237/1335/353
f 1239/1337/354 1251/1350/354 1250/1349/53 1238/1336/53
f 1240/1338/355 1252/1351/355 1251/1350/354 1239/1337/354
f 1241/1339/356 1253/1352/356 1252/1351/355 1240/1338/355
f 1242/1340/357 1254/1353/357 1253/1352/356 1241/1339/356
f 1243/1341/358 1255/1354/358 1254/1353/357 1242/1340/357
f 1244/1330/59 1256/1343/59 1255/1354/358 1243/1341/358
f 1245/1342/349 1257/1355/349 1268/1356/59 1256/1343/59
f 1246/1344/350 1258/1357/350 1257/1358/349 1245/1345/349
f 1247/1346/351 1259/1359/351 1258/1357/350 1246/1344/350
f 1248/1347/352 1260/1360/352 1259/1359/351 1247/1346/351
f 1249/1348/353 1261/1361/353 1260/1360/352 1248/1347/352
f 1250/1349/53 1262/1362/53 1261/1361/353 1249/1348/353
f 1251/1350/354 1263/1363/354 1262/1362/53 1250/1349/53
f 1252/1351/355 1264/1364/355 1263/1363/354 1251/1350/354
f 1253/1352/356 1265/1365/356 1264/1364/355 1252/1351/355
f 1254/1353/357 1266/1366/357 1265/1365/356 1253/1352/356
f 1255/1354/358 1267/1367/358 1266/1366/357 1254/1353/357
f 1256/1343/59 1268/1356/59 1267/1367/358 1255/1354/358
f 1257/1355/349 1269/1368/349 1280/1369/59 1268/1356/59
f 1258/1357/350 1270/1370/350 1269/1371/349 1257/1358/349
f 1259/1359/351 1271/1372/351 1270/1370/350 1258/1357/350
f 1260/1360/352 1272/1373/352 1271/1372/351 1259/1359/351
f 1261/1361/353 1273/1374/353 1272/1373/352 1260/1360/352
f 1262/1362/53 1274/1375/53 1273/1374/353 1261/1361/353
f 1263/1363/354 1275/1376/354 1274/1375/53 1262/1362/53
f 1264/1364/355 1276/1377/355 1275/1376/354 1263/1363/354
f 1265/1365/356 1277/1378/356 1276/1377/355 1264/1364/355
f 1266/1366/357 1278/1379/357 1277/1378/356 1265/1365/356
f 1267/1367/358 1279/1380/358 1278/1379/357 1266/1366/357
f 1268/1356/59 1280/1369/59 1279/1380/358 1267/1367/358
f 1269/1368/349 1281/1381/349 1292/1382/59 1280/1369/59
f 1270/1370/350 1282/1383/350 1281/1384/349 1269/1371/349
f 1271/1372/351 1283/1385/351 1282/1383/350 1270/1370/350
f 1272/1373/352 1284/1386/352 1283/1385/351 1271/1372/351
f 1273/1374/353 1285/1387/353 1284/1386/352 1272/1373/352
f 1274/1375/53 1286/1388/53 1285/1387/353 1273/1374/353
f 1275/1376/354 1287/1389/354 1286/1388/53 1274/1375/53
f 1276/1377/355 1288/1390/355 1287/1389/354 1275/1376/354
f 1277/1378/356 1289/1391/356 1288/1390/355 1276/1377/355
f 1278/1379/357 1290/1392/357 1289/1391/356 1277/1378/356
f 1279/1380/358 1291/1393/358 1290/1392/357 1278/1379/357
f 1280/1369/59 1292/1382/59 1291/1393/358 1279/1380/358
f 1281/1381/349 1293/1394/349 1304/1395/59 1292/1382/59
f 1282/1383/350 1294/1396/350 1293/1397/349 1281/1384/349
f 1283/1385/351 1295/1398/351 1294/1396/350 1282/1383/350
f 1284/1386/352 1296/1399/352 1295/1398/351 1283/1385/351
f 1285/1387/353 1297/1400/353 1296/1399/352 1284/1386/352
f 1286/1388/53 1298/1401/53 1297/1400/353 1285/1387/353
f 1287/1389/354 1299/1402/354 1298/1401/53 1286/1388/53
f 1288/1390/355 1300/1403/355 1299/1402/354 1287/1389/354
f 1289/1391/356 1301/1404/356 1300/1403/355 1288/1390/355
f 1290/1392/357 1302/1405/357 1301/1404/356 1289/1391/356
f 1291/1393/358 1303/1406/358 1302/1405/357 1290/1392/357
f 1292/1382/59 1304/1395/59 1303/1406/358 1291/1393/358
f 1293/1394/349 1305/1407/349 1316/1408/59 1304/1395/59
f 1294/1396/350 1306/1409/350 1305/1410/349 1293/1397/349
f 1295/1398/351 1307/1411/351 1306/1409/350 1294/1396/350
f 1296/1399/352 1308/1412/352 1307/1411/351 1295/1398/351
f 1297/1400/353 1309/1413/353 1308/1412/352 1296/1399/352
f 1298/1401/53 1310/1414/53 1309/1413/353 1297/1400/353
f 1299/1402/354 1311/1415/354 1310/1414/53 1298/1401/53
f 1300/1403/355 1312/1416/355 1311/1415/354 1299/1402/354
f 1301/1404/356 1313/1417/356 1312/1416/355 1300/1403/355
f 1302/1405/357 1314/1418/357 1313/1417/356 1301/1404/356
f 1303/1406/358 1315/1419/358 1314/1418/357 1302/1405/357
f 1304/1395/59 1316/1408/59 1315/1419/358 1303/1406/358
f 1305/1407/349 1317/1420/349 1328/1421/59 1316/1408/59
f 1306/1409/350 1318/1422/350 1317/1423/349 1305/1410/349
f 1307/1411/351 1319/1424/351 1318/1422/350 1306/1409/350
f 1308/1412/352 1320/1425/352 1319/1424/351 1307/1411/351
f 1309/1413/353 1321/1426/353 1320/1425/352 1308/1412/352
f 1310/1414/53 1322/1427/53 1321/1426/353 1309/1413/353
f 1311/1415/354 1323/1428/354 1322/1427/53 1310/1414/53
f 1312/1416/355 1324/1429/355 1323/1428/354 1311/1415/354
f 1313/1417/356 1325/1430/356 1324/1429/355 1312/1416/355
f 1314/1418/357 1326/1431/357 1325/1430/356 1313/1417/356
f 1315/1419/358 1327/1432/358 1326/1431/357 1314/1418/357
f 1316/1408/59 1328/1421/59 1327/1432/358 1315/1419/358
f 1317/1420/349 1329/1433/349 1340/1434/59 1328/1421/59
f 1318/1422/350 1330/1435/350 1329/1436/349 1317/1423/349
f 1319/1424/351 1331/1437/351 1330/1435/350 1318/1422/350
f 1320/1425/352 1332/1438/352 1331/1437/351 1319/1424/351
f 1321/1426/353 1333/1439/353 1332/1438/352 1320/1425/352
f 1322/1427/53 1334/1440/53 1333/1439/353 1321/1426/353
f 1323/1428/354 1335/1441/354 1334/1440/53 1322/1427/53
f 1324/1429/355 1336/1442/355 1335/1441/354 1323/1428/354
f 1325/1430/356 1337/1443/356 1336/1442/355 1324/1429/355
f 1326/1431/357 1338/1444/357 1337/1443/356 1325/1430/356
f 1327/1432/358 1339/1445/358 1338/1444/357 1326/1431/357
f 1328/1421/59 1340/1434/59 1339/1445/358 1327/1432/358
f 1329/1433/349 1341/1446/359 1352/1447/370 1340/1434/59
f 1330/1435/350 1342/1448/360 1341/1449/359 1329/1436/349
f 1331/1437/351 1343/1450/361 1342/1448/360 1330/1435/350
f 1332/1438/352 1344/1451/362 1343/1450/361 1331/1437/351
f 1333/1439/353 1345/1452/363 1344/1451/362 1332/1438/352
f 1334/1440/53 1346/1453/364 1345/1452/363 1333/1439/353
f 1335/1441/354 1347/1454/365 1346/1453/364 1334/1440/53
f 1336/1442/355 1348/1455/366 1347/1454/365 1335/1441/354
f 1337/1443/356 1349/1456/367 1348/1455/366 1336/1442/355
f 1338/1444/357 1350/1457/368 1349/1456/367 1337/1443/356
f 1339/1445/358 1351/1458/369 1350/1457/368 1338/1444/357
f 1340/1434/59 1352/1447/370 1351/1458/369 1339/1445/358
f 1341/1446/359 1353/1459/371 1364/1460/382 1352/1447/370
f 1342/1448/360 1354/1461/372 1353/1462/371 1341/1449/359
f 1343/1450/361 1355/1463/373 1354/1461/372 1342/1448/360
f 1344/1451/362 1356/1464/374 1355/1463/373 1343/1450/361
f 1345/1452/363 1357/1465/375 1356/1464/374 1344/1451/362
f 1346/1453/364 1358/1466/376 1357/1465/375 1345/1452/363
f 1347/1454/365 1359/1467/377 1358/1466/376 1346/1453/364
f 1348/1455/366 1360/1468/378 1359/1467/377 1347/1454/365
f 1349/1456/367 1361/1469/379 1360/1468/378 1348/1455/366
f 1350/1457/368 1362/1470/380 1361/1469/379 1349/1456/367
f 1351/1458/369 1363/1471/381 1362/1470/380 1350/1457/368
f 1352/1447/370 1364/1460/382 1363/1471/381 1351/1458/369
f 1353/1459/371 1365/1472/383 1376/1473/394 1364/1460/382
f 1354/1461/372 1366/1474/384 1365/1475/383 1353/1462/371
f 1355/1463/373 1367/1476/385 1366/1474/384 1354/1461/372
f 1356/1464/374 1368/1477/386 1367/1476/385 1355/1463/373
f 1357/1465/375 1369/1478/387 1368/1477/386 1356/1464/374
f 1358/1466/376 1370/1479/388 1369/1478/387 1357/1465/375
f 1359/1467/377 1371/1480/389 1370/1479/388 1358/1466/376
f 1360/1468/378 1372/1481/390 1371/1480/389 1359/1467/377
f 1361/1469/379 1373/1482/391 1372/1481/390 1360/1468/378
f 1362/1470/380 1374/1483/392 1373/1482/391 1361/1469/379
f 1363/1471/381 1375/1484/393 1374/1483/392 1362/1470/380
f 1364/1460/382 1376/1473/394 1375/1484/393 1363/1471/381
f 1365/1472/383 1377/1485/395 1388/1486/59 1376/1473/394
f 1366/1474/384 1378/1487/396 1377/1488/395 1365/1475/383
f 1367/1476/385 1379/1489/397 1378/1487/396 1366/1474/384
f 1368/1477/386 1380/1490/398 1379/1489/397 1367/1476/385
f 1369/1478/387 1381/1491/399 1380/1490/398 1368/1477/386
f 1370/1479/388 1382/1492/53 1381/1491/399 1369/1478/387
f 1371/1480/389 1383/1493/400 1382/1492/53 1370/1479/388
f 1372/1481/390 1384/1494/401 1383/1493/400 1371/1480/389
f 1373/1482/391 1385/1495/402 1384/1494/401 1372/1481/390
f 1374/1483/392 1386/1496/403 1385/1495/402 1373/1482/391
f 1375/1484/393 1387/1497/404 1386/1496/403 1374/1483/392
f 1376/1473/394 1388/1486/59 1387/1497/404 1375/1484/393
f 1377/1485/395 1389/1498/395 1400/1499/59 1388/1486/59
f 1378/1487/396 1390/1500/396 1389/1501/395 1377/1488/395
f 1379/1489/397 1391/1502/397 1390/1500/396 1378/1487/396
f 1380/1490/398 1392/1503/398 1391/1502/397 1379/1489/397
f 1381/1491/399 1393/1504/399 1392/1503/398 1380/1490/398
f 1382/1492/53 1394/1505/53 1393/1504/399 1381/1491/399
f 1383/1493/400 1395/1506/400 1394/1505/53 1382/1492/53
f 1384/1494/401 1396/1507/401 1395/1506/400 1383/1493/400
f 1385/1495/402 1397/1508/402 1396/1507/401 1384/1494/401
f 1386/1496/403 1398/1509/403 1397/1508/402 1385/1495/402
f 1387/1497/404 1399/1510/404 1398/1509/403 1386/1496/403
f 1388/1486/59 1400/1499/59 1399/1510/404 1387/1497/404
f 1389/1498/395 1401/1511/395 1412/1512/59 1400/1499/59
f 1390/1500/396 1402/1513/396 1401/1514/395 1389/1501/395
f 1391/1502/397 1403/1515/397 1402/1513/396 1390/1500/396
f 1392/1503/398 1404/1516/398 1403/1515/397 1391/1502/397
f 1393/1504/399 1405/1517/399 1404/1516/398 1392/1503/398
f 1394/1505/53 1406/1518/53 1405/1517/399 1393/1504/399
f 1395/1506/400 1407/1519/400 1406/1518/53 1394/1505/53
f 1396/1507/401 1408/1520/401 1407/1519/400 1395/1506/400
f 1397/1508/402 1409/1521/402 1408/1520/401 1396/1507/401
f 1398/1509/403 1410/1522/403 1409/1521/402 1397/1508/402
f 1399/1510/404 1411/1523/404 1410/1522/403 1398/1509/403
f 1400/1499/59 1412/1512/59 1411/1523/404 1399/1510/404
f 1401/1511/395 1413/1524/395 1424/1525/59 1412/1512/59
f 1402/1513/396 1414/1526/396 1413/1527/395 1401/1514/395
f 1403/1515/397 1415/1528/397 1414/1526/396 1402/1513/396
f 1404/1516/398 1416/1529/398 1415/1528/397 1403/1515/397
f 1405/1517/399 1417/1530/399 1416/1529/398 1404/1516/398
f 1406/1518/53 1418/1531/53 1417/1530/399 1405/1517/399
f 1407/1519/400 1419/1532/400 1418/1531/53 1406/1518/53
f 1408/1520/401 1420/1533/401 1419/1532/400 1407/1519/400
f 1409/1521/402 1421/1534/402 1420/1533/401 1408/1520/401
f 1410/1522/403 1422/1535/403 1421/1534/402 1409/1521/402
f 1411/1523/404 1423/1536/404 1422/1535/403 1410/1522/403
f 1412/1512/59 1424/1525/59 1423/1536/404 1411/1523/404
f 1413/1524/395 1425/1537/395 1436/1538/59 1424/1525/59
f 1414/1526/396 1426/1539/396 1425/1540/395 1413/1527/395
f 1415/1528/397 1427/1541/397 1426/1539/396 1414/1526/396
f 1416/1529/398 1428/1542/398 1427/1541/397 1415/1528/397
f 1417/1530/399 1429/1543/399 1428/1542/398 1416/1529/398
f 1418/1531/53 1430/1544/53 1429/1543/399 1417/1530/399
f 1419/1532/400 1431/1545/400 1430/1544/53 1418/1531/53
f 1420/1533/401 1432/1546/401 1431/1545/400 1419/1532/400
f 1421/1534/402 1433/1547/402 1432/1546/401 1420/1533/401
f 1422/1535/403 1434/1548/403 1433/1547/402 1421/1534/402
f 1423/1536/404 1435/1549/404 1434/1548/403 1422/1535/403
f 1424/1525/59 1436/1538/59 1435/1549/404 1423/1536/404
f 1425/1537/395 1437/1550/395 1448/1551/59 1436/1538/59
f 1426/1539/396 1438/1552/396 1437/1553/395 1425/1540/395
f 1427/1541/397 1439/1554/397 1438/1552/396 1426/1539/396
f 1428/1542/398 1440/1555/398 1439/1554/397 1427/1541/397
f 1429/1543/399 1441/1556/399 1440/1555/398 1428/1542/398
f 1430/1544/53 1442/1557/53 1441/1556/399 1429/1543/399
f 1431/1545/400 1443/1558/400 1442/1557/53 1430/1544/53
f 1432/1546/401 1444/1559/401 1443/1558/400 1431/1545/400
f 1433/1547/402 1445/1560/402 1444/1559/401 1432/1546/401
f 1434/1548/403 1446/1561/403 1445/1560/402 1433/1547/402
f 1435/1549/404 1447/1562/404 1446/1561/403 1434/1548/403
f 1436/1538/59 1448/1551/59 1447/1562/404 1435/1549/404
f 1437/1550/395 1449/1563/395 1460/1564/59 1448/1551/59
f 1438/1552/396 1450/1565/396 1449/1566/395 1437/1553/395
f 1439/1554/397 1451/1567/397 1450/1565/396 1438/1552/396
f 1440/1555/398 1452/1568/398 1451/1567/397 1439/1554/397
f 1441/1556/399 1453/1569/399 1452/1568/398 1440/1555/398
f 1442/1557/53 1454/1570/53 1453/1569/399 1441/1556/399
f 1443/1558/400 1455/1571/400 1454/1570/53 1442/1557/53
f 1444/1559/401 1456/1572/401 1455/1571/400 1443/1558/400
f 1445/1560/402 1457/1573/402 1456/1572/401 1444/1559/401
f 1446/1561/403 1458/1574/403 1457/1573/402 1445/1560/402
f 1447/1562/404 1459/1575/404 1458/1574/403 1446/1561/403
f 1448/1551/59 1460/1564/59 1459/1575/404 1447/1562/404
f 1449/1563/395 1461/1576/395 1472/1577/59 1460/1564/59
f 1450/1565/396 1462/1578/396 1461/1579/395 1449/1566/395
f 1451/1567/397 1463/1580/397 1462/1578/396 1450/1565/396
f 1452/1568/398 1464/1581/398 1463/1580/397 1451/1567/397
f 1453/1569/399 1465/1582/399 1464/1581/398 1452/1568/398
f 1454/1570/53 1466/1583/53 1465/1582/399 1453/1569/399
f 1455/1571/400 1467/1584/400 1466/1583/53 1454/1570/53
f 1456/1572/401 1468/1585/401 1467/1584/400 1455/1571/400
f 1457/1573/402 1469/1586/402 1468/1585/401 1456/1572/401
f 1458/1574/403 1470/1587/403 1469/1586/402 1457/1573/402
f 1459/1575/404 1471/1588/404 1470/1587/403 1458/1574/403
f 1460/1564/59 1472/1577/59 1471/1588/404 1459/1575/404
f 1461/1576/395 1473/1589/395 1484/1590/59 1472/1577/59
f 1462/1578/396 1474/1591/396 1473/1592/395 1461/1579/395
f 1463/1580/397 1475/1593/397 1474/1591/396 1462/1578/396
f 1464/1581/398 1476/1594/398 1475/1593/397 1463/1580/397
f 1465/1582/399 1477/1595/399 1476/1594/398 1464/1581/398
f 1466/1583/53 1478/1596/53 1477/1595/399 1465/1582/399
f 1467/1584/400 1479/1597/400 1478/1596/53 1466/1583/53
f 1468/1585/401 1480/1598/401 1479/1597/400 1467/1584/400
f 1469/1586/402 1481/1599/402 1480/1598/401 1468/1585/401
f 1470/1587/403 1482/1600/403 1481/1599/402 1469/1586/402
f 1471/1588/404 1483/1601/404 1482/1600/403 1470/1587/403
f 1472/1577/59 1484/1590/59 1483/1601/404 1471/1588/404
f 1473/1589/395 1485/1602/395 1496/1603/59 1484/1590/59
f 1474/1591/396 1486/1604/396 1485/1605/395 1473/1592/395
f 1475/1593/397 1487/1606/397 1486/1604/396 1474/1591/396
f 1476/1594/398 1488/1607/398 1487/1606/397 1475/1593/397
f 1477/1595/399 1489/1608/399 1488/1607/398 1476/1594/398
f 1478/1596/53 1490/1609/53 1489/1608/399 1477/1595/399
f 1479/1597/400 1491/1610/400 1490/1609/53 1478/1596/53
f 1480/1598/401 1492/1611/401 1491/1610/400 1479/1597/400
f 1481/1599/402 1493/1612/402 1492/1611/401 1480/1598/401
f 1482/1600/403 1494/1613/403 1493/1612/402 1481/1599/402
f 1483/1601/404 1495/1614/404 1494/1613/403 1482/1600/403
f 1484/1590/59 1496/1603/59 1495/1614/404 1483/1601/404
f 1485/1602/395 1497/1615/395 1508/1616/59 1496/1603/59
f 1486/1604/396 1498/1617/396 1497/1618/395 1485/1605/395
f 1487/1606/397 1499/1619/397 1498/1617/396 1486/1604/396
f 1488/1607/398 1500/1620/398 1499/1619/397 1487/1606/397
f 1489/1608/399 1501/1621/399 1500/1620/398 1488/1607/398
f 1490/1609/53 1502/1622/53 1501/1621/399 1489/1608/399
f 1491/1610/400 1503/1623/400 1502/1622/53 1490/1609/53
f 1492/1611/401 1504/1624/401 1503/1623/400 1491/1610/400
f 1493/1612/402 1505/1625/402 1504/1624/401 1492/1611/401
f 1494/1613/403 1506/1626/403 1505/1625/402 1493/1612/402
f 1495/1614/404 1507/1627/404 1506/1626/403 1494/1613/403
f 1496/1603/59 1508/1616/59 1507/1627/404 1495/1614/404
f 1497/1615/395 1509/1628/395 1520/1629/59 1508/1616/59
f 1498/1617/396 1510/1630/396 1509/1631/395 1497/1618/395
f 1499/1619/397 1511/1632/397 1510/1630/396 1498/1617/396
f 1500/1620/398 1512/1633/398 1511/1632/397 1499/1619/397
f 1501/1621/399 1513/1634/399 1512/1633/398 1500/1620/398
f 1502/1622/53 1514/1635/53 1513/1634/399 1501/1621/399
f 1503/1623/400 1515/1636/400 1514/1635/53 1502/1622/53
f 1504/1624/401 1516/1637/401 1515/1636/400 1503/1623/400
f 1505/1625/402 1517/1638/402 1516/1637/401 1504/1624/401
f 1506/1626/403 1518/1639/403 1517/1638/402 1505/1625/402
f 1507/1627/404 1519/1640/404 1518/1639/403 1506/1626/403
f 1508/1616/59 1520/1629/59 1519/1640/404 1507/1627/404
f 1509/1628/395 1521/1641/395 1532/1642/59 1520/1629/59
f 1510/1630/396 1522/1643/396 1521/1644/395 1509/1631/395
f 1511/1632/397 1523/1645/397 1522/1643/396 1510/1630/396
f 1512/1633/398 1524/1646/398 1523/1645/397 1511/1632/397
f 1513/1634/399 1525/1647/399 1524/1646/398 1512/1633/398
f 1514/1635/53 1526/1648/53 1525/1647/399 1513/1634/399
f 1515/1636/400 1527/1649/400 1526/1648/53 1514/1635/53
f 1516/1637/401 1528/1650/401 1527/1649/400 1515/1636/400
f 1517/1638/402 1529/1651/402 1528/1650/401 1516/1637/401
f 1518/1639/403 1530/1652/403 1529/1651/402 1517/1638/402
f 1519/1640/404 1531/1653/404 1530/1652/403 1518/1639/403
f 1520/1629/59 1532/1642/59 1531/1653/404 1519/1640/404
f 1521/1641/395 1533/1654/405 1544/1655/416 1532/1642/59
f 1522/1643/396 1534/1656/406 1533/1657/405 1521/1644/395
f 1523/1645/397 1535/1658/407 1534/1656/406 1522/1643/396
f 1524/1646/398 1536/1659/408 1535/1658/407 1523/1645/397
f 1525/1647/399 1537/1660/409 1536/1659/408 1524/1646/398
f 1526/1648/53 1538/1661/410 1537/1660/409 1525/1647/399
f 1527/1649/400 1539/1662/411 1538/1661/410 1526/1648/53
f 1528/1650/401 1540/1663/412 1539/1662/411 1527/1649/400
f 1529/1651/402 1541/1664/413 1540/1663/412 1528/1650/401
f 1530/1652/403 1542/1665/414 1541/1664/413 1529/1651/402
f 1531/1653/404 1543/1666/415 1542/1665/414 1530/1652/403
f 1532/1642/59 1544/1655/416 1543/1666/415 1531/1653/404
f 1533/1654/405 1545/1667/417 1556/1668/428 1544/1655/416
f 1534/1656/406 1546/1669/418 1545/1670/417 1533/1657/405
f 1535/1658/407 1547/1671/419 1546/1669/418 1534/1656/406
f 1536/1659/408 1548/1672/420 1547/1671/419 1535/1658/407
f 1537/1660/409 1549/1673/421 1548/1672/420 1536/1659/408
f 1538/1661/410 1550/1674/422 1549/1673/421 1537/1660/409
f 1539/1662/411 1551/1675/423 1550/1674/422 1538/1661/410
f 1540/1663/412 1552/1676/424 1551/1675/423 1539/1662/411
f 1541/1664/413 1553/1677/425 1552/1676/424 1540/1663/412
f 1542/1665/414 1554/1678/426 1553/1677/425 1541/1664/413
f 1543/1666/415 1555/1679/427 1554/1678/426 1542/1665/414
f 1544/1655/416 1556/1668/428 1555/1679/427 1543/1666/415
f 1545/1667/417 1557/1680/429 1568/1681/440 1556/1668/428
f 1546/1669/418 1558/1682/430 1557/1683/429 1545/1670/417
f 1547/1671/419 1559/1684/431 1558/1682/430 1546/1669/418
f 1548/1672/420 1560/1685/432 1559/1684/431 1547/1671/419
f 1549/1673/421 1561/1686/433 1560/1685/432 1548/1672/420
f 1550/1674/422 1562/1687/434 1561/1686/433 1549/1673/421
f 1551/1675/423 1563/1688/435 1562/1687/434 1550/1674/422
f 1552/1676/424 1564/1689/436 1563/1688/435 1551/1675/423
f 1553/1677/425 1565/1690/437 1564/1689/436 1552/1676/424
f 1554/1678/426 1566/1691/438 1565/1690/437 1553/1677/425
f 1555/1679/427 1567/1692/439 1566/1691/438 1554/1678/426
f 1556/1668/428 1568/1681/440 1567/1692/439 1555/1679/427
f 1557/1680/429 1569/1693/441 1580/1694/59 1568/1681/440
f 1558/1682/430 1570/1695/442 1569/1696/441 1557/1683/429
f 1559/1684/431 1571/1697/443 1570/1695/442 1558/1682/430
f 1560/1685/432 1572/1698/444 1571/1697/443 1559/1684/431
f 1561/1686/433 1573/1699/445 1572/1698/444 1560/1685/432
f 1562/1687/434 1574/1700/53 1573/1699/445 1561/1686/433
f 1563/1688/435 1575/1701/446 1574/1700/53 1562/1687/434
f 1564/1689/436 1576/1702/447 1575/1701/446 1563/1688/435
f 1565/1690/437 1577/1703/448 1576/1702/447 1564/1689/436
f 1566/1691/438 1578/1704/449 1577/1703/448 1565/1690/437
f 1567/1692/439 1579/1705/450 1578/1704/449 1566/1691/438
f 1568/1681/440 1580/1694/59 1579/1705/450 1567/1692/439
f 1569/1693/441 1581/1706/441 1592/1707/59 1580/1694/59
f 1570/1695/442 1582/1708/442 1581/1709/441 1569/1696/441
f 1571/1697/443 1583/1710/443 1582/1708/442 1570/1695/442
f 1572/1698/444 1584/1711/444 1583/1710/443 1571/1697/443
f 1573/1699/445 1585/1712/445 1584/1711/444 1572/1698/444
f 1574/1700/53 1586/1713/53 1585/1712/445 1573/1699/445
f 1575/1701/446 1587/1714/446 1586/1713/53 1574/1700/53
f 1576/1702/447 1588/1715/447 1587/1714/446 1575/1701/446
f 1577/1703/448 1589/1716/448 1588/1715/447 1576/1702/447
f 1578/1704/449 1590/1717/449 1589/1716/448 1577/1703/448
f 1579/1705/450 1591/1718/450 1590/1717/449 1578/1704/449
f 1580/1694/59 1592/1707/59 1591/1718/450 1579/1705/450
f 1581/1706/441 1593/1719/441 1604/1720/59 1592/1707/59
f 1582/1708/442 1594/1721/442 1593/1722/441 1581/1709/441
f 1583/1710/443 1595/1723/443 1594/1721/442 1582/1708/442
f 1584/1711/444 1596/1724/444 1595/1723/443 1583/1710/443
f 1585/1712/445 1597/1725/445 1596/1724/444 1584/1711/444
f 1586/1713/53 1598/1726/53 1597/1725/445 1585/1712/445
f 1587/1714/446 1599/1727/446 1598/1726/53 1586/1713/53
f 1588/1715/447 1600/1728/447 1599/1727/446 1587/1714/446
f 1589/1716/448 1601/1729/448 1600/1728/447 1588/1715/447
f 1590/1717/449 1602/1730/449 1601/1729/448 1589/1716/448
f 1591/1718/450 1603/1731/450 1602/1730/449 1590/1717/449
f 1592/1707/59 1604/1720/59 1603/1731/450 1591/1718/450
f 1593/1719/441 1605/1732/441 1616/1733/59 1604/1720/59
f 1594/1721/442 1606/1734/442 1605/1735/441 1593/1722/441
f 1595/1723/443 1607/1736/443 1606/1734/442 1594/1721/442
f 1596/1724/444 1608/1737/444 1607/1736/443 1595/1723/443
f 1597/1725/445 1609/1738/445 1608/1737/444 1596/1724/444
f 1598/1726/53 1610/1739/53 1609/1738/445 1597/1725/445
f 1599/1727/446 1611/1740/446 1610/1739/53 1598/1726/53
f 1600/1728/447 1612/1741/447 1611/1740/446 1599/1727/446
f 1601/1729/448 1613/1742/448 1612/1741/447 1600/1728/447
f 1602/1730/449 1614/1743/449 1613/1742/448 1601/1729/448
f 1603/1731/450 1615/1744/450 1614/1743/449 1602/1730/449
f 1604/1720/59 1616/1733/59 1615/1744/450 1603/1731/450
f 1605/1732/441 1617/1745/441 1628/1746/59 1616/1733/59
f 1606/1734/442 1618/1747/442 1617/1748/441 1605/1735/441
f 1607/1736/443 1619/1749/443 1618/1747/442 1606/1734/442
f 1608/1737/444 1620/1750/444 1619/1749/443 1607/1736/443
f 1609/1738/445 1621/1751/445 1620/1750/444 1608/1737/444
f 1610/1739/53 1622/1752/53 1621/1751/445 1609/1738/445
f 1611/1740/446 1623/1753/446 1622/1752/53 1610/1739/53
f 1612/1741/447 1624/1754/447 1623/1753/446 1611/1740/446
f 1613/1742/448 1625/1755/448 1624/1754/447 1612/1741/447
f 1614/1743/449 1626/1756/449 1625/1755/448 1613/1742/448
f 1615/1744/450 1627/1757/450 1626/1756/449 1614/1743/449
f 1616/1733/59 1628/1746/59 1627/1757/450 1615/1744/450
f 1617/1745/441 1629/1758/441 1640/1759/59 1628/1746/59
f 1618/1747/442 1630/1760/442 1629/1761/441 1617/1748/441
f 1619/1749/443 1631/1762/443 1630/1760/442 1618/1747/442
f 1620/1750/444 1632/1763/444 1631/1762/443 1619/1749/443
f 1621/1751/445 1633/1764/445 1632/1763/444 1620/1750/444
f 1622/1752/53 1634/1765/53 1633/1764/445 1621/1751/445
f 1623/1753/446 1635/1766/446 1634/1765/53 1622/1752/53
f 1624/1754/447 1636/1767/447 1635/1766/446 1623/1753/446
f 1625/1755/448 1637/1768/448 1636/1767/447 1624/1754/447
f 1626/1756/449 1638/1769/449 1637/1768/448 1625/1755/448
f 1627/1757/450 1639/1770/450 1638/1769/449 1626/1756/449
f 1628/1746/59 1640/1759/59 1639/1770/450 1627/1757/450
f 1629/1758/441 1641/1771/441 1652/1772/59 1640/1759/59
f 1630/1760/442 1642/1773/442 1641/1774/441 1629/1761/441
f 1631/1762/443 1643/1775/443 1642/1773/442 1630/1760/442
f 1632/1763/444 1644/1776/444 1643/1775/443 1631/1762/443
f 1633/1764/445 1645/1777/445 1644/1776/444 1632/1763/444
f 1634/1765/53 1646/1778/53 1645/1777/445 1633/1764/445
f 1635/1766/446 1647/1779/446 1646/1778/53 1634/1765/53
f 1636/1767/447 1648/1780/447 1647/1779/446 1635/1766/446
f 1637/1768/448 1649/1781/448 1648/1780/447 1636/1767/447
f 1638/1769/449 1650/1782/449 1649/1781/448 1637/1768/448
f 1639/1770/450 1651/1783/450 1650/1782/449 1638/1769/449
f 1640/1759/59 1652/1772/59 1651/1783/450 1639/1770/450
f 1641/1771/441 1653/1784/441 1664/1785/59 1652/1772/59
f 1642/1773/442 1654/1786/442 1653/1787/441 1641/1774/441
f 1643/1775/443 1655/1788/443 1654/1786/442 1642/1773/442
f 1644/1776/444 1656/1789/444 1655/1788/443 1643/1775/443
f 1645/1777/445 1657/1790/445 1656/1789/444 1644/1776/444
f 1646/1778/53 1658/1791/53 1657/1790/445 1645/1777/445
f 1647/1779/446 1659/1792/446 1658/1791/53 1646/1778/53
f 1648/1780/447 1660/1793/447 1659/1792/446 1647/1779/446
f 1649/1781/448 1661/1794/448 1660/1793/447 1648/1780/447
f 1650/1782/449 1662/1795/449 1661/1794/448 1649/1781/448
f 1651/1783/450 1663/1796/450 1662/1795/449 1650/1782/449
f 1652/1772/59 1664/1785/59 1663/1796/450 1651/1783/450
f 1653/1784/441 1665/1797/441 1676/1798/59 1664/1785/59
f 1654/1786/442 1666/1799/442 1665/1800/441 1653/1787/441
f 1655/1788/443 1667/1801/443 1666/1799/442 1654/1786/442
f 1656/1789/444 1668/1802/444 1667/1801/443 1655/1788/443
f 1657/1790/445 1669/1803/445 1668/1802/444 1656/1789/444
f 1658/1791/53 1670/1804/53 1669/1803/445 1657/1790/445
f 1659/1792/446 1671/1805/446 1670/1804/53 1658/1791/53
f 1660/1793/447 1672/1806/447 1671/1805/446 1659/1792/446
f 1661/1794/448 1673/1807/448 1672/1806/447 1660/1793/447
f 1662/1795/449 1674/1808/449 1673/1807/448 1661/1794/448
f 1663/1796/450 1675/1809/450 1674/1808/449 1662/1795/449
f 1664/1785/59 1676/1798/59 1675/1809/450 1663/1796/450
f 1665/1797/441 1677/1810/441 1688/1811/59 1676/1798/59
f 1666/1799/442 1678/1812/442 1677/1813/441 1665/1800/441
f 1667/1801/443 1679/1814/443 1678/1812/442 1666/1799/442
f 1668/1802/444 1680/1815/444 1679/1814/443 1667/1801/443
f 1669/1803/445 1681/1816/445 1680/1815/444 1668/1802/444
f 1670/1804/53 1682/1817/53 1681/1816/445 1669/1803/445
f 1671/1805/446 1683/1818/446 1682/1817/53 1670/1804/53
f 1672/1806/447 1684/1819/447 1683/1818/446 1671/1805/446
f 1673/1807/448 1685/1820/448 1684/1819/447 1672/1806/447
f 1674/1808/449 1686/1821/449 1685/1820/448 1673/1807/448
f 1675/1809/450 1687/1822/450 1686/1821/449 1674/1808/449
f 1676/1798/59 1688/1811/59 1687/1822/450 1675/1809/450
f 1677/1810/441 1689/1823/441 1700/1824/59 1688/1811/59
f 1678/1812/442 1690/1825/442 1689/1826/441 1677/1813/441
f 1679/1814/443 1691/1827/443 1690/1825/442 1678/1812/442
f 1680/1815/444 1692/1828/444 1691/1827/443 1679/1814/443
f 1681/1816/445 1693/1829/445 1692/1828/444 1680/1815/444
f 1682/1817/53 1694/1830/53 1693/1829/445 1681/1816/445
f 1683/1818/446 1695/1831/446 1694/1830/53 1682/1817/53
f 1684/1819/447 1696/1832/447 1695/1831/446 1683/1818/446
f 1685/1820/448 1697/1833/448 1696/1832/447 1684/1819/447
f 1686/1821/449 1698/1834/449 1697/1833/448 1685/1820/448
f 1687/1822/450 1699/1835/450 1698/1834/449 1686/1821/449
f 1688/1811/59 1700/1824/59 1699/1835/450 1687/1822/450
f 1689/1823/441 1701/1836/441 1712/1837/59 1700/1824/59
f 1690/1825/442 1702/1838/442 1701/1839/441 1689/1826/441
f 1691/1827/443 1703/1840/443 1702/1838/442 1690/1825/442
f 1692/1828/444 1704/1841/444 1703/1840/443 1691/1827/443
f 1693/1829/445 1705/1842/445 1704/1841/444 1692/1828/444
f 1694/1830/53 1706/1843/53 1705/1842/445 1693/1829/445
f 1695/1831/446 1707/1844/446 1706/1843/53 1694/1830/53
f 1696/1832/447 1708/1845/447 1707/1844/446 1695/1831/446
f 1697/1833/448 1709/1846/448 1708/1845/447 1696/1832/447
f 1698/1834/449 1710/1847/449 1709/1846/448 1697/1833/448
f 1699/1835/450 1711/1848/450 1710/1847/449 1698/1834/449
f 1700/1824/59 1712/1837/59 1711/1848/450 1699/1835/450
f 1701/1836/441 1713/1849/441 1724/1850/59 1712/1837/59
f 1702/1838/442 1714/1851/442 1713/1852/441 1701/1839/441
f 1703/1840/443 1715/1853/443 1714/1851/442 1702/1838/442
f 1704/1841/444 1716/1854/444 1715/1853/443 1703/1840/443
f 1705/1842/445 1717/1855/445 1716/1854/444 1704/1841/444
f 1706/1843/53 1718/1856/53 1717/1855/445 1705/1842/445
f 1707/1844/446 1719/1857/446 1718/1856/53 1706/1843/53
f 1708/1845/447 1720/1858/447 1719/1857/446 1707/1844/446
f 1709/1846/448 1721/1859/448 1720/1858/447 1708/1845/447
f 1710/1847/449 1722/1860/449 1721/1859/448 1709/1846/448
f 1711/1848/450 1723/1861/450 1722/1860/449 1710/1847/449
f 1712/1837/59 1724/1850/59 1723/1861/450 1711/1848/450
f 1713/1849/441 1725/1862/441 1736/1863/59 1724/1850/59
f 1714/1851/442 1726/1864/442 1725/1865/441 1713/1852/441
f 1715/1853/443 1727/1866/443 1726/1864/442 1714/1851/442
f 1716/1854/444 1728/1867/444 1727/1866/443 1715/1853/443
f 1717/1855/445 1729/1868/445 1728/1867/444 1716/1854/444
f 1718/1856/53 1730/1869/53 1729/1868/445 1717/1855/445
f 1719/1857/446 1731/1870/446 1730/1869/53 1718/1856/53
f 1720/1858/447 1732/1871/447 1731/1870/446 1719/1857/446
f 1721/1859/448 1733/1872/448 1732/1871/447 1720/1858/447
f 1722/1860/449 1734/1873/449 1733/1872/448 1721/1859/448
f 1723/1861/450 1735/1874/450 1734/1873/449 1722/1860/449
f 1724/1850/59 1736/1863/59 1735/1874/450 1723/1861/450
f 1725/1862/441 1737/1875/441 1748/1876/59 1736/1863/59
f 1726/1864/442 1738/1877/442 1737/1878/441 1725/1865/441
f 1727/1866/443 1739/1879/443 1738/1877/442 1726/1864/442
f 1728/1867/444 1740/1880/444 1739/1879/443 1727/1866/443
f 1729/1868/445 1741/1881/445 1740/1880/444 1728/1867/444
f 1730/1869/53 1742/1882/53 1741/1881/445 1729/1868/445
f 1731/1870/446 1743/1883/446 1742/1882/53 1730/1869/53
f 1732/1871/447 1744/1884/447 1743/1883/446 1731/1870/446
f 1733/1872/448 1745/1885/448 1744/1884/447 1732/1871/447
f 1734/1873/449 1746/1886/449 1745/1885/448 1733/1872/448
f 1735/1874/450 1747/1887/450 1746/1886/449 1734/1873/449
f 1736/1863/59 1748/1876/59 1747/1887/450 1735/1874/450
