# Blender 5.1.2
# www.blender.org
mtllib dome.mtl
o Cube.001
v 2.505560 -0.053585 1.174737
v 2.505560 -0.053585 -1.125263
v 4.202896 0.013665 1.121400
v 4.202896 0.013665 -1.071927
v 2.505560 1.484484 1.174737
v 2.505559 2.844105 0.096922
v 2.505560 1.677649 1.160115
v 2.505560 1.866882 1.127467
v 2.505560 2.048331 1.073792
v 2.505560 2.218301 1.000184
v 2.505560 2.376359 0.910909
v 2.505559 2.510271 0.799534
v 2.505559 2.626326 0.676578
v 2.505559 2.719137 0.541774
v 2.505559 2.786814 0.397866
v 2.505559 2.827979 0.247785
v 2.505559 2.844105 -0.047449
v 2.505560 1.484484 -1.125263
v 2.505559 2.827979 -0.198311
v 2.505559 2.786814 -0.348393
v 2.505559 2.719137 -0.492300
v 2.505559 2.626326 -0.627104
v 2.505559 2.510271 -0.750060
v 2.505559 2.373333 -0.858666
v 2.505559 2.218301 -0.950710
v 2.505559 2.048331 -1.024319
v 2.505559 1.866882 -1.077993
v 2.505559 1.677649 -1.110642
v 4.202896 2.776939 0.094702
v 4.202896 1.268451 1.119636
v 4.202896 2.761497 0.239883
v 4.202896 2.722342 0.382852
v 4.202896 2.658015 0.519636
v 4.202896 2.569799 0.647766
v 4.202896 2.459489 0.764636
v 4.202896 2.329331 0.867865
v 4.202896 2.181973 0.955352
v 4.202896 2.020418 1.025317
v 4.202896 1.847952 1.076334
v 4.202896 1.667686 1.107389
v 4.202896 1.268451 -1.070162
v 4.202896 2.776939 -0.045228
v 4.202896 1.667686 -1.057915
v 4.202896 1.847952 -1.026860
v 4.202896 2.020418 -0.975843
v 4.202896 2.181974 -0.905878
v 4.202896 2.329331 -0.818391
v 4.202896 2.459489 -0.715162
v 4.202896 2.569799 -0.598293
v 4.202896 2.658015 -0.470162
v 4.202896 2.722342 -0.333379
v 4.202896 2.761497 -0.190410
v 3.082475 2.845660 -0.030202
v 3.080659 2.841884 -0.095354
v 3.213564 2.827834 -0.199919
v 3.225011 2.789234 -0.343246
v 3.244242 2.717784 -0.495175
v 3.201634 2.758667 -0.418703
v 3.278680 2.626326 -0.627104
v 3.319848 2.510271 -0.750060
v 3.373687 2.371370 -0.859832
v 3.402911 2.282420 -0.917208
v 3.441241 2.207696 -0.957006
v 3.490039 2.048331 -1.024319
v 3.546426 1.866882 -1.077993
v 3.613023 1.679313 -1.110547
v 3.666957 1.571828 -1.120309
v 3.669008 1.484484 -1.125263
v 3.093297 2.845660 0.079676
v 3.179968 2.839435 0.171987
v 3.104315 2.841884 0.144828
v 3.224716 2.827826 0.249474
v 3.252812 2.786814 0.397866
v 3.280390 2.719137 0.541774
v 3.315064 2.628562 0.674209
v 3.322640 2.569419 0.742968
v 3.368698 2.506037 0.804020
v 3.425889 2.376359 0.910910
v 3.829288 1.484484 1.174737
v 4.024180 0.778869 1.174737
v 4.127102 0.013457 1.174737
v 4.252493 2.844158 -0.046857
v 4.252423 2.828032 -0.197720
v 4.255613 2.786932 -0.348140
v 4.260064 2.719255 -0.492048
v 4.282173 2.626326 -0.627104
v 4.292465 2.510271 -0.750060
v 4.294565 2.371937 -0.859495
v 4.310060 2.216905 -0.951539
v 4.335013 2.048331 -1.024319
v 4.349110 1.866882 -1.077993
v 4.356309 1.676823 -1.110688
v 4.379755 1.484484 -1.125263
v 4.244348 2.844178 0.096111
v 4.246347 2.828052 0.246973
v 4.275706 2.786814 0.397866
v 4.282600 2.719137 0.541774
v 4.279305 2.626104 0.676813
v 4.291678 2.510049 0.799769
v 4.318975 2.350432 0.926302
v 4.505560 2.218301 1.000184
v 4.505560 2.048331 1.073792
v 4.505560 1.866882 1.127467
v 4.505560 1.677649 1.160115
v 4.505559 1.484484 1.174737
v 4.505560 0.211994 1.164236
v 4.505560 0.211994 -1.114763
v 4.505560 2.830671 -0.047005
v 4.505560 2.814682 -0.196731
v 4.505560 2.773919 -0.345390
v 4.505560 2.706913 -0.487873
v 4.505560 2.615021 -0.621342
v 4.505560 2.500114 -0.743081
v 4.505560 2.364533 -0.850611
v 4.505560 2.211036 -0.941744
v 4.505560 2.042748 -1.014623
v 4.505560 1.863096 -1.067767
v 4.505560 1.675657 -1.100096
v 4.505560 1.228139 -1.125263
v 4.505560 2.830671 0.096478
v 4.505560 2.814682 0.246205
v 4.505560 2.773919 0.394864
v 4.505560 2.706913 0.537346
v 4.505560 2.615021 0.670816
v 4.505560 2.500114 0.792555
v 4.505560 2.364533 0.900085
v 4.505560 2.211036 0.991217
v 4.505560 2.042748 1.064097
v 4.505560 1.863096 1.117240
v 4.505560 1.675657 1.149570
v 4.505560 1.228139 1.174737
v 2.987512 0.265742 1.110733
v 2.987512 0.265742 -1.061259
v 2.689577 2.763507 -0.044784
v 2.689577 2.748201 -0.188829
v 2.689577 2.709447 -0.330376
v 2.689577 2.645791 -0.465734
v 2.689577 2.558494 -0.592530
v 2.689577 2.449333 -0.708182
v 2.689577 2.320530 -0.810336
v 2.689577 2.174708 -0.896912
v 2.689577 2.014835 -0.966148
v 2.689577 1.844166 -1.016634
v 2.689577 1.665694 -1.047370
v 2.689577 1.270052 -1.059508
v 2.689577 2.763507 0.094257
v 2.689577 2.748201 0.238303
v 2.689577 2.709447 0.379850
v 2.689577 2.645791 0.515208
v 2.689577 2.558494 0.642004
v 2.689577 2.449333 0.757656
v 2.689577 2.320530 0.859810
v 2.689577 2.174708 0.946386
v 2.689577 2.014835 1.015621
v 2.689577 1.844166 1.066108
v 2.689577 1.665694 1.096843
v 2.689577 1.270052 1.108982
v 4.021184 2.844233 -0.046027
v 3.730613 2.844477 -0.043317
v 3.412450 2.844989 -0.037644
v 4.239382 2.842000 -0.083447
v 4.232347 2.838743 -0.120868
v 4.239323 2.834149 -0.159147
v 4.023102 2.828068 -0.197317
v 3.746819 2.828043 -0.197604
v 3.467581 2.827917 -0.198996
v 3.134972 2.840647 -0.108274
v 3.178068 2.837975 -0.132302
v 3.202124 2.833749 -0.163944
v 3.081237 2.844964 -0.051382
v 3.080671 2.844055 -0.068369
v 3.080553 2.843005 -0.082560
v 2.660449 2.828046 -0.197567
v 2.822905 2.828036 -0.197678
v 3.002091 2.827916 -0.199005
v 2.505559 2.841903 -0.084520
v 2.505559 2.838623 -0.122199
v 2.505559 2.834053 -0.160219
v 2.658502 2.844210 -0.046276
v 2.806691 2.844471 -0.043391
v 2.946959 2.844988 -0.037653
v 4.263379 2.799683 -0.311218
v 4.265437 2.810795 -0.273829
v 4.261785 2.820251 -0.235991
v 4.029091 2.787099 -0.347786
v 3.755661 2.787641 -0.346633
v 3.478350 2.788648 -0.344492
v 3.220682 2.820204 -0.236843
v 3.225041 2.811058 -0.273492
v 3.226524 2.800651 -0.309187
v 2.665093 2.787049 -0.347893
v 2.831349 2.787627 -0.346664
v 3.012811 2.788646 -0.344496
v 2.505559 2.820228 -0.236245
v 2.505559 2.810774 -0.273935
v 2.505559 2.799632 -0.311333
v 4.246277 2.738689 -0.456607
v 4.238383 2.756481 -0.420737
v 4.244068 2.772550 -0.384608
v 4.037551 2.719304 -0.491944
v 3.768815 2.719021 -0.492546
v 3.495719 2.718259 -0.494166
v 3.232152 2.735486 -0.463583
v 3.218479 2.748871 -0.438227
v 3.205766 2.756356 -0.423455
v 3.220428 2.777418 -0.374419
v 3.212865 2.767233 -0.399180
v 3.204262 2.760773 -0.414062
v 2.671675 2.719254 -0.492051
v 2.843946 2.719007 -0.492577
v 3.030111 2.718257 -0.494170
v 2.505559 2.772334 -0.385065
v 2.505559 2.756214 -0.421304
v 2.505559 2.738474 -0.457065
v 4.279958 2.651791 -0.594406
v 4.276516 2.675780 -0.560985
v 4.270376 2.698275 -0.526859
v 4.078012 2.626326 -0.627104
v 3.821657 2.626326 -0.627104
v 3.544687 2.626326 -0.627104
v 3.254271 2.697654 -0.528178
v 3.262804 2.675596 -0.561376
v 3.270665 2.651768 -0.594455
v 2.672252 2.626326 -0.627104
v 2.849580 2.626326 -0.627104
v 3.048178 2.626326 -0.627104
v 2.505559 2.698225 -0.526965
v 2.505559 2.675766 -0.561016
v 2.505559 2.651789 -0.594410
v 4.289536 2.541341 -0.720573
v 4.286842 2.571066 -0.690225
v 4.284387 2.599406 -0.659056
v 4.097470 2.510271 -0.750060
v 3.851246 2.510271 -0.750060
v 3.582478 2.510271 -0.750061
v 3.287535 2.599406 -0.659056
v 3.297357 2.571066 -0.690225
v 3.308133 2.541341 -0.720573
v 2.687369 2.510271 -0.750061
v 2.877883 2.510271 -0.750060
v 3.085808 2.510271 -0.750061
v 2.505559 2.599406 -0.659056
v 2.505559 2.571066 -0.690225
v 2.505559 2.541341 -0.720573
v 3.332457 2.477860 -0.778667
v 3.345777 2.444001 -0.806447
v 3.359592 2.408551 -0.833478
v 2.722081 2.371395 -0.859817
v 2.936684 2.370399 -0.860408
v 3.150103 2.370831 -0.860151
v 2.505559 2.477891 -0.778648
v 2.505559 2.444246 -0.806302
v 2.505559 2.409379 -0.832986
v 4.297609 2.408790 -0.833336
v 4.297527 2.444072 -0.806405
v 4.295440 2.477870 -0.778661
v 4.102512 2.370806 -0.860166
v 3.865865 2.370224 -0.860512
v 3.616251 2.370810 -0.860164
v 3.387230 2.333911 -0.884712
v 3.396934 2.303993 -0.903830
v 3.400996 2.287853 -0.913912
v 4.296777 2.256057 -0.930862
v 4.287730 2.294747 -0.908748
v 4.288915 2.333622 -0.884811
v 4.131982 2.215504 -0.952371
v 3.911807 2.213032 -0.953839
v 3.677153 2.209566 -0.955896
v 3.406753 2.277733 -0.919919
v 3.417916 2.261928 -0.928804
v 3.429835 2.237854 -0.941741
v 2.745014 2.216093 -0.952021
v 2.980689 2.213206 -0.953735
v 3.210763 2.209588 -0.955883
v 2.505559 2.336154 -0.883308
v 2.505559 2.297889 -0.906883
v 2.505559 2.258588 -0.929360
v 3.452836 2.172604 -0.973561
v 3.464801 2.133647 -0.990708
v 3.477185 2.091873 -1.007831
v 4.331600 2.092017 -1.007746
v 4.327109 2.134798 -0.990024
v 4.320332 2.176489 -0.971255
v 4.177911 2.048331 -1.024319
v 3.973571 2.048331 -1.024318
v 3.738708 2.048331 -1.024319
v 2.749861 2.048331 -1.024318
v 2.994889 2.048331 -1.024319
v 3.241373 2.048331 -1.024319
v 2.505559 2.177078 -0.970905
v 2.505559 2.134973 -0.989920
v 2.505559 2.092039 -1.007733
v 3.503402 2.003904 -1.039655
v 3.517266 1.958815 -1.053725
v 3.531613 1.913122 -1.066510
v 4.345407 1.913122 -1.066510
v 4.341820 1.958815 -1.053725
v 4.338354 2.003904 -1.039655
v 4.204563 1.866882 -1.077993
v 4.014099 1.866882 -1.077993
v 3.790470 1.866882 -1.077993
v 2.770565 1.866882 -1.077993
v 3.033655 1.866882 -1.077993
v 3.292914 1.866882 -1.077993
v 2.505559 2.003904 -1.039655
v 2.505559 1.958815 -1.053725
v 2.505559 1.913122 -1.066510
v 3.561734 1.820181 -1.088158
v 3.577758 1.773209 -1.096984
v 3.594765 1.726180 -1.104454
v 2.812530 1.676590 -1.110702
v 3.104571 1.676618 -1.110700
v 3.370364 1.678199 -1.110610
v 2.505559 1.820156 -1.088159
v 2.505559 1.773001 -1.096996
v 2.505559 1.725479 -1.104494
v 4.357208 1.725130 -1.104514
v 4.355762 1.772897 -1.097002
v 4.352789 1.820143 -1.088160
v 4.219009 1.676242 -1.110721
v 4.041471 1.676515 -1.110706
v 3.837476 1.678186 -1.110611
v 3.632222 1.634272 -1.115221
v 3.649734 1.598517 -1.118337
v 3.662431 1.578374 -1.119880
v 4.364483 1.531780 -1.122523
v 4.354631 1.579556 -1.119412
v 4.353551 1.628088 -1.115571
v 4.262502 1.484484 -1.125263
v 4.102205 1.484484 -1.125263
v 3.902996 1.484484 -1.125263
v 3.667527 1.565908 -1.120645
v 3.667989 1.547244 -1.121704
v 3.668504 1.518428 -1.123338
v 2.815576 1.484484 -1.125263
v 3.117930 1.484484 -1.125263
v 3.404961 1.484484 -1.125263
v 2.505559 1.532929 -1.122458
v 2.505559 1.581313 -1.119313
v 2.505559 1.629574 -1.115487
v 4.012491 2.828103 0.246404
v 3.736362 2.828078 0.246685
v 3.466356 2.827928 0.248352
v 4.223848 2.842036 0.132522
v 4.213023 2.838788 0.169846
v 4.224813 2.834185 0.208221
v 4.006773 2.844268 0.095104
v 3.715108 2.844519 0.092323
v 3.406759 2.845016 0.086811
v 3.096231 2.844964 0.100856
v 3.099011 2.844055 0.117843
v 3.101689 2.843005 0.132034
v 3.180593 2.839730 0.168717
v 3.173949 2.840596 0.159110
v 3.145433 2.841550 0.148539
v 3.183175 2.839041 0.175557
v 3.194777 2.837417 0.187958
v 3.210130 2.833668 0.214315
v 2.667897 2.844238 0.095447
v 2.821833 2.844510 0.092424
v 2.961766 2.845015 0.086824
v 2.505559 2.841903 0.133993
v 2.505559 2.838623 0.171673
v 2.505559 2.834053 0.209693
v 2.672772 2.828073 0.246747
v 2.842838 2.828069 0.246786
v 3.021332 2.827926 0.248365
v 3.235385 2.820163 0.286431
v 3.242663 2.810755 0.323620
v 3.247991 2.799629 0.360834
v 4.065784 2.786814 0.397867
v 3.803064 2.786813 0.397866
v 3.520941 2.786814 0.397866
v 4.261927 2.820258 0.285376
v 4.270377 2.810783 0.323307
v 4.274152 2.799633 0.360794
v 2.505559 2.799632 0.360807
v 2.505559 2.810774 0.323409
v 2.505559 2.820227 0.285719
v 2.662754 2.786813 0.397866
v 2.831795 2.786814 0.397866
v 3.024532 2.786814 0.397866
v 3.258326 2.772334 0.434539
v 3.264766 2.756214 0.470778
v 3.272124 2.738474 0.506539
v 4.078819 2.719137 0.541774
v 3.822886 2.719137 0.541774
v 3.546257 2.719137 0.541774
v 4.277084 2.772334 0.434539
v 4.278695 2.756214 0.470778
v 4.280534 2.738474 0.506539
v 2.505559 2.738474 0.506539
v 2.505559 2.756214 0.470778
v 2.505559 2.772334 0.434539
v 2.672880 2.719137 0.541774
v 2.850756 2.719137 0.541774
v 3.049741 2.719137 0.541774
v 3.289442 2.698259 0.576402
v 3.298701 2.676045 0.610194
v 3.307472 2.652732 0.642885
v 4.073736 2.626004 0.676919
v 3.822597 2.626469 0.676427
v 3.561955 2.627756 0.675063
v 4.284677 2.698221 0.576443
v 4.285683 2.675737 0.610519
v 4.284324 2.651696 0.643983
v 2.505559 2.651789 0.643884
v 2.505559 2.675765 0.610490
v 2.505559 2.698224 0.576439
v 2.699743 2.626097 0.676820
v 2.895323 2.626496 0.676397
v 3.096046 2.627759 0.675059
v 3.326816 2.565640 0.746877
v 3.339145 2.553354 0.759226
v 3.353789 2.532645 0.779357
v 4.097259 2.509747 0.800090
v 3.859205 2.508796 0.801097
v 3.610364 2.507051 0.802946
v 4.271237 2.599004 0.708956
v 4.268358 2.570566 0.740228
v 4.277428 2.540939 0.770473
v 3.320681 2.604552 0.703173
v 3.323124 2.584843 0.725865
v 3.322484 2.573215 0.738851
v 2.505559 2.541341 0.770047
v 2.505559 2.571066 0.739699
v 2.505559 2.599406 0.708530
v 2.718046 2.509840 0.799991
v 2.930385 2.508824 0.801067
v 3.144262 2.507054 0.802942
v 3.383340 2.476152 0.830058
v 3.397687 2.444095 0.856683
v 3.411838 2.410589 0.883698
v 4.147591 2.365421 0.917403
v 3.927464 2.373118 0.912834
v 3.679821 2.375954 0.911150
v 4.302854 2.477567 0.828418
v 4.310300 2.442373 0.857376
v 4.315493 2.402698 0.888069
v 2.505559 2.410655 0.883628
v 2.505559 2.444624 0.856122
v 2.505559 2.477939 0.828166
v 2.726306 2.376359 0.910909
v 2.950786 2.376359 0.910909
v 3.182736 2.376359 0.910909
v 4.426845 2.326492 0.940445
v 4.482237 2.295026 0.958627
v 4.502645 2.258230 0.979117
v 2.505560 2.258635 0.978877
v 2.505560 2.298267 0.956703
v 2.505560 2.337430 0.933950
v 4.505560 2.177078 1.020379
v 4.505560 2.134973 1.039394
v 4.505560 2.092039 1.057207
v 2.505560 2.092039 1.057206
v 2.505560 2.134973 1.039394
v 2.505560 2.177078 1.020379
v 4.505560 2.003904 1.089129
v 4.505560 1.958815 1.103198
v 4.505560 1.913122 1.115983
v 2.505560 1.913122 1.115983
v 2.505560 1.958815 1.103198
v 2.505560 2.003904 1.089129
v 4.505560 1.820156 1.137633
v 4.505560 1.773001 1.146470
v 4.505560 1.725479 1.153968
v 2.505560 1.725478 1.153967
v 2.505560 1.773001 1.146470
v 2.505560 1.820155 1.137633
v 4.336492 1.484484 1.174737
v 4.167424 1.484484 1.174737
v 3.998356 1.484484 1.174737
v 4.505560 1.532929 1.171932
v 4.505560 1.581313 1.168787
v 4.505560 1.629574 1.164961
v 2.505560 1.532929 1.171932
v 2.505560 1.581313 1.168786
v 2.505560 1.629574 1.164961
v 2.836492 1.484484 1.174737
v 3.167424 1.484484 1.174737
v 3.498356 1.484484 1.174737
v 4.057455 0.592421 1.174737
v 4.084263 0.401769 1.174737
v 4.106761 0.208314 1.174737
v 3.883400 1.311584 1.174737
v 3.935357 1.137282 1.174737
v 3.983002 0.960178 1.174737
v 2.505560 0.330932 1.174737
v 2.505560 0.715449 1.174737
v 2.505560 1.099967 1.174737
v 2.505560 0.330932 -1.125263
v 2.505560 0.715449 -1.125263
v 2.505560 1.099967 -1.125263
v 2.505559 2.845404 0.060611
v 2.505559 2.845837 0.024737
v 2.505559 2.845404 -0.011137
v 3.084525 2.846085 -0.004130
v 3.087196 2.846226 0.024737
v 3.090212 2.846085 0.053604
v 4.258521 2.845436 0.060277
v 4.263951 2.845853 0.024709
v 4.261615 2.845428 -0.010900
v 3.086573 2.841884 -0.035309
v 3.092487 2.841884 0.024737
v 3.098401 2.841884 0.084782
v 4.505560 2.828487 -0.083826
v 4.505560 2.825233 -0.121232
v 4.505560 2.820701 -0.158956
v 4.505560 2.786610 -0.308696
v 4.505560 2.797643 -0.271661
v 4.505560 2.807004 -0.234325
v 4.505560 2.726058 -0.452986
v 4.505560 2.743623 -0.417580
v 4.505560 2.759583 -0.381699
v 4.505560 2.640232 -0.588972
v 4.505560 2.663970 -0.555908
v 4.505560 2.686207 -0.522194
v 4.505560 2.530878 -0.713886
v 4.505560 2.560307 -0.683838
v 4.505560 2.588367 -0.652977
v 4.505560 2.400222 -0.825185
v 4.505560 2.434743 -0.798765
v 4.505560 2.468056 -0.771386
v 4.505560 2.250924 -0.920605
v 4.505560 2.289835 -0.898350
v 4.505560 2.327721 -0.875009
v 4.505560 2.086024 -0.998202
v 4.505560 2.128532 -0.980566
v 4.505560 2.170221 -0.961739
v 4.505560 1.908878 -1.056397
v 4.505560 1.954118 -1.043738
v 4.505560 1.998761 -1.029808
v 4.505560 1.723059 -1.094007
v 4.505560 1.770134 -1.086582
v 4.505560 1.816831 -1.077832
v 4.505560 1.441817 -1.114908
v 4.505560 1.554245 -1.109543
v 4.505560 1.624751 -1.105005
v 4.505560 2.828487 0.133300
v 4.505560 2.825233 0.170706
v 4.505560 2.820701 0.208430
v 4.505560 2.807004 0.283799
v 4.505560 2.797643 0.321135
v 4.505560 2.786610 0.358170
v 4.505560 2.759583 0.431173
v 4.505560 2.743623 0.467054
v 4.505560 2.726058 0.502460
v 4.505560 2.686207 0.571668
v 4.505560 2.663970 0.605382
v 4.505560 2.640232 0.638445
v 4.505560 2.588367 0.702451
v 4.505560 2.560307 0.733312
v 4.505560 2.530878 0.763359
v 4.505560 2.468055 0.820860
v 4.505560 2.434743 0.848239
v 4.505560 2.400221 0.874659
v 4.505560 2.327721 0.924483
v 4.505560 2.289835 0.947824
v 4.505560 2.250924 0.970079
v 4.505560 2.170221 1.011213
v 4.505560 2.128532 1.030040
v 4.505560 2.086024 1.047676
v 4.505560 1.998761 1.079282
v 4.505560 1.954118 1.093212
v 4.505560 1.908878 1.105871
v 4.505560 1.816831 1.127306
v 4.505560 1.770134 1.136056
v 4.505560 1.723059 1.143481
v 4.505560 1.441817 1.164382
v 4.505560 1.554245 1.159017
v 4.505560 1.624751 1.154478
v 4.505560 0.440746 1.170237
v 4.505560 0.717130 1.173404
v 4.505560 0.996037 1.174570
v 4.505560 2.831962 0.060394
v 4.505560 2.832392 0.024737
v 4.505560 2.831962 -0.010921
v 4.505560 0.440746 -1.120763
v 4.505560 0.717130 -1.123930
v 4.505560 0.996037 -1.125097
v 4.398798 2.843917 -0.047192
v 4.473927 2.842432 -0.047319
v 4.501606 2.838438 -0.047252
v 4.501605 2.822370 -0.197635
v 4.473917 2.826324 -0.198040
v 4.398768 2.827793 -0.198037
v 4.501654 2.781375 -0.347122
v 4.474317 2.785217 -0.347986
v 4.400114 2.786662 -0.348239
v 4.501724 2.713982 -0.490428
v 4.474873 2.717623 -0.491715
v 4.401991 2.718996 -0.492125
v 4.502069 2.621557 -0.624673
v 4.477636 2.624913 -0.626384
v 4.411319 2.626149 -0.627014
v 4.502230 2.505986 -0.747116
v 4.478923 2.509001 -0.749188
v 4.415660 2.510112 -0.749951
v 4.502263 2.369599 -0.855281
v 4.479186 2.372059 -0.857763
v 4.416546 2.372607 -0.858890
v 4.502505 2.215214 -0.946940
v 4.481122 2.217218 -0.949693
v 4.423083 2.217599 -0.950920
v 4.502895 2.045976 -1.020228
v 4.484241 2.047633 -1.023107
v 4.433610 2.048244 -1.024167
v 4.503115 1.865285 -1.073679
v 4.486003 1.866409 -1.076715
v 4.439558 1.866823 -1.077833
v 4.503228 1.676796 -1.106193
v 4.486903 1.677297 -1.109329
v 4.442595 1.677269 -1.110497
v 4.503594 1.376338 -1.125263
v 4.489834 1.452441 -1.125263
v 4.452486 1.480479 -1.125263
v 4.396204 2.827802 0.247418
v 4.473158 2.826326 0.247486
v 4.501510 2.822371 0.247106
v 4.501478 2.838439 0.096722
v 4.472908 2.842435 0.096765
v 4.395361 2.843925 0.096573
v 4.408590 2.786612 0.397820
v 4.476828 2.785202 0.397491
v 4.501968 2.781374 0.396600
v 4.411499 2.718946 0.541705
v 4.477690 2.717609 0.541221
v 4.502076 2.713980 0.539906
v 4.410109 2.626056 0.676587
v 4.477278 2.624885 0.675887
v 4.502025 2.621553 0.674151
v 4.415329 2.510018 0.799524
v 4.478825 2.508973 0.798691
v 4.502218 2.505982 0.796593
v 4.437618 2.366341 0.913457
v 4.485978 2.370325 0.908646
v 4.503112 2.369382 0.904931
v 4.505560 2.218188 1.000044
v 4.505560 2.217393 0.999063
v 4.505560 2.215236 0.996401
v 4.505560 2.048244 1.073641
v 4.505560 2.047633 1.072580
v 4.505560 2.045976 1.069702
v 4.505560 1.866823 1.127307
v 4.505560 1.866409 1.126189
v 4.505560 1.865285 1.123153
v 4.505560 1.677618 1.159950
v 4.505560 1.677400 1.158797
v 4.505560 1.676809 1.155666
v 4.505560 1.480479 1.174737
v 4.505560 1.452441 1.174737
v 4.505560 1.376338 1.174737
v 4.202896 2.774821 -0.081051
v 4.202896 2.771672 -0.117366
v 4.202896 2.767296 -0.153907
v 4.202896 2.734526 -0.298149
v 4.202896 2.745119 -0.262567
v 4.202896 2.754113 -0.226649
v 4.202896 2.676395 -0.436671
v 4.202896 2.693257 -0.402681
v 4.202896 2.708579 -0.368236
v 4.202896 2.594002 -0.567217
v 4.202896 2.616791 -0.535476
v 4.202896 2.638138 -0.503111
v 4.202896 2.489022 -0.687134
v 4.202896 2.517274 -0.658289
v 4.202896 2.544212 -0.628662
v 4.202896 2.363592 -0.793982
v 4.202896 2.396733 -0.768619
v 4.202896 2.428713 -0.742335
v 4.202896 2.220266 -0.885585
v 4.202896 2.257621 -0.864221
v 4.202896 2.293992 -0.841813
v 4.202896 2.061962 -0.960078
v 4.202896 2.102770 -0.943148
v 4.202896 2.142791 -0.925074
v 4.202896 1.891902 -1.015945
v 4.202896 1.935333 -1.003793
v 4.202896 1.978190 -0.990420
v 4.202896 1.713379 -1.052059
v 4.202896 1.758668 -1.044925
v 4.202896 1.803532 -1.036523
v 4.202896 1.438598 -1.068482
v 4.202896 1.548565 -1.065985
v 4.202896 1.618284 -1.062514
v 4.202896 2.774821 0.130524
v 4.202896 2.771672 0.166839
v 4.202896 2.767296 0.203381
v 4.202896 2.754113 0.276123
v 4.202896 2.745119 0.312041
v 4.202896 2.734526 0.347623
v 4.202896 2.708579 0.417709
v 4.202896 2.693257 0.452155
v 4.202896 2.676395 0.486145
v 4.202896 2.638138 0.552585
v 4.202896 2.616791 0.584950
v 4.202896 2.594002 0.616691
v 4.202896 2.544212 0.678136
v 4.202896 2.517274 0.707763
v 4.202896 2.489022 0.736608
v 4.202896 2.428713 0.791809
v 4.202896 2.396733 0.818093
v 4.202896 2.363592 0.843456
v 4.202896 2.293992 0.891287
v 4.202896 2.257621 0.913695
v 4.202896 2.220266 0.935059
v 4.202896 2.142791 0.974547
v 4.202896 2.102770 0.992621
v 4.202896 2.061962 1.009552
v 4.202896 1.978190 1.039894
v 4.202896 1.935333 1.053267
v 4.202896 1.891902 1.065419
v 4.202896 1.803532 1.085997
v 4.202896 1.758668 1.094399
v 4.202896 1.713379 1.101532
v 4.202896 1.438598 1.117956
v 4.202896 1.548565 1.115458
v 4.202896 1.618284 1.111988
v 4.202896 0.377432 1.121373
v 4.202896 0.721170 1.121180
v 4.202896 1.024852 1.120656
v 4.202896 2.778191 0.059530
v 4.202896 2.778608 0.024737
v 4.202896 2.778191 -0.010056
v 4.202896 0.377432 -1.071899
v 4.202896 0.721170 -1.071706
v 4.202896 1.024852 -1.071182
v 4.500831 0.080199 -1.104929
v 4.467727 0.018808 -1.093261
v 4.377873 0.005481 -1.081594
v 4.377873 0.005481 1.131068
v 4.467727 0.018808 1.142735
v 4.500831 0.080199 1.154402
v 4.500831 2.818498 -0.046602
v 4.467727 2.803805 -0.046116
v 4.377873 2.789113 -0.045630
v 4.377873 2.773547 -0.191842
v 4.467727 2.788090 -0.193570
v 4.500831 2.802633 -0.195299
v 4.377873 2.734027 -0.336100
v 4.467727 2.748130 -0.339384
v 4.500831 2.762234 -0.342669
v 4.377873 2.669093 -0.474174
v 4.467727 2.682464 -0.479017
v 4.500831 2.695834 -0.483860
v 4.377873 2.580044 -0.603515
v 4.467727 2.592410 -0.609817
v 4.500831 2.604775 -0.616120
v 4.377873 2.468693 -0.721487
v 4.467727 2.479802 -0.729121
v 4.500831 2.490910 -0.736755
v 4.377873 2.337306 -0.825691
v 4.467727 2.346932 -0.834501
v 4.500831 2.356557 -0.843311
v 4.377873 2.188558 -0.914004
v 4.467727 2.196505 -0.923811
v 4.500831 2.204451 -0.933618
v 4.377873 2.025477 -0.984629
v 4.467727 2.031583 -0.995233
v 4.500831 2.037689 -1.005837
v 4.377873 1.851383 -1.036128
v 4.467727 1.855524 -1.047314
v 4.500831 1.859665 -1.058499
v 4.377873 1.669492 -1.067472
v 4.467727 1.671672 -1.079005
v 4.500831 1.673851 -1.090539
v 4.377873 1.266635 -1.079975
v 4.467727 1.262331 -1.092733
v 4.500831 1.253374 -1.107504
v 4.500831 2.802633 0.244772
v 4.467727 2.788090 0.243044
v 4.377873 2.773547 0.241316
v 4.377873 2.789113 0.095104
v 4.467727 2.803805 0.095590
v 4.500831 2.818498 0.096076
v 4.500831 2.762234 0.392142
v 4.467727 2.748130 0.388858
v 4.377873 2.734027 0.385574
v 4.500831 2.695834 0.533334
v 4.467727 2.682464 0.528491
v 4.377873 2.669093 0.523648
v 4.500831 2.604775 0.665593
v 4.467727 2.592410 0.659291
v 4.377873 2.580044 0.652988
v 4.500831 2.490910 0.786229
v 4.467727 2.479802 0.778595
v 4.377873 2.468693 0.770961
v 4.500831 2.356557 0.892785
v 4.467727 2.346932 0.883975
v 4.377873 2.337306 0.875165
v 4.500831 2.204451 0.983092
v 4.467727 2.196505 0.973285
v 4.377873 2.188558 0.963478
v 4.500831 2.037689 1.055311
v 4.467727 2.031583 1.044707
v 4.377873 2.025477 1.034103
v 4.500831 1.859665 1.107973
v 4.467727 1.855524 1.096787
v 4.377873 1.851383 1.085602
v 4.500831 1.673851 1.140013
v 4.467727 1.671672 1.128479
v 4.377873 1.669492 1.116945
v 4.500831 1.253374 1.156977
v 4.467727 1.262330 1.142206
v 4.377873 1.266635 1.129449
v 2.689577 2.761405 -0.080357
v 2.689577 2.758282 -0.116399
v 2.689577 2.753945 -0.152645
v 2.689577 2.721504 -0.295512
v 2.689577 2.731988 -0.260294
v 2.689577 2.740891 -0.224730
v 2.689577 2.663980 -0.432592
v 2.689577 2.680665 -0.398956
v 2.689577 2.695828 -0.364870
v 2.689577 2.582444 -0.561778
v 2.689577 2.604996 -0.530368
v 2.689577 2.626121 -0.498340
v 2.689577 2.478558 -0.680447
v 2.689577 2.506516 -0.651902
v 2.689577 2.533173 -0.622584
v 2.689577 2.354434 -0.786181
v 2.689577 2.387230 -0.761082
v 2.689577 2.418877 -0.735072
v 2.689577 2.212602 -0.876830
v 2.689577 2.249568 -0.855688
v 2.689577 2.285559 -0.833514
v 2.689577 2.055947 -0.950547
v 2.689577 2.096330 -0.933793
v 2.689577 2.135934 -0.915907
v 2.689577 1.887658 -1.005832
v 2.689577 1.930637 -0.993807
v 2.689577 1.973047 -0.980573
v 2.689577 1.710959 -1.041572
v 2.689577 1.755801 -1.034511
v 2.689577 1.800207 -1.026196
v 2.689577 1.438635 -1.057842
v 2.689577 1.547616 -1.055365
v 2.689577 1.616726 -1.051925
v 2.689577 2.761405 0.129830
v 2.689577 2.758282 0.165873
v 2.689577 2.753945 0.202119
v 2.689577 2.740891 0.274203
v 2.689577 2.731988 0.309767
v 2.689577 2.721504 0.344986
v 2.689577 2.695828 0.414344
v 2.689577 2.680665 0.448430
v 2.689577 2.663980 0.482066
v 2.689577 2.626121 0.547814
v 2.689577 2.604996 0.579842
v 2.689577 2.582444 0.611252
v 2.689577 2.533173 0.672058
v 2.689577 2.506516 0.701375
v 2.689577 2.478558 0.729920
v 2.689577 2.418877 0.784546
v 2.689577 2.387230 0.810556
v 2.689577 2.354434 0.835655
v 2.689577 2.285559 0.882988
v 2.689577 2.249568 0.905162
v 2.689577 2.212602 0.926304
v 2.689577 2.135934 0.965381
v 2.689577 2.096330 0.983267
v 2.689577 2.055947 1.000021
v 2.689577 1.973047 1.030047
v 2.689577 1.930637 1.043281
v 2.689577 1.887658 1.055306
v 2.689577 1.800207 1.075670
v 2.689577 1.755801 1.083985
v 2.689577 1.710959 1.091045
v 2.689577 1.438635 1.107315
v 2.689577 1.547616 1.104839
v 2.689577 1.616726 1.101399
v 2.817264 0.489700 1.110706
v 2.727410 0.758217 1.110514
v 2.694306 1.032521 1.109994
v 2.689577 2.764748 0.059314
v 2.689577 2.765162 0.024737
v 2.689577 2.764748 -0.009840
v 2.817264 0.489700 -1.061232
v 2.727410 0.758217 -1.061040
v 2.694306 1.032521 -1.060521
v 3.923878 2.714887 0.381117
v 3.559736 2.711059 0.380225
v 3.138844 2.709649 0.379897
v 3.138844 2.748409 0.238328
v 3.559736 2.749863 0.238501
v 3.923878 2.753810 0.238970
v 3.923878 2.453617 -0.711127
v 3.559736 2.450602 -0.709055
v 3.138844 2.449491 -0.708291
v 3.138844 2.320668 -0.810462
v 3.559736 2.321630 -0.811343
v 3.923878 2.324243 -0.813734
v 3.923878 1.666534 1.101292
v 3.559736 1.665943 1.098162
v 3.138844 1.665725 1.097008
v 3.138844 1.844225 1.066267
v 3.559736 1.844639 1.067386
v 3.923878 1.845763 1.070422
v 3.923878 2.650948 0.517076
v 3.559736 2.647319 0.515762
v 3.138844 2.645982 0.515277
v 3.138844 2.174822 -0.897052
v 3.559736 2.175616 -0.898033
v 3.923878 2.177773 -0.900695
v 3.923878 1.269377 1.113477
v 3.559736 1.269852 1.110314
v 3.138844 1.270027 1.109149
v 3.928607 0.025229 -1.065760
v 3.597569 0.055736 -1.062593
v 3.266530 0.129174 -1.061426
v 3.266530 0.129174 1.110900
v 3.597569 0.055736 1.112066
v 3.928607 0.025229 1.115233
v 3.923878 2.563263 0.644435
v 3.559736 2.559907 0.642724
v 3.138844 2.558670 0.642094
v 3.138844 2.014922 -0.966299
v 3.559736 2.015533 -0.967359
v 3.923878 2.017190 -0.970238
v 3.923878 2.769174 -0.044971
v 3.559736 2.765186 -0.044839
v 3.138844 2.763716 -0.044791
v 3.138844 2.748409 -0.188854
v 3.559736 2.749863 -0.189027
v 3.923878 2.753811 -0.189496
v 3.923878 2.453617 0.760601
v 3.559736 2.450602 0.758528
v 3.138844 2.449491 0.757765
v 3.138844 1.844225 -1.016794
v 3.559736 1.844639 -1.017912
v 3.923878 1.845763 -1.020948
v 3.923878 2.769174 0.094445
v 3.559736 2.765186 0.094313
v 3.138844 2.763717 0.094264
v 3.138844 2.709649 -0.330423
v 3.559736 2.711059 -0.330751
v 3.923878 2.714887 -0.331643
v 3.923878 2.324243 0.863208
v 3.559736 2.321630 0.860817
v 3.138844 2.320668 0.859935
v 3.138844 1.665725 -1.047534
v 3.559736 1.665943 -1.048688
v 3.923878 1.666534 -1.051818
v 3.923878 1.269377 -1.064003
v 3.559736 1.269852 -1.060840
v 3.138844 1.270027 -1.059675
v 3.138844 2.645982 -0.465804
v 3.559736 2.647319 -0.466288
v 3.923878 2.650948 -0.467602
v 3.923878 2.177773 0.950168
v 3.559736 2.175616 0.947506
v 3.138844 2.174822 0.946526
v 3.138844 2.558670 -0.592620
v 3.559736 2.559907 -0.593251
v 3.923878 2.563263 -0.594961
v 3.923878 2.017190 1.019712
v 3.559736 2.015533 1.016833
v 3.138844 2.014922 1.015773
v 3.628811 2.839502 -0.115052
v 3.996358 2.842137 -0.081997
v 3.980309 2.838905 -0.119353
v 3.997873 2.834232 -0.158298
v 3.710303 2.834230 -0.158585
v 3.438185 2.833928 -0.161973
v 3.370719 2.838315 -0.128508
v 3.238731 2.841105 -0.102900
v 3.336521 2.842203 -0.088522
v 3.388215 2.843693 -0.065411
v 3.696556 2.842620 -0.076982
v 2.861400 2.839492 -0.115172
v 3.006402 2.833926 -0.161989
v 2.834099 2.834219 -0.158714
v 2.667651 2.834191 -0.158749
v 2.672632 2.838855 -0.119909
v 2.666112 2.842096 -0.082448
v 2.820345 2.842608 -0.077111
v 2.956431 2.843691 -0.065426
v 2.985125 2.842202 -0.088535
v 3.048386 2.841105 -0.102903
v 3.019322 2.838314 -0.128520
v 4.040049 2.820270 -0.235816
v 4.046698 2.810821 -0.273735
v 4.043046 2.799753 -0.311062
v 3.767714 2.820267 -0.235919
v 3.776172 2.810885 -0.273626
v 3.772163 2.799982 -0.310580
v 3.483868 2.820230 -0.236473
v 3.491148 2.810995 -0.273533
v 3.489337 2.800405 -0.309699
v 3.006489 2.800404 -0.309700
v 2.821880 2.799975 -0.310594
v 2.658584 2.799732 -0.311111
v 3.002539 2.810995 -0.273534
v 2.817298 2.810883 -0.273640
v 2.655638 2.810812 -0.273779
v 3.001045 2.820230 -0.236477
v 2.817630 2.820264 -0.235951
v 2.656260 2.820259 -0.235923
v 3.657533 2.757446 -0.419418
v 4.007000 2.772839 -0.384012
v 3.992885 2.756768 -0.420204
v 4.011240 2.738813 -0.456365
v 3.731534 2.738321 -0.457497
v 3.465757 2.736487 -0.461446
v 3.408691 2.750719 -0.434238
v 3.308425 2.758481 -0.418792
v 3.404590 2.765165 -0.403521
v 3.455577 2.776217 -0.376965
v 3.724564 2.773897 -0.381848
v 2.889579 2.757421 -0.419469
v 2.678090 2.738722 -0.456557
v 2.682684 2.756657 -0.420442
v 2.674782 2.772748 -0.384205
v 2.847790 2.773871 -0.381903
v 3.023725 2.776214 -0.376971
v 3.053140 2.765162 -0.403526
v 3.118070 2.758481 -0.418793
v 3.057235 2.750717 -0.434244
v 3.033871 2.736484 -0.461452
v 2.854483 2.738295 -0.457552
v 4.056272 2.698295 -0.526815
v 4.067484 2.675786 -0.560972
v 4.073845 2.651792 -0.594405
v 3.792262 2.698176 -0.527069
v 3.806734 2.675751 -0.561047
v 3.815457 2.651788 -0.594414
v 3.514959 2.697854 -0.527752
v 3.527944 2.675656 -0.561249
v 3.537058 2.651776 -0.594439
v 3.041060 2.651776 -0.594439
v 2.844351 2.651787 -0.594414
v 2.669498 2.651791 -0.594406
v 3.035342 2.675655 -0.561250
v 2.840920 2.675749 -0.561051
v 2.667931 2.675780 -0.560985
v 3.031524 2.697853 -0.527754
v 2.840410 2.698169 -0.527082
v 2.668381 2.698274 -0.526860
v 4.082197 2.599406 -0.659056
v 4.086839 2.571066 -0.690225
v 4.091932 2.541341 -0.720573
v 3.828022 2.599406 -0.659056
v 3.835081 2.571066 -0.690225
v 3.842826 2.541342 -0.720573
v 3.552816 2.599406 -0.659056
v 3.561832 2.571066 -0.690225
v 3.571724 2.541341 -0.720573
v 3.075099 2.541341 -0.720573
v 2.869829 2.541341 -0.720573
v 2.683067 2.541341 -0.720573
v 3.065250 2.571066 -0.690225
v 2.862421 2.571065 -0.690225
v 2.679110 2.571066 -0.690225
v 3.056272 2.599406 -0.659056
v 2.855668 2.599406 -0.659056
v 2.675504 2.599406 -0.659056
v 3.128500 2.408323 -0.833613
v 2.914398 2.408141 -0.833721
v 2.708266 2.408561 -0.833471
v 3.111394 2.443933 -0.806487
v 2.898432 2.443879 -0.806520
v 2.698757 2.444004 -0.806446
v 3.097569 2.477852 -0.778672
v 2.886892 2.477845 -0.778676
v 2.692232 2.477861 -0.778666
v 4.103110 2.477852 -0.778672
v 4.107174 2.443930 -0.806489
v 4.107647 2.408313 -0.833619
v 3.859933 2.477843 -0.778677
v 3.866873 2.443857 -0.806533
v 3.869655 2.408067 -0.833765
v 3.593808 2.477852 -0.778672
v 3.604324 2.443931 -0.806489
v 3.612360 2.408314 -0.833618
v 3.806815 2.287148 -0.913579
v 3.611681 2.332522 -0.885533
v 3.851435 2.330370 -0.886789
v 4.091650 2.331486 -0.886088
v 4.086780 2.291770 -0.910550
v 4.106760 2.253541 -0.932365
v 3.876432 2.248873 -0.935174
v 3.648532 2.241510 -0.939567
v 3.595443 2.267412 -0.925523
v 3.501865 2.283038 -0.916707
v 3.580217 2.300504 -0.905876
v 3.034420 2.287431 -0.913412
v 3.311426 2.283044 -0.916704
v 3.243521 2.267442 -0.925505
v 3.215904 2.241547 -0.939545
v 2.993257 2.249177 -0.934994
v 2.752352 2.254606 -0.931733
v 2.755949 2.293083 -0.909770
v 2.740560 2.332551 -0.885456
v 2.969243 2.330673 -0.886608
v 3.179176 2.332558 -0.885511
v 3.228316 2.300533 -0.905858
v 3.697486 2.173393 -0.973093
v 3.935571 2.174855 -0.972225
v 4.150681 2.175898 -0.971606
v 3.713445 2.133881 -0.990569
v 3.952095 2.134314 -0.990312
v 4.163124 2.134623 -0.990128
v 3.726647 2.091902 -1.007814
v 3.963915 2.091957 -1.007782
v 4.171479 2.091995 -1.007759
v 3.229842 2.091903 -1.007814
v 2.986354 2.091959 -1.007780
v 2.745345 2.092004 -1.007753
v 3.220053 2.133884 -0.990567
v 2.979956 2.134336 -0.990299
v 2.742227 2.134697 -0.990084
v 3.213271 2.173402 -0.973088
v 2.977475 2.174929 -0.972181
v 2.741714 2.176147 -0.971458
v 3.750974 2.003904 -1.039655
v 3.983175 2.003904 -1.039655
v 4.184227 2.003904 -1.039655
v 3.763701 1.958815 -1.053725
v 3.993140 1.958815 -1.053725
v 4.190780 1.958815 -1.053725
v 3.776872 1.913122 -1.066510
v 4.003452 1.913122 -1.066510
v 4.197562 1.913122 -1.066510
v 3.279374 1.913122 -1.066510
v 3.023471 1.913121 -1.066510
v 2.765126 1.913122 -1.066510
v 3.266260 1.958815 -1.053725
v 3.013608 1.958815 -1.053725
v 2.759858 1.958815 -1.053725
v 3.253587 2.003904 -1.039655
v 3.004076 2.003904 -1.039655
v 2.754767 2.003904 -1.039655
v 3.344092 1.725710 -1.104481
v 3.077490 1.725044 -1.104519
v 2.795702 1.725032 -1.104519
v 3.323626 1.773069 -1.096992
v 3.058337 1.772872 -1.097004
v 2.784259 1.772868 -1.097004
v 3.307166 1.820164 -1.088159
v 3.044573 1.820139 -1.088160
v 2.776460 1.820139 -1.088160
v 3.804302 1.820164 -1.088159
v 4.024782 1.820138 -1.088160
v 4.211533 1.820133 -1.088161
v 3.817466 1.773068 -1.096992
v 4.034057 1.772859 -1.097004
v 4.217243 1.772825 -1.097006
v 3.828884 1.725705 -1.104481
v 4.040196 1.725000 -1.104521
v 4.220226 1.724885 -1.104528
v 4.005670 1.575207 -1.119787
v 3.839736 1.631806 -1.115364
v 4.034910 1.627449 -1.115621
v 4.213673 1.626956 -1.115639
v 4.213671 1.577886 -1.119521
v 4.234158 1.530547 -1.122597
v 4.065300 1.527480 -1.122790
v 3.877337 1.521438 -1.123161
v 3.833999 1.553181 -1.121333
v 3.755868 1.572342 -1.120226
v 3.819232 1.593568 -1.118631
v 3.223253 1.575365 -1.119778
v 3.564887 1.572345 -1.120226
v 3.477821 1.553197 -1.121332
v 3.430871 1.521454 -1.123160
v 3.155351 1.527616 -1.122783
v 2.838407 1.531030 -1.122569
v 2.851236 1.578620 -1.119479
v 2.834946 1.627581 -1.115604
v 3.144470 1.627627 -1.115611
v 3.406200 1.631828 -1.115363
v 3.466294 1.593585 -1.118630
v 3.553203 2.839744 0.163477
v 3.971264 2.834299 0.207065
v 3.942713 2.839000 0.167929
v 3.967954 2.842205 0.130751
v 3.662858 2.842715 0.125556
v 3.373734 2.843761 0.114160
v 3.316077 2.842455 0.135481
v 3.228559 2.841795 0.145422
v 3.304179 2.840492 0.159726
v 3.264907 2.839428 0.171304
v 3.357245 2.837851 0.183335
v 3.423975 2.833894 0.211858
v 3.678566 2.834299 0.207448
v 2.916583 2.839733 0.163601
v 3.074582 2.841795 0.145424
v 3.015433 2.842454 0.135494
v 2.980184 2.843760 0.114180
v 2.847441 2.842700 0.125728
v 2.682484 2.842150 0.131369
v 2.694229 2.838931 0.168689
v 2.685387 2.834243 0.207683
v 2.863028 2.834284 0.207621
v 3.030411 2.833892 0.211878
v 3.056599 2.837850 0.183348
v 3.110930 2.839428 0.171307
v 3.067033 2.840491 0.159735
v 3.516066 2.799631 0.360816
v 3.798872 2.799633 0.360790
v 4.062881 2.799634 0.360786
v 3.508025 2.810768 0.323479
v 3.789956 2.810786 0.323271
v 4.055986 2.810789 0.323236
v 3.492797 2.820206 0.285958
v 3.770918 2.820269 0.285254
v 4.040667 2.820280 0.285136
v 2.664934 2.820267 0.285280
v 2.661569 2.810786 0.323279
v 2.661301 2.799633 0.360791
v 2.832622 2.820265 0.285297
v 2.828613 2.810785 0.323284
v 2.828956 2.799633 0.360792
v 3.018088 2.820205 0.285963
v 3.018066 2.810767 0.323481
v 3.020477 2.799631 0.360816
v 3.538669 2.738474 0.506539
v 3.816944 2.738474 0.506539
v 4.074912 2.738474 0.506539
v 3.531914 2.756214 0.470778
v 3.811656 2.756214 0.470778
v 4.071434 2.756214 0.470778
v 3.526003 2.772334 0.434539
v 3.807027 2.772334 0.434539
v 4.068390 2.772334 0.434539
v 2.664778 2.772334 0.434539
v 2.667143 2.756214 0.470778
v 2.669845 2.738474 0.506539
v 2.835586 2.772334 0.434539
v 2.840014 2.756214 0.470778
v 2.845072 2.738474 0.506539
v 3.029572 2.772334 0.434539
v 3.035459 2.756214 0.470778
v 3.042185 2.738474 0.506539
v 3.564312 2.652393 0.643245
v 3.831715 2.651850 0.643820
v 4.082561 2.651653 0.644028
v 3.561049 2.675944 0.610300
v 3.832895 2.675783 0.610471
v 4.084790 2.675725 0.610532
v 3.554314 2.698246 0.576415
v 3.828998 2.698226 0.576437
v 4.082762 2.698219 0.576444
v 2.676425 2.698221 0.576443
v 2.681370 2.675737 0.610520
v 2.688786 2.651693 0.643986
v 2.857303 2.698227 0.576436
v 2.865935 2.675786 0.610467
v 2.878120 2.651861 0.643808
v 3.058243 2.698246 0.576415
v 3.068304 2.675945 0.610300
v 3.080660 2.652394 0.643243
v 3.747733 2.569585 0.741694
v 3.578260 2.534711 0.777163
v 3.820791 2.538671 0.772938
v 4.070141 2.540433 0.771021
v 4.049867 2.570117 0.740750
v 4.058254 2.598782 0.709202
v 3.801204 2.599678 0.708303
v 3.549552 2.602841 0.704981
v 3.509956 2.581625 0.729240
v 3.424773 2.569422 0.742786
v 3.521630 2.556853 0.755485
v 2.977081 2.569631 0.741646
v 3.234367 2.569423 0.742785
v 3.158233 2.581630 0.729235
v 3.117305 2.602847 0.704975
v 2.921148 2.599727 0.708252
v 2.714603 2.598951 0.709023
v 2.727134 2.570326 0.740528
v 2.723878 2.540602 0.770841
v 2.939960 2.538719 0.772887
v 3.145916 2.534717 0.777156
v 3.169890 2.556858 0.755480
v 3.666656 2.410394 0.883807
v 3.916939 2.408945 0.884655
v 4.140585 2.405508 0.886663
v 3.651812 2.444154 0.856588
v 3.903799 2.443900 0.856638
v 4.131348 2.442998 0.857106
v 3.633608 2.476572 0.829610
v 3.885426 2.477249 0.828865
v 4.117650 2.477522 0.828514
v 2.716057 2.477757 0.828358
v 2.717543 2.444571 0.856179
v 2.721345 2.410649 0.883635
v 2.929514 2.477328 0.828812
v 2.933762 2.444444 0.856313
v 2.941421 2.410633 0.883652
v 3.149666 2.476582 0.829603
v 3.158683 2.444222 0.856548
v 3.170107 2.410605 0.883681
v 3.424861 2.845803 0.056498
v 3.744711 2.845585 0.058735
v 4.032176 2.845475 0.059866
v 3.430841 2.846062 0.024699
v 3.755747 2.845936 0.024678
v 4.041870 2.845874 0.024687
v 3.426203 2.845791 -0.007158
v 3.750339 2.845568 -0.009466
v 4.037617 2.845461 -0.010565
v 2.654218 2.845451 -0.010665
v 2.653983 2.845867 0.024699
v 2.658357 2.845462 0.060006
v 2.800739 2.845565 -0.009495
v 2.800763 2.845934 0.024682
v 2.807536 2.845581 0.058776
v 2.943701 2.845791 -0.007162
v 2.944802 2.846062 0.024699
v 2.950683 2.845802 0.056503
v 3.923878 2.746469 0.275013
v 3.923878 2.737528 0.310726
v 3.923878 2.726998 0.346098
v 3.559736 2.742543 0.274443
v 3.559736 2.733630 0.310052
v 3.559736 2.723132 0.345316
v 3.138844 2.741097 0.274233
v 3.138844 2.732194 0.309803
v 3.138844 2.721708 0.345027
v 3.085830 2.843010 -0.028912
v 3.091111 2.843013 0.024737
v 3.096398 2.843010 0.078385
v 3.085204 2.844099 -0.021816
v 3.089765 2.844118 0.024737
v 3.094374 2.844098 0.071290
v 3.084782 2.845119 -0.013478
v 3.088466 2.845184 0.024737
v 3.092309 2.845119 0.062952
v 4.501401 2.836245 -0.084210
v 4.501291 2.832976 -0.121770
v 4.501400 2.828421 -0.159670
v 4.472288 2.840238 -0.084299
v 4.471408 2.836964 -0.121912
v 4.472280 2.832396 -0.159927
v 4.393266 2.841734 -0.084056
v 4.390298 2.838464 -0.121622
v 4.393241 2.833885 -0.159747
v 4.501751 2.814649 -0.235431
v 4.501808 2.805235 -0.272974
v 4.501776 2.794139 -0.310219
v 4.475088 2.818578 -0.235973
v 4.475544 2.809135 -0.273637
v 4.475287 2.798010 -0.310989
v 4.402718 2.820031 -0.236108
v 4.404258 2.810578 -0.273855
v 4.403390 2.799450 -0.311243
v 4.501474 2.766958 -0.383638
v 4.501385 2.750906 -0.419724
v 4.501509 2.733240 -0.455337
v 4.472873 2.770767 -0.384587
v 4.472163 2.754673 -0.420768
v 4.473149 2.736949 -0.456498
v 4.395243 2.772226 -0.384820
v 4.392845 2.756130 -0.421007
v 4.396175 2.738371 -0.456808
v 4.501885 2.693155 -0.524951
v 4.501981 2.670790 -0.558861
v 4.502035 2.646914 -0.592116
v 4.476162 2.696728 -0.526355
v 4.476929 2.674293 -0.560374
v 4.477360 2.650345 -0.593730
v 4.406342 2.698058 -0.526846
v 4.408932 2.675587 -0.560923
v 4.410384 2.651609 -0.594324
v 4.502104 2.594749 -0.656491
v 4.502142 2.566527 -0.687531
v 4.502184 2.536927 -0.717752
v 4.477913 2.598026 -0.658296
v 4.478220 2.569721 -0.689427
v 4.478557 2.540033 -0.719737
v 4.412252 2.599234 -0.658961
v 4.413289 2.570898 -0.690125
v 4.414425 2.541178 -0.720469
v 4.502277 2.473742 -0.775585
v 4.502309 2.440235 -0.803124
v 4.502311 2.405507 -0.829700
v 4.479295 2.476659 -0.777742
v 4.479556 2.443037 -0.805373
v 4.479566 2.408161 -0.832055
v 4.416915 2.477728 -0.778540
v 4.417796 2.444024 -0.806228
v 4.417830 2.408987 -0.833012
v 4.502175 2.332557 -0.879831
v 4.502156 2.294442 -0.903312
v 4.502297 2.255315 -0.925690
v 4.478479 2.334783 -0.882459
v 4.478331 2.296489 -0.906049
v 4.479462 2.257314 -0.928453
v 4.414163 2.334954 -0.883813
v 4.413663 2.296437 -0.907536
v 4.417480 2.257401 -0.929857
v 4.502666 2.174176 -0.967044
v 4.502771 2.132253 -0.985976
v 4.502842 2.089501 -1.003712
v 4.482406 2.176147 -0.969803
v 4.483253 2.134146 -0.988764
v 4.483815 2.091284 -1.006543
v 4.427417 2.176723 -0.970909
v 4.430276 2.134799 -0.989818
v 4.432171 2.091936 -1.007589
v 4.502947 2.001734 -1.035501
v 4.503001 1.956833 -1.049512
v 4.503057 1.911331 -1.062243
v 4.484659 2.003261 -1.038424
v 4.485092 1.958228 -1.052476
v 4.485540 1.912591 -1.065246
v 4.435019 2.003824 -1.039501
v 4.436482 1.958741 -1.053569
v 4.437995 1.913055 -1.066352
v 4.503173 1.818753 -1.083803
v 4.503219 1.771790 -1.092603
v 4.503242 1.724452 -1.100070
v 4.486464 1.819738 -1.086869
v 4.486835 1.772629 -1.095695
v 4.487016 1.725132 -1.103185
v 4.441110 1.820098 -1.087998
v 4.442364 1.772912 -1.096836
v 4.442974 1.725294 -1.104338
v 4.503185 1.626893 -1.111101
v 4.503201 1.564883 -1.115468
v 4.503356 1.480795 -1.120066
v 4.486559 1.628523 -1.114202
v 4.486694 1.575612 -1.118220
v 4.487925 1.516023 -1.121830
v 4.441431 1.628839 -1.115361
v 4.441887 1.579887 -1.119217
v 4.446043 1.530349 -1.122406
v 4.501173 2.828422 0.209137
v 4.500989 2.832977 0.171236
v 4.501158 2.836245 0.133678
v 4.470467 2.832400 0.209351
v 4.468993 2.836970 0.171324
v 4.470346 2.840243 0.133723
v 4.387120 2.833900 0.209052
v 4.382146 2.838483 0.170887
v 4.386713 2.841749 0.133362
v 4.501944 2.794138 0.359695
v 4.501885 2.805234 0.322448
v 4.501753 2.814649 0.284903
v 4.476634 2.798004 0.360476
v 4.476162 2.809134 0.323112
v 4.475106 2.818578 0.285436
v 4.407935 2.799429 0.360761
v 4.406342 2.810573 0.323330
v 4.402777 2.820034 0.285544
v 4.502044 2.733236 0.504818
v 4.502015 2.750902 0.469207
v 4.501990 2.766955 0.433119
v 4.477432 2.736922 0.506029
v 4.477201 2.754640 0.470313
v 4.477000 2.770741 0.434118
v 4.410627 2.738280 0.506475
v 4.409851 2.756017 0.470720
v 4.409172 2.772135 0.434486
v 4.502103 2.646912 0.641591
v 4.502124 2.670789 0.608335
v 4.502109 2.693155 0.574426
v 4.477905 2.650333 0.643216
v 4.478075 2.674287 0.609855
v 4.477949 2.696722 0.575843
v 4.412226 2.651569 0.643841
v 4.412799 2.675569 0.610422
v 4.412374 2.698035 0.576366
v 4.501995 2.536921 0.767232
v 4.501853 2.566519 0.737013
v 4.501899 2.594743 0.705972
v 4.477043 2.539983 0.769264
v 4.475910 2.569658 0.738967
v 4.476269 2.597976 0.707823
v 4.409317 2.541008 0.770122
v 4.405490 2.570687 0.739823
v 4.406705 2.599064 0.708614
v 4.502645 2.405344 0.879305
v 4.502509 2.440177 0.852644
v 4.502393 2.473733 0.825066
v 4.482240 2.406862 0.882573
v 4.481153 2.442578 0.855216
v 4.480222 2.476591 0.827274
v 4.426270 2.404980 0.885742
v 4.423184 2.442722 0.856765
v 4.420043 2.477528 0.828188
v 4.505499 2.255347 0.975146
v 4.505074 2.294431 0.952804
v 4.504100 2.332425 0.929417
v 4.505074 2.257571 0.977787
v 4.501673 2.296405 0.955668
v 4.493880 2.333728 0.932833
v 4.504041 2.258282 0.978845
v 4.493412 2.296272 0.957406
v 4.467621 2.331497 0.936241
v 4.505560 2.089501 1.053186
v 4.505560 2.132256 1.035448
v 4.505560 2.174185 1.016512
v 4.505560 2.091287 1.056015
v 4.505560 2.134168 1.038225
v 4.505560 2.176221 1.019233
v 4.505560 2.091945 1.057058
v 4.505560 2.134872 1.039248
v 4.505560 2.176971 1.020236
v 4.505560 1.911331 1.111717
v 4.505560 1.956833 1.098985
v 4.505560 2.001734 1.084975
v 4.505560 1.912591 1.114719
v 4.505560 1.958228 1.101950
v 4.505560 2.003261 1.087898
v 4.505560 1.913055 1.115826
v 4.505560 1.958741 1.103042
v 4.505560 2.003824 1.088975
v 4.505560 1.724458 1.149543
v 4.505560 1.771791 1.142077
v 4.505560 1.818753 1.133276
v 4.505560 1.725176 1.152657
v 4.505560 1.772642 1.145168
v 4.505560 1.819740 1.136342
v 4.505560 1.725441 1.153804
v 4.505560 1.772956 1.146307
v 4.505560 1.820104 1.137472
v 4.505560 1.480813 1.169538
v 4.505560 1.564911 1.164940
v 4.505560 1.626916 1.160573
v 4.505560 1.516166 1.171296
v 4.505560 1.575832 1.167681
v 4.505560 1.628709 1.163665
v 4.505560 1.530834 1.171852
v 4.505560 1.580628 1.168648
v 4.505560 1.629466 1.164799
v 4.501700 2.839734 0.060514
v 4.501785 2.840165 0.024736
v 4.501748 2.839733 -0.011042
v 4.474680 2.843728 0.060542
v 4.475358 2.844159 0.024733
v 4.475067 2.843727 -0.011080
v 4.401340 2.845207 0.060467
v 4.403631 2.845634 0.024725
v 4.402646 2.845204 -0.011033
v 4.377873 2.786980 -0.081679
v 4.377873 2.783807 -0.118242
v 4.377873 2.779396 -0.155051
v 4.467727 2.801654 -0.082438
v 4.467727 2.798453 -0.119299
v 4.467727 2.793999 -0.156432
v 4.500831 2.816328 -0.083197
v 4.500831 2.813098 -0.120356
v 4.500831 2.808602 -0.157812
v 4.377873 2.766097 -0.228388
v 4.377873 2.757020 -0.264628
v 4.377873 2.746326 -0.300539
v 4.467727 2.780559 -0.230487
v 4.467727 2.771381 -0.267114
v 4.467727 2.760568 -0.303423
v 4.500831 2.795021 -0.232586
v 4.500831 2.785743 -0.269601
v 4.500831 2.774810 -0.306307
v 4.377873 2.720135 -0.371286
v 4.377873 2.704668 -0.406057
v 4.377873 2.687647 -0.440367
v 4.467727 2.734081 -0.374967
v 4.467727 2.718440 -0.410130
v 4.467727 2.701227 -0.444828
v 4.500831 2.748028 -0.378649
v 4.500831 2.732212 -0.414204
v 4.500831 2.714807 -0.449290
v 4.377873 2.649029 -0.507434
v 4.377873 2.627480 -0.540105
v 4.377873 2.604476 -0.572146
v 4.467727 2.662172 -0.512653
v 4.467727 2.640380 -0.545692
v 4.467727 2.617117 -0.578094
v 4.500831 2.675316 -0.517871
v 4.500831 2.653281 -0.551279
v 4.500831 2.629758 -0.584043
v 4.377873 2.554216 -0.634171
v 4.377873 2.527024 -0.664077
v 4.377873 2.498505 -0.693195
v 4.467727 2.566289 -0.640820
v 4.467727 2.538791 -0.671063
v 4.467727 2.509950 -0.700510
v 4.500831 2.578363 -0.647468
v 4.500831 2.550558 -0.678050
v 4.500831 2.521394 -0.707825
v 4.377873 2.437626 -0.748917
v 4.377873 2.405345 -0.775449
v 4.377873 2.371891 -0.801052
v 4.467727 2.448384 -0.756860
v 4.467727 2.415738 -0.783692
v 4.467727 2.381907 -0.809584
v 4.500831 2.459142 -0.764804
v 4.500831 2.426132 -0.791935
v 4.500831 2.391922 -0.818116
v 4.377873 2.301633 -0.849334
v 4.377873 2.264920 -0.871953
v 4.377873 2.227212 -0.893519
v 4.467727 2.310856 -0.858411
v 4.467727 2.273728 -0.881285
v 4.467727 2.235595 -0.903095
v 4.500831 2.320079 -0.867489
v 4.500831 2.282537 -0.890618
v 4.500831 2.243978 -0.912671
v 4.377873 2.149006 -0.933381
v 4.377873 2.108607 -0.951625
v 4.377873 2.067413 -0.968715
v 4.467727 2.156506 -0.943406
v 4.467727 2.115651 -0.961857
v 4.467727 2.073993 -0.979140
v 4.500831 2.164006 -0.953432
v 4.500831 2.122696 -0.972088
v 4.500831 2.080572 -0.989564
v 4.377873 1.982851 -0.999344
v 4.377873 1.939589 -1.012843
v 4.377873 1.895748 -1.025110
v 4.467727 1.988476 -1.010114
v 4.467727 1.944726 -1.023766
v 4.467727 1.900390 -1.036171
v 4.500831 1.994100 -1.020884
v 4.500831 1.949862 -1.034688
v 4.500831 1.905032 -1.047232
v 4.377873 1.806545 -1.045882
v 4.377873 1.761266 -1.054363
v 4.377873 1.715572 -1.061562
v 4.467727 1.810181 -1.057178
v 4.467727 1.764401 -1.065754
v 4.467727 1.718219 -1.073033
v 4.500831 1.813818 -1.068473
v 4.500831 1.767536 -1.077144
v 4.500831 1.720866 -1.084503
v 4.377873 1.619685 -1.072114
v 4.377873 1.549338 -1.075641
v 4.377873 1.438312 -1.078222
v 4.467727 1.621313 -1.083724
v 4.467727 1.549767 -1.087484
v 4.467727 1.436507 -1.090539
v 4.500831 1.622926 -1.095368
v 4.500831 1.550084 -1.099593
v 4.500831 1.433450 -1.103800
v 4.377873 2.779396 0.204525
v 4.377873 2.783807 0.167715
v 4.377873 2.786980 0.131153
v 4.467727 2.793999 0.205906
v 4.467727 2.798453 0.168773
v 4.467727 2.801654 0.131912
v 4.500831 2.808602 0.207286
v 4.500831 2.813098 0.169830
v 4.500831 2.816328 0.132671
v 4.377873 2.746326 0.350012
v 4.377873 2.757019 0.314101
v 4.377873 2.766097 0.277862
v 4.467727 2.760568 0.352897
v 4.467727 2.771381 0.316588
v 4.467727 2.780559 0.279961
v 4.500831 2.774810 0.355781
v 4.500831 2.785743 0.319075
v 4.500831 2.795021 0.282060
v 4.377873 2.687647 0.489841
v 4.377873 2.704668 0.455530
v 4.377873 2.720135 0.420760
v 4.467727 2.701227 0.494302
v 4.467727 2.718440 0.459604
v 4.467727 2.734081 0.424441
v 4.500831 2.714807 0.498763
v 4.500831 2.732212 0.463678
v 4.500831 2.748028 0.428123
v 4.377873 2.604476 0.621620
v 4.377873 2.627480 0.589579
v 4.377873 2.649029 0.556908
v 4.467727 2.617117 0.627568
v 4.467727 2.640381 0.595166
v 4.467727 2.662172 0.562126
v 4.500831 2.629757 0.633517
v 4.500831 2.653281 0.600753
v 4.500831 2.675316 0.567344
v 4.377873 2.498505 0.742669
v 4.377873 2.527024 0.713551
v 4.377873 2.554216 0.683645
v 4.467727 2.509950 0.749984
v 4.467727 2.538791 0.720537
v 4.467727 2.566289 0.690294
v 4.500831 2.521394 0.757299
v 4.500831 2.550558 0.727523
v 4.500831 2.578363 0.696942
v 4.377873 2.371891 0.850525
v 4.377873 2.405345 0.824923
v 4.377873 2.437626 0.798390
v 4.467727 2.381907 0.859057
v 4.467727 2.415738 0.833166
v 4.467727 2.448384 0.806334
v 4.500831 2.391923 0.867590
v 4.500831 2.426132 0.841409
v 4.500831 2.459142 0.814278
v 4.377873 2.227212 0.942993
v 4.377873 2.264920 0.921427
v 4.377873 2.301633 0.898808
v 4.467727 2.235595 0.952569
v 4.467727 2.273728 0.930759
v 4.467727 2.310856 0.907885
v 4.500831 2.243978 0.962144
v 4.500831 2.282537 0.940092
v 4.500831 2.320079 0.916962
v 4.377873 2.067413 1.018189
v 4.377873 2.108607 1.001099
v 4.377873 2.149006 0.982854
v 4.467727 2.073993 1.028614
v 4.467727 2.115651 1.011330
v 4.467727 2.156506 0.992880
v 4.500831 2.080572 1.039038
v 4.500831 2.122695 1.021562
v 4.500831 2.164006 1.002905
v 4.377873 1.895748 1.074584
v 4.377873 1.939589 1.062317
v 4.377873 1.982851 1.048818
v 4.467727 1.900390 1.085645
v 4.467727 1.944726 1.073239
v 4.467727 1.988475 1.059588
v 4.500831 1.905032 1.096706
v 4.500831 1.949862 1.084162
v 4.500831 1.994100 1.070358
v 4.377873 1.715572 1.111036
v 4.377873 1.761266 1.103837
v 4.377873 1.806545 1.095356
v 4.467727 1.718219 1.122506
v 4.467727 1.764401 1.115228
v 4.467727 1.810181 1.106652
v 4.500831 1.720866 1.133977
v 4.500831 1.767536 1.126618
v 4.500831 1.813818 1.117947
v 4.377873 1.438312 1.127696
v 4.377873 1.549338 1.125115
v 4.377873 1.619685 1.121588
v 4.467727 1.436507 1.140013
v 4.467727 1.549767 1.136958
v 4.467727 1.621313 1.133198
v 4.500831 1.433450 1.153274
v 4.500831 1.550084 1.149066
v 4.500831 1.622926 1.144841
v 4.377873 0.370398 1.131120
v 4.377873 0.715570 1.130989
v 4.377873 1.021120 1.130491
v 4.467727 0.373662 1.143351
v 4.467727 0.711784 1.143660
v 4.467727 1.015371 1.143366
v 4.500831 0.398307 1.156664
v 4.500831 0.712918 1.158101
v 4.500831 1.007015 1.158355
v 4.377873 2.790373 0.059726
v 4.377873 2.790793 0.024737
v 4.377873 2.790373 -0.010252
v 4.467727 2.805076 0.059962
v 4.467727 2.805500 0.024737
v 4.467727 2.805076 -0.010488
v 4.500831 2.819779 0.060198
v 4.500831 2.820206 0.024737
v 4.500831 2.819779 -0.010725
v 4.377873 1.021120 -1.081018
v 4.377873 0.715570 -1.081515
v 4.377873 0.370398 -1.081647
v 4.467727 1.015370 -1.093892
v 4.467727 0.711784 -1.094186
v 4.467727 0.373662 -1.093877
v 4.500831 1.007015 -1.108881
v 4.500831 0.712918 -1.108627
v 4.500831 0.398307 -1.107190
v 3.923878 2.358298 -0.789472
v 3.923878 2.391239 -0.764262
v 3.923878 2.423026 -0.738136
v 3.559736 2.355579 -0.787157
v 3.559736 2.388418 -0.762025
v 3.559736 2.420106 -0.735980
v 3.138844 2.354578 -0.786303
v 3.138844 2.387379 -0.761200
v 3.138844 2.419031 -0.735185
v 3.923878 1.801610 1.080027
v 3.923878 1.757010 1.088378
v 3.923878 1.711980 1.095470
v 3.559736 1.800623 1.076961
v 3.559736 1.756159 1.085287
v 3.559736 1.711262 1.092356
v 3.138844 1.800259 1.075831
v 3.138844 1.755846 1.084148
v 3.138844 1.710997 1.091209
v 3.923878 2.701207 0.415764
v 3.923878 2.685977 0.450002
v 3.923878 2.669218 0.483787
v 3.559736 2.697422 0.414764
v 3.559736 2.682239 0.448896
v 3.559736 2.665532 0.482576
v 3.138844 2.696027 0.414396
v 3.138844 2.680862 0.448488
v 3.138844 2.664174 0.482130
v 3.923878 2.215835 -0.880523
v 3.923878 2.252965 -0.859288
v 3.923878 2.289117 -0.837016
v 3.559736 2.213560 -0.877924
v 3.559736 2.250574 -0.856755
v 3.559736 2.286613 -0.834552
v 3.138844 2.212722 -0.876967
v 3.138844 2.249693 -0.855822
v 3.138844 2.285691 -0.833644
v 3.923878 1.617383 1.105866
v 3.923878 1.548016 1.109319
v 3.923878 1.438619 1.111804
v 3.559736 1.616921 1.102723
v 3.559736 1.547735 1.106166
v 3.559736 1.438630 1.108645
v 3.138844 1.616750 1.101565
v 3.138844 1.547631 1.105005
v 3.138844 1.438634 1.107481
v 3.923878 2.631190 0.549826
v 3.923878 2.609972 0.581997
v 3.923878 2.587320 0.613547
v 3.559736 2.627623 0.548410
v 3.559736 2.606470 0.580480
v 3.559736 2.583889 0.611932
v 3.138844 2.626308 0.547888
v 3.138844 2.605180 0.579922
v 3.138844 2.582625 0.611337
v 3.923878 2.058484 -0.954568
v 3.923878 2.099047 -0.937740
v 3.923878 2.138827 -0.919774
v 3.559736 2.056698 -0.951738
v 3.559736 2.097135 -0.934962
v 3.559736 2.136791 -0.917053
v 3.138844 2.056041 -0.950696
v 3.138844 2.096430 -0.933939
v 3.138844 2.136041 -0.916050
v 3.923976 1.027175 1.114492
v 3.924666 0.725701 1.115014
v 3.926341 0.385185 1.115206
v 3.560524 1.028879 1.111327
v 3.566041 0.732122 1.111847
v 3.579440 0.401964 1.112039
v 3.141307 1.030645 1.110161
v 3.158548 0.743592 1.110681
v 3.201997 0.437857 1.110872
v 3.923878 2.759578 -0.153177
v 3.923878 2.763931 -0.116807
v 3.923878 2.767065 -0.080649
v 3.559736 2.755614 -0.152803
v 3.559736 2.759956 -0.116520
v 3.559736 2.763082 -0.080443
v 3.138844 2.754154 -0.152665
v 3.138844 2.758491 -0.116414
v 3.138844 2.761614 -0.080368
v 3.923878 2.537830 0.674622
v 3.923878 2.511055 0.704070
v 3.923878 2.482972 0.732742
v 3.559736 2.534553 0.672817
v 3.559736 2.507861 0.702174
v 3.559736 2.479866 0.730756
v 3.138844 2.533345 0.672153
v 3.138844 2.506684 0.701475
v 3.138844 2.478721 0.730025
v 3.923878 1.889448 -1.010099
v 3.923878 1.932618 -0.998020
v 3.923878 1.975217 -0.984727
v 3.559736 1.888188 -1.007096
v 3.559736 1.931224 -0.995055
v 3.559736 1.973690 -0.981804
v 3.138844 1.887724 -1.005990
v 3.138844 1.930710 -0.993963
v 3.138844 1.973127 -0.980727
v 3.923878 2.770419 -0.009931
v 3.923878 2.770835 0.024737
v 3.923878 2.770419 0.059405
v 3.559736 2.766428 -0.009867
v 3.559736 2.766843 0.024737
v 3.559736 2.766428 0.059341
v 3.138844 2.764958 -0.009843
v 3.138844 2.765372 0.024737
v 3.138844 2.764958 0.059317
v 3.923878 2.726998 -0.296625
v 3.923878 2.737528 -0.261253
v 3.923878 2.746469 -0.225539
v 3.559736 2.723132 -0.295842
v 3.559736 2.733630 -0.260578
v 3.559736 2.742543 -0.224969
v 3.138844 2.721708 -0.295553
v 3.138844 2.732194 -0.260329
v 3.138844 2.741097 -0.224759
v 3.923878 2.423026 0.787610
v 3.923878 2.391239 0.813736
v 3.923878 2.358298 0.838946
v 3.559736 2.420106 0.785454
v 3.559736 2.388418 0.811498
v 3.559736 2.355579 0.836630
v 3.138844 2.419031 0.784659
v 3.138844 2.387379 0.810674
v 3.138844 2.354578 0.835777
v 3.923878 1.711980 -1.045996
v 3.923878 1.757010 -1.038905
v 3.923878 1.801610 -1.030553
v 3.559736 1.711262 -1.042882
v 3.559736 1.756159 -1.035813
v 3.559736 1.800623 -1.027487
v 3.138844 1.710997 -1.041735
v 3.138844 1.755846 -1.034674
v 3.138844 1.800259 -1.026358
v 3.926341 0.385185 -1.065732
v 3.924666 0.725701 -1.065540
v 3.923976 1.027175 -1.065018
v 3.579440 0.401964 -1.062565
v 3.566041 0.732122 -1.062373
v 3.560524 1.028879 -1.061853
v 3.201997 0.437857 -1.061398
v 3.158548 0.743592 -1.061207
v 3.141307 1.030645 -1.060687
v 3.923878 2.669218 -0.434313
v 3.923878 2.685977 -0.400528
v 3.923878 2.701207 -0.366290
v 3.559736 2.665532 -0.433102
v 3.559736 2.682240 -0.399422
v 3.559736 2.697422 -0.365290
v 3.138844 2.664174 -0.432656
v 3.138844 2.680862 -0.399015
v 3.138844 2.696027 -0.364922
v 3.923878 2.289117 0.886489
v 3.923878 2.252965 0.908762
v 3.923878 2.215835 0.929997
v 3.559736 2.286613 0.884025
v 3.559736 2.250574 0.906229
v 3.559736 2.213560 0.927398
v 3.138844 2.285691 0.883118
v 3.138844 2.249693 0.905295
v 3.138844 2.212721 0.926441
v 3.923878 1.438619 -1.062330
v 3.923878 1.548016 -1.059845
v 3.923878 1.617383 -1.056392
v 3.559736 1.438630 -1.059172
v 3.559736 1.547735 -1.056692
v 3.559736 1.616921 -1.053249
v 3.138844 1.438634 -1.058008
v 3.138844 1.547631 -1.055531
v 3.138844 1.616750 -1.052091
v 3.923878 2.587320 -0.564073
v 3.923878 2.609972 -0.532523
v 3.923878 2.631190 -0.500353
v 3.559736 2.583889 -0.562458
v 3.559736 2.606470 -0.531007
v 3.559736 2.627623 -0.498936
v 3.138844 2.582625 -0.561863
v 3.138844 2.605180 -0.530448
v 3.138844 2.626308 -0.498415
v 3.923878 2.138827 0.969248
v 3.923878 2.099047 0.987213
v 3.923878 2.058484 1.004042
v 3.559736 2.136791 0.966527
v 3.559736 2.097135 0.984436
v 3.559736 2.056698 1.001212
v 3.138844 2.136041 0.965524
v 3.138844 2.096431 0.983413
v 3.138844 2.056041 1.000170
v 3.923878 2.767065 0.130123
v 3.923878 2.763931 0.166280
v 3.923878 2.759578 0.202651
v 3.559736 2.763082 0.129917
v 3.559736 2.759956 0.165993
v 3.559736 2.755614 0.202276
v 3.138844 2.761614 0.129841
v 3.138844 2.758492 0.165888
v 3.138844 2.754154 0.202138
v 3.923878 2.482972 -0.683268
v 3.923878 2.511055 -0.654596
v 3.923878 2.537830 -0.625148
v 3.559736 2.479866 -0.681283
v 3.559736 2.507861 -0.652700
v 3.559736 2.534553 -0.623344
v 3.138844 2.478721 -0.680551
v 3.138844 2.506684 -0.652001
v 3.138844 2.533345 -0.622679
v 3.923878 1.975217 1.034201
v 3.923878 1.932618 1.047494
v 3.923878 1.889448 1.059572
v 3.559736 1.973690 1.031278
v 3.559736 1.931224 1.044529
v 3.559736 1.888188 1.056570
v 3.138844 1.973127 1.030201
v 3.138844 1.930710 1.043437
v 3.138844 1.887724 1.055464
vn 0.0004 0.9964 -0.0845
vn 0.0001 0.9963 -0.0863
vn 0.0006 0.9966 -0.0828
vn 0.0011 0.9969 -0.0792
vn -0.0000 0.9929 -0.1193
vn 0.0009 0.9926 -0.1216
vn 0.0004 0.9927 -0.1203
vn 0.0001 0.9928 -0.1194
vn 0.0007 0.9917 -0.1285
vn 0.0010 0.9923 -0.1242
vn 0.0001 0.9962 -0.0876
vn 0.0011 0.9954 -0.0958
vn 0.0007 0.9946 -0.1041
vn 0.0013 0.9970 -0.0777
vn 0.0004 0.9983 -0.0588
vn 0.0013 0.9982 -0.0592
vn 0.0003 0.9983 -0.0584
vn 0.0005 0.9984 -0.0573
vn 0.0008 0.9962 -0.0867
vn 0.0013 0.9962 -0.0869
vn 0.0006 0.9984 -0.0562
vn 0.0010 0.9986 -0.0533
vn 0.0003 0.9877 -0.1564
vn -0.0001 0.9877 -0.1563
vn -0.0000 0.9877 -0.1563
vn 0.0004 0.9877 -0.1565
vn 0.0005 0.9875 -0.1577
vn 0.0002 0.9877 -0.1566
vn 0.0006 0.9929 -0.1191
vn 0.0005 0.9929 -0.1191
vn -0.0000 0.9869 -0.1611
vn -0.0001 0.9869 -0.1612
vn 0.0005 0.9874 -0.1584
vn 0.0004 0.9870 -0.1604
vn -0.0005 0.9914 -0.1311
vn 0.0004 0.9914 -0.1305
vn -0.0006 0.9957 -0.0925
vn 0.0007 0.9960 -0.0897
vn -0.0038 0.9943 -0.1061
vn 0.0013 0.9968 -0.0793
vn -0.0005 0.9940 -0.1090
vn 0.0016 0.9991 -0.0415
vn 0.0011 0.9986 -0.0523
vn 0.0018 0.9981 -0.0620
vn -0.0018 0.9923 -0.1235
vn -0.0015 0.9924 -0.1230
vn -0.0004 0.9927 -0.1203
vn -0.0000 0.9928 -0.1195
vn -0.0005 0.9963 -0.0855
vn -0.0026 0.9968 -0.0796
vn -0.0013 0.9965 -0.0833
vn -0.0002 0.9963 -0.0864
vn -0.0030 0.9969 -0.0784
vn -0.0021 0.9951 -0.0986
vn -0.0005 0.9869 -0.1610
vn -0.0007 0.9871 -0.1599
vn -0.0008 0.9874 -0.1581
vn -0.0002 0.9876 -0.1568
vn -0.0007 0.9913 -0.1313
vn 0.0005 0.9876 -0.1570
vn 0.0002 0.9876 -0.1567
vn 0.0002 0.9876 -0.1568
vn 0.0002 0.9929 -0.1193
vn -0.0003 0.9983 -0.0589
vn -0.0006 0.9983 -0.0581
vn -0.0004 0.9983 -0.0586
vn -0.0023 0.9986 -0.0527
vn -0.0011 0.9984 -0.0565
vn -0.0001 0.9963 -0.0865
vn -0.0040 0.9991 -0.0414
vn -0.0025 0.9987 -0.0513
vn -0.0038 0.9991 -0.0423
vn -0.0044 0.9980 -0.0628
vn -0.0021 0.9957 -0.0923
vn -0.0020 0.9957 -0.0931
vn -0.0009 0.9940 -0.1096
vn -0.0032 0.9966 -0.0821
vn -0.0000 0.9703 -0.2418
vn -0.0000 0.9703 -0.2419
vn 0.0002 0.9704 -0.2416
vn 0.0001 0.9588 -0.2841
vn 0.0002 0.9590 -0.2834
vn 0.0003 0.9591 -0.2829
vn 0.0003 0.9703 -0.2417
vn 0.0003 0.9703 -0.2418
vn 0.0003 0.9596 -0.2812
vn 0.0003 0.9596 -0.2813
vn 0.0009 0.9800 -0.1992
vn 0.0007 0.9800 -0.1991
vn -0.0001 0.9800 -0.1988
vn -0.0000 0.9800 -0.1988
vn 0.0006 0.9702 -0.2423
vn 0.0007 0.9702 -0.2424
vn 0.0008 0.9586 -0.2849
vn 0.0007 0.9586 -0.2849
vn 0.0002 0.9454 -0.3260
vn 0.0007 0.9452 -0.3264
vn 0.0002 0.9454 -0.3259
vn 0.0003 0.9456 -0.3252
vn 0.0005 0.9459 -0.3245
vn 0.0008 0.9465 -0.3226
vn 0.0006 0.9468 -0.3220
vn 0.0004 0.9476 -0.3194
vn -0.0001 0.9477 -0.3190
vn -0.0000 0.9477 -0.3191
vn -0.0000 0.9599 -0.2805
vn -0.0000 0.9703 -0.2420
vn 0.0004 0.9798 -0.1998
vn 0.0003 0.9795 -0.2012
vn -0.0000 0.9795 -0.2016
vn -0.0001 0.9795 -0.2016
vn 0.0002 0.9800 -0.1989
vn 0.0002 0.9800 -0.1990
vn -0.0005 0.9596 -0.2813
vn -0.0005 0.9591 -0.2829
vn -0.0006 0.9593 -0.2822
vn -0.0005 0.9596 -0.2814
vn -0.0002 0.9587 -0.2844
vn -0.0002 0.9587 -0.2845
vn -0.0004 0.9703 -0.2418
vn -0.0003 0.9703 -0.2418
vn -0.0000 0.9702 -0.2423
vn -0.0006 0.9467 -0.3221
vn -0.0002 0.9476 -0.3193
vn -0.0005 0.9458 -0.3248
vn -0.0007 0.9466 -0.3226
vn -0.0004 0.9453 -0.3262
vn -0.0004 0.9454 -0.3258
vn -0.0003 0.9452 -0.3265
vn -0.0001 0.9585 -0.2850
vn 0.0002 0.9701 -0.2427
vn 0.0002 0.9799 -0.1993
vn 0.0004 0.9799 -0.1996
vn 0.0001 0.9799 -0.1993
vn -0.0003 0.9799 -0.1994
vn -0.0004 0.9799 -0.1995
vn -0.0005 0.9796 -0.2008
vn 0.0004 0.9147 -0.4042
vn -0.0000 0.9139 -0.4059
vn 0.0008 0.9155 -0.4024
vn 0.0015 0.9171 -0.3986
vn 0.0003 0.8950 -0.4460
vn 0.0014 0.8925 -0.4510
vn 0.0008 0.8942 -0.4477
vn -0.0000 0.8957 -0.4446
vn 0.0010 0.8871 -0.4615
vn 0.0015 0.8905 -0.4551
vn 0.0019 0.9050 -0.4254
vn 0.0018 0.9178 -0.3970
vn 0.0009 0.9302 -0.3670
vn 0.0012 0.9301 -0.3673
vn 0.0003 0.9305 -0.3664
vn 0.0005 0.9308 -0.3656
vn 0.0008 0.9137 -0.4063
vn 0.0007 0.9137 -0.4063
vn 0.0006 0.9312 -0.3646
vn 0.0009 0.9322 -0.3620
vn 0.0004 0.8769 -0.4808
vn 0.0001 0.8767 -0.4810
vn 0.0002 0.8766 -0.4812
vn 0.0011 0.8769 -0.4807
vn 0.0007 0.8755 -0.4833
vn 0.0004 0.8762 -0.4819
vn 0.0007 0.8959 -0.4443
vn 0.0006 0.8958 -0.4444
vn -0.0005 0.8730 -0.4878
vn 0.0003 0.8731 -0.4876
vn 0.0008 0.8748 -0.4845
vn 0.0006 0.8735 -0.4869
vn -0.0007 0.8854 -0.4649
vn 0.0005 0.8856 -0.4645
vn -0.0002 0.9049 -0.4255
vn -0.0010 0.9048 -0.4259
vn 0.0012 0.9050 -0.4253
vn -0.0010 0.9048 -0.4258
vn 0.0007 0.9153 -0.4028
vn -0.0011 0.9156 -0.4020
vn 0.0011 0.9152 -0.4029
vn 0.0007 0.8942 -0.4476
vn 0.0011 0.8944 -0.4473
vn -0.0009 0.8937 -0.4486
vn -0.0000 0.9344 -0.3562
vn 0.0007 0.9341 -0.3570
vn 0.0010 0.9327 -0.3606
vn -0.0001 0.9344 -0.3562
vn -0.0008 0.9238 -0.3828
vn 0.0009 0.9236 -0.3833
vn 0.0008 0.9237 -0.3832
vn -0.0004 0.8953 -0.4455
vn -0.0005 0.8952 -0.4456
vn -0.0011 0.8942 -0.4476
vn -0.0022 0.8920 -0.4521
vn -0.0010 0.9147 -0.4042
vn -0.0026 0.9172 -0.3983
vn -0.0015 0.9153 -0.4027
vn -0.0003 0.9139 -0.4059
vn -0.0029 0.9179 -0.3969
vn -0.0029 0.9048 -0.4259
vn -0.0011 0.8864 -0.4630
vn -0.0022 0.8905 -0.4550
vn -0.0002 0.8765 -0.4813
vn -0.0001 0.8766 -0.4813
vn -0.0002 0.8763 -0.4818
vn -0.0009 0.8750 -0.4841
vn -0.0003 0.9303 -0.3669
vn -0.0008 0.9308 -0.3655
vn -0.0006 0.9306 -0.3660
vn -0.0016 0.9323 -0.3618
vn -0.0010 0.9311 -0.3649
vn -0.0002 0.9138 -0.4062
vn -0.0016 0.9326 -0.3608
vn -0.0009 0.9343 -0.3565
vn -0.0011 0.9238 -0.3828
vn -0.0016 0.9049 -0.4257
vn -0.0013 0.8936 -0.4488
vn -0.0014 0.9157 -0.4018
vn -0.0003 0.8731 -0.4876
vn -0.0009 0.8739 -0.4861
vn -0.0000 0.8349 -0.5504
vn 0.0002 0.8346 -0.5509
vn 0.0002 0.8347 -0.5507
vn -0.0000 0.8124 -0.5831
vn 0.0001 0.8122 -0.5834
vn 0.0001 0.8121 -0.5835
vn 0.0004 0.8333 -0.5528
vn 0.0004 0.8340 -0.5518
vn 0.0001 0.8118 -0.5839
vn 0.0001 0.8118 -0.5840
vn 0.0009 0.8565 -0.5161
vn 0.0004 0.8565 -0.5161
vn -0.0000 0.8565 -0.5162
vn 0.0001 0.8564 -0.5163
vn 0.0006 0.8350 -0.5503
vn 0.0008 0.8350 -0.5503
vn 0.0007 0.8124 -0.5831
vn 0.0008 0.8124 -0.5831
vn 0.0007 0.7890 -0.6144
vn 0.0008 0.7890 -0.6144
vn -0.0000 0.7890 -0.6145
vn -0.0000 0.7889 -0.6145
vn -0.0000 0.7889 -0.6146
vn -0.0000 0.7888 -0.6146
vn -0.0000 0.8116 -0.5843
vn -0.0000 0.8332 -0.5529
vn 0.0004 0.8553 -0.5182
vn 0.0003 0.8544 -0.5196
vn -0.0000 0.8542 -0.5199
vn -0.0001 0.8542 -0.5200
vn 0.0003 0.8560 -0.5169
vn 0.0005 0.8557 -0.5174
vn -0.0001 0.8117 -0.5840
vn -0.0001 0.8121 -0.5835
vn -0.0001 0.8118 -0.5840
vn -0.0000 0.8123 -0.5832
vn -0.0003 0.8336 -0.5523
vn -0.0002 0.8344 -0.5511
vn -0.0003 0.8337 -0.5522
vn -0.0000 0.8348 -0.5505
vn -0.0000 0.7890 -0.6144
vn 0.0001 0.8349 -0.5505
vn -0.0001 0.8563 -0.5165
vn 0.0001 0.8564 -0.5164
vn -0.0005 0.8558 -0.5173
vn -0.0005 0.8558 -0.5174
vn -0.0005 0.8547 -0.5191
vn -0.0005 0.8548 -0.5190
vn -0.0000 0.7399 -0.6727
vn -0.0000 0.7144 -0.6997
vn 0.0007 0.7648 -0.6443
vn 0.0008 0.7648 -0.6443
vn -0.0000 0.7648 -0.6443
vn 0.0007 0.7399 -0.6727
vn 0.0008 0.7399 -0.6727
vn 0.0007 0.7144 -0.6997
vn 0.0008 0.7144 -0.6997
vn 0.0007 0.6884 -0.7253
vn 0.0008 0.6884 -0.7253
vn -0.0000 0.6884 -0.7253
vn -0.0001 0.6060 -0.7955
vn -0.0000 0.6059 -0.7956
vn 0.0001 0.6059 -0.7955
vn -0.0001 0.6059 -0.7955
vn 0.0003 0.6065 -0.7951
vn 0.0003 0.6066 -0.7950
vn -0.0000 0.6341 -0.7732
vn -0.0000 0.6341 -0.7733
vn 0.0001 0.6344 -0.7730
vn -0.0000 0.5780 -0.8160
vn -0.0002 0.5778 -0.8162
vn -0.0001 0.5777 -0.8163
vn -0.0000 0.5776 -0.8163
vn 0.0002 0.5778 -0.8162
vn 0.0005 0.5790 -0.8153
vn 0.0003 0.5782 -0.8159
vn 0.0006 0.5793 -0.8151
vn 0.0004 0.6071 -0.7946
vn 0.0001 0.6347 -0.7728
vn -0.0000 0.6617 -0.7497
vn -0.0000 0.6618 -0.7497
vn -0.0000 0.6617 -0.7498
vn -0.0000 0.6342 -0.7732
vn -0.0000 0.6061 -0.7954
vn -0.0001 0.6341 -0.7732
vn -0.0000 0.6340 -0.7733
vn -0.0002 0.6060 -0.7954
vn -0.0000 0.6057 -0.7957
vn 0.0001 0.6060 -0.7955
vn 0.0007 0.6618 -0.7497
vn 0.0008 0.6618 -0.7497
vn 0.0007 0.6345 -0.7729
vn 0.0005 0.6067 -0.7949
vn 0.0004 0.5788 -0.8155
vn 0.0003 0.5787 -0.8155
vn -0.0003 0.5778 -0.8161
vn -0.0003 0.5779 -0.8161
vn -0.0000 0.5775 -0.8164
vn 0.0002 0.5777 -0.8162
vn 0.0006 0.5360 -0.8442
vn 0.0011 0.5291 -0.8486
vn 0.0005 0.5264 -0.8503
vn 0.0010 0.5291 -0.8486
vn 0.0001 0.5249 -0.8511
vn 0.0001 0.5250 -0.8511
vn 0.0008 0.4946 -0.8691
vn 0.0019 0.4900 -0.8717
vn 0.0012 0.4931 -0.8700
vn 0.0003 0.4958 -0.8684
vn 0.0023 0.4888 -0.8724
vn 0.0019 0.5112 -0.8595
vn -0.0001 0.5528 -0.8333
vn 0.0003 0.5520 -0.8338
vn 0.0003 0.5521 -0.8338
vn -0.0000 0.5528 -0.8333
vn 0.0001 0.5508 -0.8346
vn 0.0002 0.5510 -0.8345
vn 0.0002 0.5372 -0.8435
vn -0.0000 0.5320 -0.8468
vn 0.0003 0.5512 -0.8343
vn 0.0002 0.5512 -0.8344
vn -0.0003 0.5506 -0.8347
vn -0.0003 0.5507 -0.8347
vn 0.0005 0.5244 -0.8515
vn 0.0009 0.4666 -0.8845
vn 0.0008 0.4648 -0.8854
vn 0.0006 0.4662 -0.8847
vn 0.0020 0.4675 -0.8840
vn 0.0014 0.4607 -0.8876
vn 0.0011 0.4637 -0.8860
vn 0.0011 0.4963 -0.8681
vn 0.0010 0.4962 -0.8682
vn -0.0008 0.4535 -0.8912
vn 0.0006 0.4540 -0.8910
vn 0.0015 0.4589 -0.8885
vn 0.0010 0.4550 -0.8905
vn -0.0008 0.4756 -0.8797
vn 0.0008 0.4762 -0.8793
vn 0.0011 0.4762 -0.8793
vn -0.0000 0.5104 -0.8599
vn 0.0008 0.5111 -0.8595
vn 0.0012 0.5109 -0.8596
vn -0.0010 0.5102 -0.8600
vn -0.0009 0.5266 -0.8501
vn 0.0009 0.5269 -0.8499
vn 0.0009 0.4934 -0.8698
vn 0.0012 0.4937 -0.8696
vn -0.0009 0.4925 -0.8703
vn -0.0022 0.5098 -0.8603
vn -0.0015 0.4776 -0.8786
vn -0.0022 0.4887 -0.8725
vn -0.0013 0.4929 -0.8701
vn -0.0023 0.4854 -0.8743
vn -0.0007 0.4951 -0.8688
vn -0.0007 0.4950 -0.8689
vn -0.0012 0.5285 -0.8489
vn -0.0005 0.5263 -0.8503
vn -0.0000 0.5252 -0.8510
vn -0.0007 0.5354 -0.8446
vn -0.0011 0.5288 -0.8487
vn -0.0013 0.5099 -0.8602
vn -0.0013 0.4924 -0.8704
vn -0.0010 0.5265 -0.8502
vn -0.0010 0.4536 -0.8912
vn -0.0017 0.4590 -0.8884
vn -0.0015 0.4596 -0.8881
vn -0.0010 0.4639 -0.8859
vn -0.0008 0.4672 -0.8841
vn -0.0008 0.4671 -0.8842
vn -0.0012 0.4647 -0.8855
vn -0.0004 0.4961 -0.8683
vn 0.0007 0.5518 -0.8340
vn 0.0004 0.5509 -0.8346
vn 0.0006 0.5516 -0.8341
vn 0.0001 0.5510 -0.8345
vn -0.0002 0.5511 -0.8344
vn 0.0003 0.5246 -0.8514
vn -0.0003 0.5515 -0.8342
vn -0.0003 0.5525 -0.8335
vn 0.0004 0.4060 -0.9139
vn 0.0003 0.4083 -0.9129
vn 0.0004 0.4065 -0.9136
vn 0.0002 0.4041 -0.9147
vn 0.0003 0.4098 -0.9122
vn 0.0003 0.4087 -0.9127
vn 0.0002 0.3805 -0.9248
vn 0.0002 0.3811 -0.9245
vn 0.0002 0.3813 -0.9244
vn 0.0001 0.3803 -0.9249
vn 0.0001 0.3821 -0.9241
vn 0.0001 0.3822 -0.9241
vn 0.0003 0.4282 -0.9037
vn 0.0011 0.4317 -0.9020
vn 0.0007 0.4288 -0.9034
vn -0.0003 0.4279 -0.9038
vn 0.0009 0.4352 -0.9003
vn 0.0011 0.4327 -0.9016
vn 0.0005 0.4374 -0.8993
vn 0.0007 0.4360 -0.9000
vn 0.0012 0.4384 -0.8988
vn 0.0006 0.4379 -0.8990
vn 0.0010 0.4105 -0.9119
vn 0.0012 0.4106 -0.9118
vn 0.0009 0.3827 -0.9239
vn 0.0010 0.3827 -0.9239
vn -0.0000 0.3546 -0.9350
vn 0.0008 0.3547 -0.9350
vn 0.0009 0.3547 -0.9350
vn -0.0000 0.3544 -0.9351
vn -0.0000 0.3543 -0.9351
vn -0.0000 0.3542 -0.9352
vn -0.0000 0.3796 -0.9251
vn -0.0001 0.4037 -0.9149
vn -0.0000 0.4037 -0.9149
vn -0.0001 0.3801 -0.9250
vn -0.0002 0.3812 -0.9245
vn -0.0002 0.3813 -0.9244
vn -0.0001 0.3802 -0.9249
vn -0.0001 0.3823 -0.9240
vn -0.0001 0.3824 -0.9240
vn -0.0008 0.4058 -0.9139
vn -0.0005 0.4073 -0.9133
vn -0.0005 0.4074 -0.9132
vn -0.0005 0.4038 -0.9148
vn -0.0004 0.4097 -0.9122
vn -0.0000 0.3545 -0.9351
vn -0.0000 0.3547 -0.9350
vn -0.0001 0.3828 -0.9238
vn -0.0003 0.4107 -0.9118
vn -0.0007 0.4374 -0.8993
vn -0.0006 0.4388 -0.8986
vn -0.0007 0.4373 -0.8993
vn -0.0011 0.4319 -0.9019
vn -0.0010 0.4338 -0.9010
vn -0.0009 0.4298 -0.9029
vn -0.0003 0.4281 -0.9037
vn -0.0000 0.2979 -0.9546
vn -0.0000 0.2695 -0.9630
vn -0.0000 0.3263 -0.9453
vn 0.0008 0.3263 -0.9453
vn 0.0009 0.3263 -0.9452
vn 0.0009 0.2979 -0.9546
vn 0.0009 0.2695 -0.9630
vn 0.0010 0.2695 -0.9630
vn -0.0000 0.2410 -0.9705
vn 0.0009 0.2411 -0.9705
vn 0.0010 0.2411 -0.9705
vn -0.0000 0.2694 -0.9630
vn -0.0001 0.1562 -0.9877
vn -0.0001 0.1555 -0.9878
vn -0.0001 0.1554 -0.9879
vn -0.0001 0.1560 -0.9878
vn -0.0000 0.1553 -0.9879
vn 0.0001 0.1554 -0.9879
vn -0.0000 0.1843 -0.9829
vn -0.0000 0.1840 -0.9829
vn 0.0001 0.1284 -0.9917
vn -0.0002 0.1273 -0.9919
vn -0.0003 0.1275 -0.9918
vn -0.0000 0.1284 -0.9917
vn -0.0002 0.1269 -0.9919
vn -0.0001 0.1268 -0.9919
vn 0.0001 0.1268 -0.9919
vn 0.0001 0.1269 -0.9919
vn 0.0002 0.1271 -0.9919
vn 0.0001 0.1555 -0.9878
vn -0.0000 0.1841 -0.9829
vn -0.0000 0.2126 -0.9771
vn -0.0000 0.2127 -0.9771
vn -0.0000 0.1845 -0.9828
vn -0.0000 0.1565 -0.9877
vn 0.0001 0.1844 -0.9829
vn 0.0001 0.1843 -0.9829
vn -0.0000 0.1838 -0.9830
vn 0.0002 0.1562 -0.9877
vn 0.0001 0.1554 -0.9878
vn 0.0002 0.1561 -0.9877
vn -0.0000 0.1551 -0.9879
vn -0.0000 0.2125 -0.9772
vn 0.0009 0.2126 -0.9771
vn 0.0010 0.2126 -0.9771
vn 0.0009 0.1840 -0.9829
vn 0.0010 0.1840 -0.9829
vn 0.0008 0.1553 -0.9879
vn 0.0009 0.1554 -0.9879
vn -0.0001 0.1265 -0.9920
vn 0.0007 0.1268 -0.9919
vn 0.0002 0.1269 -0.9919
vn 0.0002 0.1268 -0.9919
vn 0.0003 0.1280 -0.9918
vn 0.0003 0.1278 -0.9918
vn 0.0005 0.0853 -0.9964
vn 0.0011 0.0811 -0.9967
vn -0.0001 0.0630 -0.9980
vn 0.0008 0.0784 -0.9969
vn -0.0000 0.0790 -0.9969
vn 0.0001 0.0611 -0.9981
vn 0.0006 0.0576 -0.9983
vn -0.0000 0.0647 -0.9979
vn -0.0000 0.0567 -0.9984
vn 0.0003 0.0580 -0.9983
vn 0.0007 0.0651 -0.9979
vn 0.0002 0.1026 -0.9947
vn 0.0005 0.1017 -0.9948
vn 0.0001 0.1026 -0.9947
vn 0.0004 0.1001 -0.9950
vn 0.0004 0.1002 -0.9950
vn 0.0002 0.0857 -0.9963
vn -0.0000 0.0801 -0.9968
vn 0.0007 0.0996 -0.9950
vn 0.0006 0.0996 -0.9950
vn -0.0001 0.0995 -0.9950
vn 0.0008 0.0788 -0.9969
vn 0.0009 0.0719 -0.9974
vn 0.0003 0.0578 -0.9983
vn -0.0000 0.0578 -0.9983
vn 0.0012 0.0615 -0.9981
vn 0.0001 0.0575 -0.9983
vn -0.0000 0.0569 -0.9984
vn -0.0000 0.0570 -0.9984
vn -0.0000 0.0574 -0.9983
vn -0.0000 0.0613 -0.9981
vn -0.0000 0.0615 -0.9981
vn -0.0000 0.0594 -0.9982
vn -0.0008 0.0614 -0.9981
vn -0.0003 0.0579 -0.9983
vn -0.0004 0.0648 -0.9979
vn -0.0008 0.0831 -0.9965
vn -0.0000 0.0568 -0.9984
vn -0.0003 0.0577 -0.9983
vn -0.0000 0.0611 -0.9981
vn -0.0001 0.0643 -0.9979
vn -0.0007 0.0803 -0.9968
vn -0.0002 0.0794 -0.9968
vn -0.0000 0.0791 -0.9969
vn -0.0006 0.0843 -0.9964
vn -0.0000 0.0575 -0.9983
vn -0.0000 0.0577 -0.9983
vn -0.0000 0.0648 -0.9979
vn 0.0002 0.0999 -0.9950
vn 0.0001 0.0998 -0.9950
vn 0.0001 0.0997 -0.9950
vn -0.0003 0.1002 -0.9950
vn 0.0001 0.0790 -0.9969
vn -0.0004 0.1008 -0.9949
vn -0.0004 0.1022 -0.9948
vn 0.0003 0.9928 0.1201
vn -0.0000 0.9928 0.1196
vn 0.0007 0.9926 0.1215
vn 0.0013 0.9924 0.1233
vn 0.0005 0.9965 0.0838
vn 0.0012 0.9970 0.0778
vn 0.0012 0.9967 0.0815
vn 0.0001 0.9963 0.0859
vn 0.0014 0.9971 0.0760
vn 0.0014 0.9971 0.0765
vn 0.0012 0.9962 0.0875
vn 0.0007 0.9960 0.0889
vn 0.0018 0.9942 0.1071
vn 0.0011 0.9909 0.1345
vn 0.0013 0.9920 0.1264
vn 0.0003 0.9877 0.1561
vn 0.0008 0.9877 0.1562
vn 0.0001 0.9878 0.1560
vn -0.0001 0.9877 0.1561
vn -0.0000 0.9929 0.1191
vn 0.0010 0.9929 0.1188
vn 0.0003 0.9877 0.1565
vn 0.0006 0.9875 0.1574
vn 0.0003 0.9983 0.0585
vn 0.0004 0.9984 0.0570
vn 0.0003 0.9983 0.0581
vn 0.0012 0.9982 0.0592
vn 0.0009 0.9986 0.0531
vn 0.0006 0.9985 0.0556
vn 0.0001 0.9962 0.0866
vn 0.0011 0.9962 0.0870
vn 0.0017 0.9991 0.0412
vn 0.0012 0.9988 0.0498
vn 0.0016 0.9991 0.0434
vn 0.0019 0.9982 0.0604
vn -0.0004 0.9960 0.0890
vn -0.0007 0.9959 0.0904
vn 0.0003 0.9963 0.0861
vn -0.0002 0.9958 0.0918
vn 0.0013 0.9972 0.0754
vn -0.0001 0.9950 0.1003
vn -0.0005 0.9949 0.1004
vn 0.0008 0.9952 0.0975
vn -0.0029 0.9951 0.0990
vn 0.0007 0.9921 0.1253
vn -0.0056 0.9908 0.1350
vn 0.0012 0.9922 0.1249
vn -0.0005 0.9867 0.1627
vn 0.0007 0.9869 0.1613
vn 0.0008 0.9873 0.1588
vn 0.0005 0.9867 0.1623
vn -0.0006 0.9904 0.1386
vn -0.0016 0.9959 0.0906
vn -0.0031 0.9969 0.0789
vn -0.0022 0.9964 0.0844
vn -0.0008 0.9958 0.0913
vn -0.0030 0.9970 0.0773
vn -0.0026 0.9969 0.0786
vn -0.0011 0.9965 0.0835
vn -0.0003 0.9963 0.0859
vn -0.0002 0.9927 0.1206
vn -0.0021 0.9922 0.1249
vn -0.0009 0.9925 0.1219
vn -0.0000 0.9928 0.1200
vn -0.0013 0.9906 0.1365
vn -0.0018 0.9918 0.1275
vn -0.0028 0.9939 0.1099
vn -0.0014 0.9959 0.0900
vn -0.0032 0.9969 0.0789
vn -0.0040 0.9991 0.0419
vn -0.0024 0.9986 0.0522
vn -0.0021 0.9986 0.0530
vn -0.0012 0.9984 0.0560
vn -0.0044 0.9981 0.0621
vn -0.0004 0.9983 0.0588
vn -0.0004 0.9983 0.0584
vn -0.0009 0.9984 0.0569
vn -0.0002 0.9963 0.0864
vn 0.0006 0.9876 0.1568
vn 0.0003 0.9877 0.1566
vn 0.0002 0.9877 0.1565
vn -0.0012 0.9874 0.1582
vn -0.0004 0.9877 0.1566
vn 0.0003 0.9928 0.1194
vn -0.0014 0.9873 0.1588
vn -0.0010 0.9867 0.1625
vn -0.0009 0.9952 0.0983
vn -0.0015 0.9919 0.1273
vn 0.0001 0.9583 0.2857
vn -0.0000 0.9585 0.2851
vn 0.0001 0.9585 0.2851
vn 0.0001 0.9583 0.2858
vn -0.0000 0.9586 0.2849
vn 0.0003 0.9696 0.2445
vn 0.0001 0.9702 0.2422
vn 0.0001 0.9703 0.2420
vn 0.0004 0.9700 0.2430
vn -0.0001 0.9703 0.2420
vn -0.0000 0.9703 0.2419
vn -0.0000 0.9450 0.3270
vn -0.0000 0.9451 0.3269
vn -0.0000 0.9451 0.3268
vn 0.0008 0.9451 0.3268
vn 0.0007 0.9451 0.3268
vn 0.0008 0.9585 0.2850
vn 0.0007 0.9585 0.2850
vn 0.0007 0.9702 0.2423
vn 0.0014 0.9702 0.2424
vn -0.0001 0.9801 0.1984
vn 0.0002 0.9801 0.1985
vn 0.0010 0.9801 0.1987
vn -0.0000 0.9801 0.1983
vn 0.0005 0.9800 0.1991
vn 0.0005 0.9795 0.2014
vn 0.0005 0.9798 0.1998
vn -0.0000 0.9794 0.2020
vn -0.0001 0.9794 0.2020
vn -0.0000 0.9696 0.2446
vn -0.0000 0.9582 0.2861
vn 0.0001 0.9702 0.2424
vn -0.0002 0.9701 0.2425
vn -0.0002 0.9701 0.2426
vn -0.0001 0.9585 0.2852
vn -0.0003 0.9698 0.2438
vn -0.0001 0.9583 0.2858
vn 0.0005 0.9799 0.1994
vn 0.0003 0.9800 0.1991
vn 0.0002 0.9800 0.1990
vn 0.0003 0.9701 0.2427
vn 0.0001 0.9585 0.2853
vn -0.0006 0.9796 0.2010
vn -0.0006 0.9796 0.2009
vn -0.0004 0.9799 0.1993
vn -0.0003 0.9800 0.1991
vn -0.0000 0.8958 0.4444
vn -0.0000 0.9137 0.4064
vn -0.0000 0.8767 0.4811
vn 0.0008 0.8767 0.4811
vn 0.0007 0.8767 0.4811
vn 0.0008 0.8958 0.4444
vn 0.0008 0.9137 0.4064
vn -0.0000 0.9301 0.3672
vn 0.0008 0.9301 0.3672
vn 0.0002 0.8134 0.5817
vn 0.0002 0.8126 0.5828
vn 0.0002 0.8134 0.5816
vn -0.0000 0.8122 0.5834
vn 0.0001 0.8353 0.5499
vn 0.0001 0.8349 0.5504
vn 0.0001 0.8353 0.5498
vn -0.0000 0.8347 0.5507
vn -0.0000 0.7912 0.6116
vn 0.0004 0.7905 0.6124
vn 0.0004 0.7905 0.6125
vn -0.0001 0.7912 0.6116
vn 0.0004 0.7894 0.6139
vn 0.0003 0.7893 0.6141
vn 0.0001 0.7887 0.6147
vn 0.0001 0.7887 0.6148
vn 0.0006 0.7887 0.6148
vn 0.0007 0.7887 0.6148
vn 0.0007 0.8121 0.5835
vn 0.0008 0.8347 0.5507
vn -0.0000 0.8562 0.5166
vn 0.0008 0.8563 0.5166
vn 0.0007 0.8563 0.5166
vn -0.0000 0.8563 0.5165
vn -0.0000 0.8563 0.5164
vn -0.0000 0.8564 0.5164
vn -0.0000 0.8355 0.5495
vn -0.0000 0.8138 0.5811
vn -0.0000 0.8347 0.5506
vn -0.0001 0.8349 0.5504
vn -0.0000 0.8122 0.5833
vn -0.0000 0.8123 0.5833
vn -0.0002 0.8127 0.5827
vn -0.0002 0.8125 0.5829
vn -0.0001 0.8353 0.5498
vn -0.0001 0.8352 0.5499
vn -0.0003 0.8129 0.5824
vn -0.0001 0.8138 0.5812
vn -0.0000 0.8563 0.5166
vn 0.0001 0.8122 0.5833
vn 0.0001 0.7888 0.6146
vn -0.0001 0.7888 0.6146
vn -0.0000 0.7888 0.6146
vn -0.0003 0.7891 0.6142
vn -0.0005 0.7895 0.6138
vn -0.0006 0.7899 0.6132
vn -0.0004 0.7910 0.6118
vn 0.0011 0.7013 0.7129
vn 0.0016 0.7095 0.7047
vn 0.0010 0.7119 0.7023
vn 0.0017 0.7064 0.7078
vn 0.0007 0.7132 0.7010
vn 0.0003 0.7140 0.7001
vn 0.0002 0.7412 0.6713
vn 0.0014 0.7448 0.6673
vn 0.0007 0.7422 0.6702
vn 0.0003 0.7407 0.6718
vn 0.0009 0.7519 0.6593
vn 0.0015 0.7472 0.6646
vn 0.0020 0.7277 0.6859
vn 0.0001 0.6810 0.7323
vn 0.0007 0.6817 0.7316
vn 0.0010 0.6840 0.7295
vn 0.0010 0.6851 0.7285
vn 0.0006 0.6867 0.7270
vn -0.0008 0.6984 0.7157
vn 0.0006 0.6989 0.7152
vn 0.0003 0.6880 0.7257
vn 0.0013 0.6883 0.7254
vn 0.0003 0.6876 0.7261
vn 0.0005 0.6873 0.7264
vn 0.0009 0.7144 0.6997
vn 0.0016 0.7144 0.6997
vn 0.0007 0.7645 0.6446
vn 0.0001 0.7647 0.6444
vn 0.0002 0.7648 0.6443
vn 0.0006 0.7645 0.6446
vn 0.0008 0.7665 0.6423
vn 0.0004 0.7652 0.6438
vn 0.0007 0.7399 0.6727
vn -0.0001 0.7691 0.6392
vn -0.0000 0.7691 0.6392
vn 0.0008 0.7669 0.6417
vn 0.0006 0.7689 0.6394
vn -0.0001 0.7535 0.6575
vn -0.0000 0.7535 0.6575
vn -0.0001 0.7272 0.6864
vn -0.0009 0.7270 0.6867
vn 0.0012 0.7276 0.6860
vn 0.0006 0.7122 0.7020
vn -0.0009 0.7115 0.7027
vn 0.0011 0.7123 0.7019
vn -0.0001 0.7423 0.6701
vn 0.0011 0.7423 0.6701
vn -0.0000 0.7423 0.6701
vn -0.0025 0.7267 0.6870
vn -0.0010 0.7517 0.6595
vn -0.0017 0.7444 0.6677
vn -0.0009 0.7420 0.6704
vn -0.0018 0.7468 0.6650
vn -0.0004 0.7411 0.6714
vn 0.0001 0.7401 0.6725
vn -0.0005 0.7135 0.7007
vn -0.0020 0.7084 0.7058
vn -0.0010 0.7118 0.7024
vn -0.0005 0.7134 0.7008
vn -0.0012 0.6999 0.7142
vn -0.0022 0.7062 0.7081
vn -0.0014 0.7269 0.6868
vn -0.0012 0.7422 0.6701
vn -0.0013 0.7111 0.7030
vn -0.0007 0.7687 0.6396
vn -0.0010 0.7669 0.6417
vn -0.0008 0.7662 0.6426
vn -0.0004 0.7652 0.6438
vn -0.0001 0.7649 0.6442
vn -0.0001 0.7648 0.6443
vn -0.0000 0.7400 0.6726
vn -0.0002 0.6881 0.7256
vn -0.0004 0.6876 0.7261
vn -0.0005 0.6875 0.7262
vn -0.0012 0.6843 0.7292
vn -0.0006 0.6867 0.7269
vn -0.0002 0.7142 0.6999
vn -0.0010 0.6824 0.7310
vn -0.0010 0.6825 0.7309
vn 0.0006 0.6242 0.7812
vn 0.0018 0.6209 0.7839
vn 0.0015 0.6228 0.7824
vn 0.0005 0.6268 0.7792
vn 0.0020 0.6207 0.7841
vn 0.0021 0.6161 0.7877
vn 0.0004 0.6397 0.7686
vn 0.0005 0.6398 0.7686
vn 0.0006 0.6394 0.7689
vn 0.0003 0.6396 0.7687
vn 0.0006 0.6388 0.7694
vn 0.0006 0.6370 0.7709
vn 0.0001 0.6222 0.7829
vn 0.0004 0.6220 0.7830
vn 0.0001 0.6250 0.7806
vn 0.0017 0.6198 0.7848
vn 0.0037 0.6137 0.7896
vn 0.0070 0.5989 0.8008
vn 0.0018 0.6154 0.7882
vn 0.0027 0.6108 0.7918
vn 0.0014 0.6359 0.7718
vn 0.0012 0.6360 0.7717
vn 0.0003 0.6614 0.7500
vn 0.0004 0.6615 0.7500
vn 0.0013 0.6616 0.7498
vn 0.0004 0.6614 0.7501
vn 0.0006 0.6602 0.7511
vn 0.0004 0.6611 0.7503
vn 0.0004 0.6581 0.7530
vn 0.0006 0.6598 0.7515
vn 0.0001 0.6577 0.7532
vn -0.0001 0.6577 0.7533
vn 0.0001 0.6394 0.7689
vn -0.0000 0.6394 0.7689
vn -0.0000 0.6278 0.7784
vn -0.0002 0.6423 0.7664
vn -0.0002 0.6423 0.7665
vn -0.0003 0.6413 0.7673
vn -0.0003 0.6414 0.7672
vn -0.0000 0.6291 0.7773
vn -0.0000 0.6258 0.7800
vn -0.0000 0.6255 0.7802
vn -0.0001 0.6287 0.7776
vn -0.0004 0.6404 0.7681
vn -0.0003 0.6401 0.7683
vn -0.0000 0.6252 0.7804
vn -0.0001 0.6282 0.7781
vn -0.0002 0.6627 0.7489
vn -0.0003 0.6622 0.7493
vn -0.0001 0.6426 0.7662
vn -0.0000 0.6292 0.7772
vn -0.0000 0.6259 0.7799
vn -0.0000 0.6225 0.7826
vn -0.0000 0.6224 0.7827
vn -0.0000 0.6223 0.7827
vn -0.0006 0.6588 0.7523
vn -0.0006 0.6586 0.7525
vn -0.0006 0.6607 0.7506
vn 0.0004 1.0000 0.0091
vn 0.0004 0.9999 0.0107
vn 0.0005 1.0000 0.0096
vn 0.0003 1.0000 -0.0036
vn 0.0002 0.9999 0.0112
vn 0.0002 0.9999 0.0113
vn 0.0005 1.0000 -0.0098
vn 0.0004 0.9999 -0.0106
vn 0.0004 0.9999 -0.0105
vn 0.0002 0.9999 -0.0116
vn 0.0011 0.9998 0.0218
vn 0.0009 0.9996 0.0284
vn 0.0011 0.9997 0.0229
vn 0.0005 0.9995 0.0326
vn 0.0007 0.9995 0.0302
vn 0.0003 0.9994 0.0342
vn 0.0004 0.9994 0.0338
vn 0.0012 0.9994 0.0354
vn 0.0004 0.9994 0.0349
vn 0.0008 0.9999 0.0118
vn 0.0009 0.9999 0.0118
vn 0.0009 0.9999 -0.0120
vn 0.0008 0.9999 -0.0119
vn 0.0003 0.9994 -0.0339
vn 0.0004 0.9994 -0.0351
vn 0.0014 0.9994 -0.0356
vn 0.0001 0.9994 -0.0348
vn 0.0008 0.9995 -0.0305
vn 0.0005 0.9995 -0.0332
vn 0.0011 0.9997 -0.0229
vn 0.0009 0.9996 -0.0289
vn 0.0011 0.9998 -0.0220
vn -0.0000 1.0000 0.0062
vn 0.0006 1.0000 -0.0069
vn 0.0006 1.0000 0.0066
vn -0.0004 0.9999 -0.0116
vn -0.0009 0.9999 -0.0105
vn -0.0004 0.9999 0.0114
vn -0.0009 0.9999 0.0102
vn -0.0010 1.0000 0.0097
vn -0.0013 1.0000 0.0036
vn -0.0013 1.0000 -0.0082
vn -0.0011 1.0000 0.0095
vn -0.0003 0.9994 -0.0353
vn -0.0005 0.9994 -0.0346
vn -0.0006 0.9994 -0.0345
vn -0.0002 0.9999 -0.0119
vn -0.0003 0.9999 0.0118
vn -0.0004 0.9994 0.0352
vn -0.0004 0.9994 0.0351
vn -0.0007 0.9994 0.0339
vn -0.0008 0.9995 0.0331
vn -0.0015 0.9995 0.0301
vn -0.0017 0.9996 0.0290
vn -0.0024 0.9997 0.0230
vn -0.0026 0.9998 0.0221
vn -0.0015 1.0000 0.0068
vn -0.0011 1.0000 -0.0063
vn -0.0015 1.0000 -0.0067
vn -0.0025 0.9996 -0.0296
vn -0.0032 0.9998 -0.0221
vn -0.0027 0.9998 -0.0218
vn -0.0009 0.9994 -0.0333
vn -0.0018 0.9996 -0.0299
vn 0.0108 -0.9700 -0.2428
vn 0.0071 -0.9700 -0.2428
vn 0.0108 -0.9584 -0.2853
vn 0.0071 -0.9584 -0.2853
vn 0.0020 -0.9701 -0.2428
vn 0.0019 -0.9584 -0.2853
vn 0.0020 -0.9584 -0.2853
vn 0.0276 -0.9795 -0.1995
vn 0.0275 -0.9697 -0.2428
vn 0.0274 -0.9581 -0.2852
vn 0.0273 -0.9447 -0.3267
vn 0.0107 -0.9450 -0.3268
vn 0.0071 -0.9451 -0.3268
vn 0.0019 -0.9451 -0.3268
vn 0.0005 -0.9451 -0.3268
vn 0.0005 -0.9584 -0.2853
vn 0.0005 -0.9701 -0.2428
vn 0.0020 -0.9799 -0.1995
vn 0.0005 -0.9799 -0.1995
vn 0.0072 -0.9799 -0.1996
vn 0.0109 -0.9798 -0.1996
vn -0.6332 -0.7715 0.0624
vn -0.6332 -0.7714 0.0624
vn -0.6333 -0.7714 0.0624
vn -0.6330 -0.7716 0.0623
vn -0.6331 -0.7715 0.0624
vn -0.6331 -0.7716 0.0623
vn -0.6330 -0.7717 0.0623
vn -0.6328 -0.7718 0.0624
vn -0.6331 -0.7716 0.0624
vn 0.1339 0.9871 -0.0877
vn 0.1336 0.9842 -0.1165
vn 0.0183 0.9960 -0.0876
vn 0.0182 0.9928 -0.1184
vn 0.8864 0.4620 -0.0299
vn 0.8788 0.4753 -0.0426
vn 0.8786 0.4756 -0.0428
vn 0.8787 0.4748 -0.0491
vn 0.8786 0.4744 -0.0557
vn 0.8856 0.4590 -0.0707
vn 0.1384 0.9786 -0.1526
vn 0.0188 0.9877 -0.1555
vn 0.0012 0.9877 -0.1566
vn 0.0012 0.9929 -0.1191
vn 0.0014 0.9962 -0.0869
vn 0.0015 0.9982 -0.0594
vn 0.0192 0.9980 -0.0610
vn 0.1392 0.9883 -0.0621
vn 0.1474 0.9596 -0.2396
vn 0.1473 0.9478 -0.2829
vn 0.0201 0.9699 -0.2425
vn 0.0202 0.9581 -0.2856
vn 0.8933 0.4407 -0.0883
vn 0.8973 0.4283 -0.1067
vn 0.8971 0.4233 -0.1265
vn 0.8926 0.4257 -0.1487
vn 0.1438 0.9346 -0.3253
vn 0.0198 0.9446 -0.3277
vn 0.0015 0.9451 -0.3268
vn 0.0015 0.9585 -0.2851
vn 0.0014 0.9701 -0.2426
vn 0.0013 0.9799 -0.1993
vn 0.0196 0.9799 -0.1986
vn 0.1441 0.9700 -0.1956
vn 0.1325 0.9051 -0.4041
vn 0.1322 0.8888 -0.4388
vn 0.0182 0.9132 -0.4070
vn 0.0181 0.8961 -0.4434
vn 0.8843 0.4336 -0.1734
vn 0.8766 0.4393 -0.1965
vn 0.8763 0.4322 -0.2129
vn 0.8834 0.4119 -0.2234
vn 0.1368 0.8700 -0.4737
vn 0.0187 0.8774 -0.4794
vn 0.0013 0.8769 -0.4806
vn 0.0013 0.8959 -0.4442
vn 0.0014 0.9136 -0.4065
vn 0.0015 0.9301 -0.3673
vn 0.0190 0.9294 -0.3685
vn 0.1377 0.9202 -0.3664
vn 0.1464 0.8267 -0.5433
vn 0.1483 0.8038 -0.5760
vn 0.0200 0.8351 -0.5497
vn 0.0203 0.8124 -0.5827
vn 0.8912 0.3893 -0.2328
vn 0.8961 0.3711 -0.2435
vn 0.8983 0.3572 -0.2557
vn 0.8991 0.3456 -0.2687
vn 0.1490 0.7805 -0.6072
vn 0.0204 0.7890 -0.6141
vn 0.0015 0.7890 -0.6144
vn 0.0015 0.8124 -0.5831
vn 0.0014 0.8350 -0.5503
vn 0.0013 0.8565 -0.5161
vn 0.0195 0.8568 -0.5152
vn 0.1425 0.8488 -0.5091
vn 0.1496 0.7320 -0.6647
vn 0.1501 0.7068 -0.6913
vn 0.0205 0.7400 -0.6723
vn 0.0206 0.7145 -0.6993
vn 0.8994 0.3345 -0.2814
vn 0.8998 0.3231 -0.2932
vn 0.9004 0.3112 -0.3042
vn 0.9012 0.2987 -0.3141
vn 0.1508 0.6810 -0.7166
vn 0.0207 0.6885 -0.7249
vn 0.0015 0.6884 -0.7253
vn 0.0015 0.7145 -0.6997
vn 0.0015 0.7399 -0.6727
vn 0.0015 0.7648 -0.6443
vn 0.0205 0.7648 -0.6440
vn 0.1492 0.7565 -0.6367
vn 0.1521 0.6279 -0.7633
vn 0.1515 0.6007 -0.7850
vn 0.0208 0.6349 -0.7723
vn 0.0206 0.6074 -0.7942
vn 0.9021 0.2860 -0.3231
vn 0.9027 0.2734 -0.3321
vn 0.9022 0.2622 -0.3425
vn 0.8996 0.2530 -0.3560
vn 0.1490 0.5731 -0.8058
vn 0.0201 0.5794 -0.8148
vn 0.0011 0.5792 -0.8152
vn 0.0013 0.6070 -0.7947
vn 0.0015 0.6347 -0.7728
vn 0.0015 0.6618 -0.7496
vn 0.0208 0.6620 -0.7492
vn 0.1516 0.6548 -0.7405
vn 0.1418 0.5190 -0.8429
vn 0.1439 0.4931 -0.8580
vn 0.0192 0.5242 -0.8514
vn 0.0199 0.4973 -0.8674
vn 0.8946 0.2461 -0.3730
vn 0.8904 0.2386 -0.3876
vn 0.8908 0.2377 -0.3872
vn 0.8927 0.2258 -0.3900
vn 0.8926 0.2251 -0.3907
vn 0.9008 0.2051 -0.3826
vn 0.1509 0.4655 -0.8721
vn 0.0212 0.4693 -0.8828
vn 0.0021 0.4678 -0.8839
vn 0.0017 0.4965 -0.8680
vn 0.0012 0.5244 -0.8515
vn 0.0009 0.5515 -0.8341
vn 0.0194 0.5515 -0.8340
vn 0.1448 0.5455 -0.8255
vn 0.1648 0.4074 -0.8982
vn 0.1688 0.3787 -0.9100
vn 0.0229 0.4120 -0.9109
vn 0.0233 0.3835 -0.9232
vn 0.9095 0.1843 -0.3725
vn 0.9155 0.1665 -0.3663
vn 0.9191 0.1516 -0.3636
vn 0.9193 0.1509 -0.3636
vn 0.9214 0.1390 -0.3629
vn 0.9217 0.1377 -0.3627
vn 0.9235 0.1263 -0.3623
vn 0.1715 0.3503 -0.9208
vn 0.0236 0.3551 -0.9345
vn 0.0017 0.3548 -0.9349
vn 0.0018 0.3830 -0.9238
vn 0.0019 0.4110 -0.9116
vn 0.0021 0.4392 -0.8984
vn 0.0223 0.4406 -0.8974
vn 0.1589 0.4365 -0.8856
vn 0.1765 0.2941 -0.9393
vn 0.1795 0.2660 -0.9471
vn 0.0243 0.2983 -0.9542
vn 0.0248 0.2699 -0.9626
vn 0.9238 0.1252 -0.3618
vn 0.9257 0.1140 -0.3607
vn 0.9259 0.1129 -0.3604
vn 0.9280 0.1019 -0.3585
vn 0.9281 0.1008 -0.3583
vn 0.9303 0.0897 -0.3558
vn 0.9303 0.0886 -0.3560
vn 0.9325 0.0778 -0.3526
vn 0.1827 0.2379 -0.9539
vn 0.0252 0.2415 -0.9701
vn 0.0019 0.2411 -0.9705
vn 0.0018 0.2695 -0.9630
vn 0.0018 0.2980 -0.9546
vn 0.0018 0.3264 -0.9452
vn 0.0240 0.3267 -0.9448
vn 0.1739 0.3222 -0.9306
vn 0.1896 0.1816 -0.9649
vn 0.1917 0.1533 -0.9694
vn 0.0261 0.1845 -0.9825
vn 0.0264 0.1559 -0.9874
vn 0.9326 0.0769 -0.3526
vn 0.9347 0.0661 -0.3492
vn 0.9350 0.0656 -0.3485
vn 0.9363 0.0554 -0.3468
vn 0.9363 0.0547 -0.3469
vn 0.9363 0.0449 -0.3484
vn 0.9360 0.0446 -0.3493
vn 0.9352 0.0344 -0.3526
vn 0.1915 0.1248 -0.9735
vn 0.0262 0.1271 -0.9915
vn 0.0017 0.1270 -0.9919
vn 0.0018 0.1555 -0.9878
vn 0.0019 0.1841 -0.9829
vn 0.0019 0.2127 -0.9771
vn 0.0257 0.2130 -0.9767
vn 0.1863 0.2099 -0.9598
vn 0.1993 0.0716 -0.9773
vn 0.2208 0.0578 -0.9736
vn 0.0278 0.0772 -0.9966
vn 0.0279 0.0768 -0.9967
vn 0.0315 0.0643 -0.9974
vn 0.0324 0.0631 -0.9975
vn 0.0375 0.0588 -0.9976
vn 0.9357 0.0333 -0.3513
vn 0.9383 0.0242 -0.3451
vn 0.9384 0.0233 -0.3448
vn 0.9487 0.0167 -0.3156
vn 0.9625 0.0140 -0.2711
vn 0.2598 0.0528 -0.9642
vn 0.0383 0.0581 -0.9976
vn 0.0024 0.0647 -0.9979
vn 0.0028 0.0581 -0.9983
vn 0.0021 0.0786 -0.9969
vn 0.0018 0.0787 -0.9969
vn 0.0016 0.0997 -0.9950
vn 0.0262 0.0992 -0.9947
vn 0.1911 0.0961 -0.9769
vn 0.1258 0.9853 0.1157
vn 0.1259 0.9881 0.0885
vn 0.0171 0.9929 0.1178
vn 0.0172 0.9960 0.0880
vn 0.8781 0.4732 0.0715
vn 0.8659 0.4969 0.0576
vn 0.8656 0.4986 0.0454
vn 0.8657 0.4972 0.0575
vn 0.8658 0.4984 0.0453
vn 0.8776 0.4783 0.0322
vn 0.1332 0.9890 0.0639
vn 0.0183 0.9979 0.0619
vn 0.0015 0.9982 0.0595
vn 0.0013 0.9962 0.0870
vn 0.0011 0.9929 0.1189
vn 0.0011 0.9877 0.1562
vn 0.0180 0.9878 0.1544
vn 0.1331 0.9796 0.1508
vn 0.1522 0.9475 0.2812
vn 0.1489 0.9597 0.2383
vn 0.0208 0.9584 0.2848
vn 0.0203 0.9701 0.2418
vn 0.9038 0.4045 0.1396
vn 0.9028 0.4124 0.1221
vn 0.8991 0.4249 0.1050
vn 0.8911 0.4451 0.0880
vn 0.1424 0.9706 0.1941
vn 0.0193 0.9801 0.1977
vn 0.0012 0.9800 0.1989
vn 0.0015 0.9585 0.2851
vn 0.0015 0.9451 0.3268
vn 0.0210 0.9449 0.3266
vn 0.1531 0.9341 0.3226
vn 0.1536 0.8854 0.4387
vn 0.1534 0.9030 0.4012
vn 0.0211 0.8957 0.4441
vn 0.0211 0.9136 0.4061
vn 0.9046 0.3738 0.2047
vn 0.9043 0.3826 0.1894
vn 0.9041 0.3905 0.1734
vn 0.9040 0.3977 0.1568
vn 0.1533 0.9193 0.3625
vn 0.0210 0.9300 0.3670
vn 0.0015 0.9301 0.3672
vn 0.0015 0.9137 0.4064
vn 0.0015 0.8959 0.4443
vn 0.0015 0.8767 0.4811
vn 0.0211 0.8766 0.4807
vn 0.1538 0.8665 0.4749
vn 0.1527 0.8026 0.5767
vn 0.1540 0.8249 0.5438
vn 0.0209 0.8120 0.5833
vn 0.0211 0.8346 0.5504
vn 0.8996 0.3441 0.2691
vn 0.9034 0.3482 0.2503
vn 0.9049 0.3554 0.2343
vn 0.9050 0.3645 0.2195
vn 0.1541 0.8463 0.5099
vn 0.0212 0.8562 0.5162
vn 0.0016 0.8563 0.5165
vn 0.0015 0.8347 0.5507
vn 0.0015 0.8122 0.5834
vn 0.0014 0.7887 0.6148
vn 0.0204 0.7883 0.6150
vn 0.1493 0.7793 0.6086
vn 0.1405 0.7088 0.6913
vn 0.1396 0.7322 0.6666
vn 0.0193 0.7150 0.6988
vn 0.0191 0.7395 0.6729
vn 0.8962 0.3071 0.3202
vn 0.8883 0.3291 0.3203
vn 0.8872 0.3410 0.3107
vn 0.8930 0.3433 0.2910
vn 0.1440 0.7555 0.6391
vn 0.0197 0.7639 0.6451
vn 0.0013 0.7645 0.6446
vn 0.0014 0.7398 0.6728
vn 0.0015 0.7145 0.6996
vn 0.0016 0.6885 0.7253
vn 0.0202 0.6895 0.7240
vn 0.1467 0.6834 0.7152
vn 0.1657 0.6013 0.7816
vn 0.1595 0.6282 0.7615
vn 0.0235 0.6092 0.7927
vn 0.0219 0.6353 0.7720
vn 0.9298 0.2176 0.2968
vn 0.9159 0.2451 0.3179
vn 0.9108 0.2631 0.3182
vn 0.9049 0.2832 0.3179
vn 0.1540 0.6560 0.7389
vn 0.0212 0.6626 0.7486
vn 0.0017 0.6618 0.7497
vn 0.0020 0.6351 0.7724
vn 0.0032 0.6107 0.7919
vn 0.0069 0.5879 0.8089
vn 0.0290 0.5855 0.8102
vn 0.1857 0.5776 0.7949
vn 0.8749 0.2716 0.4008
vn 0.4587 0.5030 0.7325
vn 0.2765 0.5117 0.8135
vn 0.0869 0.5457 0.8335
vn 1.0000 0.0026 0.0033
vn 1.0000 0.0027 0.0037
vn 1.0000 -0.0001 -0.0005
vn 0.9992 0.0242 0.0327
vn 0.9897 0.0839 0.1156
vn 0.9607 0.1623 0.2254
vn 0.2522 0.5550 0.7927
vn 0.0437 0.5649 0.8240
vn 0.0156 0.5578 0.8298
vn 0.0247 0.5301 0.8476
vn 0.0503 0.5042 0.8621
vn 0.2703 0.4613 0.8451
vn 0.2702 0.4613 0.8451
vn 0.9255 0.1948 0.3248
vn 0.9981 0.0342 0.0517
vn 1.0000 -0.0000 -0.0000
vn 1.0000 -0.0002 -0.0005
vn 1.0000 -0.0001 -0.0006
vn 1.0000 -0.0003 -0.0006
vn 1.0000 -0.0002 -0.0007
vn 1.0000 0.0002 -0.0000
vn 1.0000 -0.0000 -0.0005
vn 1.0000 -0.0002 -0.0006
vn 1.0000 -0.0001 -0.0007
vn 1.0000 -0.0000 -0.0001
vn 1.0000 0.0001 0.0001
vn 0.1478 0.9889 0.0135
vn 0.1487 0.9888 -0.0126
vn 0.0203 0.9997 0.0128
vn 0.0205 0.9997 -0.0124
vn 0.8905 0.4546 0.0190
vn 0.8976 0.4408 0.0064
vn 0.8981 0.4397 0.0003
vn 0.8986 0.4387 -0.0058
vn 0.8945 0.4467 -0.0177
vn 0.1454 0.9887 -0.0379
vn 0.0200 0.9991 -0.0370
vn 0.0016 0.9994 -0.0357
vn 0.0016 0.9999 -0.0121
vn 0.0016 0.9999 0.0120
vn 0.0016 0.9994 0.0357
vn 0.0196 0.9991 0.0377
vn 0.1422 0.9891 0.0393
vn 0.1613 -0.9832 0.0854
vn 0.1611 -0.9799 0.1175
vn 0.4055 -0.9107 0.0791
vn 0.4050 -0.9078 0.1089
vn 0.0694 -0.9958 0.0589
vn 0.0694 -0.9939 0.0862
vn 0.0693 -0.9905 0.1187
vn 0.0691 -0.9852 0.1566
vn 0.1608 -0.9747 0.1550
vn 0.4044 -0.9032 0.1438
vn 0.9319 -0.3601 0.0434
vn 0.9317 -0.3588 0.0571
vn 0.9317 -0.3588 0.0570
vn 0.9320 -0.3610 0.0316
vn 0.9320 -0.3605 0.0372
vn 0.9321 -0.3612 0.0265
vn 0.9321 -0.3612 0.0263
vn 0.9322 -0.3615 0.0172
vn 0.9322 -0.3616 0.0171
vn 0.4057 -0.9124 0.0541
vn 0.1614 -0.9852 0.0583
vn 0.1597 -0.9576 0.2399
vn 0.1590 -0.9462 0.2818
vn 0.4021 -0.8881 0.2226
vn 0.4006 -0.8781 0.2615
vn 0.0689 -0.9775 0.1992
vn 0.0687 -0.9678 0.2424
vn 0.0684 -0.9562 0.2847
vn 0.0680 -0.9429 0.3261
vn 0.1583 -0.9332 0.3228
vn 0.3990 -0.8666 0.2997
vn 0.9297 -0.3482 0.1204
vn 0.9303 -0.3516 0.1047
vn 0.9308 -0.3544 0.0889
vn 0.9313 -0.3569 0.0729
vn 0.4034 -0.8966 0.1830
vn 0.1603 -0.9672 0.1972
vn 0.1565 -0.9024 0.4014
vn 0.1555 -0.8849 0.4390
vn 0.3951 -0.8393 0.3734
vn 0.3930 -0.8238 0.4086
vn 0.0677 -0.9280 0.3664
vn 0.0673 -0.9116 0.4055
vn 0.0668 -0.8938 0.4434
vn 0.0664 -0.8747 0.4801
vn 0.1545 -0.8661 0.4753
vn 0.3907 -0.8070 0.4429
vn 0.9265 -0.3299 0.1810
vn 0.9274 -0.3351 0.1663
vn 0.9282 -0.3399 0.1512
vn 0.9290 -0.3443 0.1359
vn 0.3971 -0.8536 0.3370
vn 0.1574 -0.9185 0.3626
vn 0.1523 -0.8250 0.5442
vn 0.1511 -0.8030 0.5765
vn 0.3859 -0.7701 0.5080
vn 0.3833 -0.7503 0.5387
vn 0.0659 -0.8544 0.5154
vn 0.0654 -0.8330 0.5494
vn 0.0649 -0.8106 0.5820
vn 0.0644 -0.7873 0.6132
vn 0.1500 -0.7800 0.6075
vn 0.3807 -0.7295 0.5682
vn 0.9224 -0.3047 0.2373
vn 0.9235 -0.3117 0.2237
vn 0.9245 -0.3181 0.2098
vn 0.9255 -0.3242 0.1956
vn 0.3883 -0.7891 0.4760
vn 0.1534 -0.8461 0.5104
vn 0.1476 -0.7318 0.6654
vn 0.1464 -0.7067 0.6922
vn 0.3754 -0.6858 0.6235
vn 0.3727 -0.6629 0.6493
vn 0.0639 -0.7632 0.6430
vn 0.0634 -0.7384 0.6714
vn 0.0628 -0.7130 0.6983
vn 0.0623 -0.6870 0.7239
vn 0.1452 -0.6811 0.7177
vn 0.3700 -0.6395 0.6739
vn 0.9177 -0.2734 0.2881
vn 0.9189 -0.2818 0.2760
vn 0.9201 -0.2898 0.2635
vn 0.9213 -0.2975 0.2506
vn 0.3780 -0.7080 0.5965
vn 0.1488 -0.7562 0.6372
vn 0.1428 -0.6284 0.7646
vn 0.1417 -0.6016 0.7861
vn 0.3647 -0.5912 0.7193
vn 0.3622 -0.5665 0.7402
vn 0.0618 -0.6606 0.7482
vn 0.0613 -0.6338 0.7711
vn 0.0608 -0.6066 0.7927
vn 0.0603 -0.5792 0.8130
vn 0.1406 -0.5745 0.8064
vn 0.3597 -0.5414 0.7599
vn 0.9129 -0.2369 0.3325
vn 0.9128 -0.2362 0.3331
vn 0.9118 -0.2276 0.3419
vn 0.9141 -0.2465 0.3221
vn 0.9153 -0.2558 0.3112
vn 0.9165 -0.2648 0.2999
vn 0.3674 -0.6156 0.6972
vn 0.1440 -0.6550 0.7418
vn 0.1385 -0.5195 0.8432
vn 0.1375 -0.4918 0.8598
vn 0.3549 -0.4904 0.7960
vn 0.3526 -0.4646 0.8123
vn 0.0598 -0.5515 0.8320
vn 0.0594 -0.5236 0.8499
vn 0.0590 -0.4956 0.8665
vn 0.0586 -0.4675 0.8821
vn 0.1366 -0.4639 0.8753
vn 0.3504 -0.4386 0.8276
vn 0.9090 -0.2063 0.3621
vn 0.9080 -0.1956 0.3705
vn 0.9071 -0.1859 0.3777
vn 0.9081 -0.1970 0.3696
vn 0.9103 -0.2164 0.3528
vn 0.9093 -0.2073 0.3607
vn 0.9117 -0.2262 0.3429
vn 0.9107 -0.2173 0.3513
vn 0.3572 -0.5160 0.7785
vn 0.1395 -0.5470 0.8254
vn 0.1348 -0.4078 0.9031
vn 0.1340 -0.3797 0.9153
vn 0.3464 -0.3861 0.8549
vn 0.3445 -0.3597 0.8671
vn 0.0582 -0.4392 0.8965
vn 0.0578 -0.4109 0.9098
vn 0.0574 -0.3826 0.9221
vn 0.0571 -0.3542 0.9334
vn 0.1333 -0.3516 0.9266
vn 0.3428 -0.3333 0.8783
vn 0.9050 -0.1624 0.3932
vn 0.9039 -0.1512 0.4000
vn 0.9031 -0.1407 0.4056
vn 0.9041 -0.1523 0.3992
vn 0.9060 -0.1736 0.3861
vn 0.9051 -0.1636 0.3925
vn 0.9070 -0.1846 0.3785
vn 0.9061 -0.1749 0.3853
vn 0.3484 -0.4124 0.8418
vn 0.1357 -0.4359 0.8897
vn 0.1319 -0.2953 0.9463
vn 0.1313 -0.2671 0.9547
vn 0.3397 -0.2802 0.8978
vn 0.3383 -0.2536 0.9062
vn 0.0568 -0.3258 0.9437
vn 0.0565 -0.2974 0.9531
vn 0.0563 -0.2690 0.9615
vn 0.0560 -0.2406 0.9690
vn 0.1308 -0.2390 0.9622
vn 0.3371 -0.2269 0.9137
vn 0.9016 -0.1161 0.4168
vn 0.9009 -0.1042 0.4214
vn 0.9003 -0.0930 0.4253
vn 0.9009 -0.1051 0.4210
vn 0.9024 -0.1278 0.4114
vn 0.9017 -0.1170 0.4162
vn 0.9032 -0.1395 0.4059
vn 0.9025 -0.1289 0.4110
vn 0.3412 -0.3067 0.8885
vn 0.1325 -0.3234 0.9369
vn 0.1299 -0.1826 0.9746
vn 0.1296 -0.1543 0.9795
vn 0.3351 -0.1735 0.9261
vn 0.3343 -0.1468 0.9310
vn 0.0558 -0.2122 0.9756
vn 0.0557 -0.1838 0.9814
vn 0.0555 -0.1554 0.9863
vn 0.0554 -0.1270 0.9904
vn 0.1293 -0.1262 0.9835
vn 0.3336 -0.1200 0.9350
vn 0.8990 -0.0679 0.4327
vn 0.8990 -0.0558 0.4344
vn 0.8986 -0.0564 0.4351
vn 0.8995 -0.0801 0.4296
vn 0.8991 -0.0686 0.4323
vn 0.9001 -0.0923 0.4257
vn 0.8997 -0.0808 0.4291
vn 0.3360 -0.2002 0.9203
vn 0.1303 -0.2108 0.9688
vn 0.1298 -0.0509 0.9902
vn 0.1330 -0.0249 0.9908
vn 0.3386 -0.0520 0.9395
vn 0.3566 -0.0295 0.9338
vn 0.0553 -0.0926 0.9942
vn 0.0552 -0.0498 0.9972
vn 0.0554 -0.0229 0.9982
vn 0.0555 -0.0165 0.9983
vn 0.0559 -0.0071 0.9984
vn 0.1378 -0.0113 0.9904
vn 0.1412 -0.0046 0.9900
vn 0.1394 -0.0078 0.9902
vn 0.3875 -0.0153 0.9217
vn 0.9483 -0.0113 0.3173
vn 0.9158 -0.0168 0.4013
vn 0.9033 -0.0262 0.4282
vn 0.8993 -0.0416 0.4353
vn 0.3336 -0.0885 0.9385
vn 0.1291 -0.0923 0.9873
vn 0.1611 -0.9799 -0.1175
vn 0.1613 -0.9832 -0.0854
vn 0.4050 -0.9078 -0.1089
vn 0.4055 -0.9107 -0.0791
vn 0.0691 -0.9852 -0.1566
vn 0.0693 -0.9905 -0.1187
vn 0.0694 -0.9939 -0.0862
vn 0.0694 -0.9958 -0.0589
vn 0.1614 -0.9852 -0.0583
vn 0.4057 -0.9124 -0.0541
vn 0.9321 -0.3612 -0.0265
vn 0.9322 -0.3615 -0.0172
vn 0.9322 -0.3615 -0.0171
vn 0.9321 -0.3612 -0.0263
vn 0.9320 -0.3610 -0.0316
vn 0.9320 -0.3605 -0.0372
vn 0.9319 -0.3600 -0.0434
vn 0.9317 -0.3587 -0.0570
vn 0.9317 -0.3588 -0.0571
vn 0.4044 -0.9032 -0.1438
vn 0.1608 -0.9747 -0.1550
vn 0.1590 -0.9462 -0.2818
vn 0.1597 -0.9576 -0.2399
vn 0.4006 -0.8781 -0.2615
vn 0.4021 -0.8881 -0.2226
vn 0.0680 -0.9429 -0.3261
vn 0.0684 -0.9562 -0.2847
vn 0.0687 -0.9677 -0.2424
vn 0.0689 -0.9775 -0.1992
vn 0.1603 -0.9672 -0.1972
vn 0.4034 -0.8966 -0.1830
vn 0.9313 -0.3569 -0.0729
vn 0.9308 -0.3545 -0.0889
vn 0.9303 -0.3516 -0.1047
vn 0.9297 -0.3482 -0.1204
vn 0.3989 -0.8666 -0.2997
vn 0.1583 -0.9332 -0.3227
vn 0.1555 -0.8849 -0.4390
vn 0.1565 -0.9024 -0.4014
vn 0.3930 -0.8238 -0.4086
vn 0.3951 -0.8393 -0.3734
vn 0.0664 -0.8747 -0.4801
vn 0.0668 -0.8938 -0.4434
vn 0.0673 -0.9116 -0.4055
vn 0.0677 -0.9280 -0.3664
vn 0.1574 -0.9185 -0.3626
vn 0.3971 -0.8536 -0.3370
vn 0.9290 -0.3443 -0.1359
vn 0.9282 -0.3399 -0.1512
vn 0.9274 -0.3351 -0.1663
vn 0.9265 -0.3299 -0.1810
vn 0.3907 -0.8070 -0.4429
vn 0.1545 -0.8661 -0.4753
vn 0.1511 -0.8030 -0.5765
vn 0.1523 -0.8250 -0.5442
vn 0.3833 -0.7503 -0.5387
vn 0.3858 -0.7701 -0.5079
vn 0.0644 -0.7873 -0.6132
vn 0.0649 -0.8106 -0.5820
vn 0.0654 -0.8330 -0.5494
vn 0.0659 -0.8544 -0.5154
vn 0.1534 -0.8461 -0.5104
vn 0.3883 -0.7891 -0.4760
vn 0.9255 -0.3242 -0.1956
vn 0.9245 -0.3181 -0.2098
vn 0.9235 -0.3116 -0.2237
vn 0.9224 -0.3047 -0.2373
vn 0.3807 -0.7296 -0.5682
vn 0.1500 -0.7800 -0.6075
vn 0.1464 -0.7067 -0.6922
vn 0.1476 -0.7318 -0.6654
vn 0.3727 -0.6630 -0.6493
vn 0.3754 -0.6858 -0.6235
vn 0.0623 -0.6870 -0.7239
vn 0.0628 -0.7130 -0.6983
vn 0.0634 -0.7384 -0.6714
vn 0.0639 -0.7632 -0.6430
vn 0.1488 -0.7562 -0.6371
vn 0.3780 -0.7080 -0.5965
vn 0.9213 -0.2975 -0.2506
vn 0.9201 -0.2898 -0.2635
vn 0.9189 -0.2818 -0.2760
vn 0.9177 -0.2735 -0.2881
vn 0.3700 -0.6395 -0.6739
vn 0.1452 -0.6811 -0.7177
vn 0.1417 -0.6016 -0.7861
vn 0.1428 -0.6285 -0.7646
vn 0.3622 -0.5665 -0.7402
vn 0.3647 -0.5912 -0.7193
vn 0.0603 -0.5792 -0.8130
vn 0.0608 -0.6066 -0.7927
vn 0.0613 -0.6338 -0.7711
vn 0.0618 -0.6606 -0.7482
vn 0.1440 -0.6550 -0.7418
vn 0.3674 -0.6156 -0.6972
vn 0.9165 -0.2648 -0.2999
vn 0.9153 -0.2558 -0.3112
vn 0.9141 -0.2465 -0.3221
vn 0.9128 -0.2363 -0.3331
vn 0.9129 -0.2369 -0.3325
vn 0.9118 -0.2276 -0.3419
vn 0.3597 -0.5414 -0.7599
vn 0.1406 -0.5745 -0.8063
vn 0.1375 -0.4918 -0.8598
vn 0.1385 -0.5195 -0.8432
vn 0.3526 -0.4646 -0.8123
vn 0.3549 -0.4904 -0.7960
vn 0.0586 -0.4675 -0.8821
vn 0.0590 -0.4956 -0.8665
vn 0.0594 -0.5236 -0.8499
vn 0.0598 -0.5515 -0.8320
vn 0.1395 -0.5470 -0.8254
vn 0.3572 -0.5160 -0.7785
vn 0.9117 -0.2263 -0.3430
vn 0.9106 -0.2175 -0.3514
vn 0.9103 -0.2165 -0.3528
vn 0.9093 -0.2074 -0.3608
vn 0.9090 -0.2063 -0.3621
vn 0.9080 -0.1970 -0.3697
vn 0.9080 -0.1955 -0.3705
vn 0.9071 -0.1859 -0.3777
vn 0.3504 -0.4386 -0.8276
vn 0.1366 -0.4639 -0.8753
vn 0.1340 -0.3798 -0.9153
vn 0.1348 -0.4078 -0.9031
vn 0.3445 -0.3597 -0.8671
vn 0.3464 -0.3861 -0.8549
vn 0.0571 -0.3542 -0.9334
vn 0.0574 -0.3826 -0.9221
vn 0.0578 -0.4109 -0.9098
vn 0.0582 -0.4392 -0.8965
vn 0.1357 -0.4359 -0.8897
vn 0.3484 -0.4124 -0.8418
vn 0.9070 -0.1847 -0.3786
vn 0.9061 -0.1749 -0.3853
vn 0.9059 -0.1737 -0.3862
vn 0.9051 -0.1637 -0.3925
vn 0.9049 -0.1625 -0.3933
vn 0.9041 -0.1523 -0.3992
vn 0.9039 -0.1512 -0.4000
vn 0.9031 -0.1407 -0.4056
vn 0.3428 -0.3333 -0.8783
vn 0.1333 -0.3516 -0.9266
vn 0.1313 -0.2671 -0.9547
vn 0.1319 -0.2953 -0.9463
vn 0.3384 -0.2536 -0.9062
vn 0.3397 -0.2802 -0.8978
vn 0.0560 -0.2406 -0.9690
vn 0.0563 -0.2690 -0.9615
vn 0.0565 -0.2974 -0.9531
vn 0.0568 -0.3258 -0.9437
vn 0.1325 -0.3234 -0.9369
vn 0.3412 -0.3067 -0.8885
vn 0.9032 -0.1395 -0.4059
vn 0.9024 -0.1289 -0.4111
vn 0.9024 -0.1278 -0.4114
vn 0.9017 -0.1170 -0.4161
vn 0.9016 -0.1160 -0.4166
vn 0.9010 -0.1051 -0.4209
vn 0.9010 -0.1041 -0.4212
vn 0.9004 -0.0929 -0.4250
vn 0.3371 -0.2269 -0.9137
vn 0.1308 -0.2390 -0.9622
vn 0.1296 -0.1543 -0.9795
vn 0.1299 -0.1826 -0.9746
vn 0.3343 -0.1468 -0.9310
vn 0.3351 -0.1735 -0.9261
vn 0.0554 -0.1270 -0.9904
vn 0.0555 -0.1554 -0.9863
vn 0.0557 -0.1838 -0.9814
vn 0.0558 -0.2122 -0.9756
vn 0.1303 -0.2108 -0.9688
vn 0.3360 -0.2002 -0.9203
vn 0.9002 -0.0922 -0.4256
vn 0.8997 -0.0808 -0.4289
vn 0.8998 -0.0800 -0.4289
vn 0.8994 -0.0684 -0.4317
vn 0.8994 -0.0678 -0.4319
vn 0.8990 -0.0561 -0.4343
vn 0.8990 -0.0558 -0.4344
vn 0.3336 -0.1200 -0.9350
vn 0.1293 -0.1262 -0.9835
vn 0.1330 -0.0249 -0.9908
vn 0.1298 -0.0509 -0.9902
vn 0.3566 -0.0295 -0.9338
vn 0.3385 -0.0520 -0.9395
vn 0.0559 -0.0071 -0.9984
vn 0.0555 -0.0165 -0.9983
vn 0.0554 -0.0229 -0.9982
vn 0.0552 -0.0498 -0.9972
vn 0.0553 -0.0926 -0.9942
vn 0.1291 -0.0923 -0.9873
vn 0.3336 -0.0885 -0.9385
vn 0.8993 -0.0416 -0.4353
vn 0.9033 -0.0262 -0.4281
vn 0.9158 -0.0168 -0.4013
vn 0.9483 -0.0113 -0.3173
vn 0.3875 -0.0153 -0.9217
vn 0.1412 -0.0047 -0.9900
vn 0.1378 -0.0113 -0.9904
vn 0.1394 -0.0078 -0.9902
vn 0.1344 0.0006 -0.9909
vn 0.1390 -0.0005 -0.9903
vn 0.1389 -0.0005 -0.9903
vn 0.1346 0.0006 -0.9909
vn 0.1408 -0.0029 -0.9900
vn 0.1408 -0.0028 -0.9900
vn 0.3858 0.0025 -0.9226
vn 0.4062 -0.0001 -0.9138
vn 0.4063 -0.0005 -0.9137
vn 0.4087 -0.0044 -0.9127
vn 0.0554 -0.0000 -0.9985
vn 0.0556 -0.0002 -0.9985
vn 0.0559 -0.0011 -0.9984
vn 0.0560 -0.0030 -0.9984
vn 0.0560 -0.0029 -0.9984
vn 0.4090 -0.0047 -0.9125
vn 0.9632 -0.0007 -0.2688
vn 0.9578 0.0007 -0.2873
vn 0.9491 0.0025 -0.3148
vn 0.9101 0.0063 -0.4143
vn 0.3484 0.0040 -0.9373
vn 0.1317 0.0009 -0.9913
vn 0.1615 -0.9868 -0.0119
vn 0.1615 -0.9868 0.0119
vn 0.4060 -0.9138 -0.0110
vn 0.4060 -0.9138 0.0110
vn 0.0694 -0.9970 -0.0355
vn 0.0695 -0.9975 -0.0120
vn 0.0695 -0.9975 0.0120
vn 0.0694 -0.9970 0.0355
vn 0.1615 -0.9863 0.0352
vn 0.4059 -0.9133 0.0326
vn 0.9322 -0.3617 0.0087
vn 0.9322 -0.3617 0.0086
vn 0.9323 -0.3618 -0.0000
vn 0.9322 -0.3617 -0.0087
vn 0.9322 -0.3617 -0.0086
vn 0.4059 -0.9133 -0.0326
vn 0.1615 -0.9863 -0.0352
vn 0.1408 -0.0029 0.9900
vn 0.1390 -0.0005 0.9903
vn 0.1389 -0.0005 0.9903
vn 0.1408 -0.0028 0.9900
vn 0.1344 0.0006 0.9909
vn 0.1346 0.0006 0.9909
vn 0.4063 -0.0005 0.9137
vn 0.4062 -0.0001 0.9138
vn 0.4086 -0.0044 0.9127
vn 0.3858 0.0025 0.9226
vn 0.0560 -0.0030 0.9984
vn 0.0560 -0.0029 0.9984
vn 0.0559 -0.0011 0.9984
vn 0.0556 -0.0002 0.9985
vn 0.0554 -0.0000 0.9985
vn 0.1317 0.0009 0.9913
vn 0.3485 0.0040 0.9373
vn 0.9101 0.0063 0.4143
vn 0.9491 0.0025 0.3148
vn 0.9579 0.0007 0.2873
vn 0.9632 -0.0007 0.2688
vn 0.4090 -0.0047 0.9125
vn 0.0096 -0.6077 0.7941
vn 0.0063 -0.6077 0.7941
vn 0.0097 -0.6349 0.7725
vn 0.0064 -0.6349 0.7725
vn 0.0017 -0.6078 0.7941
vn 0.0017 -0.6350 0.7725
vn 0.0242 -0.5801 0.8142
vn 0.0244 -0.6076 0.7939
vn 0.0246 -0.6348 0.7723
vn 0.0248 -0.6617 0.7494
vn 0.0097 -0.6618 0.7496
vn 0.0064 -0.6618 0.7496
vn 0.0018 -0.6619 0.7496
vn 0.0004 -0.6619 0.7496
vn 0.0004 -0.6350 0.7726
vn 0.0004 -0.6078 0.7941
vn 0.0017 -0.5802 0.8144
vn 0.0004 -0.5802 0.8144
vn 0.0063 -0.5802 0.8144
vn 0.0095 -0.5802 0.8144
vn 0.0155 -0.1840 -0.9828
vn 0.0058 -0.1841 -0.9829
vn 0.0155 -0.1555 -0.9877
vn 0.0058 -0.1555 -0.9878
vn 0.0016 -0.1841 -0.9829
vn 0.0016 -0.1555 -0.9878
vn 0.0224 -0.2125 -0.9769
vn 0.0156 -0.2125 -0.9770
vn 0.0223 -0.1840 -0.9827
vn 0.0222 -0.1555 -0.9876
vn 0.0222 -0.1271 -0.9916
vn 0.0155 -0.1271 -0.9918
vn 0.0058 -0.1271 -0.9919
vn 0.0016 -0.1271 -0.9919
vn 0.0004 -0.1271 -0.9919
vn 0.0004 -0.1555 -0.9878
vn 0.0004 -0.1841 -0.9829
vn 0.0016 -0.2126 -0.9771
vn 0.0004 -0.2126 -0.9771
vn 0.0058 -0.2126 -0.9771
vn 0.0106 -0.9136 -0.4064
vn 0.0070 -0.9137 -0.4064
vn 0.0105 -0.8958 -0.4444
vn 0.0070 -0.8958 -0.4444
vn 0.0019 -0.9137 -0.4064
vn 0.0019 -0.8958 -0.4444
vn 0.0271 -0.9298 -0.3671
vn 0.0270 -0.9134 -0.4063
vn 0.0268 -0.8955 -0.4442
vn 0.0266 -0.8763 -0.4810
vn 0.0105 -0.8766 -0.4811
vn 0.0069 -0.8766 -0.4811
vn 0.0019 -0.8767 -0.4811
vn 0.0004 -0.8767 -0.4811
vn 0.0005 -0.8958 -0.4444
vn 0.0005 -0.9137 -0.4064
vn 0.0019 -0.9301 -0.3673
vn 0.0005 -0.9301 -0.3672
vn 0.0070 -0.9301 -0.3672
vn 0.0107 -0.9301 -0.3672
vn 0.0093 -0.4964 0.8680
vn 0.0061 -0.4965 0.8680
vn 0.0094 -0.5245 0.8514
vn 0.0062 -0.5245 0.8514
vn 0.0017 -0.4965 0.8681
vn 0.0017 -0.5245 0.8514
vn 0.0235 -0.4681 0.8833
vn 0.0236 -0.4963 0.8678
vn 0.0238 -0.5244 0.8512
vn 0.0240 -0.5523 0.8333
vn 0.0094 -0.5524 0.8335
vn 0.0062 -0.5525 0.8335
vn 0.0017 -0.5525 0.8335
vn 0.0004 -0.5525 0.8335
vn 0.0004 -0.5245 0.8514
vn 0.0004 -0.4965 0.8681
vn 0.0017 -0.4683 0.8836
vn 0.0004 -0.4683 0.8836
vn 0.0061 -0.4683 0.8836
vn 0.0092 -0.4683 0.8835
vn 0.0154 -0.0497 -0.9986
vn 0.0057 -0.0497 -0.9987
vn 0.0154 -0.0227 -0.9996
vn 0.0057 -0.0163 -0.9999
vn 0.0057 -0.0227 -0.9997
vn 0.0016 -0.0497 -0.9988
vn 0.0016 -0.0163 -0.9999
vn 0.0016 -0.0227 -0.9997
vn 0.0221 -0.0927 -0.9955
vn 0.0154 -0.0927 -0.9956
vn 0.0221 -0.0497 -0.9985
vn 0.0220 -0.0227 -0.9995
vn 0.0220 -0.0099 -0.9997
vn 0.0220 -0.0070 -0.9997
vn 0.0154 -0.0070 -0.9999
vn 0.0154 -0.0099 -0.9998
vn 0.0057 -0.0070 -1.0000
vn 0.0016 -0.0071 -1.0000
vn 0.0004 -0.0071 -1.0000
vn 0.0004 -0.0163 -0.9999
vn 0.0004 -0.0227 -0.9997
vn 0.0004 -0.0497 -0.9988
vn 0.0016 -0.0926 -0.9957
vn 0.0004 -0.0926 -0.9957
vn 0.0057 -0.0926 -0.9957
vn 0.0103 -0.8347 -0.5506
vn 0.0068 -0.8348 -0.5506
vn 0.0102 -0.8123 -0.5832
vn 0.0067 -0.8123 -0.5832
vn 0.0068 -0.8123 -0.5832
vn 0.0019 -0.8348 -0.5506
vn 0.0019 -0.8123 -0.5832
vn 0.0264 -0.8560 -0.5164
vn 0.0262 -0.8345 -0.5504
vn 0.0260 -0.8120 -0.5830
vn 0.0258 -0.7887 -0.6143
vn 0.0102 -0.7889 -0.6144
vn 0.0067 -0.7889 -0.6145
vn 0.0018 -0.7889 -0.6145
vn 0.0004 -0.7890 -0.6145
vn 0.0004 -0.8123 -0.5832
vn 0.0004 -0.8348 -0.5506
vn 0.0019 -0.8562 -0.5166
vn 0.0004 -0.8563 -0.5166
vn 0.0069 -0.8562 -0.5166
vn 0.0104 -0.8562 -0.5165
vn 0.0160 -0.3831 0.9235
vn 0.0060 -0.3832 0.9236
vn 0.0161 -0.4115 0.9112
vn 0.0060 -0.4116 0.9114
vn 0.0016 -0.3832 0.9237
vn 0.0016 -0.4116 0.9114
vn 0.0229 -0.3547 0.9347
vn 0.0160 -0.3547 0.9348
vn 0.0159 -0.3547 0.9348
vn 0.0230 -0.3831 0.9234
vn 0.0232 -0.4115 0.9111
vn 0.0233 -0.4398 0.8978
vn 0.0163 -0.4399 0.8979
vn 0.0162 -0.4399 0.8979
vn 0.0060 -0.4399 0.8980
vn 0.0017 -0.4399 0.8980
vn 0.0004 -0.4399 0.8980
vn 0.0004 -0.4116 0.9114
vn 0.0004 -0.3832 0.9237
vn 0.0016 -0.3548 0.9349
vn 0.0004 -0.3548 0.9349
vn 0.0059 -0.3548 0.9349
vn 0.0154 -0.0029 -0.9999
vn 0.0155 -0.0011 -0.9999
vn 0.0058 -0.0010 -1.0000
vn 0.0057 -0.0029 -1.0000
vn 0.0157 -0.0002 -0.9999
vn 0.0061 -0.0000 -1.0000
vn 0.0016 -0.0011 -1.0000
vn 0.0015 -0.0030 -1.0000
vn 0.0018 -0.0001 -1.0000
vn 0.0221 -0.0029 -0.9998
vn 0.0222 -0.0011 -0.9998
vn 0.0223 -0.0003 -0.9998
vn 0.0224 -0.0000 -0.9997
vn 0.0097 0.0003 -1.0000
vn 0.0037 0.0002 -1.0000
vn 0.0010 0.0001 -1.0000
vn 0.0005 0.0001 -1.0000
vn 0.0005 -0.0001 -1.0000
vn 0.0003 -0.0008 -1.0000
vn 0.0004 -0.0031 -1.0000
vn 0.0109 -0.9929 0.1188
vn 0.0072 -0.9929 0.1188
vn 0.0109 -0.9962 0.0863
vn 0.0072 -0.9962 0.0863
vn 0.0020 -0.9929 0.1188
vn 0.0020 -0.9963 0.0863
vn 0.0277 -0.9872 0.1568
vn 0.0278 -0.9925 0.1188
vn 0.0278 -0.9959 0.0863
vn 0.0278 -0.9979 0.0590
vn 0.0110 -0.9982 0.0590
vn 0.0072 -0.9982 0.0590
vn 0.0020 -0.9983 0.0590
vn 0.0005 -0.9983 0.0590
vn 0.0005 -0.9963 0.0863
vn 0.0005 -0.9929 0.1188
vn 0.0020 -0.9876 0.1568
vn 0.0005 -0.9876 0.1568
vn 0.0072 -0.9876 0.1568
vn 0.0109 -0.9876 0.1568
vn 0.0100 -0.7399 -0.6727
vn 0.0066 -0.7399 -0.6727
vn 0.0099 -0.7144 -0.6997
vn 0.0065 -0.7144 -0.6997
vn 0.0018 -0.7399 -0.6727
vn 0.0018 -0.7144 -0.6997
vn 0.0256 -0.7645 -0.6441
vn 0.0254 -0.7396 -0.6725
vn 0.0252 -0.7142 -0.6995
vn 0.0250 -0.6882 -0.7251
vn 0.0098 -0.6883 -0.7253
vn 0.0065 -0.6884 -0.7253
vn 0.0018 -0.6884 -0.7254
vn 0.0004 -0.6884 -0.7254
vn 0.0004 -0.7144 -0.6997
vn 0.0004 -0.7399 -0.6727
vn 0.0018 -0.7648 -0.6443
vn 0.0004 -0.7648 -0.6443
vn 0.0066 -0.7647 -0.6443
vn 0.0101 -0.7647 -0.6443
vn 0.0157 -0.2694 0.9629
vn 0.0059 -0.2694 0.9630
vn 0.0058 -0.2694 0.9630
vn 0.0158 -0.2978 0.9545
vn 0.0059 -0.2979 0.9546
vn 0.0016 -0.2694 0.9630
vn 0.0016 -0.2979 0.9546
vn 0.0224 -0.2410 0.9703
vn 0.0157 -0.2410 0.9704
vn 0.0156 -0.2410 0.9704
vn 0.0225 -0.2694 0.9628
vn 0.0226 -0.2978 0.9544
vn 0.0228 -0.3262 0.9450
vn 0.0159 -0.3263 0.9451
vn 0.0158 -0.3263 0.9451
vn 0.0059 -0.3263 0.9452
vn 0.0016 -0.3263 0.9453
vn 0.0004 -0.3263 0.9453
vn 0.0004 -0.2979 0.9546
vn 0.0004 -0.2694 0.9630
vn 0.0016 -0.2410 0.9705
vn 0.0004 -0.2410 0.9705
vn 0.0058 -0.2410 0.9705
vn 0.0110 -0.9999 0.0120
vn 0.0072 -0.9999 0.0120
vn 0.0110 -0.9999 -0.0120
vn 0.0072 -0.9999 -0.0120
vn 0.0020 -0.9999 0.0120
vn 0.0020 -0.9999 -0.0120
vn 0.0278 -0.9990 0.0355
vn 0.0278 -0.9995 0.0120
vn 0.0278 -0.9995 -0.0120
vn 0.0278 -0.9990 -0.0355
vn 0.0110 -0.9993 -0.0355
vn 0.0072 -0.9993 -0.0355
vn 0.0020 -0.9994 -0.0355
vn 0.0005 -0.9994 -0.0355
vn 0.0005 -0.9999 -0.0120
vn 0.0005 -0.9999 0.0120
vn 0.0020 -0.9994 0.0355
vn 0.0005 -0.9994 0.0355
vn 0.0072 -0.9993 0.0355
vn 0.0110 -0.9993 0.0355
vn 0.0108 -0.9584 0.2853
vn 0.0071 -0.9584 0.2853
vn 0.0108 -0.9700 0.2428
vn 0.0071 -0.9700 0.2428
vn 0.0020 -0.9584 0.2853
vn 0.0019 -0.9584 0.2853
vn 0.0020 -0.9701 0.2428
vn 0.0273 -0.9447 0.3267
vn 0.0274 -0.9581 0.2852
vn 0.0275 -0.9697 0.2428
vn 0.0276 -0.9795 0.1996
vn 0.0109 -0.9798 0.1996
vn 0.0072 -0.9799 0.1996
vn 0.0020 -0.9799 0.1995
vn 0.0005 -0.9799 0.1995
vn 0.0005 -0.9701 0.2428
vn 0.0005 -0.9584 0.2853
vn 0.0019 -0.9451 0.3268
vn 0.0005 -0.9451 0.3268
vn 0.0071 -0.9451 0.3268
vn 0.0107 -0.9450 0.3268
vn 0.0097 -0.6349 -0.7725
vn 0.0064 -0.6349 -0.7725
vn 0.0096 -0.6077 -0.7941
vn 0.0063 -0.6077 -0.7941
vn 0.0017 -0.6350 -0.7726
vn 0.0017 -0.6078 -0.7941
vn 0.0248 -0.6617 -0.7494
vn 0.0246 -0.6348 -0.7723
vn 0.0244 -0.6076 -0.7939
vn 0.0242 -0.5801 -0.8142
vn 0.0095 -0.5802 -0.8144
vn 0.0063 -0.5802 -0.8144
vn 0.0017 -0.5802 -0.8144
vn 0.0004 -0.5802 -0.8144
vn 0.0004 -0.6078 -0.7941
vn 0.0004 -0.6350 -0.7726
vn 0.0018 -0.6619 -0.7496
vn 0.0004 -0.6619 -0.7496
vn 0.0064 -0.6618 -0.7496
vn 0.0097 -0.6618 -0.7496
vn 0.0155 -0.1555 0.9877
vn 0.0058 -0.1555 0.9878
vn 0.0155 -0.1840 0.9828
vn 0.0058 -0.1841 0.9829
vn 0.0016 -0.1555 0.9878
vn 0.0016 -0.1840 0.9829
vn 0.0222 -0.1271 0.9916
vn 0.0155 -0.1271 0.9918
vn 0.0222 -0.1555 0.9876
vn 0.0223 -0.1840 0.9827
vn 0.0224 -0.2125 0.9769
vn 0.0156 -0.2125 0.9770
vn 0.0058 -0.2126 0.9771
vn 0.0016 -0.2126 0.9771
vn 0.0004 -0.2126 0.9771
vn 0.0004 -0.1840 0.9829
vn 0.0004 -0.1555 0.9878
vn 0.0016 -0.1271 0.9919
vn 0.0004 -0.1271 0.9919
vn 0.0058 -0.1271 0.9919
vn 0.0157 -0.0002 0.9999
vn 0.0155 -0.0011 0.9999
vn 0.0058 -0.0010 1.0000
vn 0.0061 -0.0000 1.0000
vn 0.0154 -0.0029 0.9999
vn 0.0057 -0.0029 1.0000
vn 0.0016 -0.0011 1.0000
vn 0.0018 -0.0001 1.0000
vn 0.0015 -0.0030 1.0000
vn 0.0224 -0.0000 0.9997
vn 0.0223 -0.0003 0.9998
vn 0.0097 0.0004 1.0000
vn 0.0222 -0.0011 0.9998
vn 0.0221 -0.0029 0.9998
vn 0.0220 -0.0070 0.9997
vn 0.0154 -0.0070 0.9999
vn 0.0057 -0.0070 1.0000
vn 0.0016 -0.0071 1.0000
vn 0.0004 -0.0071 1.0000
vn 0.0004 -0.0031 1.0000
vn 0.0003 -0.0008 1.0000
vn 0.0005 -0.0001 1.0000
vn 0.0010 0.0001 1.0000
vn 0.0005 0.0001 1.0000
vn 0.0037 0.0002 1.0000
vn 0.0105 -0.8958 0.4444
vn 0.0070 -0.8958 0.4444
vn 0.0106 -0.9136 0.4064
vn 0.0070 -0.9137 0.4064
vn 0.0019 -0.8958 0.4444
vn 0.0019 -0.9137 0.4064
vn 0.0266 -0.8763 0.4810
vn 0.0268 -0.8955 0.4442
vn 0.0270 -0.9134 0.4063
vn 0.0271 -0.9298 0.3671
vn 0.0107 -0.9301 0.3672
vn 0.0070 -0.9301 0.3672
vn 0.0019 -0.9301 0.3673
vn 0.0005 -0.9301 0.3672
vn 0.0005 -0.9137 0.4064
vn 0.0005 -0.8958 0.4444
vn 0.0019 -0.8767 0.4811
vn 0.0004 -0.8767 0.4811
vn 0.0069 -0.8766 0.4811
vn 0.0105 -0.8766 0.4811
vn 0.0094 -0.5245 -0.8513
vn 0.0062 -0.5245 -0.8514
vn 0.0093 -0.4964 -0.8680
vn 0.0061 -0.4965 -0.8680
vn 0.0017 -0.5245 -0.8514
vn 0.0017 -0.4965 -0.8681
vn 0.0240 -0.5523 -0.8333
vn 0.0238 -0.5244 -0.8511
vn 0.0236 -0.4963 -0.8678
vn 0.0235 -0.4681 -0.8834
vn 0.0092 -0.4682 -0.8836
vn 0.0061 -0.4682 -0.8836
vn 0.0017 -0.4683 -0.8836
vn 0.0004 -0.4683 -0.8836
vn 0.0004 -0.4965 -0.8681
vn 0.0004 -0.5245 -0.8514
vn 0.0017 -0.5525 -0.8335
vn 0.0004 -0.5525 -0.8335
vn 0.0062 -0.5524 -0.8335
vn 0.0094 -0.5524 -0.8335
vn 0.0154 -0.0163 0.9997
vn 0.0154 -0.0227 0.9996
vn 0.0057 -0.0227 0.9997
vn 0.0057 -0.0163 0.9999
vn 0.0154 -0.0497 0.9986
vn 0.0057 -0.0497 0.9987
vn 0.0016 -0.0227 0.9997
vn 0.0016 -0.0163 0.9999
vn 0.0016 -0.0497 0.9988
vn 0.0220 -0.0163 0.9996
vn 0.0220 -0.0227 0.9995
vn 0.0221 -0.0497 0.9985
vn 0.0221 -0.0927 0.9955
vn 0.0154 -0.0927 0.9956
vn 0.0057 -0.0926 0.9957
vn 0.0016 -0.0926 0.9957
vn 0.0004 -0.0926 0.9957
vn 0.0004 -0.0497 0.9988
vn 0.0004 -0.0227 0.9997
vn 0.0004 -0.0163 0.9999
vn 0.0102 -0.8123 0.5832
vn 0.0068 -0.8123 0.5832
vn 0.0067 -0.8123 0.5832
vn 0.0103 -0.8347 0.5506
vn 0.0068 -0.8348 0.5506
vn 0.0019 -0.8123 0.5832
vn 0.0019 -0.8348 0.5506
vn 0.0258 -0.7887 0.6143
vn 0.0260 -0.8120 0.5830
vn 0.0262 -0.8345 0.5504
vn 0.0264 -0.8560 0.5164
vn 0.0104 -0.8562 0.5165
vn 0.0069 -0.8562 0.5166
vn 0.0019 -0.8562 0.5166
vn 0.0004 -0.8563 0.5166
vn 0.0004 -0.8348 0.5506
vn 0.0004 -0.8123 0.5832
vn 0.0018 -0.7890 0.6145
vn 0.0004 -0.7890 0.6145
vn 0.0067 -0.7889 0.6144
vn 0.0102 -0.7889 0.6144
vn 0.0161 -0.4115 -0.9113
vn 0.0060 -0.4116 -0.9114
vn 0.0160 -0.3832 -0.9235
vn 0.0060 -0.3832 -0.9236
vn 0.0016 -0.4116 -0.9114
vn 0.0016 -0.3832 -0.9237
vn 0.0233 -0.4398 -0.8978
vn 0.0162 -0.4399 -0.8979
vn 0.0163 -0.4399 -0.8979
vn 0.0232 -0.4115 -0.9111
vn 0.0230 -0.3831 -0.9234
vn 0.0229 -0.3547 -0.9347
vn 0.0159 -0.3547 -0.9348
vn 0.0160 -0.3547 -0.9348
vn 0.0059 -0.3548 -0.9349
vn 0.0016 -0.3548 -0.9350
vn 0.0004 -0.3548 -0.9350
vn 0.0004 -0.3832 -0.9237
vn 0.0004 -0.4116 -0.9114
vn 0.0017 -0.4399 -0.8980
vn 0.0004 -0.4399 -0.8980
vn 0.0060 -0.4399 -0.8980
vn 0.0109 -0.9962 -0.0863
vn 0.0072 -0.9962 -0.0863
vn 0.0109 -0.9929 -0.1188
vn 0.0072 -0.9929 -0.1188
vn 0.0020 -0.9963 -0.0863
vn 0.0020 -0.9929 -0.1188
vn 0.0278 -0.9979 -0.0590
vn 0.0278 -0.9959 -0.0863
vn 0.0278 -0.9925 -0.1188
vn 0.0277 -0.9872 -0.1568
vn 0.0109 -0.9876 -0.1568
vn 0.0072 -0.9876 -0.1568
vn 0.0020 -0.9876 -0.1568
vn 0.0005 -0.9876 -0.1568
vn 0.0005 -0.9929 -0.1188
vn 0.0005 -0.9963 -0.0863
vn 0.0020 -0.9983 -0.0590
vn 0.0005 -0.9983 -0.0590
vn 0.0072 -0.9982 -0.0590
vn 0.0110 -0.9982 -0.0590
vn 0.0099 -0.7144 0.6997
vn 0.0065 -0.7144 0.6997
vn 0.0100 -0.7398 0.6727
vn 0.0066 -0.7399 0.6727
vn 0.0018 -0.7144 0.6997
vn 0.0018 -0.7399 0.6727
vn 0.0250 -0.6882 0.7251
vn 0.0252 -0.7142 0.6995
vn 0.0254 -0.7396 0.6725
vn 0.0256 -0.7645 0.6441
vn 0.0101 -0.7647 0.6443
vn 0.0066 -0.7647 0.6443
vn 0.0018 -0.7648 0.6443
vn 0.0004 -0.7648 0.6443
vn 0.0004 -0.7399 0.6727
vn 0.0004 -0.7144 0.6997
vn 0.0018 -0.6884 0.7254
vn 0.0004 -0.6884 0.7254
vn 0.0065 -0.6884 0.7253
vn 0.0098 -0.6883 0.7253
vn 0.0158 -0.2978 -0.9545
vn 0.0059 -0.2979 -0.9546
vn 0.0157 -0.2694 -0.9629
vn 0.0058 -0.2694 -0.9630
vn 0.0059 -0.2694 -0.9630
vn 0.0016 -0.2979 -0.9546
vn 0.0016 -0.2694 -0.9630
vn 0.0228 -0.3262 -0.9450
vn 0.0158 -0.3263 -0.9451
vn 0.0159 -0.3263 -0.9451
vn 0.0226 -0.2978 -0.9544
vn 0.0225 -0.2694 -0.9628
vn 0.0225 -0.2410 -0.9703
vn 0.0156 -0.2410 -0.9704
vn 0.0157 -0.2410 -0.9704
vn 0.0058 -0.2410 -0.9705
vn 0.0016 -0.2410 -0.9705
vn 0.0004 -0.2410 -0.9705
vn 0.0004 -0.2694 -0.9630
vn 0.0004 -0.2979 -0.9546
vn 0.0016 -0.3263 -0.9453
vn 0.0004 -0.3263 -0.9453
vn 0.0059 -0.3263 -0.9452
vt 0.688560 0.613387
vt 0.690494 0.609335
vt 0.734480 0.609781
vt 0.726075 0.613847
vt 0.688193 0.605105
vt 0.724189 0.605072
vt 0.758250 0.604705
vt 0.766751 0.608339
vt 0.783296 0.611114
vt 0.771092 0.612585
vt 0.764688 0.614881
vt 0.656577 0.617218
vt 0.658162 0.613241
vt 0.685503 0.617292
vt 0.658959 0.609173
vt 0.721859 0.617468
vt 0.656177 0.600820
vt 0.684901 0.600864
vt 0.657970 0.605013
vt 0.719508 0.600833
vt 0.786308 0.600581
vt 0.787801 0.604491
vt 0.754487 0.600681
vt 0.790854 0.607931
vt 0.803075 0.611947
vt 0.803102 0.613312
vt 0.796270 0.610542
vt 0.803130 0.614677
vt 0.803184 0.617408
vt 0.761710 0.617730
vt 0.803157 0.616043
vt 0.812305 0.604703
vt 0.833877 0.605056
vt 0.830491 0.609771
vt 0.810721 0.608338
vt 0.854712 0.605046
vt 0.854100 0.609287
vt 0.854924 0.613387
vt 0.835654 0.613848
vt 0.818686 0.614882
vt 0.815048 0.612584
vt 0.807109 0.611113
vt 0.812801 0.600680
vt 0.835249 0.600820
vt 0.875000 0.600699
vt 0.875000 0.604876
vt 0.855599 0.600820
vt 0.875000 0.609053
vt 0.875000 0.617408
vt 0.855881 0.617341
vt 0.875000 0.613231
vt 0.837376 0.617481
vt 0.819909 0.617732
vt 0.682608 0.596679
vt 0.681569 0.592557
vt 0.715524 0.592569
vt 0.716751 0.596668
vt 0.681787 0.588500
vt 0.715833 0.588553
vt 0.751298 0.592579
vt 0.752339 0.596608
vt 0.751377 0.588648
vt 0.654809 0.596660
vt 0.654114 0.592547
vt 0.654095 0.588483
vt 0.654751 0.584470
vt 0.683267 0.584508
vt 0.717686 0.584634
vt 0.752592 0.584866
vt 0.784474 0.585002
vt 0.784403 0.588704
vt 0.784697 0.592584
vt 0.785338 0.596568
vt 0.812050 0.588647
vt 0.835245 0.588544
vt 0.835872 0.592564
vt 0.812623 0.592579
vt 0.855767 0.588472
vt 0.856162 0.592542
vt 0.835874 0.596661
vt 0.812877 0.596607
vt 0.856106 0.596655
vt 0.811170 0.584865
vt 0.833997 0.584621
vt 0.854919 0.584463
vt 0.875000 0.584330
vt 0.875000 0.588422
vt 0.875000 0.592515
vt 0.875000 0.596607
vt 0.685736 0.580571
vt 0.687159 0.576637
vt 0.729519 0.576722
vt 0.721353 0.580806
vt 0.684441 0.572706
vt 0.719828 0.572583
vt 0.753447 0.572154
vt 0.760861 0.575112
vt 0.773620 0.576790
vt 0.761559 0.578450
vt 0.755281 0.581337
vt 0.655843 0.580506
vt 0.656152 0.576579
vt 0.652469 0.568828
vt 0.680682 0.568839
vt 0.654703 0.572680
vt 0.714758 0.568774
vt 0.781290 0.568488
vt 0.783012 0.571922
vt 0.749391 0.568598
vt 0.784883 0.574678
vt 0.787108 0.576800
vt 0.786796 0.577305
vt 0.786565 0.576284
vt 0.785774 0.578922
vt 0.784926 0.581614
vt 0.853171 0.572652
vt 0.852632 0.576593
vt 0.826507 0.576712
vt 0.830845 0.572567
vt 0.853665 0.580526
vt 0.831862 0.580793
vt 0.809705 0.581335
vt 0.805911 0.578449
vt 0.797659 0.576790
vt 0.805279 0.575110
vt 0.808123 0.572152
vt 0.875000 0.568635
vt 0.875000 0.572559
vt 0.853935 0.568777
vt 0.875000 0.576483
vt 0.832083 0.568756
vt 0.875000 0.580406
vt 0.808460 0.568595
vt 0.677845 0.564971
vt 0.675920 0.560716
vt 0.709149 0.560673
vt 0.711403 0.564939
vt 0.674572 0.555608
vt 0.707589 0.555490
vt 0.744680 0.560613
vt 0.746655 0.564860
vt 0.743165 0.555359
vt 0.650633 0.564970
vt 0.649283 0.560742
vt 0.648235 0.555701
vt 0.647301 0.549405
vt 0.673463 0.549185
vt 0.706314 0.548907
vt 0.741807 0.548604
vt 0.775898 0.548308
vt 0.777208 0.555233
vt 0.778474 0.560562
vt 0.779800 0.564809
vt 0.806552 0.555172
vt 0.831694 0.555419
vt 0.832251 0.560668
vt 0.807468 0.560560
vt 0.854044 0.556229
vt 0.854303 0.560931
vt 0.832428 0.564928
vt 0.808125 0.564852
vt 0.854301 0.564962
vt 0.805441 0.548113
vt 0.830898 0.548356
vt 0.853630 0.549573
vt 0.875000 0.553932
vt 0.875000 0.557608
vt 0.875000 0.561284
vt 0.875000 0.564959
vt 0.672114 0.541145
vt 0.669463 0.531845
vt 0.703250 0.530893
vt 0.704949 0.540600
vt 0.664435 0.521780
vt 0.701085 0.520265
vt 0.739472 0.529895
vt 0.740446 0.540012
vt 0.739378 0.518730
vt 0.646030 0.541586
vt 0.642902 0.532679
vt 0.635622 0.523238
vt 0.615441 0.513507
vt 0.657044 0.511342
vt 0.698648 0.509177
vt 0.740251 0.507012
vt 0.781854 0.504847
vt 0.774988 0.517315
vt 0.773936 0.528952
vt 0.774591 0.539441
vt 0.803847 0.516195
vt 0.828756 0.515240
vt 0.829252 0.527576
vt 0.803578 0.528161
vt 0.852181 0.514348
vt 0.852660 0.527209
vt 0.830016 0.538883
vt 0.804285 0.538985
vt 0.853153 0.539374
vt 0.805141 0.503636
vt 0.828427 0.502424
vt 0.851714 0.501212
vt 0.875000 0.500000
vt 0.875000 0.513483
vt 0.875000 0.526966
vt 0.875000 0.540449
vt 0.592256 0.322163
vt 0.591971 0.293048
vt 0.598217 0.288899
vt 0.598509 0.317778
vt 0.591569 0.265124
vt 0.597901 0.261635
vt 0.604791 0.284783
vt 0.605140 0.312470
vt 0.604453 0.258359
vt 0.586761 0.356509
vt 0.586599 0.326263
vt 0.592470 0.353711
vt 0.586324 0.297502
vt 0.585869 0.268797
vt 0.584478 0.240441
vt 0.591024 0.237766
vt 0.597570 0.235090
vt 0.604116 0.232415
vt 0.610662 0.229739
vt 0.611090 0.255197
vt 0.611519 0.280656
vt 0.611948 0.306114
vt 0.605538 0.343956
vt 0.612377 0.331573
vt 0.598807 0.349875
vt 0.607080 0.461966
vt 0.599807 0.458185
vt 0.599481 0.423471
vt 0.606580 0.423040
vt 0.593050 0.456408
vt 0.592838 0.423678
vt 0.599134 0.386048
vt 0.606038 0.382224
vt 0.592651 0.388341
vt 0.607263 0.492539
vt 0.614675 0.468024
vt 0.599991 0.485397
vt 0.593232 0.482489
vt 0.587198 0.481133
vt 0.587023 0.455165
vt 0.586874 0.423150
vt 0.586817 0.389355
vt 0.613143 0.377056
vt 0.613909 0.422540
vt 0.581885 0.388959
vt 0.581736 0.421123
vt 0.577051 0.414990
vt 0.578280 0.384860
vt 0.581882 0.453316
vt 0.577553 0.452209
vt 0.573935 0.454367
vt 0.573515 0.423931
vt 0.572858 0.393851
vt 0.575113 0.386912
vt 0.576474 0.374493
vt 0.581963 0.358829
vt 0.578579 0.360410
vt 0.582102 0.479744
vt 0.577830 0.478937
vt 0.570732 0.480622
vt 0.570611 0.457212
vt 0.574156 0.479490
vt 0.570398 0.428287
vt 0.569938 0.366535
vt 0.572538 0.365003
vt 0.570099 0.397488
vt 0.574613 0.363392
vt 0.576380 0.361352
vt 0.576891 0.361071
vt 0.575976 0.361876
vt 0.576472 0.349181
vt 0.575111 0.340249
vt 0.577011 0.312302
vt 0.578255 0.337948
vt 0.572862 0.336765
vt 0.573546 0.307347
vt 0.574044 0.275529
vt 0.577474 0.275317
vt 0.581319 0.272440
vt 0.581474 0.302876
vt 0.581789 0.330929
vt 0.570103 0.336289
vt 0.570431 0.306091
vt 0.571068 0.243787
vt 0.574420 0.242951
vt 0.570727 0.275163
vt 0.577773 0.242114
vt 0.581125 0.241278
vt 0.566981 0.400016
vt 0.567107 0.431103
vt 0.563612 0.432967
vt 0.563575 0.401962
vt 0.567197 0.459207
vt 0.563639 0.460392
vt 0.559960 0.434215
vt 0.559956 0.403539
vt 0.559964 0.461055
vt 0.566913 0.368082
vt 0.567248 0.481381
vt 0.563654 0.481707
vt 0.559966 0.481762
vt 0.556200 0.481705
vt 0.556200 0.461484
vt 0.556200 0.435184
vt 0.556200 0.404960
vt 0.559953 0.371291
vt 0.556200 0.372963
vt 0.563554 0.369666
vt 0.559957 0.339325
vt 0.559971 0.307869
vt 0.563622 0.306706
vt 0.563576 0.337881
vt 0.559999 0.276746
vt 0.563670 0.275845
vt 0.567127 0.306036
vt 0.566983 0.336812
vt 0.567262 0.275269
vt 0.556201 0.340975
vt 0.556213 0.309281
vt 0.556250 0.277795
vt 0.556365 0.246463
vt 0.560041 0.245794
vt 0.563716 0.245125
vt 0.567392 0.244456
vt 0.552370 0.406403
vt 0.552370 0.436156
vt 0.548483 0.437185
vt 0.548483 0.407903
vt 0.552370 0.461920
vt 0.548483 0.462411
vt 0.544544 0.438272
vt 0.544544 0.409460
vt 0.544544 0.462957
vt 0.552370 0.374685
vt 0.552370 0.481673
vt 0.548483 0.481691
vt 0.544544 0.481760
vt 0.540558 0.481881
vt 0.540558 0.463558
vt 0.540558 0.439416
vt 0.540558 0.411073
vt 0.544544 0.378278
vt 0.540558 0.380147
vt 0.548483 0.376457
vt 0.544545 0.346215
vt 0.544551 0.313697
vt 0.548489 0.312211
vt 0.548484 0.344435
vt 0.544567 0.280883
vt 0.548501 0.279857
vt 0.552380 0.310740
vt 0.552371 0.342688
vt 0.552403 0.278833
vt 0.540559 0.348028
vt 0.540567 0.315193
vt 0.540592 0.281894
vt 0.540670 0.248415
vt 0.544594 0.247927
vt 0.548518 0.247439
vt 0.552441 0.246951
vt 0.528388 0.354673
vt 0.528334 0.321156
vt 0.532457 0.318625
vt 0.532471 0.352048
vt 0.528341 0.285748
vt 0.532464 0.284104
vt 0.536535 0.316745
vt 0.536531 0.349909
vt 0.536551 0.282898
vt 0.524388 0.388473
vt 0.524292 0.358009
vt 0.528428 0.386196
vt 0.524160 0.324654
vt 0.524170 0.288031
vt 0.524301 0.249602
vt 0.528393 0.249305
vt 0.532485 0.249008
vt 0.536578 0.248711
vt 0.536532 0.382069
vt 0.532482 0.384074
vt 0.536530 0.412719
vt 0.536528 0.440581
vt 0.532452 0.441587
vt 0.532470 0.414286
vt 0.536528 0.464183
vt 0.532449 0.464679
vt 0.528326 0.442221
vt 0.528387 0.415642
vt 0.528316 0.464864
vt 0.536528 0.482036
vt 0.532455 0.482141
vt 0.528338 0.482094
vt 0.524173 0.481793
vt 0.524123 0.464556
vt 0.524147 0.442266
vt 0.524291 0.416654
vt 0.520292 0.416890
vt 0.519917 0.441394
vt 0.515413 0.438001
vt 0.516996 0.414315
vt 0.519874 0.463880
vt 0.515644 0.464618
vt 0.511563 0.469331
vt 0.511299 0.446693
vt 0.510778 0.423643
vt 0.513514 0.416741
vt 0.515166 0.406409
vt 0.520505 0.390867
vt 0.517423 0.393050
vt 0.519972 0.481462
vt 0.515788 0.482625
vt 0.507592 0.500000
vt 0.507592 0.476412
vt 0.511669 0.487200
vt 0.507592 0.452823
vt 0.507592 0.405647
vt 0.510518 0.398462
vt 0.507592 0.429235
vt 0.513003 0.396170
vt 0.515122 0.395198
vt 0.515686 0.394633
vt 0.514612 0.395373
vt 0.515167 0.382494
vt 0.513516 0.372126
vt 0.515428 0.339798
vt 0.516998 0.370093
vt 0.510779 0.367670
vt 0.511311 0.331849
vt 0.511605 0.291621
vt 0.515711 0.293094
vt 0.519939 0.290953
vt 0.519936 0.329734
vt 0.520295 0.362531
vt 0.507592 0.366735
vt 0.507592 0.327823
vt 0.507592 0.250000
vt 0.511769 0.249900
vt 0.507592 0.288912
vt 0.515947 0.249801
vt 0.520124 0.249701
vt 0.691522 0.644819
vt 0.695197 0.640567
vt 0.743937 0.640099
vt 0.728159 0.644861
vt 0.692111 0.636535
vt 0.730270 0.636055
vt 0.766429 0.635040
vt 0.773629 0.637142
vt 0.784573 0.638131
vt 0.775101 0.639676
vt 0.780004 0.640932
vt 0.768431 0.642240
vt 0.760026 0.645340
vt 0.656937 0.649156
vt 0.659785 0.644944
vt 0.686227 0.649094
vt 0.661377 0.640773
vt 0.720814 0.649125
vt 0.657596 0.632758
vt 0.687302 0.632666
vt 0.660105 0.636716
vt 0.723768 0.632481
vt 0.801464 0.632592
vt 0.801127 0.633958
vt 0.762311 0.632237
vt 0.800790 0.635323
vt 0.800117 0.638053
vt 0.794970 0.638457
vt 0.800454 0.636688
vt 0.791394 0.639606
vt 0.790631 0.641005
vt 0.790226 0.641394
vt 0.790556 0.640650
vt 0.788758 0.642742
vt 0.784910 0.649428
vt 0.754637 0.649306
vt 0.786797 0.645606
vt 0.803835 0.638131
vt 0.811235 0.637143
vt 0.823584 0.640110
vt 0.804769 0.639677
vt 0.815643 0.635040
vt 0.832244 0.636058
vt 0.852873 0.636553
vt 0.851398 0.640637
vt 0.852493 0.644895
vt 0.830258 0.644883
vt 0.809300 0.645342
vt 0.806053 0.642241
vt 0.799268 0.640932
vt 0.817947 0.632236
vt 0.835452 0.632471
vt 0.875000 0.632592
vt 0.875000 0.636769
vt 0.854702 0.632626
vt 0.875000 0.640947
vt 0.875000 0.649301
vt 0.854057 0.649149
vt 0.875000 0.645124
vt 0.832754 0.649141
vt 0.810392 0.649308
vt 0.748003 0.661530
vt 0.712463 0.661528
vt 0.713788 0.657449
vt 0.749174 0.657472
vt 0.679286 0.661527
vt 0.680399 0.657446
vt 0.716346 0.653317
vt 0.751217 0.653394
vt 0.682528 0.653304
vt 0.780948 0.665558
vt 0.747203 0.665558
vt 0.781693 0.661532
vt 0.711697 0.665558
vt 0.678633 0.665558
vt 0.652215 0.665558
vt 0.652736 0.661528
vt 0.653492 0.657453
vt 0.654790 0.653330
vt 0.783493 0.653445
vt 0.782481 0.657487
vt 0.855020 0.653332
vt 0.855419 0.657461
vt 0.834452 0.657454
vt 0.833996 0.653325
vt 0.855426 0.661550
vt 0.834356 0.661535
vt 0.810672 0.657473
vt 0.810740 0.653395
vt 0.810286 0.661531
vt 0.875000 0.653393
vt 0.875000 0.657485
vt 0.875000 0.661578
vt 0.875000 0.665670
vt 0.855214 0.665591
vt 0.833937 0.665567
vt 0.809679 0.665559
vt 0.744249 0.677370
vt 0.709035 0.677370
vt 0.710039 0.673483
vt 0.745367 0.673483
vt 0.676392 0.677370
vt 0.677232 0.673483
vt 0.710926 0.669544
vt 0.746352 0.669544
vt 0.677979 0.669544
vt 0.776716 0.681200
vt 0.742997 0.681200
vt 0.777979 0.677370
vt 0.707915 0.681200
vt 0.675459 0.681200
vt 0.649617 0.681200
vt 0.650373 0.677370
vt 0.651058 0.673483
vt 0.651672 0.669544
vt 0.780096 0.669544
vt 0.779106 0.673483
vt 0.854926 0.669567
vt 0.854589 0.673501
vt 0.832753 0.673489
vt 0.833390 0.669551
vt 0.854206 0.677403
vt 0.832027 0.677380
vt 0.808068 0.673483
vt 0.808934 0.669545
vt 0.807079 0.677371
vt 0.875000 0.669594
vt 0.875000 0.673518
vt 0.875000 0.677441
vt 0.875000 0.681365
vt 0.853774 0.681250
vt 0.831210 0.681214
vt 0.805970 0.681202
vt 0.739694 0.694396
vt 0.705523 0.694511
vt 0.705821 0.689324
vt 0.740465 0.689290
vt 0.673466 0.694474
vt 0.673720 0.689313
vt 0.706742 0.685050
vt 0.741659 0.685045
vt 0.674485 0.685048
vt 0.771261 0.700727
vt 0.739623 0.700825
vt 0.772512 0.694355
vt 0.706215 0.701096
vt 0.674024 0.701008
vt 0.647676 0.700721
vt 0.647681 0.694352
vt 0.648118 0.689277
vt 0.648819 0.685044
vt 0.775330 0.685044
vt 0.773899 0.689278
vt 0.853272 0.685050
vt 0.852583 0.689077
vt 0.829054 0.689308
vt 0.830272 0.685057
vt 0.851570 0.693787
vt 0.827367 0.694512
vt 0.803261 0.689331
vt 0.804723 0.685052
vt 0.801488 0.694539
vt 0.875000 0.685041
vt 0.875000 0.688716
vt 0.875000 0.692392
vt 0.875000 0.696068
vt 0.850093 0.700463
vt 0.825021 0.701481
vt 0.799311 0.701210
vt 0.736704 0.733251
vt 0.702186 0.730540
vt 0.714210 0.719887
vt 0.743968 0.725430
vt 0.666183 0.728519
vt 0.673933 0.718635
vt 0.675169 0.709216
vt 0.708376 0.709409
vt 0.740826 0.708639
vt 0.745580 0.716124
vt 0.756458 0.720955
vt 0.771659 0.744622
vt 0.732605 0.742590
vt 0.767786 0.735218
vt 0.693550 0.740557
vt 0.768013 0.727552
vt 0.615441 0.736493
vt 0.636938 0.726913
vt 0.654496 0.738525
vt 0.645198 0.717580
vt 0.647715 0.708638
vt 0.770259 0.708370
vt 0.769713 0.715360
vt 0.769599 0.721285
vt 0.769109 0.722804
vt 0.769662 0.719762
vt 0.781071 0.721606
vt 0.790956 0.717136
vt 0.814511 0.722508
vt 0.789906 0.726863
vt 0.796376 0.709422
vt 0.821581 0.710787
vt 0.848130 0.710699
vt 0.846621 0.722910
vt 0.847497 0.735728
vt 0.820339 0.735302
vt 0.794542 0.735627
vt 0.875000 0.709551
vt 0.875000 0.723034
vt 0.875000 0.750000
vt 0.849165 0.748656
vt 0.875000 0.736517
vt 0.823330 0.747311
vt 0.797494 0.745967
vt 0.593269 0.849606
vt 0.592956 0.814808
vt 0.601424 0.815960
vt 0.602073 0.850555
vt 0.592686 0.782022
vt 0.600817 0.784012
vt 0.609876 0.816160
vt 0.610901 0.852543
vt 0.608867 0.781726
vt 0.584478 0.885730
vt 0.584478 0.849408
vt 0.593579 0.883610
vt 0.584478 0.813086
vt 0.584478 0.776763
vt 0.584478 0.740441
vt 0.592620 0.756644
vt 0.600324 0.759441
vt 0.607892 0.754775
vt 0.616879 0.776141
vt 0.618318 0.815790
vt 0.619756 0.855439
vt 0.611870 0.887502
vt 0.621194 0.895087
vt 0.602701 0.884527
vt 0.614155 0.973136
vt 0.604262 0.972529
vt 0.603774 0.944616
vt 0.613433 0.945970
vt 0.594369 0.971967
vt 0.594123 0.943630
vt 0.603263 0.915674
vt 0.612690 0.917991
vt 0.593863 0.914561
vt 0.625000 1.000000
vt 0.614870 1.000000
vt 0.624049 0.973772
vt 0.604739 1.000000
vt 0.594608 1.000000
vt 0.584478 1.000000
vt 0.584478 0.971433
vt 0.584478 0.942865
vt 0.584478 0.914298
vt 0.622146 0.921315
vt 0.623097 0.947544
vt 0.760069 0.628759
vt 0.720089 0.628788
vt 0.718723 0.624994
vt 0.759350 0.624996
vt 0.684153 0.628830
vt 0.682950 0.624995
vt 0.719405 0.621190
vt 0.759970 0.621226
vt 0.683474 0.621151
vt 0.801894 0.628796
vt 0.655856 0.628863
vt 0.655187 0.624997
vt 0.655468 0.621126
vt 0.802754 0.621204
vt 0.802324 0.625000
vt 0.856418 0.621189
vt 0.856446 0.624996
vt 0.838103 0.624994
vt 0.838117 0.621201
vt 0.855898 0.628797
vt 0.837246 0.628778
vt 0.820109 0.624996
vt 0.820289 0.621228
vt 0.819346 0.628758
vt 0.875000 0.621204
vt 0.875000 0.625000
vt 0.875000 0.628796
vt 0.618347 0.652350
vt 0.618075 0.656265
vt 0.617766 0.656204
vt 0.618041 0.652301
vt 0.617749 0.660151
vt 0.617442 0.660082
vt 0.617663 0.656187
vt 0.617947 0.652293
vt 0.617347 0.660064
vt 0.619174 0.648492
vt 0.618957 0.652455
vt 0.618563 0.648405
vt 0.618686 0.656389
vt 0.618360 0.660294
vt 0.617981 0.664171
vt 0.617369 0.664011
vt 0.617065 0.663933
vt 0.616980 0.663917
vt 0.617063 0.663958
vt 0.617364 0.660075
vt 0.617664 0.656193
vt 0.617965 0.652310
vt 0.618177 0.648370
vt 0.618266 0.648427
vt 0.618259 0.648367
vt 0.510384 0.750142
vt 0.507339 0.750142
vt 0.507345 0.750285
vt 0.510035 0.750285
vt 0.504294 0.750142
vt 0.504655 0.750285
vt 0.507351 0.750427
vt 0.509686 0.750427
vt 0.505016 0.750427
vt 0.514134 0.750000
vt 0.510734 0.750000
vt 0.513430 0.750142
vt 0.507333 0.750000
vt 0.503933 0.750000
vt 0.500532 0.750000
vt 0.501249 0.750142
vt 0.501965 0.750285
vt 0.502682 0.750427
vt 0.503398 0.750569
vt 0.505378 0.750569
vt 0.507357 0.750569
vt 0.509336 0.750569
vt 0.512020 0.750427
vt 0.511316 0.750569
vt 0.512725 0.750285
vt 0.624940 0.613154
vt 0.624861 0.609070
vt 0.628916 0.609058
vt 0.628898 0.613147
vt 0.624718 0.604949
vt 0.628678 0.604926
vt 0.639180 0.609091
vt 0.638899 0.613175
vt 0.638687 0.604947
vt 0.623863 0.617196
vt 0.623803 0.613190
vt 0.624976 0.617172
vt 0.623711 0.609121
vt 0.623583 0.605016
vt 0.623411 0.600906
vt 0.624519 0.600820
vt 0.628301 0.600783
vt 0.637830 0.600785
vt 0.638266 0.617182
vt 0.628755 0.617167
vt 0.624279 0.596710
vt 0.624000 0.592627
vt 0.627611 0.592564
vt 0.627936 0.596659
vt 0.623685 0.588575
vt 0.627328 0.588503
vt 0.636674 0.592544
vt 0.637124 0.596647
vt 0.636481 0.588480
vt 0.623190 0.596815
vt 0.622918 0.592751
vt 0.622597 0.588718
vt 0.622226 0.584720
vt 0.623331 0.584560
vt 0.627088 0.584481
vt 0.636545 0.584458
vt 0.622937 0.580585
vt 0.622484 0.576653
vt 0.626492 0.576565
vt 0.626860 0.580501
vt 0.621957 0.572764
vt 0.625865 0.572676
vt 0.636627 0.576548
vt 0.636765 0.580482
vt 0.635721 0.572656
vt 0.621807 0.580760
vt 0.621339 0.576836
vt 0.620822 0.572946
vt 0.620257 0.569086
vt 0.621371 0.568921
vt 0.625098 0.568839
vt 0.634457 0.568816
vt 0.620745 0.565060
vt 0.620077 0.560849
vt 0.623604 0.560789
vt 0.624341 0.564992
vt 0.619364 0.555891
vt 0.622864 0.555816
vt 0.632392 0.560760
vt 0.633335 0.564969
vt 0.631550 0.555763
vt 0.619642 0.565193
vt 0.618970 0.560960
vt 0.618236 0.556017
vt 0.617431 0.549995
vt 0.618598 0.549789
vt 0.622098 0.549659
vt 0.630733 0.549549
vt 0.617700 0.542367
vt 0.616298 0.534330
vt 0.619389 0.533875
vt 0.621157 0.542121
vt 0.613963 0.526603
vt 0.616189 0.525793
vt 0.627029 0.533349
vt 0.629632 0.541891
vt 0.621672 0.524629
vt 0.616485 0.542736
vt 0.615085 0.534916
vt 0.612851 0.527419
vt 0.609406 0.521130
vt 0.610355 0.520098
vt 0.611625 0.518662
vt 0.613938 0.515945
vt 0.605314 0.515500
vt 0.599330 0.512578
vt 0.599694 0.509406
vt 0.605980 0.513137
vt 0.593059 0.510855
vt 0.593273 0.507373
vt 0.599934 0.501615
vt 0.606761 0.507335
vt 0.593319 0.498891
vt 0.604543 0.516704
vt 0.598733 0.513869
vt 0.592621 0.512124
vt 0.586848 0.510967
vt 0.587166 0.509765
vt 0.587308 0.506257
vt 0.587308 0.497645
vt 0.582163 0.508824
vt 0.577928 0.507945
vt 0.578023 0.504434
vt 0.582268 0.505290
vt 0.574185 0.507138
vt 0.574292 0.503787
vt 0.577986 0.495706
vt 0.582242 0.496541
vt 0.574276 0.495469
vt 0.581906 0.509977
vt 0.577688 0.509063
vt 0.573932 0.508215
vt 0.570379 0.507423
vt 0.570651 0.506386
vt 0.570778 0.503249
vt 0.570794 0.495498
vt 0.567093 0.505673
vt 0.563467 0.504996
vt 0.563607 0.502139
vt 0.567232 0.502702
vt 0.559775 0.504359
vt 0.559910 0.501580
vt 0.563655 0.495135
vt 0.567270 0.495395
vt 0.559960 0.494784
vt 0.566813 0.506679
vt 0.563191 0.505981
vt 0.559510 0.505330
vt 0.555770 0.504725
vt 0.556019 0.503765
vt 0.556146 0.501047
vt 0.556193 0.494413
vt 0.552202 0.503216
vt 0.548329 0.502714
vt 0.548437 0.500112
vt 0.552320 0.500556
vt 0.544405 0.502259
vt 0.544503 0.499716
vt 0.548477 0.493791
vt 0.552364 0.494078
vt 0.544539 0.493552
vt 0.551972 0.504166
vt 0.548119 0.503655
vt 0.544216 0.503191
vt 0.540266 0.502776
vt 0.540435 0.501851
vt 0.540521 0.499367
vt 0.540553 0.493363
vt 0.536422 0.501491
vt 0.532373 0.501179
vt 0.532436 0.498797
vt 0.536498 0.499064
vt 0.528291 0.500912
vt 0.528341 0.498554
vt 0.532457 0.493074
vt 0.536525 0.493215
vt 0.528352 0.492898
vt 0.536275 0.502408
vt 0.532248 0.502090
vt 0.528188 0.501821
vt 0.524100 0.501602
vt 0.524183 0.500689
vt 0.524218 0.498322
vt 0.524212 0.492642
vt 0.520045 0.500508
vt 0.515856 0.500353
vt 0.515911 0.498293
vt 0.520070 0.498145
vt 0.511646 0.500198
vt 0.511751 0.498984
vt 0.515875 0.493198
vt 0.520044 0.492449
vt 0.511726 0.495770
vt 0.519941 0.501421
vt 0.515471 0.501210
vt 0.510549 0.500867
vt 0.624746 0.645051
vt 0.624899 0.640929
vt 0.629218 0.640935
vt 0.628905 0.645069
vt 0.624970 0.636846
vt 0.629141 0.636848
vt 0.640200 0.640886
vt 0.639453 0.645034
vt 0.639718 0.636807
vt 0.623411 0.649094
vt 0.623583 0.644984
vt 0.624531 0.649179
vt 0.623711 0.640879
vt 0.623803 0.636810
vt 0.623863 0.632804
vt 0.624992 0.632827
vt 0.628883 0.632830
vt 0.638696 0.632809
vt 0.638151 0.649205
vt 0.628396 0.649214
vt 0.623663 0.661425
vt 0.623991 0.657373
vt 0.627533 0.657436
vt 0.627158 0.661498
vt 0.624278 0.653290
vt 0.627933 0.653340
vt 0.636412 0.657456
vt 0.635907 0.661525
vt 0.637116 0.653349
vt 0.622226 0.665280
vt 0.622597 0.661282
vt 0.623292 0.665441
vt 0.622918 0.657249
vt 0.623189 0.653185
vt 0.635474 0.665553
vt 0.626771 0.665523
vt 0.621889 0.677237
vt 0.622405 0.673348
vt 0.625856 0.673443
vt 0.625323 0.677330
vt 0.622872 0.669416
vt 0.626338 0.669506
vt 0.634478 0.673478
vt 0.633894 0.677365
vt 0.635005 0.669539
vt 0.620257 0.680914
vt 0.620822 0.677054
vt 0.621326 0.681079
vt 0.621339 0.673164
vt 0.621807 0.669240
vt 0.633254 0.681195
vt 0.624741 0.681164
vt 0.619355 0.694110
vt 0.620059 0.689152
vt 0.623458 0.689213
vt 0.622795 0.694191
vt 0.620716 0.684941
vt 0.624114 0.685010
vt 0.631900 0.689248
vt 0.631317 0.694260
vt 0.632569 0.685037
vt 0.617431 0.700005
vt 0.618236 0.693984
vt 0.618604 0.700213
vt 0.618970 0.689040
vt 0.619642 0.684807
vt 0.630891 0.700504
vt 0.622145 0.700357
vt 0.613991 0.723399
vt 0.616336 0.715674
vt 0.619694 0.716158
vt 0.616410 0.724222
vt 0.617727 0.707637
vt 0.621370 0.707908
vt 0.628040 0.716763
vt 0.622368 0.725427
vt 0.630348 0.708204
vt 0.609406 0.728870
vt 0.612851 0.722582
vt 0.610366 0.729894
vt 0.615085 0.715084
vt 0.616486 0.707264
vt 0.614190 0.733868
vt 0.611717 0.731277
vt 0.593044 0.738901
vt 0.599330 0.737315
vt 0.599698 0.739738
vt 0.593152 0.740675
vt 0.605319 0.734467
vt 0.606026 0.736595
vt 0.599984 0.745706
vt 0.592940 0.744968
vt 0.606939 0.741716
vt 0.586848 0.739033
vt 0.592621 0.737876
vt 0.587140 0.739856
vt 0.598733 0.736131
vt 0.604543 0.733296
vt 0.586542 0.741927
vt 0.587100 0.740713
vt 0.574189 0.742432
vt 0.577926 0.741603
vt 0.578002 0.741948
vt 0.574325 0.742769
vt 0.582145 0.740732
vt 0.582127 0.741154
vt 0.577929 0.742083
vt 0.574387 0.742907
vt 0.581776 0.741376
vt 0.570379 0.742577
vt 0.573932 0.741785
vt 0.570655 0.743214
vt 0.577688 0.740937
vt 0.581906 0.740023
vt 0.581125 0.741278
vt 0.577773 0.742114
vt 0.574420 0.742951
vt 0.570910 0.743692
vt 0.571068 0.743787
vt 0.570811 0.743548
vt 0.559776 0.745291
vt 0.563468 0.744643
vt 0.563617 0.744966
vt 0.559921 0.745615
vt 0.567096 0.743950
vt 0.567251 0.744279
vt 0.563686 0.745095
vt 0.559995 0.745750
vt 0.567335 0.744413
vt 0.555770 0.745275
vt 0.559510 0.744670
vt 0.556020 0.745894
vt 0.563191 0.744019
vt 0.566814 0.743321
vt 0.567392 0.744456
vt 0.563716 0.745125
vt 0.560041 0.745794
vt 0.556243 0.746362
vt 0.556365 0.746463
vt 0.556160 0.746219
vt 0.544406 0.747424
vt 0.548330 0.746960
vt 0.548443 0.747280
vt 0.544510 0.747746
vt 0.552203 0.746450
vt 0.552330 0.746773
vt 0.548495 0.747408
vt 0.544562 0.747881
vt 0.552397 0.746907
vt 0.540266 0.747224
vt 0.544216 0.746809
vt 0.540436 0.747840
vt 0.548119 0.746345
vt 0.551972 0.745834
vt 0.552441 0.746951
vt 0.548518 0.747439
vt 0.544594 0.747927
vt 0.540587 0.748309
vt 0.540670 0.748415
vt 0.540531 0.748165
vt 0.528292 0.748798
vt 0.532373 0.748527
vt 0.532441 0.748848
vt 0.528349 0.749122
vt 0.536423 0.748208
vt 0.536505 0.748531
vt 0.532472 0.748976
vt 0.528377 0.749258
vt 0.536548 0.748665
vt 0.524100 0.748398
vt 0.528188 0.748179
vt 0.524184 0.749019
vt 0.532248 0.747910
vt 0.536275 0.747592
vt 0.536578 0.748712
vt 0.532485 0.749008
vt 0.528393 0.749305
vt 0.524259 0.749493
vt 0.524301 0.749602
vt 0.524231 0.749347
vt 0.511648 0.749655
vt 0.515859 0.749393
vt 0.515931 0.749675
vt 0.511764 0.749834
vt 0.520048 0.749200
vt 0.520090 0.749522
vt 0.515942 0.749779
vt 0.511768 0.749891
vt 0.520109 0.749655
vt 0.507592 0.750000
vt 0.510549 0.749133
vt 0.515471 0.748790
vt 0.519941 0.748579
vt 0.520124 0.749701
vt 0.515947 0.749801
vt 0.511769 0.749901
vt 0.625001 0.628890
vt 0.625003 0.625000
vt 0.628625 0.625000
vt 0.628698 0.628892
vt 0.624995 0.621110
vt 0.628649 0.621106
vt 0.637709 0.624999
vt 0.637984 0.628884
vt 0.637820 0.621112
vt 0.623899 0.628879
vt 0.623911 0.625000
vt 0.623899 0.621121
vt 0.620499 0.613394
vt 0.620417 0.609405
vt 0.621582 0.609305
vt 0.621667 0.613322
vt 0.620298 0.605388
vt 0.621460 0.605257
vt 0.622746 0.609204
vt 0.622835 0.613250
vt 0.622621 0.605125
vt 0.619581 0.617364
vt 0.619531 0.613454
vt 0.620551 0.617326
vt 0.619452 0.609489
vt 0.619336 0.605497
vt 0.619174 0.601508
vt 0.620134 0.601372
vt 0.621292 0.601207
vt 0.622451 0.601043
vt 0.622893 0.617234
vt 0.621722 0.617280
vt 0.619916 0.597380
vt 0.619644 0.593416
vt 0.620802 0.593181
vt 0.621073 0.597180
vt 0.619320 0.589482
vt 0.620478 0.589212
vt 0.621959 0.592946
vt 0.622231 0.596980
vt 0.621637 0.588942
vt 0.618957 0.597545
vt 0.618686 0.593611
vt 0.618360 0.589706
vt 0.617981 0.585829
vt 0.618943 0.585578
vt 0.620104 0.585274
vt 0.621264 0.584971
vt 0.618514 0.581699
vt 0.618031 0.577822
vt 0.619201 0.577474
vt 0.619678 0.581367
vt 0.617493 0.573922
vt 0.618670 0.573577
vt 0.620370 0.577125
vt 0.620842 0.581035
vt 0.619847 0.573232
vt 0.617549 0.581974
vt 0.617062 0.578111
vt 0.616518 0.574208
vt 0.615914 0.570229
vt 0.616898 0.569970
vt 0.618085 0.569658
vt 0.619273 0.569345
vt 0.616239 0.565908
vt 0.615487 0.561551
vt 0.616719 0.561342
vt 0.617442 0.565655
vt 0.614612 0.556680
vt 0.615893 0.556445
vt 0.617950 0.561133
vt 0.618645 0.565403
vt 0.617174 0.556211
vt 0.615242 0.566118
vt 0.614467 0.561724
vt 0.613550 0.556874
vt 0.612450 0.551395
vt 0.613579 0.551078
vt 0.614940 0.550695
vt 0.616302 0.550312
vt 0.612321 0.544666
vt 0.610629 0.537922
vt 0.612204 0.536859
vt 0.613793 0.543984
vt 0.608262 0.531463
vt 0.609884 0.530033
vt 0.613780 0.535796
vt 0.615266 0.543302
vt 0.611506 0.528603
vt 0.611101 0.545231
vt 0.609324 0.538803
vt 0.606917 0.532647
vt 0.603676 0.527303
vt 0.604974 0.525904
vt 0.606541 0.524217
vt 0.608108 0.522529
vt 0.600639 0.521707
vt 0.595588 0.518707
vt 0.596700 0.516997
vt 0.602019 0.519938
vt 0.590269 0.516582
vt 0.591100 0.515006
vt 0.597812 0.515287
vt 0.603399 0.518170
vt 0.591932 0.513430
vt 0.599496 0.523173
vt 0.594667 0.520124
vt 0.589580 0.517888
vt 0.584625 0.516198
vt 0.585129 0.515013
vt 0.585736 0.513582
vt 0.586344 0.512152
vt 0.580515 0.513722
vt 0.576376 0.512623
vt 0.576840 0.511364
vt 0.581007 0.512398
vt 0.572560 0.511670
vt 0.573045 0.510449
vt 0.577304 0.510106
vt 0.581499 0.511074
vt 0.573530 0.509227
vt 0.580108 0.514820
vt 0.575992 0.513666
vt 0.572158 0.512682
vt 0.568487 0.511816
vt 0.568915 0.510821
vt 0.569433 0.509619
vt 0.569950 0.508418
vt 0.565313 0.510038
vt 0.561711 0.509313
vt 0.562234 0.508135
vt 0.565843 0.508851
vt 0.558094 0.508644
vt 0.558595 0.507472
vt 0.562757 0.506957
vt 0.566374 0.507663
vt 0.559095 0.506300
vt 0.564873 0.511022
vt 0.561278 0.510289
vt 0.557679 0.509614
vt 0.554054 0.508994
vt 0.554443 0.508027
vt 0.554912 0.506859
vt 0.555381 0.505692
vt 0.550743 0.507460
vt 0.546994 0.506945
vt 0.547392 0.505782
vt 0.551177 0.506296
vt 0.543200 0.506479
vt 0.543559 0.505317
vt 0.547790 0.504619
vt 0.551612 0.505131
vt 0.543918 0.504155
vt 0.550382 0.508425
vt 0.546664 0.507908
vt 0.542903 0.507442
vt 0.539100 0.507027
vt 0.539364 0.506064
vt 0.539683 0.504901
vt 0.540002 0.503739
vt 0.535489 0.505700
vt 0.531578 0.505387
vt 0.531815 0.504221
vt 0.535767 0.504536
vt 0.527633 0.505126
vt 0.527829 0.503958
vt 0.532052 0.503056
vt 0.536045 0.503372
vt 0.528025 0.502789
vt 0.535259 0.506664
vt 0.531382 0.506352
vt 0.527470 0.506095
vt 0.523525 0.505892
vt 0.523655 0.504920
vt 0.523813 0.503747
vt 0.523970 0.502574
vt 0.519364 0.504767
vt 0.513345 0.504662
vt 0.513756 0.503454
vt 0.519525 0.503586
vt 0.503875 0.504597
vt 0.504850 0.503337
vt 0.514618 0.502222
vt 0.519743 0.502401
vt 0.507356 0.501989
vt 0.519260 0.505744
vt 0.513244 0.505648
vt 0.503756 0.505597
vt 0.489077 0.505585
vt 0.489131 0.504570
vt 0.490345 0.503257
vt 0.494321 0.501753
vt 0.620298 0.644612
vt 0.620417 0.640595
vt 0.621582 0.640695
vt 0.621460 0.644743
vt 0.620499 0.636606
vt 0.621667 0.636678
vt 0.622746 0.640796
vt 0.622621 0.644875
vt 0.622835 0.636750
vt 0.619336 0.644503
vt 0.620134 0.648628
vt 0.619452 0.640511
vt 0.619531 0.636546
vt 0.619581 0.632636
vt 0.620551 0.632674
vt 0.621722 0.632720
vt 0.622893 0.632766
vt 0.622451 0.648957
vt 0.621292 0.648793
vt 0.619320 0.660518
vt 0.619645 0.656584
vt 0.620802 0.656819
vt 0.620478 0.660788
vt 0.619916 0.652620
vt 0.621073 0.652820
vt 0.621959 0.657054
vt 0.621637 0.661058
vt 0.622231 0.653020
vt 0.618943 0.664422
vt 0.621264 0.665029
vt 0.620104 0.664725
vt 0.617493 0.676078
vt 0.618031 0.672178
vt 0.619200 0.672526
vt 0.618670 0.676423
vt 0.618514 0.668301
vt 0.619678 0.668633
vt 0.620370 0.672875
vt 0.619847 0.676768
vt 0.620842 0.668965
vt 0.615914 0.679771
vt 0.616518 0.675792
vt 0.616898 0.680030
vt 0.617062 0.671889
vt 0.617549 0.668026
vt 0.619273 0.680655
vt 0.618085 0.680343
vt 0.614612 0.693320
vt 0.615487 0.688449
vt 0.616719 0.688658
vt 0.615893 0.693555
vt 0.616238 0.684092
vt 0.617442 0.684345
vt 0.617950 0.688867
vt 0.617174 0.693789
vt 0.618645 0.684597
vt 0.612450 0.698605
vt 0.613550 0.693126
vt 0.613579 0.698922
vt 0.614467 0.688276
vt 0.615241 0.683882
vt 0.616302 0.699688
vt 0.614941 0.699305
vt 0.608262 0.718537
vt 0.610629 0.712078
vt 0.612205 0.713141
vt 0.609884 0.719967
vt 0.612321 0.705334
vt 0.613793 0.706016
vt 0.613780 0.714204
vt 0.611507 0.721397
vt 0.615266 0.706698
vt 0.603676 0.722697
vt 0.606917 0.717353
vt 0.604974 0.724096
vt 0.609324 0.711197
vt 0.611101 0.704769
vt 0.608108 0.727471
vt 0.606541 0.725784
vt 0.590269 0.733418
vt 0.595588 0.731293
vt 0.596700 0.733003
vt 0.591100 0.734994
vt 0.600639 0.728293
vt 0.602019 0.730062
vt 0.597812 0.734714
vt 0.591932 0.736570
vt 0.603399 0.731831
vt 0.584625 0.733803
vt 0.589580 0.732112
vt 0.585129 0.734988
vt 0.594667 0.729876
vt 0.599496 0.726827
vt 0.586344 0.737848
vt 0.585736 0.736418
vt 0.572560 0.738330
vt 0.576376 0.737377
vt 0.576840 0.738636
vt 0.573045 0.739552
vt 0.580515 0.736278
vt 0.581007 0.737602
vt 0.577303 0.739894
vt 0.573530 0.740773
vt 0.581499 0.738926
vt 0.568487 0.738184
vt 0.572158 0.737318
vt 0.568915 0.739179
vt 0.575992 0.736335
vt 0.580108 0.735180
vt 0.569950 0.741582
vt 0.569433 0.740381
vt 0.558094 0.741356
vt 0.561711 0.740687
vt 0.562234 0.741865
vt 0.558595 0.742528
vt 0.565313 0.739962
vt 0.565843 0.741150
vt 0.562757 0.743043
vt 0.559095 0.743700
vt 0.566374 0.742337
vt 0.554054 0.741006
vt 0.557679 0.740386
vt 0.554442 0.741973
vt 0.561278 0.739711
vt 0.564873 0.738978
vt 0.555381 0.744308
vt 0.554912 0.743141
vt 0.543200 0.743521
vt 0.546994 0.743055
vt 0.547392 0.744218
vt 0.543559 0.744683
vt 0.550743 0.742540
vt 0.551177 0.743704
vt 0.547790 0.745381
vt 0.543918 0.745846
vt 0.551612 0.744869
vt 0.539100 0.742973
vt 0.542903 0.742558
vt 0.539364 0.743936
vt 0.546664 0.742092
vt 0.550382 0.741575
vt 0.540002 0.746261
vt 0.539683 0.745099
vt 0.527633 0.744874
vt 0.531578 0.744614
vt 0.531815 0.745779
vt 0.527829 0.746042
vt 0.535489 0.744300
vt 0.535767 0.745464
vt 0.532052 0.746945
vt 0.528025 0.747211
vt 0.536045 0.746628
vt 0.523525 0.744108
vt 0.527470 0.743906
vt 0.523655 0.745080
vt 0.531382 0.743648
vt 0.535259 0.743336
vt 0.523970 0.747426
vt 0.523813 0.746253
vt 0.503875 0.745404
vt 0.513345 0.745338
vt 0.513756 0.746546
vt 0.504850 0.746663
vt 0.519364 0.745233
vt 0.519525 0.746414
vt 0.514618 0.747779
vt 0.507356 0.748011
vt 0.519743 0.747599
vt 0.489077 0.744415
vt 0.503756 0.744403
vt 0.489131 0.745431
vt 0.513244 0.744352
vt 0.519260 0.744256
vt 0.494321 0.748248
vt 0.490345 0.746743
vt 0.411641 0.745105
vt 0.441434 0.745317
vt 0.441023 0.746722
vt 0.410481 0.746635
vt 0.467889 0.745413
vt 0.468471 0.746762
vt 0.441027 0.748317
vt 0.409308 0.748292
vt 0.470636 0.748322
vt 0.381993 0.743048
vt 0.412561 0.743930
vt 0.380245 0.744786
vt 0.441960 0.744248
vt 0.468074 0.744381
vt 0.474444 0.750000
vt 0.441296 0.750000
vt 0.408148 0.750000
vt 0.376748 0.748262
vt 0.375000 0.750000
vt 0.378497 0.746524
vt 0.620582 0.628816
vt 0.620592 0.625000
vt 0.621765 0.625000
vt 0.621755 0.628838
vt 0.620582 0.621184
vt 0.621754 0.621162
vt 0.622939 0.625000
vt 0.622927 0.628860
vt 0.622927 0.621140
vt 0.619610 0.628797
vt 0.619620 0.625000
vt 0.619610 0.621203
vt 0.467889 0.504587
vt 0.441433 0.504683
vt 0.441023 0.503278
vt 0.468471 0.503238
vt 0.411641 0.504895
vt 0.410481 0.503365
vt 0.441027 0.501683
vt 0.470636 0.501678
vt 0.409308 0.501708
vt 0.468074 0.505619
vt 0.441960 0.505752
vt 0.412561 0.506070
vt 0.381993 0.506952
vt 0.380245 0.505214
vt 0.378497 0.503476
vt 0.376748 0.501738
vt 0.375000 0.500000
vt 0.408148 0.500000
vt 0.441296 0.500000
vt 0.474444 0.500000
vt 0.589133 0.518714
vt 0.594082 0.521018
vt 0.593805 0.521410
vt 0.588856 0.519089
vt 0.598784 0.524085
vt 0.598532 0.524400
vt 0.593752 0.521405
vt 0.588637 0.519110
vt 0.598719 0.524145
vt 0.584293 0.516944
vt 0.602873 0.528163
vt 0.602623 0.528395
vt 0.602992 0.527885
vt 0.604646 0.525745
vt 0.599230 0.523469
vt 0.593815 0.521192
vt 0.588399 0.518915
vt 0.583750 0.517223
vt 0.582984 0.516638
vt 0.584049 0.517269
vt 0.535113 0.742722
vt 0.531258 0.743033
vt 0.531197 0.742721
vt 0.535043 0.742414
vt 0.527367 0.743289
vt 0.527319 0.742980
vt 0.531182 0.742618
vt 0.535029 0.742317
vt 0.527313 0.742885
vt 0.538932 0.742360
vt 0.523443 0.743490
vt 0.523406 0.743183
vt 0.523411 0.743099
vt 0.523472 0.743190
vt 0.527331 0.742904
vt 0.531190 0.742619
vt 0.535048 0.742333
vt 0.538843 0.741968
vt 0.538907 0.742047
vt 0.538853 0.742054
vt 0.616935 0.667851
vt 0.616445 0.671704
vt 0.616133 0.671603
vt 0.616627 0.667764
vt 0.615897 0.675607
vt 0.615587 0.675493
vt 0.616030 0.671554
vt 0.616531 0.667737
vt 0.615494 0.675407
vt 0.615288 0.679602
vt 0.614978 0.679489
vt 0.614898 0.679374
vt 0.615002 0.679103
vt 0.615518 0.675316
vt 0.616033 0.671530
vt 0.616548 0.667744
vt 0.571900 0.513326
vt 0.575744 0.514328
vt 0.575595 0.514651
vt 0.571757 0.513646
vt 0.579839 0.515513
vt 0.579648 0.515827
vt 0.575492 0.514730
vt 0.571678 0.513738
vt 0.579449 0.515839
vt 0.568211 0.512449
vt 0.579197 0.515662
vt 0.575410 0.514685
vt 0.571624 0.513708
vt 0.567968 0.512842
vt 0.567837 0.512732
vt 0.568058 0.512762
vt 0.519205 0.743634
vt 0.513259 0.743726
vt 0.513577 0.743408
vt 0.519219 0.743322
vt 0.503908 0.743772
vt 0.504873 0.743453
vt 0.514383 0.743301
vt 0.519321 0.743226
vt 0.507390 0.743348
vt 0.489359 0.743778
vt 0.490738 0.743457
vt 0.494748 0.743358
vt 0.507489 0.743407
vt 0.511485 0.743353
vt 0.515480 0.743299
vt 0.519476 0.743244
vt 0.614607 0.683745
vt 0.613818 0.688160
vt 0.613500 0.688065
vt 0.614291 0.683652
vt 0.612878 0.692989
vt 0.612567 0.692834
vt 0.613415 0.687951
vt 0.614199 0.683565
vt 0.612535 0.692573
vt 0.611738 0.698385
vt 0.611418 0.698156
vt 0.611433 0.697743
vt 0.611896 0.696543
vt 0.612673 0.692183
vt 0.613449 0.687823
vt 0.614226 0.683463
vt 0.557416 0.510233
vt 0.561002 0.510911
vt 0.560859 0.511225
vt 0.557286 0.510543
vt 0.564591 0.511649
vt 0.564438 0.511961
vt 0.560804 0.511329
vt 0.557252 0.510640
vt 0.564362 0.512054
vt 0.553807 0.509609
vt 0.564315 0.512029
vt 0.560794 0.511326
vt 0.557272 0.510623
vt 0.553669 0.510002
vt 0.553751 0.509921
vt 0.553689 0.509916
vt 0.468411 0.743740
vt 0.442325 0.743623
vt 0.442789 0.743335
vt 0.469467 0.743419
vt 0.412950 0.743390
vt 0.413096 0.743204
vt 0.443641 0.743236
vt 0.472016 0.743313
vt 0.413226 0.743145
vt 0.413367 0.743138
vt 0.444741 0.743228
vt 0.476115 0.743318
vt 0.618724 0.605566
vt 0.618837 0.609542
vt 0.618525 0.609572
vt 0.618416 0.605598
vt 0.618914 0.613493
vt 0.618600 0.613524
vt 0.618417 0.609588
vt 0.618321 0.605601
vt 0.618491 0.613560
vt 0.618563 0.601595
vt 0.618963 0.617390
vt 0.618648 0.617418
vt 0.618542 0.617470
vt 0.618559 0.617621
vt 0.618486 0.613609
vt 0.618413 0.609597
vt 0.618339 0.605585
vt 0.618177 0.601631
vt 0.618266 0.601573
vt 0.618259 0.601633
vt 0.610328 0.704396
vt 0.608500 0.710639
vt 0.608129 0.710376
vt 0.609970 0.704128
vt 0.606078 0.716619
vt 0.605765 0.716390
vt 0.608108 0.710331
vt 0.609931 0.703842
vt 0.605937 0.716665
vt 0.602873 0.721837
vt 0.602623 0.721605
vt 0.602992 0.722115
vt 0.604645 0.724255
vt 0.606458 0.717327
vt 0.608271 0.710399
vt 0.610083 0.703471
vt 0.542714 0.508055
vt 0.546455 0.508522
vt 0.546351 0.508833
vt 0.542622 0.508363
vt 0.550154 0.509040
vt 0.550042 0.509348
vt 0.546321 0.508937
vt 0.542600 0.508460
vt 0.550017 0.509445
vt 0.538932 0.507640
vt 0.550040 0.509429
vt 0.546329 0.508937
vt 0.542618 0.508445
vt 0.538843 0.508032
vt 0.538907 0.507953
vt 0.538853 0.507946
vt 0.618991 0.621216
vt 0.619000 0.625000
vt 0.618683 0.625000
vt 0.618675 0.621233
vt 0.618990 0.628784
vt 0.618675 0.628767
vt 0.618570 0.625000
vt 0.618565 0.621263
vt 0.618565 0.628737
vt 0.618963 0.632610
vt 0.618648 0.632582
vt 0.618542 0.632530
vt 0.618559 0.632379
vt 0.618559 0.628690
vt 0.618559 0.625000
vt 0.618559 0.621310
vt 0.617749 0.589849
vt 0.618075 0.593735
vt 0.617766 0.593796
vt 0.617442 0.589918
vt 0.618346 0.597650
vt 0.618041 0.597699
vt 0.617663 0.593813
vt 0.617347 0.589936
vt 0.617947 0.597707
vt 0.617369 0.585989
vt 0.617965 0.597690
vt 0.617664 0.593807
vt 0.617364 0.589925
vt 0.616980 0.586083
vt 0.617063 0.586042
vt 0.617065 0.586066
vt 0.598784 0.725915
vt 0.594082 0.728982
vt 0.593805 0.728590
vt 0.598532 0.725600
vt 0.589133 0.731286
vt 0.588856 0.730911
vt 0.593752 0.728595
vt 0.598719 0.725855
vt 0.588637 0.730890
vt 0.584293 0.733056
vt 0.584048 0.732731
vt 0.583750 0.732777
vt 0.582984 0.733362
vt 0.588399 0.731085
vt 0.593815 0.728808
vt 0.599230 0.726531
vt 0.527367 0.506711
vt 0.531258 0.506968
vt 0.531197 0.507279
vt 0.527319 0.507020
vt 0.535113 0.507278
vt 0.535043 0.507586
vt 0.531182 0.507382
vt 0.527312 0.507115
vt 0.535029 0.507683
vt 0.523442 0.506510
vt 0.535048 0.507667
vt 0.531190 0.507381
vt 0.527331 0.507096
vt 0.523411 0.506901
vt 0.523472 0.506810
vt 0.523406 0.506817
vt 0.412950 0.506610
vt 0.442325 0.506377
vt 0.442789 0.506665
vt 0.413096 0.506796
vt 0.468411 0.506260
vt 0.469467 0.506581
vt 0.443641 0.506764
vt 0.413226 0.506855
vt 0.472016 0.506687
vt 0.489359 0.506222
vt 0.490738 0.506543
vt 0.494748 0.506642
vt 0.507488 0.506593
vt 0.476115 0.506683
vt 0.444741 0.506773
vt 0.413367 0.506862
vt 0.615897 0.574393
vt 0.616445 0.578296
vt 0.616133 0.578397
vt 0.615587 0.574507
vt 0.616935 0.582149
vt 0.616627 0.582236
vt 0.616030 0.578446
vt 0.615494 0.574593
vt 0.616531 0.582263
vt 0.615288 0.570398
vt 0.616548 0.582256
vt 0.616033 0.578470
vt 0.615518 0.574684
vt 0.614898 0.570626
vt 0.615002 0.570897
vt 0.614978 0.570511
vt 0.579839 0.734487
vt 0.575744 0.735672
vt 0.575595 0.735350
vt 0.579648 0.734174
vt 0.571900 0.736674
vt 0.571757 0.736354
vt 0.575493 0.735270
vt 0.579449 0.734162
vt 0.571678 0.736262
vt 0.568211 0.737551
vt 0.568058 0.737238
vt 0.567968 0.737158
vt 0.567837 0.737268
vt 0.571624 0.736292
vt 0.575410 0.735315
vt 0.579197 0.734338
vt 0.503908 0.506228
vt 0.513259 0.506274
vt 0.513577 0.506592
vt 0.504873 0.506547
vt 0.519204 0.506366
vt 0.519219 0.506678
vt 0.514382 0.506699
vt 0.507390 0.506653
vt 0.519321 0.506774
vt 0.519476 0.506756
vt 0.515480 0.506701
vt 0.511484 0.506647
vt 0.612878 0.557011
vt 0.613818 0.561840
vt 0.613500 0.561935
vt 0.612567 0.557166
vt 0.614607 0.566255
vt 0.614291 0.566347
vt 0.613415 0.562049
vt 0.612535 0.557427
vt 0.614199 0.566435
vt 0.611738 0.551615
vt 0.614226 0.566537
vt 0.613449 0.562177
vt 0.612672 0.557817
vt 0.611433 0.552257
vt 0.611896 0.553457
vt 0.611418 0.551844
vt 0.564591 0.738351
vt 0.561002 0.739089
vt 0.560859 0.738775
vt 0.564438 0.738039
vt 0.557416 0.739767
vt 0.557286 0.739457
vt 0.560804 0.738671
vt 0.564362 0.737946
vt 0.557252 0.739360
vt 0.553807 0.740391
vt 0.553688 0.740084
vt 0.553669 0.739998
vt 0.553751 0.740079
vt 0.557272 0.739377
vt 0.560794 0.738674
vt 0.564315 0.737971
vt 0.618914 0.636507
vt 0.618837 0.640458
vt 0.618525 0.640428
vt 0.618600 0.636476
vt 0.618724 0.644434
vt 0.618416 0.644402
vt 0.618417 0.640412
vt 0.618490 0.636440
vt 0.618321 0.644399
vt 0.618339 0.644415
vt 0.618413 0.640403
vt 0.618486 0.636391
vt 0.606078 0.533380
vt 0.608500 0.539361
vt 0.608129 0.539624
vt 0.605765 0.533610
vt 0.610328 0.545604
vt 0.609970 0.545872
vt 0.608108 0.539669
vt 0.605937 0.533335
vt 0.609931 0.546159
vt 0.610083 0.546529
vt 0.608271 0.539601
vt 0.606458 0.532673
vt 0.550154 0.740960
vt 0.546455 0.741478
vt 0.546351 0.741167
vt 0.550042 0.740652
vt 0.542714 0.741944
vt 0.542621 0.741637
vt 0.546321 0.741063
vt 0.550017 0.740555
vt 0.542600 0.741540
vt 0.542618 0.741555
vt 0.546329 0.741063
vt 0.550040 0.740571
s 1
usemtl Material.003
f 960/1/1 961/2/2 959/3/3 969/4/4
f 969/4/4 959/3/3 961/2/2 960/1/1
f 962/5/5 963/6/6 959/3/7 961/2/8
f 961/2/8 959/3/7 963/6/6 962/5/5
f 964/7/9 965/8/10 959/3/7 963/6/6
f 963/6/6 959/3/7 965/8/10 964/7/9
f 966/9/11 967/10/12 959/3/12 965/8/13
f 965/8/13 959/3/12 967/10/12 966/9/11
f 968/11/14 969/4/4 959/3/3 967/10/14
f 967/10/14 959/3/3 969/4/4 968/11/14
f 82/12/15 161/13/16 960/1/17 158/14/18
f 158/14/18 960/1/17 161/13/16 82/12/15
f 161/13/19 162/15/20 961/2/2 960/1/1
f 960/1/1 961/2/2 162/15/20 161/13/19
f 158/14/18 960/1/17 969/4/21 159/16/22
f 159/16/22 969/4/21 960/1/17 158/14/18
f 83/17/23 164/18/24 962/5/25 163/19/26
f 163/19/26 962/5/25 164/18/24 83/17/23
f 164/18/24 165/20/27 963/6/28 962/5/25
f 962/5/25 963/6/28 165/20/27 164/18/24
f 163/19/29 962/5/5 961/2/8 162/15/30
f 162/15/30 961/2/8 962/5/5 163/19/29
f 55/21/31 169/22/32 964/7/33 166/23/34
f 166/23/34 964/7/33 169/22/32 55/21/31
f 169/22/35 168/24/36 965/8/10 964/7/9
f 964/7/9 965/8/10 168/24/36 169/22/35
f 166/23/34 964/7/33 963/6/28 165/20/27
f 165/20/27 963/6/28 964/7/33 166/23/34
f 54/25/37 172/26/38 966/9/11 167/27/39
f 167/27/39 966/9/11 172/26/38 54/25/37
f 172/26/38 171/28/40 967/10/40 966/9/11
f 966/9/11 967/10/40 171/28/40 172/26/38
f 167/27/39 966/9/11 965/8/13 168/24/41
f 168/24/41 965/8/13 966/9/11 167/27/39
f 53/29/42 160/30/42 968/11/42 170/31/42
f 170/31/42 968/11/42 160/30/42 53/29/42
f 160/30/43 159/16/22 969/4/21 968/11/43
f 968/11/43 969/4/21 159/16/22 160/30/43
f 170/31/44 968/11/44 967/10/44 171/28/44
f 171/28/44 967/10/44 968/11/44 170/31/44
f 971/32/45 972/33/46 970/34/47 980/35/45
f 980/35/45 970/34/47 972/33/46 971/32/45
f 973/36/48 974/37/48 970/34/47 972/33/46
f 972/33/46 970/34/47 974/37/48 973/36/48
f 975/38/49 976/39/50 970/34/51 974/37/52
f 974/37/52 970/34/51 976/39/50 975/38/49
f 977/40/53 978/41/53 970/34/51 976/39/50
f 976/39/50 970/34/51 978/41/53 977/40/53
f 979/42/54 980/35/54 970/34/54 978/41/54
f 978/41/54 970/34/54 980/35/54 979/42/54
f 55/21/31 175/43/55 971/32/56 169/22/32
f 169/22/32 971/32/56 175/43/55 55/21/31
f 175/43/55 174/44/57 972/33/58 971/32/56
f 971/32/56 972/33/58 174/44/57 175/43/55
f 169/22/35 971/32/59 980/35/59 168/24/36
f 168/24/36 980/35/59 971/32/59 169/22/35
f 19/45/60 178/46/60 973/36/61 173/47/62
f 173/47/62 973/36/61 178/46/60 19/45/60
f 178/46/63 177/48/63 974/37/48 973/36/48
f 973/36/48 974/37/48 177/48/63 178/46/63
f 173/47/62 973/36/61 972/33/58 174/44/57
f 174/44/57 972/33/58 973/36/61 173/47/62
f 17/49/64 179/50/65 975/38/66 176/51/64
f 176/51/64 975/38/66 179/50/65 17/49/64
f 179/50/65 180/52/67 976/39/68 975/38/66
f 975/38/66 976/39/68 180/52/67 179/50/65
f 176/51/69 975/38/49 974/37/52 177/48/69
f 177/48/69 974/37/52 975/38/49 176/51/69
f 53/29/70 170/31/70 977/40/71 181/53/72
f 181/53/72 977/40/71 170/31/70 53/29/70
f 170/31/73 171/28/73 978/41/73 977/40/73
f 977/40/73 978/41/73 171/28/73 170/31/73
f 181/53/72 977/40/71 976/39/68 180/52/67
f 180/52/67 976/39/68 977/40/71 181/53/72
f 54/25/37 167/27/39 979/42/74 172/26/75
f 172/26/75 979/42/74 167/27/39 54/25/37
f 167/27/39 168/24/41 980/35/76 979/42/76
f 979/42/76 980/35/76 168/24/41 167/27/39
f 172/26/75 979/42/74 978/41/77 171/28/77
f 171/28/77 978/41/77 979/42/74 172/26/75
f 981/54/78 982/55/79 985/56/80 984/57/80
f 984/57/80 985/56/80 982/55/79 981/54/78
f 982/55/81 983/58/81 986/59/82 985/56/83
f 985/56/83 986/59/82 983/58/81 982/55/81
f 984/57/80 985/56/80 988/60/84 987/61/85
f 987/61/85 988/60/84 985/56/80 984/57/80
f 985/56/83 986/59/82 989/62/86 988/60/87
f 988/60/87 989/62/86 986/59/82 985/56/83
f 83/17/88 184/63/89 981/54/90 164/18/91
f 164/18/91 981/54/90 184/63/89 83/17/88
f 184/63/92 183/64/93 982/55/79 981/54/78
f 981/54/78 982/55/79 183/64/93 184/63/92
f 183/64/94 182/65/95 983/58/81 982/55/81
f 982/55/81 983/58/81 182/65/95 183/64/94
f 182/65/96 84/66/97 185/67/98 983/58/99
f 983/58/99 185/67/98 84/66/97 182/65/96
f 983/58/99 185/67/98 186/68/100 986/59/101
f 986/59/101 186/68/100 185/67/98 983/58/99
f 986/59/101 186/68/100 187/69/102 989/62/103
f 989/62/103 187/69/102 186/68/100 986/59/101
f 989/62/103 187/69/102 56/70/104 190/71/105
f 190/71/105 56/70/104 187/69/102 989/62/103
f 988/60/87 989/62/86 190/71/106 189/72/106
f 189/72/106 190/71/106 989/62/86 988/60/87
f 987/61/85 988/60/84 189/72/107 188/73/107
f 188/73/107 189/72/107 988/60/84 987/61/85
f 166/23/108 987/61/109 188/73/110 55/21/111
f 55/21/111 188/73/110 987/61/109 166/23/108
f 165/20/112 984/57/113 987/61/109 166/23/108
f 166/23/108 987/61/109 984/57/113 165/20/112
f 164/18/91 981/54/90 984/57/113 165/20/112
f 165/20/112 984/57/113 981/54/90 164/18/91
f 990/74/114 991/75/115 994/76/116 993/77/117
f 993/77/117 994/76/116 991/75/115 990/74/114
f 991/75/115 992/78/118 995/79/119 994/76/116
f 994/76/116 995/79/119 992/78/118 991/75/115
f 993/77/120 994/76/121 997/80/121 996/81/120
f 996/81/120 997/80/121 994/76/121 993/77/120
f 994/76/121 995/79/122 998/82/122 997/80/121
f 997/80/121 998/82/122 995/79/122 994/76/121
f 56/70/104 193/83/123 990/74/124 190/71/105
f 190/71/105 990/74/124 193/83/123 56/70/104
f 193/83/123 192/84/125 991/75/126 990/74/124
f 990/74/124 991/75/126 192/84/125 193/83/123
f 192/84/125 191/85/127 992/78/128 991/75/126
f 991/75/126 992/78/128 191/85/127 192/84/125
f 191/85/127 20/86/129 196/87/129 992/78/128
f 992/78/128 196/87/129 20/86/129 191/85/127
f 992/78/118 196/87/130 195/88/130 995/79/119
f 995/79/119 195/88/130 196/87/130 992/78/118
f 995/79/122 195/88/131 194/89/131 998/82/122
f 998/82/122 194/89/131 195/88/131 995/79/122
f 998/82/132 194/89/133 19/45/133 173/47/134
f 173/47/134 19/45/133 194/89/133 998/82/132
f 997/80/135 998/82/132 173/47/134 174/44/136
f 174/44/136 173/47/134 998/82/132 997/80/135
f 996/81/137 997/80/135 174/44/136 175/43/137
f 175/43/137 174/44/136 997/80/135 996/81/137
f 188/73/110 996/81/137 175/43/137 55/21/111
f 55/21/111 175/43/137 996/81/137 188/73/110
f 189/72/107 993/77/120 996/81/120 188/73/107
f 188/73/107 996/81/120 993/77/120 189/72/107
f 190/71/106 990/74/114 993/77/117 189/72/106
f 189/72/106 993/77/117 990/74/114 190/71/106
f 1000/90/138 1001/91/139 999/92/140 1009/93/141
f 1009/93/141 999/92/140 1001/91/139 1000/90/138
f 1002/94/142 1003/95/143 999/92/144 1001/91/145
f 1001/91/145 999/92/144 1003/95/143 1002/94/142
f 1004/96/146 1005/97/147 999/92/144 1003/95/143
f 1003/95/143 999/92/144 1005/97/147 1004/96/146
f 1006/98/148 1007/99/148 999/92/148 1005/97/148
f 1005/97/148 999/92/148 1007/99/148 1006/98/148
f 1008/100/149 1009/93/141 999/92/140 1007/99/149
f 1007/99/149 999/92/140 1009/93/141 1008/100/149
f 84/66/150 199/101/151 1000/90/152 185/67/153
f 185/67/153 1000/90/152 199/101/151 84/66/150
f 199/101/154 198/102/155 1001/91/139 1000/90/138
f 1000/90/138 1001/91/139 198/102/155 199/101/154
f 185/67/153 1000/90/152 1009/93/156 186/68/157
f 186/68/157 1009/93/156 1000/90/152 185/67/153
f 85/103/158 200/104/159 1002/94/160 197/105/161
f 197/105/161 1002/94/160 200/104/159 85/103/158
f 200/104/159 201/106/162 1003/95/163 1002/94/160
f 1002/94/160 1003/95/163 201/106/162 200/104/159
f 197/105/164 1002/94/142 1001/91/145 198/102/165
f 198/102/165 1001/91/145 1002/94/142 197/105/164
f 57/107/166 203/108/167 1004/96/168 202/109/169
f 202/109/169 1004/96/168 203/108/167 57/107/166
f 203/108/170 204/110/171 1005/97/147 1004/96/146
f 1004/96/146 1005/97/147 204/110/171 203/108/170
f 202/109/169 1004/96/168 1003/95/163 201/106/162
f 201/106/162 1003/95/163 1004/96/168 202/109/169
f 58/111/172 208/112/173 1006/98/174 205/113/175
f 205/113/175 1006/98/174 208/112/173 58/111/172
f 208/112/176 207/114/177 1007/99/178 1006/98/178
f 1006/98/178 1007/99/178 207/114/177 208/112/176
f 205/113/179 1006/98/180 1005/97/180 204/110/181
f 204/110/181 1005/97/180 1006/98/180 205/113/179
f 56/70/182 187/69/183 1008/100/184 206/115/185
f 206/115/185 1008/100/184 187/69/183 56/70/182
f 187/69/183 186/68/157 1009/93/156 1008/100/184
f 1008/100/184 1009/93/156 186/68/157 187/69/183
f 206/115/186 1008/100/187 1007/99/187 207/114/188
f 207/114/188 1007/99/187 1008/100/187 206/115/186
f 1011/116/189 1012/117/190 1010/118/191 1020/119/192
f 1020/119/192 1010/118/191 1012/117/190 1011/116/189
f 1013/120/193 1014/121/194 1010/118/195 1012/117/196
f 1012/117/196 1010/118/195 1014/121/194 1013/120/193
f 1015/122/197 1016/123/197 1010/118/195 1014/121/194
f 1014/121/194 1010/118/195 1016/123/197 1015/122/197
f 1017/124/198 1018/125/198 1010/118/198 1016/123/198
f 1016/123/198 1010/118/198 1018/125/198 1017/124/198
f 1019/126/199 1020/119/192 1010/118/191 1018/125/200
f 1018/125/200 1010/118/191 1020/119/192 1019/126/199
f 21/127/159 214/128/159 1011/116/201 209/129/202
f 209/129/202 1011/116/201 214/128/159 21/127/159
f 214/128/145 213/130/145 1012/117/190 1011/116/189
f 1011/116/189 1012/117/190 213/130/145 214/128/145
f 209/129/202 1011/116/201 1020/119/203 210/131/204
f 210/131/204 1020/119/203 1011/116/201 209/129/202
f 20/86/205 191/85/206 1013/120/207 212/132/205
f 212/132/205 1013/120/207 191/85/206 20/86/205
f 191/85/206 192/84/208 1014/121/209 1013/120/207
f 1013/120/207 1014/121/209 192/84/208 191/85/206
f 212/132/210 1013/120/193 1012/117/196 213/130/210
f 213/130/210 1012/117/196 1013/120/193 212/132/210
f 56/70/182 206/115/185 1015/122/211 193/83/212
f 193/83/212 1015/122/211 206/115/185 56/70/182
f 206/115/186 207/114/188 1016/123/213 1015/122/213
f 1015/122/213 1016/123/213 207/114/188 206/115/186
f 193/83/212 1015/122/211 1014/121/209 192/84/208
f 192/84/208 1014/121/209 1015/122/211 193/83/212
f 58/111/172 205/113/175 1017/124/214 208/112/173
f 208/112/173 1017/124/214 205/113/175 58/111/172
f 205/113/179 204/110/181 1018/125/215 1017/124/215
f 1017/124/215 1018/125/215 204/110/181 205/113/179
f 208/112/176 1017/124/216 1016/123/216 207/114/177
f 207/114/177 1016/123/216 1017/124/216 208/112/176
f 57/107/166 211/133/217 1019/126/218 203/108/167
f 203/108/167 1019/126/218 211/133/217 57/107/166
f 211/133/217 210/131/204 1020/119/203 1019/126/218
f 1019/126/218 1020/119/203 210/131/204 211/133/217
f 203/108/170 1019/126/199 1018/125/200 204/110/171
f 204/110/171 1018/125/200 1019/126/199 203/108/170
f 1021/134/219 1022/135/219 1025/136/220 1024/137/221
f 1024/137/221 1025/136/220 1022/135/219 1021/134/219
f 1022/135/222 1023/138/222 1026/139/223 1025/136/224
f 1025/136/224 1026/139/223 1023/138/222 1022/135/222
f 1024/137/221 1025/136/220 1028/140/225 1027/141/226
f 1027/141/226 1028/140/225 1025/136/220 1024/137/221
f 1025/136/224 1026/139/223 1029/142/227 1028/140/228
f 1028/140/228 1029/142/227 1026/139/223 1025/136/224
f 85/103/229 217/143/230 1021/134/231 200/104/232
f 200/104/232 1021/134/231 217/143/230 85/103/229
f 217/143/233 216/144/234 1022/135/219 1021/134/219
f 1021/134/219 1022/135/219 216/144/234 217/143/233
f 216/144/235 215/145/236 1023/138/222 1022/135/222
f 1022/135/222 1023/138/222 215/145/236 216/144/235
f 215/145/237 86/146/238 218/147/239 1023/138/239
f 1023/138/239 218/147/239 86/146/238 215/145/237
f 1023/138/239 218/147/239 219/148/240 1026/139/240
f 1026/139/240 219/148/240 218/147/239 1023/138/239
f 1026/139/240 219/148/240 220/149/241 1029/142/242
f 1029/142/242 220/149/241 219/148/240 1026/139/240
f 1029/142/242 220/149/241 59/150/242 223/151/242
f 223/151/242 59/150/242 220/149/241 1029/142/242
f 1028/140/228 1029/142/227 223/151/243 222/152/243
f 222/152/243 223/151/243 1029/142/227 1028/140/228
f 1027/141/226 1028/140/225 222/152/244 221/153/244
f 221/153/244 222/152/244 1028/140/225 1027/141/226
f 202/109/245 1027/141/246 221/153/247 57/107/248
f 57/107/248 221/153/247 1027/141/246 202/109/245
f 201/106/249 1024/137/250 1027/141/246 202/109/245
f 202/109/245 1027/141/246 1024/137/250 201/106/249
f 200/104/232 1021/134/231 1024/137/250 201/106/249
f 201/106/249 1024/137/250 1021/134/231 200/104/232
f 1030/154/251 1031/155/252 1034/156/252 1033/157/253
f 1033/157/253 1034/156/252 1031/155/252 1030/154/251
f 1031/155/252 1032/158/254 1035/159/254 1034/156/252
f 1034/156/252 1035/159/254 1032/158/254 1031/155/252
f 1033/157/255 1034/156/256 1037/160/256 1036/161/257
f 1036/161/257 1037/160/256 1034/156/256 1033/157/255
f 1034/156/256 1035/159/258 1038/162/258 1037/160/256
f 1037/160/256 1038/162/258 1035/159/258 1034/156/256
f 59/150/242 226/163/242 1030/154/241 223/151/242
f 223/151/242 1030/154/241 226/163/242 59/150/242
f 226/163/242 225/164/240 1031/155/240 1030/154/241
f 1030/154/241 1031/155/240 225/164/240 226/163/242
f 225/164/240 224/165/239 1032/158/239 1031/155/240
f 1031/155/240 1032/158/239 224/165/239 225/164/240
f 224/165/239 22/166/259 229/167/259 1032/158/239
f 1032/158/239 229/167/259 22/166/259 224/165/239
f 1032/158/254 229/167/254 228/168/254 1035/159/254
f 1035/159/254 228/168/254 229/167/254 1032/158/254
f 1035/159/258 228/168/260 227/169/260 1038/162/258
f 1038/162/258 227/169/260 228/168/260 1035/159/258
f 1038/162/261 227/169/262 21/127/262 209/129/261
f 209/129/261 21/127/262 227/169/262 1038/162/261
f 1037/160/263 1038/162/261 209/129/261 210/131/264
f 210/131/264 209/129/261 1038/162/261 1037/160/263
f 1036/161/265 1037/160/263 210/131/264 211/133/266
f 211/133/266 210/131/264 1037/160/263 1036/161/265
f 221/153/247 1036/161/265 211/133/266 57/107/248
f 57/107/248 211/133/266 1036/161/265 221/153/247
f 222/152/244 1033/157/255 1036/161/257 221/153/244
f 221/153/244 1036/161/257 1033/157/255 222/152/244
f 223/151/243 1030/154/251 1033/157/253 222/152/243
f 222/152/243 1033/157/253 1030/154/251 223/151/243
f 1039/170/267 1040/171/267 1043/172/267 1042/173/267
f 1042/173/267 1043/172/267 1040/171/267 1039/170/267
f 1040/171/268 1041/174/268 1044/175/268 1043/172/268
f 1043/172/268 1044/175/268 1041/174/268 1040/171/268
f 1042/173/267 1043/172/267 1046/176/267 1045/177/267
f 1045/177/267 1046/176/267 1043/172/267 1042/173/267
f 1043/172/268 1044/175/268 1047/178/268 1046/176/268
f 1046/176/268 1047/178/268 1044/175/268 1043/172/268
f 86/146/269 232/179/270 1039/170/271 218/147/271
f 218/147/271 1039/170/271 232/179/270 86/146/269
f 232/179/272 231/180/273 1040/171/267 1039/170/267
f 1039/170/267 1040/171/267 231/180/273 232/179/272
f 231/180/274 230/181/275 1041/174/268 1040/171/268
f 1040/171/268 1041/174/268 230/181/275 231/180/274
f 230/181/276 87/182/277 233/183/278 1041/174/278
f 1041/174/278 233/183/278 87/182/277 230/181/276
f 1041/174/278 233/183/278 234/184/278 1044/175/278
f 1044/175/278 234/184/278 233/183/278 1041/174/278
f 1044/175/278 234/184/278 235/185/278 1047/178/278
f 1047/178/278 235/185/278 234/184/278 1044/175/278
f 1047/178/278 235/185/278 60/186/278 238/187/278
f 238/187/278 60/186/278 235/185/278 1047/178/278
f 1046/176/268 1047/178/268 238/187/268 237/188/268
f 237/188/268 238/187/268 1047/178/268 1046/176/268
f 1045/177/267 1046/176/267 237/188/267 236/189/267
f 236/189/267 237/188/267 1046/176/267 1045/177/267
f 220/149/271 1045/177/271 236/189/271 59/150/271
f 59/150/271 236/189/271 1045/177/271 220/149/271
f 219/148/271 1042/173/271 1045/177/271 220/149/271
f 220/149/271 1045/177/271 1042/173/271 219/148/271
f 218/147/271 1039/170/271 1042/173/271 219/148/271
f 219/148/271 1042/173/271 1039/170/271 218/147/271
f 1048/190/268 1049/191/268 1052/192/268 1051/193/268
f 1051/193/268 1052/192/268 1049/191/268 1048/190/268
f 1049/191/268 1050/194/268 1053/195/268 1052/192/268
f 1052/192/268 1053/195/268 1050/194/268 1049/191/268
f 1051/193/267 1052/192/267 1055/196/267 1054/197/267
f 1054/197/267 1055/196/267 1052/192/267 1051/193/267
f 1052/192/267 1053/195/267 1056/198/267 1055/196/267
f 1055/196/267 1056/198/267 1053/195/267 1052/192/267
f 60/186/278 241/199/278 1048/190/278 238/187/278
f 238/187/278 1048/190/278 241/199/278 60/186/278
f 241/199/278 240/200/278 1049/191/278 1048/190/278
f 1048/190/278 1049/191/278 240/200/278 241/199/278
f 240/200/278 239/201/278 1050/194/278 1049/191/278
f 1049/191/278 1050/194/278 239/201/278 240/200/278
f 239/201/278 23/202/278 244/203/278 1050/194/278
f 1050/194/278 244/203/278 23/202/278 239/201/278
f 1050/194/268 244/203/268 243/204/268 1053/195/268
f 1053/195/268 243/204/268 244/203/268 1050/194/268
f 1053/195/267 243/204/267 242/205/267 1056/198/267
f 1056/198/267 242/205/267 243/204/267 1053/195/267
f 1056/198/271 242/205/271 22/166/271 224/165/271
f 224/165/271 22/166/271 242/205/271 1056/198/271
f 1055/196/271 1056/198/271 224/165/271 225/164/271
f 225/164/271 224/165/271 1056/198/271 1055/196/271
f 1054/197/271 1055/196/271 225/164/271 226/163/271
f 226/163/271 225/164/271 1055/196/271 1054/197/271
f 236/189/271 1054/197/271 226/163/271 59/150/271
f 59/150/271 226/163/271 1054/197/271 236/189/271
f 237/188/267 1051/193/267 1054/197/267 236/189/267
f 236/189/267 1054/197/267 1051/193/267 237/188/267
f 238/187/268 1048/190/268 1051/193/268 237/188/268
f 237/188/268 1051/193/268 1048/190/268 238/187/268
f 1057/206/279 1058/207/280 1061/208/281 1060/209/282
f 1060/209/282 1061/208/281 1058/207/280 1057/206/279
f 1058/207/280 1059/210/283 1062/211/284 1061/208/281
f 1061/208/281 1062/211/284 1059/210/283 1058/207/280
f 1060/209/285 1061/208/286 1064/212/285 1063/213/286
f 1063/213/286 1064/212/285 1061/208/286 1060/209/285
f 1061/208/286 1062/211/287 1065/214/287 1064/212/285
f 1064/212/285 1065/214/287 1062/211/287 1061/208/286
f 61/215/288 250/216/289 1057/206/290 247/217/288
f 247/217/288 1057/206/290 250/216/289 61/215/288
f 250/216/289 249/218/291 1058/207/292 1057/206/290
f 1057/206/290 1058/207/292 249/218/291 250/216/289
f 249/218/291 248/219/293 1059/210/294 1058/207/292
f 1058/207/292 1059/210/294 248/219/293 249/218/291
f 248/219/293 24/220/295 253/221/295 1059/210/294
f 1059/210/294 253/221/295 24/220/295 248/219/293
f 1059/210/283 253/221/296 252/222/296 1062/211/284
f 1062/211/284 252/222/296 253/221/296 1059/210/283
f 1062/211/287 252/222/297 251/223/297 1065/214/287
f 1065/214/287 251/223/297 252/222/297 1062/211/287
f 1065/214/298 251/223/299 23/224/299 239/225/298
f 239/225/298 23/224/299 251/223/299 1065/214/298
f 1064/212/300 1065/214/298 239/225/298 240/226/300
f 240/226/300 239/225/298 1065/214/298 1064/212/300
f 1063/213/300 1064/212/300 240/226/300 241/227/300
f 241/227/300 240/226/300 1064/212/300 1063/213/300
f 245/228/300 1063/213/300 241/227/300 60/229/300
f 60/229/300 241/227/300 1063/213/300 245/228/300
f 246/230/301 1060/209/285 1063/213/286 245/228/301
f 245/228/301 1063/213/286 1060/209/285 246/230/301
f 247/217/302 1057/206/279 1060/209/282 246/230/302
f 246/230/302 1060/209/282 1057/206/279 247/217/302
f 1066/231/285 1067/232/303 1070/233/304 1069/234/304
f 1069/234/304 1070/233/304 1067/232/303 1066/231/285
f 1067/232/305 1068/235/305 1071/236/306 1070/233/306
f 1070/233/306 1071/236/306 1068/235/305 1067/232/305
f 1069/234/304 1070/233/304 1073/237/286 1072/238/285
f 1072/238/285 1073/237/286 1070/233/304 1069/234/304
f 1070/233/306 1071/236/306 1074/239/281 1073/237/307
f 1073/237/307 1074/239/281 1071/236/306 1070/233/306
f 87/182/308 256/240/309 1066/231/300 233/241/300
f 233/241/300 1066/231/300 256/240/309 87/182/308
f 256/240/310 255/242/310 1067/232/303 1066/231/285
f 1066/231/285 1067/232/303 255/242/310 256/240/310
f 255/242/311 254/243/311 1068/235/305 1067/232/305
f 1067/232/305 1068/235/305 254/243/311 255/242/311
f 254/243/312 88/244/313 257/245/314 1068/235/315
f 1068/235/315 257/245/314 88/244/313 254/243/312
f 1068/235/315 257/245/314 258/246/316 1071/236/316
f 1071/236/316 258/246/316 257/245/314 1068/235/315
f 1071/236/316 258/246/316 259/247/317 1074/239/292
f 1074/239/292 259/247/317 258/246/316 1071/236/316
f 1074/239/292 259/247/317 61/215/288 247/217/288
f 247/217/288 61/215/288 259/247/317 1074/239/292
f 1073/237/307 1074/239/281 247/217/302 246/230/302
f 246/230/302 247/217/302 1074/239/281 1073/237/307
f 1072/238/285 1073/237/286 246/230/301 245/228/301
f 245/228/301 246/230/301 1073/237/286 1072/238/285
f 235/248/300 1072/238/300 245/228/300 60/229/300
f 60/229/300 245/228/300 1072/238/300 235/248/300
f 234/249/300 1069/234/300 1072/238/300 235/248/300
f 235/248/300 1072/238/300 1069/234/300 234/249/300
f 233/241/300 1066/231/300 1069/234/300 234/249/300
f 234/249/300 1069/234/300 1066/231/300 233/241/300
f 1076/250/318 1077/251/319 1075/252/320 1085/253/321
f 1085/253/321 1075/252/320 1077/251/319 1076/250/318
f 1078/254/322 1079/255/323 1075/252/320 1077/251/319
f 1077/251/319 1075/252/320 1079/255/323 1078/254/322
f 1080/256/324 1081/257/325 1075/252/326 1079/255/327
f 1079/255/327 1075/252/326 1081/257/325 1080/256/324
f 1082/258/328 1083/259/328 1075/252/326 1081/257/325
f 1081/257/325 1075/252/326 1083/259/328 1082/258/328
f 1084/260/329 1085/253/329 1075/252/329 1083/259/329
f 1083/259/329 1075/252/329 1085/253/329 1084/260/329
f 61/215/330 259/247/331 1076/250/332 260/261/333
f 260/261/333 1076/250/332 259/247/331 61/215/330
f 259/247/331 258/246/334 1077/251/335 1076/250/332
f 1076/250/332 1077/251/335 258/246/334 259/247/331
f 260/261/336 1076/250/318 1085/253/321 261/262/337
f 261/262/337 1085/253/321 1076/250/318 260/261/336
f 88/244/338 265/263/339 1078/254/340 257/245/341
f 257/245/341 1078/254/340 265/263/339 88/244/338
f 265/263/342 264/264/342 1079/255/323 1078/254/322
f 1078/254/322 1079/255/323 264/264/342 265/263/342
f 257/245/341 1078/254/340 1077/251/335 258/246/334
f 258/246/334 1077/251/335 1078/254/340 257/245/341
f 89/265/343 266/266/344 1080/256/345 263/267/346
f 263/267/346 1080/256/345 266/266/344 89/265/343
f 266/266/344 267/268/347 1081/257/348 1080/256/345
f 1080/256/345 1081/257/348 267/268/347 266/266/344
f 263/267/349 1080/256/324 1079/255/327 264/264/350
f 264/264/350 1079/255/327 1080/256/324 263/267/349
f 63/269/351 271/270/352 1082/258/353 268/271/354
f 268/271/354 1082/258/353 271/270/352 63/269/351
f 271/270/355 270/272/356 1083/259/357 1082/258/357
f 1082/258/357 1083/259/357 270/272/356 271/270/355
f 268/271/354 1082/258/353 1081/257/348 267/268/347
f 267/268/347 1081/257/348 1082/258/353 268/271/354
f 62/273/358 262/274/359 1084/260/360 269/275/361
f 269/275/361 1084/260/360 262/274/359 62/273/358
f 262/274/362 261/262/337 1085/253/321 1084/260/363
f 1084/260/363 1085/253/321 261/262/337 262/274/362
f 269/275/364 1084/260/365 1083/259/365 270/272/366
f 270/272/366 1083/259/365 1084/260/365 269/275/364
f 1087/276/367 1088/277/367 1086/278/367 1096/279/367
f 1096/279/367 1086/278/367 1088/277/367 1087/276/367
f 1089/280/368 1090/281/369 1086/278/370 1088/277/371
f 1088/277/371 1086/278/370 1090/281/369 1089/280/368
f 1091/282/372 1092/283/373 1086/278/370 1090/281/369
f 1090/281/369 1086/278/370 1092/283/373 1091/282/372
f 1093/284/323 1094/285/374 1086/278/375 1092/283/376
f 1092/283/376 1086/278/375 1094/285/374 1093/284/323
f 1095/286/377 1096/279/378 1086/278/375 1094/285/374
f 1094/285/374 1086/278/375 1096/279/378 1095/286/377
f 62/273/358 269/275/361 1087/276/379 262/274/359
f 262/274/359 1087/276/379 269/275/361 62/273/358
f 269/275/364 270/272/366 1088/277/380 1087/276/380
f 1087/276/380 1088/277/380 270/272/366 269/275/364
f 262/274/362 1087/276/381 1096/279/378 261/262/337
f 261/262/337 1096/279/378 1087/276/381 262/274/362
f 63/269/351 274/287/382 1089/280/383 271/270/352
f 271/270/352 1089/280/383 274/287/382 63/269/351
f 274/287/382 273/288/384 1090/281/385 1089/280/383
f 1089/280/383 1090/281/385 273/288/384 274/287/382
f 271/270/355 1089/280/368 1088/277/371 270/272/356
f 270/272/356 1088/277/371 1089/280/368 271/270/355
f 25/289/386 277/290/386 1091/282/387 272/291/388
f 272/291/388 1091/282/387 277/290/386 25/289/386
f 277/290/389 276/292/389 1092/283/373 1091/282/372
f 1091/282/372 1092/283/373 276/292/389 277/290/389
f 272/291/388 1091/282/387 1090/281/385 273/288/384
f 273/288/384 1090/281/385 1091/282/387 272/291/388
f 24/220/390 248/219/391 1093/284/392 275/293/390
f 275/293/390 1093/284/392 248/219/391 24/220/390
f 248/219/391 249/218/393 1094/285/394 1093/284/392
f 1093/284/392 1094/285/394 249/218/393 248/219/391
f 275/293/395 1093/284/323 1092/283/376 276/292/395
f 276/292/395 1092/283/376 1093/284/323 275/293/395
f 61/215/330 260/261/333 1095/286/396 250/216/397
f 250/216/397 1095/286/396 260/261/333 61/215/330
f 260/261/336 261/262/337 1096/279/378 1095/286/377
f 1095/286/377 1096/279/378 261/262/337 260/261/336
f 250/216/397 1095/286/396 1094/285/394 249/218/393
f 249/218/393 1094/285/394 1095/286/396 250/216/397
f 1097/294/398 1098/295/399 1101/296/400 1100/297/401
f 1100/297/401 1101/296/400 1098/295/399 1097/294/398
f 1098/295/399 1099/298/402 1102/299/403 1101/296/400
f 1101/296/400 1102/299/403 1099/298/402 1098/295/399
f 1100/297/404 1101/296/405 1104/300/406 1103/301/407
f 1103/301/407 1104/300/406 1101/296/405 1100/297/404
f 1101/296/405 1102/299/408 1105/302/409 1104/300/406
f 1104/300/406 1105/302/409 1102/299/408 1101/296/405
f 63/269/410 268/271/411 1097/294/412 278/303/413
f 278/303/413 1097/294/412 268/271/411 63/269/410
f 268/271/411 267/268/414 1098/295/415 1097/294/412
f 1097/294/412 1098/295/415 267/268/414 268/271/411
f 267/268/414 266/266/416 1099/298/417 1098/295/415
f 1098/295/415 1099/298/417 266/266/416 267/268/414
f 266/266/416 89/265/418 283/304/419 1099/298/417
f 1099/298/417 283/304/419 89/265/418 266/266/416
f 1099/298/402 283/304/420 282/305/421 1102/299/403
f 1102/299/403 282/305/421 283/304/420 1099/298/402
f 1102/299/408 282/305/422 281/306/423 1105/302/409
f 1105/302/409 281/306/423 282/305/422 1102/299/408
f 1105/302/424 281/306/425 90/307/426 284/308/424
f 284/308/424 90/307/426 281/306/425 1105/302/424
f 1104/300/427 1105/302/424 284/308/424 285/309/427
f 285/309/427 284/308/424 1105/302/424 1104/300/427
f 1103/301/428 1104/300/427 285/309/427 286/310/428
f 286/310/428 285/309/427 1104/300/427 1103/301/428
f 280/311/429 1103/301/428 286/310/428 64/312/429
f 64/312/429 286/310/428 1103/301/428 280/311/429
f 279/313/430 1100/297/404 1103/301/407 280/311/430
f 280/311/430 1103/301/407 1100/297/404 279/313/430
f 278/303/431 1097/294/398 1100/297/401 279/313/432
f 279/313/432 1100/297/401 1097/294/398 278/303/431
f 1106/314/433 1107/315/434 1110/316/435 1109/317/436
f 1109/317/436 1110/316/435 1107/315/434 1106/314/433
f 1107/315/434 1108/318/437 1111/319/438 1110/316/435
f 1110/316/435 1111/319/438 1108/318/437 1107/315/434
f 1109/317/439 1110/316/440 1113/320/441 1112/321/442
f 1112/321/442 1113/320/441 1110/316/440 1109/317/439
f 1110/316/440 1111/319/443 1114/322/443 1113/320/441
f 1113/320/441 1114/322/443 1111/319/443 1110/316/440
f 64/312/429 289/323/428 1106/314/428 280/311/429
f 280/311/429 1106/314/428 289/323/428 64/312/429
f 289/323/428 288/324/427 1107/315/444 1106/314/428
f 1106/314/428 1107/315/444 288/324/427 289/323/428
f 288/324/427 287/325/424 1108/318/424 1107/315/444
f 1107/315/444 1108/318/424 287/325/424 288/324/427
f 287/325/424 26/326/445 292/327/445 1108/318/424
f 1108/318/424 292/327/445 26/326/445 287/325/424
f 1108/318/437 292/327/446 291/328/446 1111/319/438
f 1111/319/438 291/328/446 292/327/446 1108/318/437
f 1111/319/443 291/328/447 290/329/447 1114/322/443
f 1114/322/443 290/329/447 291/328/447 1111/319/443
f 1114/322/448 290/329/449 25/289/449 272/291/450
f 272/291/450 25/289/449 290/329/449 1114/322/448
f 1113/320/451 1114/322/448 272/291/450 273/288/452
f 273/288/452 272/291/450 1114/322/448 1113/320/451
f 1112/321/453 1113/320/451 273/288/452 274/287/454
f 274/287/454 273/288/452 1113/320/451 1112/321/453
f 278/303/413 1112/321/453 274/287/454 63/269/410
f 63/269/410 274/287/454 1112/321/453 278/303/413
f 279/313/432 1109/317/439 1112/321/442 278/303/431
f 278/303/431 1112/321/442 1109/317/439 279/313/432
f 280/311/430 1106/314/433 1109/317/436 279/313/430
f 279/313/430 1109/317/436 1106/314/433 280/311/430
f 1115/330/455 1116/331/455 1119/332/455 1118/333/455
f 1118/333/455 1119/332/455 1116/331/455 1115/330/455
f 1116/331/455 1117/334/455 1120/335/455 1119/332/455
f 1119/332/455 1120/335/455 1117/334/455 1116/331/455
f 1118/333/456 1119/332/456 1122/336/456 1121/337/456
f 1121/337/456 1122/336/456 1119/332/456 1118/333/456
f 1119/332/456 1120/335/456 1123/338/456 1122/336/456
f 1122/336/456 1123/338/456 1120/335/456 1119/332/456
f 64/312/457 286/310/457 1115/330/457 293/339/457
f 293/339/457 1115/330/457 286/310/457 64/312/457
f 286/310/457 285/309/457 1116/331/457 1115/330/457
f 1115/330/457 1116/331/457 285/309/457 286/310/457
f 285/309/457 284/308/457 1117/334/457 1116/331/457
f 1116/331/457 1117/334/457 284/308/457 285/309/457
f 284/308/457 90/307/458 298/340/459 1117/334/457
f 1117/334/457 298/340/459 90/307/458 284/308/457
f 1117/334/455 298/340/460 297/341/460 1120/335/455
f 1120/335/455 297/341/460 298/340/460 1117/334/455
f 1120/335/456 297/341/461 296/342/462 1123/338/456
f 1123/338/456 296/342/462 297/341/461 1120/335/456
f 1123/338/463 296/342/464 91/343/465 299/344/463
f 299/344/463 91/343/465 296/342/464 1123/338/463
f 1122/336/463 1123/338/463 299/344/463 300/345/463
f 300/345/463 299/344/463 1123/338/463 1122/336/463
f 1121/337/463 1122/336/463 300/345/463 301/346/463
f 301/346/463 300/345/463 1122/336/463 1121/337/463
f 295/347/463 1121/337/463 301/346/463 65/348/463
f 65/348/463 301/346/463 1121/337/463 295/347/463
f 294/349/456 1118/333/456 1121/337/456 295/347/456
f 295/347/456 1121/337/456 1118/333/456 294/349/456
f 293/339/455 1115/330/455 1118/333/455 294/349/455
f 294/349/455 1118/333/455 1115/330/455 293/339/455
f 1124/350/456 1125/351/466 1128/352/466 1127/353/456
f 1127/353/456 1128/352/466 1125/351/466 1124/350/456
f 1125/351/466 1126/354/456 1129/355/456 1128/352/466
f 1128/352/466 1129/355/456 1126/354/456 1125/351/466
f 1127/353/455 1128/352/455 1131/356/455 1130/357/455
f 1130/357/455 1131/356/455 1128/352/455 1127/353/455
f 1128/352/455 1129/355/455 1132/358/455 1131/356/455
f 1131/356/455 1132/358/455 1129/355/455 1128/352/455
f 65/348/463 304/359/463 1124/350/463 295/347/463
f 295/347/463 1124/350/463 304/359/463 65/348/463
f 304/359/463 303/360/463 1125/351/463 1124/350/463
f 1124/350/463 1125/351/463 303/360/463 304/359/463
f 303/360/463 302/361/463 1126/354/463 1125/351/463
f 1125/351/463 1126/354/463 302/361/463 303/360/463
f 302/361/463 27/362/463 307/363/463 1126/354/463
f 1126/354/463 307/363/463 27/362/463 302/361/463
f 1126/354/456 307/363/456 306/364/456 1129/355/456
f 1129/355/456 306/364/456 307/363/456 1126/354/456
f 1129/355/455 306/364/455 305/365/455 1132/358/455
f 1132/358/455 305/365/455 306/364/455 1129/355/455
f 1132/358/457 305/365/457 26/326/457 287/325/457
f 287/325/457 26/326/457 305/365/457 1132/358/457
f 1131/356/457 1132/358/457 287/325/457 288/324/457
f 288/324/457 287/325/457 1132/358/457 1131/356/457
f 1130/357/457 1131/356/457 288/324/457 289/323/457
f 289/323/457 288/324/457 1131/356/457 1130/357/457
f 293/339/457 1130/357/457 289/323/457 64/312/457
f 64/312/457 289/323/457 1130/357/457 293/339/457
f 294/349/455 1127/353/455 1130/357/455 293/339/455
f 293/339/455 1130/357/455 1127/353/455 294/349/455
f 295/347/456 1124/350/456 1127/353/456 294/349/456
f 294/349/456 1127/353/456 1124/350/456 295/347/456
f 1133/366/467 1134/367/468 1137/368/469 1136/369/470
f 1136/369/470 1137/368/469 1134/367/468 1133/366/467
f 1134/367/468 1135/370/471 1138/371/472 1137/368/469
f 1137/368/469 1138/371/472 1135/370/471 1134/367/468
f 1136/369/473 1137/368/474 1140/372/474 1139/373/473
f 1139/373/473 1140/372/474 1137/368/474 1136/369/473
f 1137/368/474 1138/371/474 1141/374/474 1140/372/474
f 1140/372/474 1141/374/474 1138/371/474 1137/368/474
f 66/375/475 313/376/476 1133/366/477 310/377/478
f 310/377/478 1133/366/477 313/376/476 66/375/475
f 313/376/476 312/378/479 1134/367/480 1133/366/477
f 1133/366/477 1134/367/480 312/378/479 313/376/476
f 312/378/479 311/379/481 1135/370/482 1134/367/480
f 1134/367/480 1135/370/482 311/379/481 312/378/479
f 311/379/481 28/380/483 316/381/483 1135/370/482
f 1135/370/482 316/381/483 28/380/483 311/379/481
f 1135/370/471 316/381/484 315/382/484 1138/371/472
f 1138/371/472 315/382/484 316/381/484 1135/370/471
f 1138/371/474 315/382/485 314/383/485 1141/374/474
f 1141/374/474 314/383/485 315/382/485 1138/371/474
f 1141/374/486 314/383/486 27/362/486 302/361/486
f 302/361/486 27/362/486 314/383/486 1141/374/486
f 1140/372/486 1141/374/486 302/361/486 303/360/486
f 303/360/486 302/361/486 1141/374/486 1140/372/486
f 1139/373/486 1140/372/486 303/360/486 304/359/486
f 304/359/486 303/360/486 1140/372/486 1139/373/486
f 308/384/487 1139/373/486 304/359/486 65/348/487
f 65/348/487 304/359/486 1139/373/486 308/384/487
f 309/385/488 1136/369/473 1139/373/473 308/384/488
f 308/384/488 1139/373/473 1136/369/473 309/385/488
f 310/377/489 1133/366/467 1136/369/470 309/385/489
f 309/385/489 1136/369/470 1133/366/467 310/377/489
f 1142/386/490 1143/387/474 1146/388/474 1145/389/491
f 1145/389/491 1146/388/474 1143/387/474 1142/386/490
f 1143/387/474 1144/390/492 1147/391/492 1146/388/474
f 1146/388/474 1147/391/492 1144/390/492 1143/387/474
f 1145/389/493 1146/388/494 1149/392/472 1148/393/495
f 1148/393/495 1149/392/472 1146/388/494 1145/389/493
f 1146/388/494 1147/391/496 1150/394/496 1149/392/472
f 1149/392/472 1150/394/496 1147/391/496 1146/388/494
f 65/348/487 301/346/486 1142/386/486 308/384/487
f 308/384/487 1142/386/486 301/346/486 65/348/487
f 301/346/486 300/345/486 1143/387/486 1142/386/486
f 1142/386/486 1143/387/486 300/345/486 301/346/486
f 300/345/486 299/344/497 1144/390/497 1143/387/486
f 1143/387/486 1144/390/497 299/344/497 300/345/486
f 299/344/497 91/343/498 319/395/499 1144/390/497
f 1144/390/497 319/395/499 91/343/498 299/344/497
f 1144/390/492 319/395/500 318/396/501 1147/391/492
f 1147/391/492 318/396/501 319/395/500 1144/390/492
f 1147/391/496 318/396/502 317/397/503 1150/394/496
f 1150/394/496 317/397/503 318/396/502 1147/391/496
f 1150/394/504 317/397/505 92/398/505 320/399/504
f 320/399/504 92/398/505 317/397/505 1150/394/504
f 1149/392/506 1150/394/504 320/399/504 321/400/507
f 321/400/507 320/399/504 1150/394/504 1149/392/506
f 1148/393/508 1149/392/506 321/400/507 322/401/509
f 322/401/509 321/400/507 1149/392/506 1148/393/508
f 310/377/478 1148/393/508 322/401/509 66/375/475
f 66/375/475 322/401/509 1148/393/508 310/377/478
f 309/385/489 1145/389/493 1148/393/495 310/377/489
f 310/377/489 1148/393/495 1145/389/493 309/385/489
f 308/384/488 1142/386/490 1145/389/491 309/385/488
f 309/385/488 1145/389/491 1142/386/490 308/384/488
f 1152/402/510 1153/403/511 1151/404/512 1161/405/513
f 1161/405/513 1151/404/512 1153/403/511 1152/402/510
f 1154/406/514 1155/407/514 1151/404/512 1153/403/511
f 1153/403/511 1151/404/512 1155/407/514 1154/406/514
f 1156/408/515 1157/409/516 1151/404/512 1155/407/517
f 1155/407/517 1151/404/512 1157/409/516 1156/408/515
f 1158/410/518 1159/411/519 1151/404/512 1157/409/516
f 1157/409/516 1151/404/512 1159/411/519 1158/410/518
f 1160/412/520 1161/405/513 1151/404/512 1159/411/519
f 1159/411/519 1151/404/512 1161/405/513 1160/412/520
f 66/375/521 322/401/522 1152/402/522 323/413/523
f 323/413/523 1152/402/522 322/401/522 66/375/521
f 322/401/522 321/400/524 1153/403/525 1152/402/522
f 1152/402/522 1153/403/525 321/400/524 322/401/522
f 323/413/526 1152/402/510 1161/405/513 324/414/527
f 324/414/527 1161/405/513 1152/402/510 323/413/526
f 92/398/528 328/415/529 1154/406/530 320/399/530
f 320/399/530 1154/406/530 328/415/529 92/398/528
f 328/415/531 327/416/532 1155/407/514 1154/406/514
f 1154/406/514 1155/407/514 327/416/532 328/415/531
f 320/399/530 1154/406/530 1153/403/525 321/400/524
f 321/400/524 1153/403/525 1154/406/530 320/399/530
f 93/417/533 329/418/534 1156/408/515 326/419/535
f 326/419/535 1156/408/515 329/418/534 93/417/533
f 329/418/534 330/420/536 1157/409/516 1156/408/515
f 1156/408/515 1157/409/516 330/420/536 329/418/534
f 326/419/535 1156/408/515 1155/407/517 327/416/532
f 327/416/532 1155/407/517 1156/408/515 326/419/535
f 68/421/518 334/422/537 1158/410/518 331/423/538
f 331/423/538 1158/410/518 334/422/537 68/421/518
f 334/422/537 333/424/539 1159/411/519 1158/410/518
f 1158/410/518 1159/411/519 333/424/539 334/422/537
f 331/423/538 1158/410/518 1157/409/516 330/420/536
f 330/420/536 1157/409/516 1158/410/518 331/423/538
f 67/425/540 325/426/541 1160/412/520 332/427/542
f 332/427/542 1160/412/520 325/426/541 67/425/540
f 325/426/541 324/414/527 1161/405/513 1160/412/520
f 1160/412/520 1161/405/513 324/414/527 325/426/541
f 332/427/542 1160/412/520 1159/411/519 333/424/539
f 333/424/539 1159/411/519 1160/412/520 332/427/542
f 1163/428/543 1164/429/544 1162/430/545 1172/431/546
f 1172/431/546 1162/430/545 1164/429/544 1163/428/543
f 1165/432/547 1166/433/548 1162/430/545 1164/429/544
f 1164/429/544 1162/430/545 1166/433/548 1165/432/547
f 1167/434/549 1168/435/550 1162/430/545 1166/433/548
f 1166/433/548 1162/430/545 1168/435/550 1167/434/549
f 1169/436/514 1170/437/551 1162/430/552 1168/435/553
f 1168/435/553 1162/430/552 1170/437/551 1169/436/514
f 1171/438/554 1172/431/546 1162/430/552 1170/437/551
f 1170/437/551 1162/430/552 1172/431/546 1171/438/554
f 67/425/540 332/427/542 1163/428/543 325/426/541
f 325/426/541 1163/428/543 332/427/542 67/425/540
f 332/427/542 333/424/539 1164/429/544 1163/428/543
f 1163/428/543 1164/429/544 333/424/539 332/427/542
f 325/426/541 1163/428/543 1172/431/546 324/414/527
f 324/414/527 1172/431/546 1163/428/543 325/426/541
f 68/421/518 337/439/538 1165/432/547 334/422/537
f 334/422/537 1165/432/547 337/439/538 68/421/518
f 337/439/538 336/440/555 1166/433/548 1165/432/547
f 1165/432/547 1166/433/548 336/440/555 337/439/538
f 334/422/537 1165/432/547 1164/429/544 333/424/539
f 333/424/539 1164/429/544 1165/432/547 334/422/537
f 18/441/534 338/442/540 1167/434/549 335/443/556
f 335/443/556 1167/434/549 338/442/540 18/441/534
f 338/442/540 339/444/557 1168/435/550 1167/434/549
f 1167/434/549 1168/435/550 339/444/557 338/442/540
f 335/443/556 1167/434/549 1166/433/548 336/440/555
f 336/440/555 1166/433/548 1167/434/549 335/443/556
f 28/380/558 311/379/559 1169/436/560 340/445/558
f 340/445/558 1169/436/560 311/379/559 28/380/558
f 311/379/559 312/378/561 1170/437/561 1169/436/560
f 1169/436/560 1170/437/561 312/378/561 311/379/559
f 340/445/562 1169/436/514 1168/435/553 339/444/562
f 339/444/562 1168/435/553 1169/436/514 340/445/562
f 66/375/521 323/413/523 1171/438/563 313/376/564
f 313/376/564 1171/438/563 323/413/523 66/375/521
f 323/413/526 324/414/527 1172/431/546 1171/438/554
f 1171/438/554 1172/431/546 324/414/527 323/413/526
f 313/376/564 1171/438/563 1170/437/561 312/378/561
f 312/378/561 1170/437/561 1171/438/563 313/376/564
f 1174/446/565 1175/447/566 1173/448/567 1185/449/568
f 1185/449/568 1173/448/567 1175/447/566 1174/446/565
f 1176/450/569 1177/451/570 1173/448/571 1175/447/572
f 1175/447/572 1173/448/571 1177/451/570 1176/450/569
f 1178/452/573 1179/453/574 1173/448/571 1177/451/570
f 1177/451/570 1173/448/571 1179/453/574 1178/452/573
f 1180/454/575 1181/455/576 1173/448/571 1179/453/574
f 1179/453/574 1173/448/571 1181/455/576 1180/454/575
f 1182/456/577 1183/457/577 1173/448/577 1181/455/577
f 1181/455/577 1173/448/577 1183/457/577 1182/456/577
f 1184/458/578 1185/449/568 1173/448/567 1183/457/579
f 1183/457/579 1173/448/567 1185/449/568 1184/458/578
f 95/459/580 346/460/581 1174/446/582 341/461/583
f 341/461/583 1174/446/582 346/460/581 95/459/580
f 346/460/584 345/462/585 1175/447/566 1174/446/565
f 1174/446/565 1175/447/566 345/462/585 346/460/584
f 341/461/583 1174/446/582 1185/449/586 342/463/587
f 342/463/587 1185/449/586 1174/446/582 341/461/583
f 94/464/588 347/465/589 1176/450/590 344/466/591
f 344/466/591 1176/450/590 347/465/589 94/464/588
f 347/465/589 348/467/592 1177/451/593 1176/450/590
f 1176/450/590 1177/451/593 348/467/592 347/465/589
f 344/466/594 1176/450/569 1175/447/572 345/462/595
f 345/462/595 1175/447/572 1176/450/569 344/466/594
f 69/468/596 350/469/596 1178/452/597 349/470/598
f 349/470/598 1178/452/597 350/469/596 69/468/596
f 350/469/599 351/471/599 1179/453/599 1178/452/599
f 1178/452/599 1179/453/599 351/471/599 350/469/599
f 349/470/598 1178/452/597 1177/451/593 348/467/592
f 348/467/592 1177/451/593 1178/452/597 349/470/598
f 71/472/600 355/473/601 1180/454/575 352/474/602
f 352/474/602 1180/454/575 355/473/601 71/472/600
f 355/473/601 354/475/603 1181/455/576 1180/454/575
f 1180/454/575 1181/455/576 354/475/603 355/473/601
f 352/474/602 1180/454/575 1179/453/574 351/471/604
f 351/471/604 1179/453/574 1180/454/575 352/474/602
f 70/476/605 356/477/606 1182/456/607 353/478/608
f 353/478/608 1182/456/607 356/477/606 70/476/605
f 356/477/609 357/479/610 1183/457/579 1182/456/611
f 1182/456/611 1183/457/579 357/479/610 356/477/609
f 353/478/608 1182/456/607 1181/455/576 354/475/603
f 354/475/603 1181/455/576 1182/456/607 353/478/608
f 72/480/612 343/481/613 1184/458/614 358/482/615
f 358/482/615 1184/458/614 343/481/613 72/480/612
f 343/481/613 342/463/587 1185/449/586 1184/458/614
f 1184/458/614 1185/449/586 342/463/587 343/481/613
f 358/482/616 1184/458/578 1183/457/579 357/479/610
f 357/479/610 1183/457/579 1184/458/578 358/482/616
f 1187/483/617 1188/484/618 1186/485/619 1198/486/620
f 1198/486/620 1186/485/619 1188/484/618 1187/483/617
f 1189/487/621 1190/488/622 1186/485/619 1188/484/618
f 1188/484/618 1186/485/619 1190/488/622 1189/487/621
f 1191/489/623 1192/490/624 1186/485/619 1190/488/622
f 1190/488/622 1186/485/619 1192/490/624 1191/489/623
f 1193/491/625 1194/492/626 1186/485/627 1192/490/628
f 1192/490/628 1186/485/627 1194/492/626 1193/491/625
f 1195/493/629 1196/494/630 1186/485/627 1194/492/626
f 1194/492/626 1186/485/627 1196/494/630 1195/493/629
f 1197/495/631 1198/486/631 1186/485/631 1196/494/631
f 1196/494/631 1186/485/631 1198/486/631 1197/495/631
f 71/472/600 352/474/632 1187/483/617 355/473/601
f 355/473/601 1187/483/617 352/474/632 71/472/600
f 352/474/632 351/471/633 1188/484/618 1187/483/617
f 1187/483/617 1188/484/618 351/471/633 352/474/632
f 355/473/601 1187/483/617 1198/486/620 354/475/603
f 354/475/603 1198/486/620 1187/483/617 355/473/601
f 69/468/634 361/496/634 1189/487/634 350/469/634
f 350/469/634 1189/487/634 361/496/634 69/468/634
f 361/496/635 360/497/636 1190/488/637 1189/487/635
f 1189/487/635 1190/488/637 360/497/636 361/496/635
f 350/469/638 1189/487/638 1188/484/638 351/471/638
f 351/471/638 1188/484/638 1189/487/638 350/469/638
f 6/498/639 362/499/639 1191/489/640 359/500/641
f 359/500/641 1191/489/640 362/499/639 6/498/639
f 362/499/642 363/501/642 1192/490/624 1191/489/623
f 1191/489/623 1192/490/624 363/501/642 362/499/642
f 359/500/641 1191/489/640 1190/488/637 360/497/636
f 360/497/636 1190/488/637 1191/489/640 359/500/641
f 16/502/643 365/503/644 1193/491/645 364/504/643
f 364/504/643 1193/491/645 365/503/644 16/502/643
f 365/503/644 366/505/646 1194/492/647 1193/491/645
f 1193/491/645 1194/492/647 366/505/646 365/503/644
f 364/504/648 1193/491/625 1192/490/628 363/501/648
f 363/501/648 1192/490/628 1193/491/625 364/504/648
f 72/480/612 358/482/615 1195/493/649 367/506/650
f 367/506/650 1195/493/649 358/482/615 72/480/612
f 358/482/616 357/479/610 1196/494/630 1195/493/629
f 1195/493/629 1196/494/630 357/479/610 358/482/616
f 367/506/650 1195/493/649 1194/492/647 366/505/646
f 366/505/646 1194/492/647 1195/493/649 367/506/650
f 70/476/605 353/478/608 1197/495/651 356/477/606
f 356/477/606 1197/495/651 353/478/608 70/476/605
f 353/478/608 354/475/603 1198/486/620 1197/495/651
f 1197/495/651 1198/486/620 354/475/603 353/478/608
f 356/477/609 1197/495/652 1196/494/630 357/479/610
f 357/479/610 1196/494/630 1197/495/652 356/477/609
f 1199/507/653 1200/508/654 1203/509/655 1202/510/656
f 1202/510/656 1203/509/655 1200/508/654 1199/507/653
f 1200/508/654 1201/511/657 1204/512/657 1203/509/655
f 1203/509/655 1204/512/657 1201/511/657 1200/508/654
f 1202/510/658 1203/509/659 1206/513/660 1205/514/661
f 1205/514/661 1206/513/660 1203/509/659 1202/510/658
f 1203/509/659 1204/512/662 1207/515/663 1206/513/660
f 1206/513/660 1207/515/663 1204/512/662 1203/509/659
f 73/516/664 373/517/665 1199/507/665 370/518/664
f 370/518/664 1199/507/665 373/517/665 73/516/664
f 373/517/665 372/519/666 1200/508/666 1199/507/665
f 1199/507/665 1200/508/666 372/519/666 373/517/665
f 372/519/666 371/520/666 1201/511/666 1200/508/666
f 1200/508/666 1201/511/666 371/520/666 372/519/666
f 371/520/666 96/521/667 376/522/668 1201/511/666
f 1201/511/666 376/522/668 96/521/667 371/520/666
f 1201/511/657 376/522/669 375/523/670 1204/512/657
f 1204/512/657 375/523/670 376/522/669 1201/511/657
f 1204/512/662 375/523/671 374/524/672 1207/515/663
f 1207/515/663 374/524/672 375/523/671 1204/512/662
f 1207/515/673 374/524/674 95/459/675 341/461/676
f 341/461/676 95/459/675 374/524/674 1207/515/673
f 1206/513/677 1207/515/673 341/461/676 342/463/674
f 342/463/674 341/461/676 1207/515/673 1206/513/677
f 1205/514/678 1206/513/677 342/463/674 343/481/679
f 343/481/679 342/463/674 1206/513/677 1205/514/678
f 368/525/680 1205/514/678 343/481/679 72/480/681
f 72/480/681 343/481/679 1205/514/678 368/525/680
f 369/526/682 1202/510/658 1205/514/661 368/525/682
f 368/525/682 1205/514/661 1202/510/658 369/526/682
f 370/518/683 1199/507/653 1202/510/656 369/526/683
f 369/526/683 1202/510/656 1199/507/653 370/518/683
f 1208/527/684 1209/528/684 1212/529/685 1211/530/686
f 1211/530/686 1212/529/685 1209/528/684 1208/527/684
f 1209/528/654 1210/531/654 1213/532/687 1212/529/687
f 1212/529/687 1213/532/687 1210/531/654 1209/528/654
f 1211/530/686 1212/529/685 1215/533/688 1214/534/688
f 1214/534/688 1215/533/688 1212/529/685 1211/530/686
f 1212/529/687 1213/532/687 1216/535/689 1215/533/689
f 1215/533/689 1216/535/689 1213/532/687 1212/529/687
f 16/502/690 379/536/690 1208/527/691 365/503/692
f 365/503/692 1208/527/691 379/536/690 16/502/690
f 379/536/693 378/537/693 1209/528/684 1208/527/684
f 1208/527/684 1209/528/684 378/537/693 379/536/693
f 378/537/694 377/538/694 1210/531/654 1209/528/654
f 1209/528/654 1210/531/654 377/538/694 378/537/694
f 377/538/666 15/539/666 380/540/666 1210/531/666
f 1210/531/666 380/540/666 15/539/666 377/538/666
f 1210/531/666 380/540/666 381/541/666 1213/532/666
f 1213/532/666 381/541/666 380/540/666 1210/531/666
f 1213/532/666 381/541/666 382/542/665 1216/535/665
f 1216/535/665 382/542/665 381/541/666 1213/532/666
f 1216/535/665 382/542/665 73/516/664 370/518/664
f 370/518/664 73/516/664 382/542/665 1216/535/665
f 1215/533/689 1216/535/689 370/518/683 369/526/683
f 369/526/683 370/518/683 1216/535/689 1215/533/689
f 1214/534/688 1215/533/688 369/526/682 368/525/682
f 368/525/682 369/526/682 1215/533/688 1214/534/688
f 367/506/695 1214/534/696 368/525/680 72/480/681
f 72/480/681 368/525/680 1214/534/696 367/506/695
f 366/505/697 1211/530/698 1214/534/696 367/506/695
f 367/506/695 1214/534/696 1211/530/698 366/505/697
f 365/503/692 1208/527/691 1211/530/698 366/505/697
f 366/505/697 1211/530/698 1208/527/691 365/503/692
f 1217/543/699 1218/544/699 1221/545/699 1220/546/699
f 1220/546/699 1221/545/699 1218/544/699 1217/543/699
f 1218/544/699 1219/547/699 1222/548/699 1221/545/699
f 1221/545/699 1222/548/699 1219/547/699 1218/544/699
f 1220/546/700 1221/545/700 1224/549/700 1223/550/700
f 1223/550/700 1224/549/700 1221/545/700 1220/546/700
f 1221/545/700 1222/548/700 1225/551/700 1224/549/700
f 1224/549/700 1225/551/700 1222/548/700 1221/545/700
f 74/552/701 388/553/701 1217/543/701 385/554/701
f 385/554/701 1217/543/701 388/553/701 74/552/701
f 388/553/701 387/555/701 1218/544/701 1217/543/701
f 1217/543/701 1218/544/701 387/555/701 388/553/701
f 387/555/701 386/556/701 1219/547/701 1218/544/701
f 1218/544/701 1219/547/701 386/556/701 387/555/701
f 386/556/701 97/557/702 391/558/703 1219/547/701
f 1219/547/701 391/558/703 97/557/702 386/556/701
f 1219/547/699 391/558/704 390/559/704 1222/548/699
f 1222/548/699 390/559/704 391/558/704 1219/547/699
f 1222/548/700 390/559/705 389/560/705 1225/551/700
f 1225/551/700 389/560/705 390/559/705 1222/548/700
f 1225/551/706 389/560/707 96/521/707 371/520/706
f 371/520/706 96/521/707 389/560/707 1225/551/706
f 1224/549/706 1225/551/706 371/520/706 372/519/706
f 372/519/706 371/520/706 1225/551/706 1224/549/706
f 1223/550/706 1224/549/706 372/519/706 373/517/706
f 373/517/706 372/519/706 1224/549/706 1223/550/706
f 383/561/706 1223/550/706 373/517/706 73/516/706
f 73/516/706 373/517/706 1223/550/706 383/561/706
f 384/562/700 1220/546/700 1223/550/700 383/561/700
f 383/561/700 1223/550/700 1220/546/700 384/562/700
f 385/554/699 1217/543/699 1220/546/699 384/562/699
f 384/562/699 1220/546/699 1217/543/699 385/554/699
f 1226/563/700 1227/564/700 1230/565/700 1229/566/700
f 1229/566/700 1230/565/700 1227/564/700 1226/563/700
f 1227/564/699 1228/567/699 1231/568/699 1230/565/699
f 1230/565/699 1231/568/699 1228/567/699 1227/564/699
f 1229/566/700 1230/565/700 1233/569/700 1232/570/700
f 1232/570/700 1233/569/700 1230/565/700 1229/566/700
f 1230/565/699 1231/568/699 1234/571/699 1233/569/699
f 1233/569/699 1234/571/699 1231/568/699 1230/565/699
f 15/539/706 394/572/706 1226/563/706 380/540/706
f 380/540/706 1226/563/706 394/572/706 15/539/706
f 394/572/700 393/573/700 1227/564/700 1226/563/700
f 1226/563/700 1227/564/700 393/573/700 394/572/700
f 393/573/699 392/574/699 1228/567/699 1227/564/699
f 1227/564/699 1228/567/699 392/574/699 393/573/699
f 392/574/701 14/575/701 395/576/701 1228/567/701
f 1228/567/701 395/576/701 14/575/701 392/574/701
f 1228/567/701 395/576/701 396/577/701 1231/568/701
f 1231/568/701 396/577/701 395/576/701 1228/567/701
f 1231/568/701 396/577/701 397/578/701 1234/571/701
f 1234/571/701 397/578/701 396/577/701 1231/568/701
f 1234/571/701 397/578/701 74/552/701 385/554/701
f 385/554/701 74/552/701 397/578/701 1234/571/701
f 1233/569/699 1234/571/699 385/554/699 384/562/699
f 384/562/699 385/554/699 1234/571/699 1233/569/699
f 1232/570/700 1233/569/700 384/562/700 383/561/700
f 383/561/700 384/562/700 1233/569/700 1232/570/700
f 382/542/706 1232/570/706 383/561/706 73/516/706
f 73/516/706 383/561/706 1232/570/706 382/542/706
f 381/541/706 1229/566/706 1232/570/706 382/542/706
f 382/542/706 1232/570/706 1229/566/706 381/541/706
f 380/540/706 1226/563/706 1229/566/706 381/541/706
f 381/541/706 1229/566/706 1226/563/706 380/540/706
f 1235/579/708 1236/580/709 1239/581/709 1238/582/710
f 1238/582/710 1239/581/709 1236/580/709 1235/579/708
f 1236/580/709 1237/583/711 1240/584/711 1239/581/709
f 1239/581/709 1240/584/711 1237/583/711 1236/580/709
f 1238/582/712 1239/581/713 1242/585/713 1241/586/714
f 1241/586/714 1242/585/713 1239/581/713 1238/582/712
f 1239/581/713 1240/584/715 1243/587/715 1242/585/713
f 1242/585/713 1243/587/715 1240/584/715 1239/581/713
f 75/588/716 403/589/717 1235/579/718 400/590/719
f 400/590/719 1235/579/718 403/589/717 75/588/716
f 403/589/717 402/591/720 1236/580/721 1235/579/718
f 1235/579/718 1236/580/721 402/591/720 403/589/717
f 402/591/720 401/592/722 1237/583/723 1236/580/721
f 1236/580/721 1237/583/723 401/592/722 402/591/720
f 401/592/722 98/593/724 406/594/725 1237/583/723
f 1237/583/723 406/594/725 98/593/724 401/592/722
f 1237/583/711 406/594/726 405/595/726 1240/584/711
f 1240/584/711 405/595/726 406/594/726 1237/583/711
f 1240/584/715 405/595/727 404/596/727 1243/587/715
f 1243/587/715 404/596/727 405/595/727 1240/584/715
f 1243/587/728 404/596/729 97/557/730 386/556/728
f 386/556/728 97/557/730 404/596/729 1243/587/728
f 1242/585/731 1243/587/728 386/556/728 387/555/731
f 387/555/731 386/556/728 1243/587/728 1242/585/731
f 1241/586/732 1242/585/731 387/555/731 388/553/732
f 388/553/732 387/555/731 1242/585/731 1241/586/732
f 398/597/733 1241/586/732 388/553/732 74/552/733
f 74/552/733 388/553/732 1241/586/732 398/597/733
f 399/598/734 1238/582/712 1241/586/714 398/597/734
f 398/597/734 1241/586/714 1238/582/712 399/598/734
f 400/590/735 1235/579/708 1238/582/710 399/598/735
f 399/598/735 1238/582/710 1235/579/708 400/590/735
f 1244/599/736 1245/600/736 1248/601/737 1247/602/737
f 1247/602/737 1248/601/737 1245/600/736 1244/599/736
f 1245/600/738 1246/603/739 1249/604/740 1248/601/741
f 1248/601/741 1249/604/740 1246/603/739 1245/600/738
f 1247/602/737 1248/601/737 1251/605/742 1250/606/743
f 1250/606/743 1251/605/742 1248/601/737 1247/602/737
f 1248/601/741 1249/604/740 1252/607/744 1251/605/745
f 1251/605/745 1252/607/744 1249/604/740 1248/601/741
f 14/575/728 409/608/728 1244/599/746 395/576/728
f 395/576/728 1244/599/746 409/608/728 14/575/728
f 409/608/715 408/609/715 1245/600/736 1244/599/736
f 1244/599/736 1245/600/736 408/609/715 409/608/715
f 408/609/747 407/610/747 1246/603/739 1245/600/738
f 1245/600/738 1246/603/739 407/610/747 408/609/747
f 407/610/748 13/611/748 410/612/749 1246/603/750
f 1246/603/750 410/612/749 13/611/748 407/610/748
f 1246/603/750 410/612/749 411/613/751 1249/604/752
f 1249/604/752 411/613/751 410/612/749 1246/603/750
f 1249/604/752 411/613/751 412/614/753 1252/607/754
f 1252/607/754 412/614/753 411/613/751 1249/604/752
f 1252/607/754 412/614/753 75/588/716 400/590/719
f 400/590/719 75/588/716 412/614/753 1252/607/754
f 1251/605/745 1252/607/744 400/590/735 399/598/735
f 399/598/735 400/590/735 1252/607/744 1251/605/745
f 1250/606/743 1251/605/742 399/598/734 398/597/734
f 398/597/734 399/598/734 1251/605/742 1250/606/743
f 397/578/732 1250/606/732 398/597/733 74/552/733
f 74/552/733 398/597/733 1250/606/732 397/578/732
f 396/577/731 1247/602/731 1250/606/732 397/578/732
f 397/578/732 1250/606/732 1247/602/731 396/577/731
f 395/576/728 1244/599/746 1247/602/731 396/577/731
f 396/577/731 1247/602/731 1244/599/746 395/576/728
f 1254/615/755 1255/616/756 1253/617/757 1263/618/758
f 1263/618/758 1253/617/757 1255/616/756 1254/615/755
f 1256/619/759 1257/620/760 1253/617/757 1255/616/756
f 1255/616/756 1253/617/757 1257/620/760 1256/619/759
f 1258/621/761 1259/622/762 1253/617/763 1257/620/764
f 1257/620/764 1253/617/763 1259/622/762 1258/621/761
f 1260/623/765 1261/624/766 1253/617/763 1259/622/762
f 1259/622/762 1253/617/763 1261/624/766 1260/623/765
f 1262/625/767 1263/618/767 1253/617/767 1261/624/767
f 1261/624/767 1253/617/767 1263/618/767 1262/625/767
f 77/626/768 418/627/769 1254/615/770 415/628/768
f 415/628/768 1254/615/770 418/627/769 77/626/768
f 418/627/769 417/629/771 1255/616/772 1254/615/770
f 1254/615/770 1255/616/772 417/629/771 418/627/769
f 415/628/773 1254/615/755 1263/618/758 414/630/774
f 414/630/774 1263/618/758 1254/615/755 415/628/773
f 99/631/775 421/632/776 1256/619/777 416/633/778
f 416/633/778 1256/619/777 421/632/776 99/631/775
f 421/632/779 420/634/780 1257/620/760 1256/619/759
f 1256/619/759 1257/620/760 420/634/780 421/632/779
f 416/633/778 1256/619/777 1255/616/772 417/629/771
f 417/629/771 1255/616/772 1256/619/777 416/633/778
f 98/593/781 401/592/782 1258/621/783 419/635/784
f 419/635/784 1258/621/783 401/592/782 98/593/781
f 401/592/782 402/591/785 1259/622/786 1258/621/783
f 1258/621/783 1259/622/786 402/591/785 401/592/782
f 419/635/787 1258/621/761 1257/620/764 420/634/787
f 420/634/787 1257/620/764 1258/621/761 419/635/787
f 75/588/788 422/636/789 1260/623/790 403/589/791
f 403/589/791 1260/623/790 422/636/789 75/588/788
f 422/636/792 423/637/793 1261/624/766 1260/623/765
f 1260/623/765 1261/624/766 423/637/793 422/636/792
f 403/589/791 1260/623/790 1259/622/786 402/591/785
f 402/591/785 1259/622/786 1260/623/790 403/589/791
f 76/638/794 413/639/795 1262/625/796 424/640/794
f 424/640/794 1262/625/796 413/639/795 76/638/794
f 413/639/797 414/630/798 1263/618/799 1262/625/799
f 1262/625/799 1263/618/799 414/630/798 413/639/797
f 424/640/800 1262/625/801 1261/624/801 423/637/802
f 423/637/802 1261/624/801 1262/625/801 424/640/800
f 1265/641/803 1266/642/803 1264/643/803 1274/644/803
f 1274/644/803 1264/643/803 1266/642/803 1265/641/803
f 1267/645/804 1268/646/805 1264/643/806 1266/642/807
f 1266/642/807 1264/643/806 1268/646/805 1267/645/804
f 1269/647/808 1270/648/809 1264/643/806 1268/646/805
f 1268/646/805 1264/643/806 1270/648/809 1269/647/808
f 1271/649/810 1272/650/811 1264/643/812 1270/648/813
f 1270/648/813 1264/643/812 1272/650/811 1271/649/810
f 1273/651/814 1274/644/815 1264/643/812 1272/650/811
f 1272/650/811 1264/643/812 1274/644/815 1273/651/814
f 76/638/794 424/640/794 1265/641/816 413/639/795
f 413/639/795 1265/641/816 424/640/794 76/638/794
f 424/640/800 423/637/802 1266/642/817 1265/641/817
f 1265/641/817 1266/642/817 423/637/802 424/640/800
f 413/639/797 1265/641/818 1274/644/818 414/630/798
f 414/630/798 1274/644/818 1265/641/818 413/639/797
f 75/588/788 412/614/819 1267/645/820 422/636/789
f 422/636/789 1267/645/820 412/614/819 75/588/788
f 412/614/819 411/613/821 1268/646/822 1267/645/820
f 1267/645/820 1268/646/822 411/613/821 412/614/819
f 422/636/792 1267/645/804 1266/642/807 423/637/793
f 423/637/793 1266/642/807 1267/645/804 422/636/792
f 13/611/782 427/652/782 1269/647/823 410/612/824
f 410/612/824 1269/647/823 427/652/782 13/611/782
f 427/652/825 426/653/825 1270/648/809 1269/647/808
f 1269/647/808 1270/648/809 426/653/825 427/652/825
f 410/612/824 1269/647/823 1268/646/822 411/613/821
f 411/613/821 1268/646/822 1269/647/823 410/612/824
f 12/654/826 428/655/827 1271/649/828 425/656/826
f 425/656/826 1271/649/828 428/655/827 12/654/826
f 428/655/827 429/657/829 1272/650/830 1271/649/828
f 1271/649/828 1272/650/830 429/657/829 428/655/827
f 425/656/831 1271/649/810 1270/648/813 426/653/831
f 426/653/831 1270/648/813 1271/649/810 425/656/831
f 77/626/768 415/628/768 1273/651/832 430/658/833
f 430/658/833 1273/651/832 415/628/768 77/626/768
f 415/628/773 414/630/774 1274/644/815 1273/651/814
f 1273/651/814 1274/644/815 414/630/774 415/628/773
f 430/658/833 1273/651/832 1272/650/830 429/657/829
f 429/657/829 1272/650/830 1273/651/832 430/658/833
f 1275/659/834 1276/660/835 1279/661/836 1278/662/837
f 1278/662/837 1279/661/836 1276/660/835 1275/659/834
f 1276/660/835 1277/663/838 1280/664/839 1279/661/836
f 1279/661/836 1280/664/839 1277/663/838 1276/660/835
f 1278/662/840 1279/661/841 1282/665/842 1281/666/843
f 1281/666/843 1282/665/842 1279/661/841 1278/662/840
f 1279/661/841 1280/664/844 1283/667/845 1282/665/842
f 1282/665/842 1283/667/845 1280/664/844 1279/661/841
f 78/668/846 436/669/847 1275/659/834 433/670/848
f 433/670/848 1275/659/834 436/669/847 78/668/846
f 436/669/847 435/671/849 1276/660/835 1275/659/834
f 1275/659/834 1276/660/835 435/671/849 436/669/847
f 435/671/849 434/672/850 1277/663/838 1276/660/835
f 1276/660/835 1277/663/838 434/672/850 435/671/849
f 434/672/851 100/673/851 439/674/851 1277/663/851
f 1277/663/851 439/674/851 100/673/851 434/672/851
f 1277/663/838 439/674/852 438/675/853 1280/664/839
f 1280/664/839 438/675/853 439/674/852 1277/663/838
f 1280/664/844 438/675/854 437/676/855 1283/667/845
f 1283/667/845 437/676/855 438/675/854 1280/664/844
f 1283/667/856 437/676/857 99/631/858 416/677/859
f 416/677/859 99/631/858 437/676/857 1283/667/856
f 1282/665/860 1283/667/856 416/677/859 417/678/861
f 417/678/861 416/677/859 1283/667/856 1282/665/860
f 1281/666/862 1282/665/860 417/678/861 418/679/863
f 418/679/863 417/678/861 1282/665/860 1281/666/862
f 431/680/864 1281/666/862 418/679/863 77/681/865
f 77/681/865 418/679/863 1281/666/862 431/680/864
f 432/682/866 1278/662/840 1281/666/843 431/680/867
f 431/680/867 1281/666/843 1278/662/840 432/682/866
f 433/670/848 1275/659/834 1278/662/837 432/682/868
f 432/682/868 1278/662/837 1275/659/834 433/670/848
f 1284/683/869 1285/684/870 1288/685/871 1287/686/872
f 1287/686/872 1288/685/871 1285/684/870 1284/683/869
f 1285/684/873 1286/687/874 1289/688/875 1288/685/876
f 1288/685/876 1289/688/875 1286/687/874 1285/684/873
f 1287/686/872 1288/685/871 1291/689/877 1290/690/878
f 1290/690/878 1291/689/877 1288/685/871 1287/686/872
f 1288/685/876 1289/688/875 1292/691/879 1291/689/880
f 1291/689/880 1292/691/879 1289/688/875 1288/685/876
f 12/692/881 442/693/881 1284/683/882 428/694/882
f 428/694/882 1284/683/882 442/693/881 12/692/881
f 442/693/883 441/695/883 1285/684/870 1284/683/869
f 1284/683/869 1285/684/870 441/695/883 442/693/883
f 441/695/884 440/696/885 1286/687/874 1285/684/873
f 1285/684/873 1286/687/874 440/696/885 441/695/884
f 440/696/885 11/697/886 443/698/886 1286/687/874
f 1286/687/874 443/698/886 11/697/886 440/696/885
f 1286/687/874 443/698/886 444/699/887 1289/688/875
f 1289/688/875 444/699/887 443/698/886 1286/687/874
f 1289/688/875 444/699/887 445/700/888 1292/691/879
f 1292/691/879 445/700/888 444/699/887 1289/688/875
f 1292/691/879 445/700/888 78/668/846 433/670/848
f 433/670/848 78/668/846 445/700/888 1292/691/879
f 1291/689/880 1292/691/879 433/670/848 432/682/868
f 432/682/868 433/670/848 1292/691/879 1291/689/880
f 1290/690/878 1291/689/877 432/682/866 431/680/867
f 431/680/867 432/682/866 1291/689/877 1290/690/878
f 430/701/889 1290/690/890 431/680/864 77/681/865
f 77/681/865 431/680/864 1290/690/890 430/701/889
f 429/702/891 1287/686/891 1290/690/890 430/701/889
f 430/701/889 1290/690/890 1287/686/891 429/702/891
f 428/694/882 1284/683/882 1287/686/891 429/702/891
f 429/702/891 1287/686/891 1284/683/882 428/694/882
f 1293/703/892 1294/704/893 1297/705/894 1296/706/895
f 1296/706/895 1297/705/894 1294/704/893 1293/703/892
f 1294/704/893 1295/707/896 1298/708/897 1297/705/894
f 1297/705/894 1298/708/897 1295/707/896 1294/704/893
f 1296/706/898 1297/705/899 1300/709/900 1299/710/898
f 1299/710/898 1300/709/900 1297/705/899 1296/706/898
f 1297/705/899 1298/708/901 1301/711/901 1300/709/900
f 1300/709/900 1301/711/901 1298/708/901 1297/705/899
f 69/468/902 349/470/903 1293/703/904 499/712/902
f 499/712/902 1293/703/904 349/470/903 69/468/902
f 349/470/903 348/467/905 1294/704/906 1293/703/904
f 1293/703/904 1294/704/906 348/467/905 349/470/903
f 348/467/905 347/465/907 1295/707/908 1294/704/906
f 1294/704/906 1295/707/908 347/465/907 348/467/905
f 347/465/907 94/464/909 500/713/910 1295/707/908
f 1295/707/908 500/713/910 94/464/909 347/465/907
f 1295/707/896 500/713/911 501/714/912 1298/708/897
f 1298/708/897 501/714/912 500/713/911 1295/707/896
f 1298/708/901 501/714/913 502/715/914 1301/711/901
f 1301/711/901 502/715/914 501/714/913 1298/708/901
f 1301/711/915 502/715/916 82/12/917 158/14/918
f 158/14/918 82/12/917 502/715/916 1301/711/915
f 1300/709/919 1301/711/915 158/14/918 159/16/920
f 159/16/920 158/14/918 1301/711/915 1300/709/919
f 1299/710/921 1300/709/919 159/16/920 160/30/922
f 160/30/922 159/16/920 1300/709/919 1299/710/921
f 497/716/923 1299/710/921 160/30/922 53/29/923
f 53/29/923 160/30/922 1299/710/921 497/716/923
f 498/717/924 1296/706/895 1299/710/925 497/716/925
f 497/716/925 1299/710/925 1296/706/895 498/717/924
f 499/712/926 1293/703/892 1296/706/895 498/717/924
f 498/717/924 1296/706/895 1293/703/892 499/712/926
f 1302/718/927 1303/719/927 1306/720/928 1305/721/928
f 1305/721/928 1306/720/928 1303/719/927 1302/718/927
f 1303/719/929 1304/722/929 1307/723/930 1306/720/931
f 1306/720/931 1307/723/930 1304/722/929 1303/719/929
f 1305/721/928 1306/720/928 1309/724/932 1308/725/933
f 1308/725/933 1309/724/932 1306/720/928 1305/721/928
f 1306/720/931 1307/723/930 1310/726/934 1309/724/934
f 1309/724/934 1310/726/934 1307/723/930 1306/720/931
f 17/49/935 496/727/935 1302/718/936 179/50/937
f 179/50/937 1302/718/936 496/727/935 17/49/935
f 496/727/938 495/728/938 1303/719/927 1302/718/927
f 1302/718/927 1303/719/927 495/728/938 496/727/938
f 495/728/939 494/729/939 1304/722/929 1303/719/929
f 1303/719/929 1304/722/929 494/729/939 495/728/939
f 494/729/940 6/498/940 359/500/941 1304/722/942
f 1304/722/942 359/500/941 6/498/940 494/729/940
f 1304/722/942 359/500/941 360/497/943 1307/723/944
f 1307/723/944 360/497/943 359/500/941 1304/722/942
f 1307/723/944 360/497/943 361/496/945 1310/726/946
f 1310/726/946 361/496/945 360/497/943 1307/723/944
f 1310/726/946 361/496/945 69/468/947 499/712/947
f 499/712/947 69/468/947 361/496/945 1310/726/946
f 1309/724/932 1310/726/948 499/712/948 498/717/949
f 498/717/949 499/712/948 1310/726/948 1309/724/932
f 1308/725/933 1309/724/932 498/717/949 497/716/950
f 497/716/950 498/717/949 1309/724/932 1308/725/933
f 181/53/951 1308/725/952 497/716/953 53/29/953
f 53/29/953 497/716/953 1308/725/952 181/53/951
f 180/52/954 1305/721/955 1308/725/952 181/53/951
f 181/53/951 1308/725/952 1305/721/955 180/52/954
f 179/50/937 1302/718/936 1305/721/955 180/52/954
f 180/52/954 1305/721/955 1302/718/936 179/50/937
f 1311/730/956 1312/731/956 1315/732/957 1314/733/957
f 1314/733/957 1315/732/957 1312/731/956 1311/730/956
f 1312/731/958 1313/734/958 1316/735/959 1315/732/959
f 1315/732/959 1316/735/959 1313/734/958 1312/731/958
f 1314/733/957 1315/732/957 1318/736/960 1317/737/960
f 1317/737/960 1318/736/960 1315/732/957 1314/733/957
f 1315/732/959 1316/735/959 1319/738/961 1318/736/962
f 1318/736/962 1319/738/961 1316/735/959 1315/732/959
f 31/739/963 689/740/963 1311/730/963 886/741/963
f 886/741/963 1311/730/963 689/740/963 31/739/963
f 689/740/964 690/742/964 1312/731/964 1311/730/964
f 1311/730/964 1312/731/964 690/742/964 689/740/964
f 690/742/965 691/743/965 1313/734/965 1312/731/965
f 1312/731/965 1313/734/965 691/743/965 690/742/965
f 691/743/966 32/744/966 881/745/966 1313/734/966
f 1313/734/966 881/745/966 32/744/966 691/743/966
f 1313/734/967 881/745/967 882/746/968 1316/735/968
f 1316/735/968 882/746/968 881/745/967 1313/734/967
f 1316/735/968 882/746/968 883/747/969 1319/738/969
f 1319/738/969 883/747/969 882/746/968 1316/735/968
f 1319/738/969 883/747/969 148/748/970 844/749/970
f 844/749/970 148/748/970 883/747/969 1319/738/969
f 1318/736/962 1319/738/961 844/749/971 843/750/971
f 843/750/971 844/749/971 1319/738/961 1318/736/962
f 1317/737/960 1318/736/960 843/750/972 842/751/972
f 842/751/972 843/750/972 1318/736/960 1317/737/960
f 884/752/973 1317/737/973 842/751/974 147/753/974
f 147/753/974 842/751/974 1317/737/973 884/752/973
f 885/754/975 1314/733/975 1317/737/973 884/752/973
f 884/752/973 1317/737/973 1314/733/975 885/754/975
f 886/741/976 1311/730/976 1314/733/975 885/754/975
f 885/754/975 1314/733/975 1311/730/976 886/741/976
f 1320/755/977 1321/756/977 1324/757/978 1323/758/979
f 1323/758/979 1324/757/978 1321/756/977 1320/755/977
f 1321/756/977 1322/759/980 1325/760/977 1324/757/978
f 1324/757/978 1325/760/977 1322/759/980 1321/756/977
f 1323/758/979 1324/757/978 1327/761/981 1326/762/980
f 1326/762/980 1327/761/981 1324/757/978 1323/758/979
f 1324/757/978 1325/760/977 1328/763/977 1327/761/981
f 1327/761/981 1328/763/977 1325/760/977 1324/757/978
f 54/764/982 503/765/982 1320/755/977 172/766/982
f 172/766/982 1320/755/977 503/765/982 54/764/982
f 503/765/982 504/767/983 1321/756/977 1320/755/977
f 1320/755/977 1321/756/977 504/767/983 503/765/982
f 504/767/983 505/768/984 1322/759/980 1321/756/977
f 1321/756/977 1322/759/980 505/768/984 504/767/983
f 505/768/984 71/769/977 352/770/977 1322/759/980
f 1322/759/980 352/770/977 71/769/977 505/768/984
f 1322/759/980 352/770/977 351/771/982 1325/760/977
f 1325/760/977 351/771/982 352/770/977 1322/759/980
f 1325/760/977 351/771/982 350/772/977 1328/763/977
f 1328/763/977 350/772/977 351/771/982 1325/760/977
f 1328/763/977 350/772/977 69/773/979 499/774/979
f 499/774/979 69/773/979 350/772/977 1328/763/977
f 1327/761/981 1328/763/977 499/774/979 498/775/977
f 498/775/977 499/774/979 1328/763/977 1327/761/981
f 1326/762/980 1327/761/981 498/775/977 497/776/982
f 497/776/982 498/775/977 1327/761/981 1326/762/980
f 170/777/985 1326/762/980 497/776/982 53/778/980
f 53/778/980 497/776/982 1326/762/980 170/777/985
f 171/779/985 1323/758/979 1326/762/980 170/777/985
f 170/777/985 1326/762/980 1323/758/979 171/779/985
f 172/766/982 1320/755/977 1323/758/979 171/779/985
f 171/779/985 1323/758/979 1320/755/977 172/766/982
f 1329/780/986 1330/781/986 1333/782/986 1332/783/986
f 1332/783/986 1333/782/986 1330/781/986 1329/780/986
f 1330/781/987 1331/784/987 1334/785/987 1333/782/987
f 1333/782/987 1334/785/987 1331/784/987 1330/781/987
f 1332/783/988 1333/782/988 1336/786/988 1335/787/988
f 1335/787/988 1336/786/988 1333/782/988 1332/783/988
f 1333/782/989 1334/785/989 1337/788/989 1336/786/989
f 1336/786/989 1337/788/989 1334/785/989 1333/782/989
f 108/789/990 506/790/990 1329/780/990 583/791/990
f 583/791/990 1329/780/990 506/790/990 108/789/990
f 506/790/991 507/792/992 1330/781/993 1329/780/991
f 1329/780/991 1330/781/993 507/792/992 506/790/991
f 507/792/992 508/793/994 1331/784/994 1330/781/993
f 1330/781/993 1331/784/994 508/793/994 507/792/992
f 508/793/995 109/794/995 584/795/995 1331/784/995
f 1331/784/995 584/795/995 109/794/995 508/793/995
f 1331/784/996 584/795/996 585/796/996 1334/785/996
f 1334/785/996 585/796/996 584/795/996 1331/784/996
f 1334/785/997 585/796/997 586/797/997 1337/788/997
f 1337/788/997 586/797/997 585/796/997 1334/785/997
f 1337/788/998 586/797/998 83/17/23 163/19/26
f 163/19/26 83/17/23 586/797/998 1337/788/998
f 1336/786/999 1337/788/999 163/19/29 162/15/30
f 162/15/30 163/19/29 1337/788/999 1336/786/999
f 1335/787/1000 1336/786/1000 162/15/20 161/13/19
f 161/13/19 162/15/20 1336/786/1000 1335/787/1000
f 581/798/1001 1335/787/1001 161/13/16 82/12/15
f 82/12/15 161/13/16 1335/787/1001 581/798/1001
f 582/799/1002 1332/783/1002 1335/787/1002 581/798/1002
f 581/798/1002 1335/787/1002 1332/783/1002 582/799/1002
f 583/791/1003 1329/780/1003 1332/783/1003 582/799/1003
f 582/799/1003 1332/783/1003 1329/780/1003 583/791/1003
f 1338/800/1004 1339/801/1004 1342/802/1004 1341/803/1004
f 1341/803/1004 1342/802/1004 1339/801/1004 1338/800/1004
f 1339/801/1005 1340/804/1005 1343/805/1005 1342/802/1005
f 1342/802/1005 1343/805/1005 1340/804/1005 1339/801/1005
f 1341/803/1006 1342/802/1006 1345/806/1006 1344/807/1006
f 1344/807/1006 1345/806/1006 1342/802/1006 1341/803/1006
f 1342/802/1007 1343/805/1007 1346/808/1007 1345/806/1007
f 1345/806/1007 1346/808/1007 1343/805/1007 1342/802/1007
f 109/794/1008 511/809/1008 1338/800/1008 584/795/1008
f 584/795/1008 1338/800/1008 511/809/1008 109/794/1008
f 511/809/1009 510/810/1009 1339/801/1009 1338/800/1009
f 1338/800/1009 1339/801/1009 510/810/1009 511/809/1009
f 510/810/1010 509/811/1010 1340/804/1010 1339/801/1010
f 1339/801/1010 1340/804/1010 509/811/1010 510/810/1010
f 509/811/1011 110/812/1011 587/813/1011 1340/804/1011
f 1340/804/1011 587/813/1011 110/812/1011 509/811/1011
f 1340/804/1012 587/813/1012 588/814/1012 1343/805/1012
f 1343/805/1012 588/814/1012 587/813/1012 1340/804/1012
f 1343/805/1013 588/814/1013 589/815/1013 1346/808/1013
f 1346/808/1013 589/815/1013 588/814/1013 1343/805/1013
f 1346/808/1014 589/815/1014 84/66/97 182/65/96
f 182/65/96 84/66/97 589/815/1014 1346/808/1014
f 1345/806/1015 1346/808/1015 182/65/95 183/64/94
f 183/64/94 182/65/95 1346/808/1015 1345/806/1015
f 1344/807/1016 1345/806/1016 183/64/93 184/63/92
f 184/63/92 183/64/93 1345/806/1016 1344/807/1016
f 586/797/1017 1344/807/1017 184/63/89 83/17/88
f 83/17/88 184/63/89 1344/807/1017 586/797/1017
f 585/796/1018 1341/803/1018 1344/807/1018 586/797/1018
f 586/797/1018 1344/807/1018 1341/803/1018 585/796/1018
f 584/795/1019 1338/800/1019 1341/803/1019 585/796/1019
f 585/796/1019 1341/803/1019 1338/800/1019 584/795/1019
f 1347/816/1020 1348/817/1020 1351/818/1020 1350/819/1020
f 1350/819/1020 1351/818/1020 1348/817/1020 1347/816/1020
f 1348/817/1021 1349/820/1021 1352/821/1021 1351/818/1021
f 1351/818/1021 1352/821/1021 1349/820/1021 1348/817/1021
f 1350/819/1022 1351/818/1022 1354/822/1022 1353/823/1022
f 1353/823/1022 1354/822/1022 1351/818/1022 1350/819/1022
f 1351/818/1023 1352/821/1023 1355/824/1023 1354/822/1023
f 1354/822/1023 1355/824/1023 1352/821/1023 1351/818/1023
f 110/812/1024 514/825/1024 1347/816/1024 587/813/1024
f 587/813/1024 1347/816/1024 514/825/1024 110/812/1024
f 514/825/1025 513/826/1025 1348/817/1025 1347/816/1025
f 1347/816/1025 1348/817/1025 513/826/1025 514/825/1025
f 513/826/1026 512/827/1026 1349/820/1026 1348/817/1026
f 1348/817/1026 1349/820/1026 512/827/1026 513/826/1026
f 512/827/1027 111/828/1027 590/829/1027 1349/820/1027
f 1349/820/1027 590/829/1027 111/828/1027 512/827/1027
f 1349/820/1028 590/829/1028 591/830/1028 1352/821/1028
f 1352/821/1028 591/830/1028 590/829/1028 1349/820/1028
f 1352/821/1029 591/830/1029 592/831/1029 1355/824/1029
f 1355/824/1029 592/831/1029 591/830/1029 1352/821/1029
f 1355/824/1030 592/831/1030 85/103/158 197/105/161
f 197/105/161 85/103/158 592/831/1030 1355/824/1030
f 1354/822/1031 1355/824/1031 197/105/164 198/102/165
f 198/102/165 197/105/164 1355/824/1031 1354/822/1031
f 1353/823/1032 1354/822/1032 198/102/155 199/101/154
f 199/101/154 198/102/155 1354/822/1032 1353/823/1032
f 589/815/1033 1353/823/1033 199/101/151 84/66/150
f 84/66/150 199/101/151 1353/823/1033 589/815/1033
f 588/814/1034 1350/819/1034 1353/823/1034 589/815/1034
f 589/815/1034 1353/823/1034 1350/819/1034 588/814/1034
f 587/813/1035 1347/816/1035 1350/819/1035 588/814/1035
f 588/814/1035 1350/819/1035 1347/816/1035 587/813/1035
f 1356/832/1036 1357/833/1036 1360/834/1036 1359/835/1036
f 1359/835/1036 1360/834/1036 1357/833/1036 1356/832/1036
f 1357/833/1037 1358/836/1037 1361/837/1037 1360/834/1037
f 1360/834/1037 1361/837/1037 1358/836/1037 1357/833/1037
f 1359/835/1038 1360/834/1038 1363/838/1038 1362/839/1038
f 1362/839/1038 1363/838/1038 1360/834/1038 1359/835/1038
f 1360/834/1039 1361/837/1039 1364/840/1039 1363/838/1039
f 1363/838/1039 1364/840/1039 1361/837/1039 1360/834/1039
f 111/828/1040 517/841/1040 1356/832/1040 590/829/1040
f 590/829/1040 1356/832/1040 517/841/1040 111/828/1040
f 517/841/1041 516/842/1041 1357/833/1041 1356/832/1041
f 1356/832/1041 1357/833/1041 516/842/1041 517/841/1041
f 516/842/1042 515/843/1042 1358/836/1042 1357/833/1042
f 1357/833/1042 1358/836/1042 515/843/1042 516/842/1042
f 515/843/1043 112/844/1043 593/845/1043 1358/836/1043
f 1358/836/1043 593/845/1043 112/844/1043 515/843/1043
f 1358/836/1044 593/845/1044 594/846/1044 1361/837/1044
f 1361/837/1044 594/846/1044 593/845/1044 1358/836/1044
f 1361/837/1045 594/846/1045 595/847/1045 1364/840/1045
f 1364/840/1045 595/847/1045 594/846/1045 1361/837/1045
f 1364/840/1046 595/847/1046 86/146/238 215/145/237
f 215/145/237 86/146/238 595/847/1046 1364/840/1046
f 1363/838/1047 1364/840/1047 215/145/236 216/144/235
f 216/144/235 215/145/236 1364/840/1047 1363/838/1047
f 1362/839/1048 1363/838/1048 216/144/234 217/143/233
f 217/143/233 216/144/234 1363/838/1048 1362/839/1048
f 592/831/1049 1362/839/1049 217/143/230 85/103/229
f 85/103/229 217/143/230 1362/839/1049 592/831/1049
f 591/830/1050 1359/835/1050 1362/839/1050 592/831/1050
f 592/831/1050 1362/839/1050 1359/835/1050 591/830/1050
f 590/829/1051 1356/832/1051 1359/835/1051 591/830/1051
f 591/830/1051 1359/835/1051 1356/832/1051 590/829/1051
f 1365/848/1052 1366/849/1052 1369/850/1052 1368/851/1052
f 1368/851/1052 1369/850/1052 1366/849/1052 1365/848/1052
f 1366/849/1053 1367/852/1053 1370/853/1053 1369/850/1053
f 1369/850/1053 1370/853/1053 1367/852/1053 1366/849/1053
f 1368/851/1054 1369/850/1054 1372/854/1054 1371/855/1054
f 1371/855/1054 1372/854/1054 1369/850/1054 1368/851/1054
f 1369/850/1055 1370/853/1055 1373/856/1055 1372/854/1055
f 1372/854/1055 1373/856/1055 1370/853/1055 1369/850/1055
f 112/844/1056 520/857/1056 1365/848/1056 593/845/1056
f 593/845/1056 1365/848/1056 520/857/1056 112/844/1056
f 520/857/1057 519/858/1057 1366/849/1057 1365/848/1057
f 1365/848/1057 1366/849/1057 519/858/1057 520/857/1057
f 519/858/1058 518/859/1058 1367/852/1058 1366/849/1058
f 1366/849/1058 1367/852/1058 518/859/1058 519/858/1058
f 518/859/1059 113/860/1059 596/861/1059 1367/852/1059
f 1367/852/1059 596/861/1059 113/860/1059 518/859/1059
f 1367/852/1060 596/861/1060 597/862/1060 1370/853/1060
f 1370/853/1060 597/862/1060 596/861/1060 1367/852/1060
f 1370/853/1061 597/862/1061 598/863/1061 1373/856/1061
f 1373/856/1061 598/863/1061 597/862/1061 1370/853/1061
f 1373/856/1062 598/863/1062 87/182/277 230/181/276
f 230/181/276 87/182/277 598/863/1062 1373/856/1062
f 1372/854/1063 1373/856/1063 230/181/275 231/180/274
f 231/180/274 230/181/275 1373/856/1063 1372/854/1063
f 1371/855/1064 1372/854/1064 231/180/273 232/179/272
f 232/179/272 231/180/273 1372/854/1064 1371/855/1064
f 595/847/1065 1371/855/1065 232/179/270 86/146/269
f 86/146/269 232/179/270 1371/855/1065 595/847/1065
f 594/846/1066 1368/851/1066 1371/855/1066 595/847/1066
f 595/847/1066 1371/855/1066 1368/851/1066 594/846/1066
f 593/845/1067 1365/848/1067 1368/851/1067 594/846/1067
f 594/846/1067 1368/851/1067 1365/848/1067 593/845/1067
f 1374/864/1068 1375/865/1068 1378/866/1068 1377/867/1068
f 1377/867/1068 1378/866/1068 1375/865/1068 1374/864/1068
f 1375/865/1069 1376/868/1069 1379/869/1069 1378/866/1069
f 1378/866/1069 1379/869/1069 1376/868/1069 1375/865/1069
f 1377/867/1070 1378/866/1070 1381/870/1070 1380/871/1070
f 1380/871/1070 1381/870/1070 1378/866/1070 1377/867/1070
f 1378/866/1071 1379/869/1071 1382/872/1071 1381/870/1071
f 1381/870/1071 1382/872/1071 1379/869/1071 1378/866/1071
f 113/860/1072 523/873/1072 1374/864/1072 596/861/1072
f 596/861/1072 1374/864/1072 523/873/1072 113/860/1072
f 523/873/1073 522/874/1073 1375/865/1073 1374/864/1073
f 1374/864/1073 1375/865/1073 522/874/1073 523/873/1073
f 522/874/1074 521/875/1074 1376/868/1074 1375/865/1074
f 1375/865/1074 1376/868/1074 521/875/1074 522/874/1074
f 521/875/1075 114/876/1075 599/877/1075 1376/868/1075
f 1376/868/1075 599/877/1075 114/876/1075 521/875/1075
f 1376/868/1076 599/877/1076 600/878/1076 1379/869/1076
f 1379/869/1076 600/878/1076 599/877/1076 1376/868/1076
f 1379/869/1077 600/878/1077 601/879/1077 1382/872/1077
f 1382/872/1077 601/879/1077 600/878/1077 1379/869/1077
f 1382/872/1078 601/879/1078 88/244/313 254/243/312
f 254/243/312 88/244/313 601/879/1078 1382/872/1078
f 1381/870/1079 1382/872/1079 254/243/311 255/242/311
f 255/242/311 254/243/311 1382/872/1079 1381/870/1079
f 1380/871/1080 1381/870/1080 255/242/310 256/240/310
f 256/240/310 255/242/310 1381/870/1080 1380/871/1080
f 598/863/1081 1380/871/1081 256/240/309 87/182/308
f 87/182/308 256/240/309 1380/871/1081 598/863/1081
f 597/862/1082 1377/867/1082 1380/871/1082 598/863/1082
f 598/863/1082 1380/871/1082 1377/867/1082 597/862/1082
f 596/861/1083 1374/864/1083 1377/867/1083 597/862/1083
f 597/862/1083 1377/867/1083 1374/864/1083 596/861/1083
f 1383/880/1084 1384/881/1084 1387/882/1084 1386/883/1084
f 1386/883/1084 1387/882/1084 1384/881/1084 1383/880/1084
f 1384/881/1085 1385/884/1085 1388/885/1085 1387/882/1085
f 1387/882/1085 1388/885/1085 1385/884/1085 1384/881/1085
f 1386/883/1086 1387/882/1086 1390/886/1086 1389/887/1086
f 1389/887/1086 1390/886/1086 1387/882/1086 1386/883/1086
f 1387/882/1087 1388/885/1087 1391/888/1087 1390/886/1087
f 1390/886/1087 1391/888/1087 1388/885/1087 1387/882/1087
f 114/876/1088 526/889/1088 1383/880/1088 599/877/1088
f 599/877/1088 1383/880/1088 526/889/1088 114/876/1088
f 526/889/1089 525/890/1090 1384/881/1091 1383/880/1089
f 1383/880/1089 1384/881/1091 525/890/1090 526/889/1089
f 525/890/1090 524/891/1092 1385/884/1092 1384/881/1091
f 1384/881/1091 1385/884/1092 524/891/1092 525/890/1090
f 524/891/1093 115/892/1093 602/893/1093 1385/884/1093
f 1385/884/1093 602/893/1093 115/892/1093 524/891/1093
f 1385/884/1094 602/893/1094 603/894/1094 1388/885/1094
f 1388/885/1094 603/894/1094 602/893/1094 1385/884/1094
f 1388/885/1095 603/894/1095 604/895/1095 1391/888/1095
f 1391/888/1095 604/895/1095 603/894/1095 1388/885/1095
f 1391/888/1096 604/895/1096 89/265/343 263/267/346
f 263/267/346 89/265/343 604/895/1096 1391/888/1096
f 1390/886/1097 1391/888/1097 263/267/349 264/264/350
f 264/264/350 263/267/349 1391/888/1097 1390/886/1097
f 1389/887/1098 1390/886/1098 264/264/342 265/263/342
f 265/263/342 264/264/342 1390/886/1098 1389/887/1098
f 601/879/1099 1389/887/1099 265/263/339 88/244/338
f 88/244/338 265/263/339 1389/887/1099 601/879/1099
f 600/878/1100 1386/883/1100 1389/887/1100 601/879/1100
f 601/879/1100 1389/887/1100 1386/883/1100 600/878/1100
f 599/877/1101 1383/880/1101 1386/883/1101 600/878/1101
f 600/878/1101 1386/883/1101 1383/880/1101 599/877/1101
f 1392/896/1102 1393/897/1102 1396/898/1102 1395/899/1102
f 1395/899/1102 1396/898/1102 1393/897/1102 1392/896/1102
f 1393/897/1103 1394/900/1103 1397/901/1103 1396/898/1103
f 1396/898/1103 1397/901/1103 1394/900/1103 1393/897/1103
f 1395/899/1104 1396/898/1104 1399/902/1104 1398/903/1104
f 1398/903/1104 1399/902/1104 1396/898/1104 1395/899/1104
f 1396/898/1105 1397/901/1105 1400/904/1105 1399/902/1105
f 1399/902/1105 1400/904/1105 1397/901/1105 1396/898/1105
f 115/892/1106 529/905/1106 1392/896/1106 602/893/1106
f 602/893/1106 1392/896/1106 529/905/1106 115/892/1106
f 529/905/1107 528/906/1107 1393/897/1107 1392/896/1107
f 1392/896/1107 1393/897/1107 528/906/1107 529/905/1107
f 528/906/1108 527/907/1109 1394/900/1110 1393/897/1108
f 1393/897/1108 1394/900/1110 527/907/1109 528/906/1108
f 527/907/1109 116/908/1111 605/909/1112 1394/900/1110
f 1394/900/1110 605/909/1112 116/908/1111 527/907/1109
f 1394/900/1113 605/909/1113 606/910/1113 1397/901/1113
f 1397/901/1113 606/910/1113 605/909/1113 1394/900/1113
f 1397/901/1114 606/910/1114 607/911/1114 1400/904/1114
f 1400/904/1114 607/911/1114 606/910/1114 1397/901/1114
f 1400/904/1115 607/911/1115 90/307/426 281/306/425
f 281/306/425 90/307/426 607/911/1115 1400/904/1115
f 1399/902/1116 1400/904/1116 281/306/423 282/305/422
f 282/305/422 281/306/423 1400/904/1116 1399/902/1116
f 1398/903/1117 1399/902/1117 282/305/421 283/304/420
f 283/304/420 282/305/421 1399/902/1117 1398/903/1117
f 604/895/1118 1398/903/1118 283/304/419 89/265/418
f 89/265/418 283/304/419 1398/903/1118 604/895/1118
f 603/894/1119 1395/899/1119 1398/903/1119 604/895/1119
f 604/895/1119 1398/903/1119 1395/899/1119 603/894/1119
f 602/893/1120 1392/896/1120 1395/899/1120 603/894/1120
f 603/894/1120 1395/899/1120 1392/896/1120 602/893/1120
f 1401/912/1121 1402/913/1121 1405/914/1121 1404/915/1121
f 1404/915/1121 1405/914/1121 1402/913/1121 1401/912/1121
f 1402/913/1122 1403/916/1122 1406/917/1122 1405/914/1122
f 1405/914/1122 1406/917/1122 1403/916/1122 1402/913/1122
f 1404/915/1123 1405/914/1123 1408/918/1123 1407/919/1123
f 1407/919/1123 1408/918/1123 1405/914/1123 1404/915/1123
f 1405/914/1124 1406/917/1124 1409/920/1124 1408/918/1124
f 1408/918/1124 1409/920/1124 1406/917/1124 1405/914/1124
f 116/908/1111 532/921/1125 1401/912/1126 605/909/1112
f 605/909/1112 1401/912/1126 532/921/1125 116/908/1111
f 532/921/1125 531/922/1127 1402/913/1128 1401/912/1126
f 1401/912/1126 1402/913/1128 531/922/1127 532/921/1125
f 531/922/1127 530/923/1129 1403/916/1130 1402/913/1128
f 1402/913/1128 1403/916/1130 530/923/1129 531/922/1127
f 530/923/1129 117/924/1131 608/925/1132 1403/916/1130
f 1403/916/1130 608/925/1132 117/924/1131 530/923/1129
f 1403/916/1133 608/925/1133 609/926/1133 1406/917/1133
f 1406/917/1133 609/926/1133 608/925/1133 1403/916/1133
f 1406/917/1134 609/926/1134 610/927/1134 1409/920/1134
f 1409/920/1134 610/927/1134 609/926/1134 1406/917/1134
f 1409/920/1135 610/927/1135 91/343/465 296/342/464
f 296/342/464 91/343/465 610/927/1135 1409/920/1135
f 1408/918/1136 1409/920/1136 296/342/462 297/341/461
f 297/341/461 296/342/462 1409/920/1136 1408/918/1136
f 1407/919/1137 1408/918/1137 297/341/460 298/340/460
f 298/340/460 297/341/460 1408/918/1137 1407/919/1137
f 607/911/1138 1407/919/1138 298/340/459 90/307/458
f 90/307/458 298/340/459 1407/919/1138 607/911/1138
f 606/910/1139 1404/915/1139 1407/919/1139 607/911/1139
f 607/911/1139 1407/919/1139 1404/915/1139 606/910/1139
f 605/909/1140 1401/912/1140 1404/915/1140 606/910/1140
f 606/910/1140 1404/915/1140 1401/912/1140 605/909/1140
f 1410/928/1141 1411/929/1141 1414/930/1141 1413/931/1141
f 1413/931/1141 1414/930/1141 1411/929/1141 1410/928/1141
f 1411/929/1142 1412/932/1142 1415/933/1142 1414/930/1142
f 1414/930/1142 1415/933/1142 1412/932/1142 1411/929/1142
f 1413/931/1143 1414/930/1143 1417/934/1143 1416/935/1143
f 1416/935/1143 1417/934/1143 1414/930/1143 1413/931/1143
f 1414/930/1144 1415/933/1144 1418/936/1144 1417/934/1144
f 1417/934/1144 1418/936/1144 1415/933/1144 1414/930/1144
f 117/924/1131 535/937/1145 1410/928/1146 608/925/1132
f 608/925/1132 1410/928/1146 535/937/1145 117/924/1131
f 535/937/1145 534/938/1147 1411/929/1148 1410/928/1146
f 1410/928/1146 1411/929/1148 534/938/1147 535/937/1145
f 534/938/1147 533/939/1149 1412/932/1150 1411/929/1148
f 1411/929/1148 1412/932/1150 533/939/1149 534/938/1147
f 533/939/1149 118/940/1151 611/941/1152 1412/932/1150
f 1412/932/1150 611/941/1152 118/940/1151 533/939/1149
f 1412/932/1153 611/941/1153 612/942/1153 1415/933/1153
f 1415/933/1153 612/942/1153 611/941/1153 1412/932/1153
f 1415/933/1154 612/942/1154 613/943/1154 1418/936/1154
f 1418/936/1154 613/943/1154 612/942/1154 1415/933/1154
f 1418/936/1155 613/943/1155 92/398/505 317/397/505
f 317/397/505 92/398/505 613/943/1155 1418/936/1155
f 1417/934/1156 1418/936/1156 317/397/503 318/396/502
f 318/396/502 317/397/503 1418/936/1156 1417/934/1156
f 1416/935/1157 1417/934/1157 318/396/501 319/395/500
f 319/395/500 318/396/501 1417/934/1157 1416/935/1157
f 610/927/1158 1416/935/1158 319/395/499 91/343/498
f 91/343/498 319/395/499 1416/935/1158 610/927/1158
f 609/926/1159 1413/931/1159 1416/935/1159 610/927/1159
f 610/927/1159 1416/935/1159 1413/931/1159 609/926/1159
f 608/925/1160 1410/928/1160 1413/931/1160 609/926/1160
f 609/926/1160 1413/931/1160 1410/928/1160 608/925/1160
f 1419/944/1161 1420/945/1161 1423/946/1161 1422/947/1161
f 1422/947/1161 1423/946/1161 1420/945/1161 1419/944/1161
f 1420/945/1162 1421/948/1162 1424/949/1162 1423/946/1162
f 1423/946/1162 1424/949/1162 1421/948/1162 1420/945/1162
f 1422/947/1163 1423/946/1164 1426/950/1165 1425/951/1163
f 1425/951/1163 1426/950/1165 1423/946/1164 1422/947/1163
f 1423/946/1164 1424/949/1166 1427/952/1167 1426/950/1165
f 1426/950/1165 1427/952/1167 1424/949/1166 1423/946/1164
f 118/940/1151 538/953/1168 1419/944/1169 611/941/1152
f 611/941/1152 1419/944/1169 538/953/1168 118/940/1151
f 538/953/1168 537/954/1170 1420/945/1170 1419/944/1169
f 1419/944/1169 1420/945/1170 537/954/1170 538/953/1168
f 537/954/1171 536/955/1171 1421/948/1171 1420/945/1171
f 1420/945/1171 1421/948/1171 536/955/1171 537/954/1171
f 536/955/1172 119/417/1172 614/417/1172 1421/948/1172
f 1421/948/1172 614/417/1172 119/417/1172 536/955/1172
f 1421/948/1173 614/417/1173 615/417/1173 1424/949/1173
f 1424/949/1173 615/417/1173 614/417/1173 1421/948/1173
f 1424/949/1166 615/417/1174 616/417/1174 1427/952/1167
f 1427/952/1167 616/417/1174 615/417/1174 1424/949/1166
f 1427/952/1175 616/417/1176 93/417/533 326/419/535
f 326/419/535 93/417/533 616/417/1176 1427/952/1175
f 1426/950/1177 1427/952/1175 326/419/535 327/416/532
f 327/416/532 326/419/535 1427/952/1175 1426/950/1177
f 1425/951/1178 1426/950/1177 327/416/532 328/415/531
f 328/415/531 327/416/532 1426/950/1177 1425/951/1178
f 613/943/1179 1425/951/1179 328/415/529 92/398/528
f 92/398/528 328/415/529 1425/951/1179 613/943/1179
f 612/942/1180 1422/947/1180 1425/951/1180 613/943/1180
f 613/943/1180 1425/951/1180 1422/947/1180 612/942/1180
f 611/941/1181 1419/944/1181 1422/947/1181 612/942/1181
f 612/942/1181 1422/947/1181 1419/944/1181 611/941/1181
f 1428/956/1182 1429/957/1182 1432/958/1182 1431/959/1182
f 1431/959/1182 1432/958/1182 1429/957/1182 1428/956/1182
f 1429/957/1183 1430/960/1183 1433/961/1183 1432/958/1183
f 1432/958/1183 1433/961/1183 1430/960/1183 1429/957/1183
f 1431/959/1184 1432/958/1184 1435/962/1184 1434/963/1184
f 1434/963/1184 1435/962/1184 1432/958/1184 1431/959/1184
f 1432/958/1185 1433/961/1185 1436/964/1185 1435/962/1185
f 1435/962/1185 1436/964/1185 1433/961/1185 1432/958/1185
f 121/965/1186 541/966/1186 1428/956/1186 619/967/1186
f 619/967/1186 1428/956/1186 541/966/1186 121/965/1186
f 541/966/1187 540/968/1188 1429/957/1189 1428/956/1187
f 1428/956/1187 1429/957/1189 540/968/1188 541/966/1187
f 540/968/1188 539/969/1190 1430/960/1190 1429/957/1189
f 1429/957/1189 1430/960/1190 539/969/1190 540/968/1188
f 539/969/1191 120/970/1191 620/971/1191 1430/960/1191
f 1430/960/1191 620/971/1191 120/970/1191 539/969/1191
f 1430/960/1192 620/971/1192 621/972/1192 1433/961/1192
f 1433/961/1192 621/972/1192 620/971/1192 1430/960/1192
f 1433/961/1193 621/972/1193 622/973/1193 1436/964/1193
f 1436/964/1193 622/973/1193 621/972/1193 1433/961/1193
f 1436/964/1194 622/973/1194 94/464/588 344/466/591
f 344/466/591 94/464/588 622/973/1194 1436/964/1194
f 1435/962/1195 1436/964/1195 344/466/594 345/462/595
f 345/462/595 344/466/594 1436/964/1195 1435/962/1195
f 1434/963/1196 1435/962/1196 345/462/585 346/460/584
f 346/460/584 345/462/585 1435/962/1196 1434/963/1196
f 617/974/1197 1434/963/1197 346/460/581 95/459/580
f 95/459/580 346/460/581 1434/963/1197 617/974/1197
f 618/975/1198 1431/959/1198 1434/963/1198 617/974/1198
f 617/974/1198 1434/963/1198 1431/959/1198 618/975/1198
f 619/967/1199 1428/956/1199 1431/959/1199 618/975/1199
f 618/975/1199 1431/959/1199 1428/956/1199 619/967/1199
f 1437/976/1200 1438/977/1200 1441/978/1200 1440/979/1200
f 1440/979/1200 1441/978/1200 1438/977/1200 1437/976/1200
f 1438/977/1201 1439/980/1201 1442/981/1201 1441/978/1201
f 1441/978/1201 1442/981/1201 1439/980/1201 1438/977/1201
f 1440/979/1202 1441/978/1202 1444/982/1202 1443/983/1202
f 1443/983/1202 1444/982/1202 1441/978/1202 1440/979/1202
f 1441/978/1203 1442/981/1203 1445/984/1203 1444/982/1203
f 1444/982/1203 1445/984/1203 1442/981/1203 1441/978/1203
f 122/985/1204 544/986/1204 1437/976/1204 625/987/1204
f 625/987/1204 1437/976/1204 544/986/1204 122/985/1204
f 544/986/1205 543/988/1205 1438/977/1205 1437/976/1205
f 1437/976/1205 1438/977/1205 543/988/1205 544/986/1205
f 543/988/1206 542/989/1206 1439/980/1206 1438/977/1206
f 1438/977/1206 1439/980/1206 542/989/1206 543/988/1206
f 542/989/1207 121/965/1207 619/967/1207 1439/980/1207
f 1439/980/1207 619/967/1207 121/965/1207 542/989/1207
f 1439/980/1208 619/967/1208 618/975/1208 1442/981/1208
f 1442/981/1208 618/975/1208 619/967/1208 1439/980/1208
f 1442/981/1209 618/975/1209 617/974/1209 1445/984/1209
f 1445/984/1209 617/974/1209 618/975/1209 1442/981/1209
f 1445/984/1210 617/974/1210 95/459/675 374/524/674
f 374/524/674 95/459/675 617/974/1210 1445/984/1210
f 1444/982/672 1445/984/672 374/524/672 375/523/671
f 375/523/671 374/524/672 1445/984/672 1444/982/672
f 1443/983/1211 1444/982/1211 375/523/670 376/522/669
f 376/522/669 375/523/670 1444/982/1211 1443/983/1211
f 623/990/1212 1443/983/1212 376/522/668 96/521/667
f 96/521/667 376/522/668 1443/983/1212 623/990/1212
f 624/991/1213 1440/979/1213 1443/983/1213 623/990/1213
f 623/990/1213 1443/983/1213 1440/979/1213 624/991/1213
f 625/987/1214 1437/976/1214 1440/979/1214 624/991/1214
f 624/991/1214 1440/979/1214 1437/976/1214 625/987/1214
f 1446/992/1215 1447/993/1215 1450/994/1215 1449/995/1215
f 1449/995/1215 1450/994/1215 1447/993/1215 1446/992/1215
f 1447/993/1216 1448/996/1216 1451/997/1216 1450/994/1216
f 1450/994/1216 1451/997/1216 1448/996/1216 1447/993/1216
f 1449/995/1217 1450/994/1217 1453/998/1217 1452/999/1217
f 1452/999/1217 1453/998/1217 1450/994/1217 1449/995/1217
f 1450/994/1218 1451/997/1218 1454/1000/1218 1453/998/1218
f 1453/998/1218 1454/1000/1218 1451/997/1218 1450/994/1218
f 123/1001/1219 547/1002/1219 1446/992/1219 628/1003/1219
f 628/1003/1219 1446/992/1219 547/1002/1219 123/1001/1219
f 547/1002/1220 546/1004/1220 1447/993/1220 1446/992/1220
f 1446/992/1220 1447/993/1220 546/1004/1220 547/1002/1220
f 546/1004/1221 545/1005/1221 1448/996/1221 1447/993/1221
f 1447/993/1221 1448/996/1221 545/1005/1221 546/1004/1221
f 545/1005/1222 122/985/1222 625/987/1222 1448/996/1222
f 1448/996/1222 625/987/1222 122/985/1222 545/1005/1222
f 1448/996/1223 625/987/1223 624/991/1223 1451/997/1223
f 1451/997/1223 624/991/1223 625/987/1223 1448/996/1223
f 1451/997/1224 624/991/1224 623/990/1224 1454/1000/1224
f 1454/1000/1224 623/990/1224 624/991/1224 1451/997/1224
f 1454/1000/1225 623/990/1225 96/521/707 389/560/707
f 389/560/707 96/521/707 623/990/1225 1454/1000/1225
f 1453/998/1226 1454/1000/1226 389/560/705 390/559/705
f 390/559/705 389/560/705 1454/1000/1226 1453/998/1226
f 1452/999/1227 1453/998/1227 390/559/704 391/558/704
f 391/558/704 390/559/704 1453/998/1227 1452/999/1227
f 626/1006/1228 1452/999/1228 391/558/703 97/557/702
f 97/557/702 391/558/703 1452/999/1228 626/1006/1228
f 627/1007/1229 1449/995/1229 1452/999/1229 626/1006/1229
f 626/1006/1229 1452/999/1229 1449/995/1229 627/1007/1229
f 628/1003/1230 1446/992/1230 1449/995/1230 627/1007/1230
f 627/1007/1230 1449/995/1230 1446/992/1230 628/1003/1230
f 1455/1008/1231 1456/1009/1231 1459/1010/1231 1458/1011/1231
f 1458/1011/1231 1459/1010/1231 1456/1009/1231 1455/1008/1231
f 1456/1009/1232 1457/1012/1232 1460/1013/1232 1459/1010/1232
f 1459/1010/1232 1460/1013/1232 1457/1012/1232 1456/1009/1232
f 1458/1011/1233 1459/1010/1233 1462/1014/1233 1461/1015/1233
f 1461/1015/1233 1462/1014/1233 1459/1010/1233 1458/1011/1233
f 1459/1010/1234 1460/1013/1234 1463/1016/1234 1462/1014/1234
f 1462/1014/1234 1463/1016/1234 1460/1013/1234 1459/1010/1234
f 124/1017/1235 550/1018/1235 1455/1008/1235 631/1019/1235
f 631/1019/1235 1455/1008/1235 550/1018/1235 124/1017/1235
f 550/1018/1236 549/1020/1236 1456/1009/1236 1455/1008/1236
f 1455/1008/1236 1456/1009/1236 549/1020/1236 550/1018/1236
f 549/1020/1237 548/1021/1237 1457/1012/1237 1456/1009/1237
f 1456/1009/1237 1457/1012/1237 548/1021/1237 549/1020/1237
f 548/1021/1238 123/1001/1238 628/1003/1238 1457/1012/1238
f 1457/1012/1238 628/1003/1238 123/1001/1238 548/1021/1238
f 1457/1012/1239 628/1003/1239 627/1007/1239 1460/1013/1239
f 1460/1013/1239 627/1007/1239 628/1003/1239 1457/1012/1239
f 1460/1013/1240 627/1007/1240 626/1006/1240 1463/1016/1240
f 1463/1016/1240 626/1006/1240 627/1007/1240 1460/1013/1240
f 1463/1016/1241 626/1006/1241 97/557/730 404/596/729
f 404/596/729 97/557/730 626/1006/1241 1463/1016/1241
f 1462/1014/1242 1463/1016/1242 404/596/727 405/595/727
f 405/595/727 404/596/727 1463/1016/1242 1462/1014/1242
f 1461/1015/1243 1462/1014/1243 405/595/726 406/594/726
f 406/594/726 405/595/726 1462/1014/1243 1461/1015/1243
f 629/1022/1244 1461/1015/1244 406/594/725 98/593/724
f 98/593/724 406/594/725 1461/1015/1244 629/1022/1244
f 630/1023/1245 1458/1011/1245 1461/1015/1245 629/1022/1245
f 629/1022/1245 1461/1015/1245 1458/1011/1245 630/1023/1245
f 631/1019/1246 1455/1008/1246 1458/1011/1246 630/1023/1246
f 630/1023/1246 1458/1011/1246 1455/1008/1246 631/1019/1246
f 1464/1024/1247 1465/1025/1247 1468/1026/1247 1467/1027/1247
f 1467/1027/1247 1468/1026/1247 1465/1025/1247 1464/1024/1247
f 1465/1025/1248 1466/1028/1248 1469/1029/1248 1468/1026/1248
f 1468/1026/1248 1469/1029/1248 1466/1028/1248 1465/1025/1248
f 1467/1027/1249 1468/1026/1249 1471/1030/1249 1470/1031/1249
f 1470/1031/1249 1471/1030/1249 1468/1026/1249 1467/1027/1249
f 1468/1026/1250 1469/1029/1250 1472/1032/1250 1471/1030/1250
f 1471/1030/1250 1472/1032/1250 1469/1029/1250 1468/1026/1250
f 125/1033/1251 553/1034/1251 1464/1024/1251 634/1035/1251
f 634/1035/1251 1464/1024/1251 553/1034/1251 125/1033/1251
f 553/1034/1252 552/1036/1252 1465/1025/1252 1464/1024/1252
f 1464/1024/1252 1465/1025/1252 552/1036/1252 553/1034/1252
f 552/1036/1253 551/1037/1253 1466/1028/1253 1465/1025/1253
f 1465/1025/1253 1466/1028/1253 551/1037/1253 552/1036/1253
f 551/1037/1254 124/1017/1254 631/1019/1254 1466/1028/1254
f 1466/1028/1254 631/1019/1254 124/1017/1254 551/1037/1254
f 1466/1028/1255 631/1019/1255 630/1023/1255 1469/1029/1255
f 1469/1029/1255 630/1023/1255 631/1019/1255 1466/1028/1255
f 1469/1029/1256 630/1023/1256 629/1022/1256 1472/1032/1256
f 1472/1032/1256 629/1022/1256 630/1023/1256 1469/1029/1256
f 1472/1032/1257 629/1022/1257 98/593/781 419/635/784
f 419/635/784 98/593/781 629/1022/1257 1472/1032/1257
f 1471/1030/1258 1472/1032/1258 419/635/787 420/634/787
f 420/634/787 419/635/787 1472/1032/1258 1471/1030/1258
f 1470/1031/1259 1471/1030/1259 420/634/780 421/632/779
f 421/632/779 420/634/780 1471/1030/1259 1470/1031/1259
f 632/1038/1260 1470/1031/1260 421/632/776 99/631/775
f 99/631/775 421/632/776 1470/1031/1260 632/1038/1260
f 633/1039/1261 1467/1027/1261 1470/1031/1261 632/1038/1261
f 632/1038/1261 1470/1031/1261 1467/1027/1261 633/1039/1261
f 634/1035/1262 1464/1024/1262 1467/1027/1262 633/1039/1262
f 633/1039/1262 1467/1027/1262 1464/1024/1262 634/1035/1262
f 1473/1040/1263 1474/1041/1263 1477/1042/1263 1476/1043/1263
f 1476/1043/1263 1477/1042/1263 1474/1041/1263 1473/1040/1263
f 1474/1041/1264 1475/1044/1264 1478/1045/1264 1477/1042/1264
f 1477/1042/1264 1478/1045/1264 1475/1044/1264 1474/1041/1264
f 1476/1043/1265 1477/1042/1265 1480/1046/1265 1479/1047/1265
f 1479/1047/1265 1480/1046/1265 1477/1042/1265 1476/1043/1265
f 1477/1042/1266 1478/1045/1266 1481/1048/1266 1480/1046/1266
f 1480/1046/1266 1481/1048/1266 1478/1045/1266 1477/1042/1266
f 126/1049/1267 556/1050/1267 1473/1040/1267 637/1051/1267
f 637/1051/1267 1473/1040/1267 556/1050/1267 126/1049/1267
f 556/1050/1268 555/1052/1268 1474/1041/1268 1473/1040/1268
f 1473/1040/1268 1474/1041/1268 555/1052/1268 556/1050/1268
f 555/1052/1269 554/1053/1269 1475/1044/1269 1474/1041/1269
f 1474/1041/1269 1475/1044/1269 554/1053/1269 555/1052/1269
f 554/1053/1270 125/1033/1270 634/1035/1270 1475/1044/1270
f 1475/1044/1270 634/1035/1270 125/1033/1270 554/1053/1270
f 1475/1044/1271 634/1035/1271 633/1039/1271 1478/1045/1271
f 1478/1045/1271 633/1039/1271 634/1035/1271 1475/1044/1271
f 1478/1045/1272 633/1039/1272 632/1038/1272 1481/1048/1272
f 1481/1048/1272 632/1038/1272 633/1039/1272 1478/1045/1272
f 1481/1048/1273 632/1038/1273 99/631/858 437/676/857
f 437/676/857 99/631/858 632/1038/1273 1481/1048/1273
f 1480/1046/1274 1481/1048/1274 437/676/855 438/675/854
f 438/675/854 437/676/855 1481/1048/1274 1480/1046/1274
f 1479/1047/1275 1480/1046/1275 438/675/853 439/674/852
f 439/674/852 438/675/853 1480/1046/1275 1479/1047/1275
f 635/1054/1276 1479/1047/1276 439/674/1276 100/673/1276
f 100/673/1276 439/674/1276 1479/1047/1276 635/1054/1276
f 636/1055/1277 1476/1043/1277 1479/1047/1277 635/1054/1277
f 635/1054/1277 1479/1047/1277 1476/1043/1277 636/1055/1277
f 637/1051/1278 1473/1040/1278 1476/1043/1278 636/1055/1278
f 636/1055/1278 1476/1043/1278 1473/1040/1278 637/1051/1278
f 1482/1056/1279 1483/1057/1279 1486/1058/1279 1485/1059/1279
f 1485/1059/1279 1486/1058/1279 1483/1057/1279 1482/1056/1279
f 1483/1057/1280 1484/1060/1280 1487/1061/1280 1486/1058/1280
f 1486/1058/1280 1487/1061/1280 1484/1060/1280 1483/1057/1280
f 1485/1059/1281 1486/1058/1281 1489/1062/1281 1488/1063/1281
f 1488/1063/1281 1489/1062/1281 1486/1058/1281 1485/1059/1281
f 1486/1058/1282 1487/1061/1282 1490/1064/1282 1489/1062/1282
f 1489/1062/1282 1490/1064/1282 1487/1061/1282 1486/1058/1282
f 127/1065/1283 559/1066/1284 1482/1056/1284 640/1067/1285
f 640/1067/1285 1482/1056/1284 559/1066/1284 127/1065/1283
f 559/1066/1286 558/1068/1286 1483/1057/1286 1482/1056/1286
f 1482/1056/1286 1483/1057/1286 558/1068/1286 559/1066/1286
f 558/1068/1287 557/1069/1287 1484/1060/1287 1483/1057/1287
f 1483/1057/1287 1484/1060/1287 557/1069/1287 558/1068/1287
f 557/1069/1288 126/1049/1288 637/1051/1288 1484/1060/1288
f 1484/1060/1288 637/1051/1288 126/1049/1288 557/1069/1288
f 1484/1060/1289 637/1051/1289 636/1055/1289 1487/1061/1289
f 1487/1061/1289 636/1055/1289 637/1051/1289 1484/1060/1289
f 1487/1061/1290 636/1055/1290 635/1054/1290 1490/1064/1290
f 1490/1064/1290 635/1054/1290 636/1055/1290 1487/1061/1290
f 1490/1064/1291 635/1054/1291 100/673/1291 446/1070/1291
f 446/1070/1291 100/673/1291 635/1054/1291 1490/1064/1291
f 1489/1062/1292 1490/1064/1292 446/1070/1292 447/1071/1292
f 447/1071/1292 446/1070/1292 1490/1064/1292 1489/1062/1292
f 1488/1063/1293 1489/1062/1293 447/1071/1293 448/1072/1293
f 448/1072/1293 447/1071/1293 1489/1062/1293 1488/1063/1293
f 638/1073/1294 1488/1063/1295 448/1072/1294 101/1074/1294
f 101/1074/1294 448/1072/1294 1488/1063/1295 638/1073/1294
f 639/1075/1296 1485/1059/1296 1488/1063/1296 638/1073/1296
f 638/1073/1296 1488/1063/1296 1485/1059/1296 639/1075/1296
f 640/1067/1297 1482/1056/1297 1485/1059/1297 639/1075/1297
f 639/1075/1297 1485/1059/1297 1482/1056/1297 640/1067/1297
f 1491/1076/1298 1492/1077/1298 1495/1078/1298 1494/1079/1298
f 1494/1079/1298 1495/1078/1298 1492/1077/1298 1491/1076/1298
f 1492/1077/1298 1493/1080/1298 1496/1081/1298 1495/1078/1298
f 1495/1078/1298 1496/1081/1298 1493/1080/1298 1492/1077/1298
f 1494/1079/1298 1495/1078/1298 1498/1082/1285 1497/1083/1299
f 1497/1083/1299 1498/1082/1285 1495/1078/1298 1494/1079/1298
f 1495/1078/1298 1496/1081/1298 1499/1084/1300 1498/1082/1285
f 1498/1082/1285 1499/1084/1300 1496/1081/1298 1495/1078/1298
f 128/1085/1298 562/1086/1298 1491/1076/1298 643/1087/1298
f 643/1087/1298 1491/1076/1298 562/1086/1298 128/1085/1298
f 562/1086/1298 561/1088/1298 1492/1077/1298 1491/1076/1298
f 1491/1076/1298 1492/1077/1298 561/1088/1298 562/1086/1298
f 561/1088/1298 560/1089/1298 1493/1080/1298 1492/1077/1298
f 1492/1077/1298 1493/1080/1298 560/1089/1298 561/1088/1298
f 560/1089/1298 127/1065/1283 640/1067/1285 1493/1080/1298
f 1493/1080/1298 640/1067/1285 127/1065/1283 560/1089/1298
f 1493/1080/1298 640/1067/1285 639/1075/1298 1496/1081/1298
f 1496/1081/1298 639/1075/1298 640/1067/1285 1493/1080/1298
f 1496/1081/1298 639/1075/1298 638/1073/1298 1499/1084/1300
f 1499/1084/1300 638/1073/1298 639/1075/1298 1496/1081/1298
f 1499/1084/1300 638/1073/1298 101/1074/1301 452/1090/1301
f 452/1090/1301 101/1074/1301 638/1073/1298 1499/1084/1300
f 1498/1082/1285 1499/1084/1300 452/1090/1301 453/1091/1301
f 453/1091/1301 452/1090/1301 1499/1084/1300 1498/1082/1285
f 1497/1083/1299 1498/1082/1285 453/1091/1301 454/1092/1302
f 454/1092/1302 453/1091/1301 1498/1082/1285 1497/1083/1299
f 641/1093/1303 1497/1083/1299 454/1092/1302 102/1094/1302
f 102/1094/1302 454/1092/1302 1497/1083/1299 641/1093/1303
f 642/1095/1298 1494/1079/1298 1497/1083/1299 641/1093/1303
f 641/1093/1303 1497/1083/1299 1494/1079/1298 642/1095/1298
f 643/1087/1298 1491/1076/1298 1494/1079/1298 642/1095/1298
f 642/1095/1298 1494/1079/1298 1491/1076/1298 643/1087/1298
f 1500/1096/1298 1501/1097/1298 1504/1098/1298 1503/1099/1298
f 1503/1099/1298 1504/1098/1298 1501/1097/1298 1500/1096/1298
f 1501/1097/1298 1502/1100/1298 1505/1101/1298 1504/1098/1298
f 1504/1098/1298 1505/1101/1298 1502/1100/1298 1501/1097/1298
f 1503/1099/1298 1504/1098/1298 1507/1102/1285 1506/1103/1285
f 1506/1103/1285 1507/1102/1285 1504/1098/1298 1503/1099/1298
f 1504/1098/1298 1505/1101/1298 1508/1104/1304 1507/1102/1285
f 1507/1102/1285 1508/1104/1304 1505/1101/1298 1504/1098/1298
f 129/1105/1298 565/1106/1298 1500/1096/1298 646/1107/1298
f 646/1107/1298 1500/1096/1298 565/1106/1298 129/1105/1298
f 565/1106/1298 564/1108/1298 1501/1097/1298 1500/1096/1298
f 1500/1096/1298 1501/1097/1298 564/1108/1298 565/1106/1298
f 564/1108/1298 563/1109/1298 1502/1100/1298 1501/1097/1298
f 1501/1097/1298 1502/1100/1298 563/1109/1298 564/1108/1298
f 563/1109/1298 128/1085/1298 643/1087/1298 1502/1100/1298
f 1502/1100/1298 643/1087/1298 128/1085/1298 563/1109/1298
f 1502/1100/1298 643/1087/1298 642/1095/1298 1505/1101/1298
f 1505/1101/1298 642/1095/1298 643/1087/1298 1502/1100/1298
f 1505/1101/1298 642/1095/1298 641/1093/1303 1508/1104/1304
f 1508/1104/1304 641/1093/1303 642/1095/1298 1505/1101/1298
f 1508/1104/1304 641/1093/1303 102/1094/1302 458/1110/1305
f 458/1110/1305 102/1094/1302 641/1093/1303 1508/1104/1304
f 1507/1102/1285 1508/1104/1304 458/1110/1305 459/1111/1302
f 459/1111/1302 458/1110/1305 1508/1104/1304 1507/1102/1285
f 1506/1103/1285 1507/1102/1285 459/1111/1302 460/1112/1305
f 460/1112/1305 459/1111/1302 1507/1102/1285 1506/1103/1285
f 644/1113/1285 1506/1103/1285 460/1112/1305 103/1114/1305
f 103/1114/1305 460/1112/1305 1506/1103/1285 644/1113/1285
f 645/1115/1298 1503/1099/1298 1506/1103/1285 644/1113/1285
f 644/1113/1285 1506/1103/1285 1503/1099/1298 645/1115/1298
f 646/1107/1298 1500/1096/1298 1503/1099/1298 645/1115/1298
f 645/1115/1298 1503/1099/1298 1500/1096/1298 646/1107/1298
f 1509/1116/1298 1510/1117/1298 1513/1118/1298 1512/1119/1298
f 1512/1119/1298 1513/1118/1298 1510/1117/1298 1509/1116/1298
f 1510/1117/1298 1511/1120/1298 1514/1121/1298 1513/1118/1298
f 1513/1118/1298 1514/1121/1298 1511/1120/1298 1510/1117/1298
f 1512/1119/1298 1513/1118/1298 1516/1122/1285 1515/1123/1304
f 1515/1123/1304 1516/1122/1285 1513/1118/1298 1512/1119/1298
f 1513/1118/1298 1514/1121/1298 1517/1124/1285 1516/1122/1285
f 1516/1122/1285 1517/1124/1285 1514/1121/1298 1513/1118/1298
f 130/1125/1298 568/1126/1298 1509/1116/1298 649/1127/1298
f 649/1127/1298 1509/1116/1298 568/1126/1298 130/1125/1298
f 568/1126/1298 567/1128/1298 1510/1117/1298 1509/1116/1298
f 1509/1116/1298 1510/1117/1298 567/1128/1298 568/1126/1298
f 567/1128/1298 566/1129/1298 1511/1120/1298 1510/1117/1298
f 1510/1117/1298 1511/1120/1298 566/1129/1298 567/1128/1298
f 566/1129/1298 129/1105/1298 646/1107/1298 1511/1120/1298
f 1511/1120/1298 646/1107/1298 129/1105/1298 566/1129/1298
f 1511/1120/1298 646/1107/1298 645/1115/1298 1514/1121/1298
f 1514/1121/1298 645/1115/1298 646/1107/1298 1511/1120/1298
f 1514/1121/1298 645/1115/1298 644/1113/1285 1517/1124/1285
f 1517/1124/1285 644/1113/1285 645/1115/1298 1514/1121/1298
f 1517/1124/1285 644/1113/1285 103/1114/1305 464/1130/1306
f 464/1130/1306 103/1114/1305 644/1113/1285 1517/1124/1285
f 1516/1122/1285 1517/1124/1285 464/1130/1306 465/1131/1306
f 465/1131/1306 464/1130/1306 1517/1124/1285 1516/1122/1285
f 1515/1123/1304 1516/1122/1285 465/1131/1306 466/1132/1306
f 466/1132/1306 465/1131/1306 1516/1122/1285 1515/1123/1304
f 647/1133/1285 1515/1123/1304 466/1132/1306 104/1134/1306
f 104/1134/1306 466/1132/1306 1515/1123/1304 647/1133/1285
f 648/1135/1298 1512/1119/1298 1515/1123/1304 647/1133/1285
f 647/1133/1285 1515/1123/1304 1512/1119/1298 648/1135/1298
f 649/1127/1298 1509/1116/1298 1512/1119/1298 648/1135/1298
f 648/1135/1298 1512/1119/1298 1509/1116/1298 649/1127/1298
f 1518/1136/1298 1519/1137/1298 1522/1138/1298 1521/1139/1298
f 1521/1139/1298 1522/1138/1298 1519/1137/1298 1518/1136/1298
f 1519/1137/1298 1520/1140/1298 1523/1141/1298 1522/1138/1298
f 1522/1138/1298 1523/1141/1298 1520/1140/1298 1519/1137/1298
f 1521/1139/1298 1522/1138/1298 1525/1142/1298 1524/1143/1307
f 1524/1143/1307 1525/1142/1298 1522/1138/1298 1521/1139/1298
f 1522/1138/1298 1523/1141/1298 1526/1144/1285 1525/1142/1298
f 1525/1142/1298 1526/1144/1285 1523/1141/1298 1522/1138/1298
f 131/1145/1298 569/1146/1298 1518/1136/1298 652/1145/1298
f 652/1145/1298 1518/1136/1298 569/1146/1298 131/1145/1298
f 569/1146/1298 570/1147/1298 1519/1137/1298 1518/1136/1298
f 1518/1136/1298 1519/1137/1298 570/1147/1298 569/1146/1298
f 570/1147/1298 571/1148/1298 1520/1140/1298 1519/1137/1298
f 1519/1137/1298 1520/1140/1298 571/1148/1298 570/1147/1298
f 571/1148/1298 130/1125/1298 649/1127/1298 1520/1140/1298
f 1520/1140/1298 649/1127/1298 130/1125/1298 571/1148/1298
f 1520/1140/1298 649/1127/1298 648/1135/1298 1523/1141/1298
f 1523/1141/1298 648/1135/1298 649/1127/1298 1520/1140/1298
f 1523/1141/1298 648/1135/1298 647/1133/1285 1526/1144/1285
f 1526/1144/1285 647/1133/1285 648/1135/1298 1523/1141/1298
f 1526/1144/1285 647/1133/1285 104/1134/1306 475/1149/1285
f 475/1149/1285 104/1134/1306 647/1133/1285 1526/1144/1285
f 1525/1142/1298 1526/1144/1285 475/1149/1285 474/1150/1285
f 474/1150/1285 475/1149/1285 1526/1144/1285 1525/1142/1298
f 1524/1143/1307 1525/1142/1298 474/1150/1285 473/1151/1308
f 473/1151/1308 474/1150/1285 1525/1142/1298 1524/1143/1307
f 650/1145/1298 1524/1143/1307 473/1151/1308 105/1145/1298
f 105/1145/1298 473/1151/1308 1524/1143/1307 650/1145/1298
f 651/1145/1298 1521/1139/1298 1524/1143/1307 650/1145/1298
f 650/1145/1298 1524/1143/1307 1521/1139/1298 651/1145/1298
f 652/1145/1298 1518/1136/1298 1521/1139/1298 651/1145/1298
f 651/1145/1298 1521/1139/1298 1518/1136/1298 652/1145/1298
f 1527/1152/1309 1528/1153/1309 1531/1154/1309 1530/1155/1309
f 1530/1155/1309 1531/1154/1309 1528/1153/1309 1527/1152/1309
f 1528/1153/1310 1529/1156/1310 1532/1157/1310 1531/1154/1310
f 1531/1154/1310 1532/1157/1310 1529/1156/1310 1528/1153/1310
f 1530/1155/1311 1531/1154/1311 1534/1158/1311 1533/1159/1311
f 1533/1159/1311 1534/1158/1311 1531/1154/1311 1530/1155/1311
f 1531/1154/1312 1532/1157/1312 1535/1160/1312 1534/1158/1312
f 1534/1158/1312 1535/1160/1312 1532/1157/1312 1531/1154/1312
f 120/970/1313 575/1161/1313 1527/1152/1313 620/971/1313
f 620/971/1313 1527/1152/1313 575/1161/1313 120/970/1313
f 575/1161/1314 576/1162/1315 1528/1153/1315 1527/1152/1314
f 1527/1152/1314 1528/1153/1315 576/1162/1315 575/1161/1314
f 576/1162/1315 577/1163/1316 1529/1156/1316 1528/1153/1315
f 1528/1153/1315 1529/1156/1316 577/1163/1316 576/1162/1315
f 577/1163/1317 108/789/1317 583/791/1317 1529/1156/1317
f 1529/1156/1317 583/791/1317 108/789/1317 577/1163/1317
f 1529/1156/1318 583/791/1318 582/799/1318 1532/1157/1318
f 1532/1157/1318 582/799/1318 583/791/1318 1529/1156/1318
f 1532/1157/1319 582/799/1319 581/798/1319 1535/1160/1319
f 1535/1160/1319 581/798/1319 582/799/1319 1532/1157/1319
f 1535/1160/1320 581/798/1320 82/12/917 502/715/916
f 502/715/916 82/12/917 581/798/1320 1535/1160/1320
f 1534/1158/1321 1535/1160/1321 502/715/914 501/714/913
f 501/714/913 502/715/914 1535/1160/1321 1534/1158/1321
f 1533/1159/1322 1534/1158/1322 501/714/912 500/713/911
f 500/713/911 501/714/912 1534/1158/1322 1533/1159/1322
f 622/973/1323 1533/1159/1323 500/713/910 94/464/909
f 94/464/909 500/713/910 1533/1159/1323 622/973/1323
f 621/972/1324 1530/1155/1324 1533/1159/1324 622/973/1324
f 622/973/1324 1533/1159/1324 1530/1155/1324 621/972/1324
f 620/971/1325 1527/1152/1325 1530/1155/1325 621/972/1325
f 621/972/1325 1530/1155/1325 1527/1152/1325 620/971/1325
f 1536/1164/1326 1537/1165/1326 1540/1166/1326 1539/1167/1326
f 1539/1167/1326 1540/1166/1326 1537/1165/1326 1536/1164/1326
f 1537/1165/1327 1538/1168/1327 1541/1169/1327 1540/1166/1327
f 1540/1166/1327 1541/1169/1327 1538/1168/1327 1537/1165/1327
f 1539/1167/1328 1540/1166/1328 1543/1170/1328 1542/1171/1328
f 1542/1171/1328 1543/1170/1328 1540/1166/1328 1539/1167/1328
f 1540/1166/1329 1541/1169/1329 1544/1172/1329 1543/1170/1329
f 1543/1170/1329 1544/1172/1329 1541/1169/1329 1540/1166/1329
f 42/1173/1330 653/1174/1330 1536/1164/1330 736/1175/1330
f 736/1175/1330 1536/1164/1330 653/1174/1330 42/1173/1330
f 653/1174/1331 654/1176/1331 1537/1165/1331 1536/1164/1331
f 1536/1164/1331 1537/1165/1331 654/1176/1331 653/1174/1331
f 654/1176/1332 655/1177/1332 1538/1168/1332 1537/1165/1332
f 1537/1165/1332 1538/1168/1332 655/1177/1332 654/1176/1332
f 655/1177/1333 52/1178/1333 737/1179/1333 1538/1168/1333
f 1538/1168/1333 737/1179/1333 52/1178/1333 655/1177/1333
f 1538/1168/1334 737/1179/1334 738/1180/1334 1541/1169/1334
f 1541/1169/1334 738/1180/1334 737/1179/1334 1538/1168/1334
f 1541/1169/1335 738/1180/1335 739/1181/1335 1544/1172/1335
f 1544/1172/1335 739/1181/1335 738/1180/1335 1541/1169/1335
f 1544/1172/1336 739/1181/1337 109/794/1337 508/793/1338
f 508/793/1338 109/794/1337 739/1181/1337 1544/1172/1336
f 1543/1170/1339 1544/1172/1336 508/793/1338 507/792/1340
f 507/792/1340 508/793/1338 1544/1172/1336 1543/1170/1339
f 1542/1171/1341 1543/1170/1339 507/792/1340 506/790/1342
f 506/790/1342 507/792/1340 1543/1170/1339 1542/1171/1341
f 734/1182/1343 1542/1171/1341 506/790/1342 108/789/1344
f 108/789/1344 506/790/1342 1542/1171/1341 734/1182/1343
f 735/1183/1345 1539/1167/1345 1542/1171/1345 734/1182/1345
f 734/1182/1345 1542/1171/1345 1539/1167/1345 735/1183/1345
f 736/1175/1346 1536/1164/1346 1539/1167/1346 735/1183/1346
f 735/1183/1346 1539/1167/1346 1536/1164/1346 736/1175/1346
f 1545/1184/1347 1546/1185/1347 1549/1186/1347 1548/1187/1347
f 1548/1187/1347 1549/1186/1347 1546/1185/1347 1545/1184/1347
f 1546/1185/1348 1547/1188/1348 1550/1189/1348 1549/1186/1348
f 1549/1186/1348 1550/1189/1348 1547/1188/1348 1546/1185/1348
f 1548/1187/1349 1549/1186/1349 1552/1190/1349 1551/1191/1349
f 1551/1191/1349 1552/1190/1349 1549/1186/1349 1548/1187/1349
f 1549/1186/1350 1550/1189/1350 1553/1192/1350 1552/1190/1350
f 1552/1190/1350 1553/1192/1350 1550/1189/1350 1549/1186/1350
f 52/1178/1351 658/1193/1351 1545/1184/1351 737/1179/1351
f 737/1179/1351 1545/1184/1351 658/1193/1351 52/1178/1351
f 658/1193/1352 657/1194/1352 1546/1185/1352 1545/1184/1352
f 1545/1184/1352 1546/1185/1352 657/1194/1352 658/1193/1352
f 657/1194/1353 656/1195/1353 1547/1188/1353 1546/1185/1353
f 1546/1185/1353 1547/1188/1353 656/1195/1353 657/1194/1353
f 656/1195/1354 51/1196/1354 740/1197/1354 1547/1188/1354
f 1547/1188/1354 740/1197/1354 51/1196/1354 656/1195/1354
f 1547/1188/1355 740/1197/1355 741/1198/1355 1550/1189/1355
f 1550/1189/1355 741/1198/1355 740/1197/1355 1547/1188/1355
f 1550/1189/1356 741/1198/1356 742/1199/1356 1553/1192/1356
f 1553/1192/1356 742/1199/1356 741/1198/1356 1550/1189/1356
f 1553/1192/1357 742/1199/1357 110/812/1357 509/811/1357
f 509/811/1357 110/812/1357 742/1199/1357 1553/1192/1357
f 1552/1190/1358 1553/1192/1358 509/811/1358 510/810/1358
f 510/810/1358 509/811/1358 1553/1192/1358 1552/1190/1358
f 1551/1191/1359 1552/1190/1359 510/810/1359 511/809/1359
f 511/809/1359 510/810/1359 1552/1190/1359 1551/1191/1359
f 739/1181/1360 1551/1191/1360 511/809/1360 109/794/1360
f 109/794/1360 511/809/1360 1551/1191/1360 739/1181/1360
f 738/1180/1361 1548/1187/1361 1551/1191/1361 739/1181/1361
f 739/1181/1361 1551/1191/1361 1548/1187/1361 738/1180/1361
f 737/1179/1362 1545/1184/1362 1548/1187/1362 738/1180/1362
f 738/1180/1362 1548/1187/1362 1545/1184/1362 737/1179/1362
f 1554/1200/1363 1555/1201/1363 1558/1202/1363 1557/1203/1363
f 1557/1203/1363 1558/1202/1363 1555/1201/1363 1554/1200/1363
f 1555/1201/1364 1556/1204/1364 1559/1205/1364 1558/1202/1364
f 1558/1202/1364 1559/1205/1364 1556/1204/1364 1555/1201/1364
f 1557/1203/1365 1558/1202/1365 1561/1206/1365 1560/1207/1365
f 1560/1207/1365 1561/1206/1365 1558/1202/1365 1557/1203/1365
f 1558/1202/1366 1559/1205/1366 1562/1208/1366 1561/1206/1366
f 1561/1206/1366 1562/1208/1366 1559/1205/1366 1558/1202/1366
f 51/1196/1367 661/1209/1367 1554/1200/1367 740/1197/1367
f 740/1197/1367 1554/1200/1367 661/1209/1367 51/1196/1367
f 661/1209/1368 660/1210/1368 1555/1201/1368 1554/1200/1368
f 1554/1200/1368 1555/1201/1368 660/1210/1368 661/1209/1368
f 660/1210/1369 659/1211/1369 1556/1204/1369 1555/1201/1369
f 1555/1201/1369 1556/1204/1369 659/1211/1369 660/1210/1369
f 659/1211/1370 50/1212/1370 743/1213/1370 1556/1204/1370
f 1556/1204/1370 743/1213/1370 50/1212/1370 659/1211/1370
f 1556/1204/1371 743/1213/1371 744/1214/1371 1559/1205/1371
f 1559/1205/1371 744/1214/1371 743/1213/1371 1556/1204/1371
f 1559/1205/1372 744/1214/1372 745/1215/1372 1562/1208/1372
f 1562/1208/1372 745/1215/1372 744/1214/1372 1559/1205/1372
f 1562/1208/1373 745/1215/1373 111/828/1373 512/827/1373
f 512/827/1373 111/828/1373 745/1215/1373 1562/1208/1373
f 1561/1206/1374 1562/1208/1374 512/827/1374 513/826/1374
f 513/826/1374 512/827/1374 1562/1208/1374 1561/1206/1374
f 1560/1207/1375 1561/1206/1375 513/826/1375 514/825/1375
f 514/825/1375 513/826/1375 1561/1206/1375 1560/1207/1375
f 742/1199/1376 1560/1207/1376 514/825/1376 110/812/1376
f 110/812/1376 514/825/1376 1560/1207/1376 742/1199/1376
f 741/1198/1377 1557/1203/1377 1560/1207/1377 742/1199/1377
f 742/1199/1377 1560/1207/1377 1557/1203/1377 741/1198/1377
f 740/1197/1378 1554/1200/1378 1557/1203/1378 741/1198/1378
f 741/1198/1378 1557/1203/1378 1554/1200/1378 740/1197/1378
f 1563/1216/1379 1564/1217/1379 1567/1218/1379 1566/1219/1379
f 1566/1219/1379 1567/1218/1379 1564/1217/1379 1563/1216/1379
f 1564/1217/1380 1565/1220/1380 1568/1221/1380 1567/1218/1380
f 1567/1218/1380 1568/1221/1380 1565/1220/1380 1564/1217/1380
f 1566/1219/1381 1567/1218/1381 1570/1222/1381 1569/1223/1381
f 1569/1223/1381 1570/1222/1381 1567/1218/1381 1566/1219/1381
f 1567/1218/1382 1568/1221/1382 1571/1224/1382 1570/1222/1382
f 1570/1222/1382 1571/1224/1382 1568/1221/1382 1567/1218/1382
f 50/1212/1383 664/1225/1383 1563/1216/1383 743/1213/1383
f 743/1213/1383 1563/1216/1383 664/1225/1383 50/1212/1383
f 664/1225/1384 663/1226/1384 1564/1217/1384 1563/1216/1384
f 1563/1216/1384 1564/1217/1384 663/1226/1384 664/1225/1384
f 663/1226/1385 662/1227/1385 1565/1220/1385 1564/1217/1385
f 1564/1217/1385 1565/1220/1385 662/1227/1385 663/1226/1385
f 662/1227/1386 49/1228/1386 746/1229/1386 1565/1220/1386
f 1565/1220/1386 746/1229/1386 49/1228/1386 662/1227/1386
f 1565/1220/1387 746/1229/1387 747/1230/1387 1568/1221/1387
f 1568/1221/1387 747/1230/1387 746/1229/1387 1565/1220/1387
f 1568/1221/1388 747/1230/1388 748/1231/1388 1571/1224/1388
f 1571/1224/1388 748/1231/1388 747/1230/1388 1568/1221/1388
f 1571/1224/1389 748/1231/1389 112/844/1389 515/843/1389
f 515/843/1389 112/844/1389 748/1231/1389 1571/1224/1389
f 1570/1222/1390 1571/1224/1390 515/843/1390 516/842/1390
f 516/842/1390 515/843/1390 1571/1224/1390 1570/1222/1390
f 1569/1223/1391 1570/1222/1391 516/842/1391 517/841/1391
f 517/841/1391 516/842/1391 1570/1222/1391 1569/1223/1391
f 745/1215/1392 1569/1223/1392 517/841/1392 111/828/1392
f 111/828/1392 517/841/1392 1569/1223/1392 745/1215/1392
f 744/1214/1393 1566/1219/1393 1569/1223/1393 745/1215/1393
f 745/1215/1393 1569/1223/1393 1566/1219/1393 744/1214/1393
f 743/1213/1394 1563/1216/1394 1566/1219/1394 744/1214/1394
f 744/1214/1394 1566/1219/1394 1563/1216/1394 743/1213/1394
f 1572/1232/1395 1573/1233/1395 1576/1234/1395 1575/1235/1395
f 1575/1235/1395 1576/1234/1395 1573/1233/1395 1572/1232/1395
f 1573/1233/1396 1574/1236/1396 1577/1237/1396 1576/1234/1396
f 1576/1234/1396 1577/1237/1396 1574/1236/1396 1573/1233/1396
f 1575/1235/1397 1576/1234/1397 1579/1238/1397 1578/1239/1397
f 1578/1239/1397 1579/1238/1397 1576/1234/1397 1575/1235/1397
f 1576/1234/1398 1577/1237/1398 1580/1240/1398 1579/1238/1398
f 1579/1238/1398 1580/1240/1398 1577/1237/1398 1576/1234/1398
f 49/1228/1399 667/1241/1399 1572/1232/1399 746/1229/1399
f 746/1229/1399 1572/1232/1399 667/1241/1399 49/1228/1399
f 667/1241/1400 666/1242/1400 1573/1233/1400 1572/1232/1400
f 1572/1232/1400 1573/1233/1400 666/1242/1400 667/1241/1400
f 666/1242/1401 665/1243/1401 1574/1236/1401 1573/1233/1401
f 1573/1233/1401 1574/1236/1401 665/1243/1401 666/1242/1401
f 665/1243/1402 48/1244/1402 749/1245/1402 1574/1236/1402
f 1574/1236/1402 749/1245/1402 48/1244/1402 665/1243/1402
f 1574/1236/1403 749/1245/1403 750/1246/1403 1577/1237/1403
f 1577/1237/1403 750/1246/1403 749/1245/1403 1574/1236/1403
f 1577/1237/1404 750/1246/1404 751/1247/1404 1580/1240/1404
f 1580/1240/1404 751/1247/1404 750/1246/1404 1577/1237/1404
f 1580/1240/1405 751/1247/1405 113/860/1405 518/859/1405
f 518/859/1405 113/860/1405 751/1247/1405 1580/1240/1405
f 1579/1238/1406 1580/1240/1406 518/859/1406 519/858/1406
f 519/858/1406 518/859/1406 1580/1240/1406 1579/1238/1406
f 1578/1239/1407 1579/1238/1407 519/858/1407 520/857/1407
f 520/857/1407 519/858/1407 1579/1238/1407 1578/1239/1407
f 748/1231/1408 1578/1239/1408 520/857/1408 112/844/1408
f 112/844/1408 520/857/1408 1578/1239/1408 748/1231/1408
f 747/1230/1409 1575/1235/1409 1578/1239/1409 748/1231/1409
f 748/1231/1409 1578/1239/1409 1575/1235/1409 747/1230/1409
f 746/1229/1410 1572/1232/1410 1575/1235/1410 747/1230/1410
f 747/1230/1410 1575/1235/1410 1572/1232/1410 746/1229/1410
f 1581/1248/1411 1582/1249/1411 1585/1250/1411 1584/1251/1411
f 1584/1251/1411 1585/1250/1411 1582/1249/1411 1581/1248/1411
f 1582/1249/1412 1583/1252/1412 1586/1253/1412 1585/1250/1412
f 1585/1250/1412 1586/1253/1412 1583/1252/1412 1582/1249/1412
f 1584/1251/1413 1585/1250/1413 1588/1254/1413 1587/1255/1413
f 1587/1255/1413 1588/1254/1413 1585/1250/1413 1584/1251/1413
f 1585/1250/1414 1586/1253/1414 1589/1256/1414 1588/1254/1414
f 1588/1254/1414 1589/1256/1414 1586/1253/1414 1585/1250/1414
f 48/1244/1415 670/1257/1415 1581/1248/1415 749/1245/1415
f 749/1245/1415 1581/1248/1415 670/1257/1415 48/1244/1415
f 670/1257/1416 669/1258/1416 1582/1249/1416 1581/1248/1416
f 1581/1248/1416 1582/1249/1416 669/1258/1416 670/1257/1416
f 669/1258/1417 668/1259/1417 1583/1252/1417 1582/1249/1417
f 1582/1249/1417 1583/1252/1417 668/1259/1417 669/1258/1417
f 668/1259/1418 47/1260/1418 752/1261/1418 1583/1252/1418
f 1583/1252/1418 752/1261/1418 47/1260/1418 668/1259/1418
f 1583/1252/1419 752/1261/1419 753/1262/1419 1586/1253/1419
f 1586/1253/1419 753/1262/1419 752/1261/1419 1583/1252/1419
f 1586/1253/1420 753/1262/1420 754/1263/1420 1589/1256/1420
f 1589/1256/1420 754/1263/1420 753/1262/1420 1586/1253/1420
f 1589/1256/1421 754/1263/1422 114/876/1423 521/875/1421
f 521/875/1421 114/876/1423 754/1263/1422 1589/1256/1421
f 1588/1254/1424 1589/1256/1424 521/875/1424 522/874/1424
f 522/874/1424 521/875/1424 1589/1256/1424 1588/1254/1424
f 1587/1255/1425 1588/1254/1425 522/874/1425 523/873/1425
f 523/873/1425 522/874/1425 1588/1254/1425 1587/1255/1425
f 751/1247/1426 1587/1255/1426 523/873/1426 113/860/1426
f 113/860/1426 523/873/1426 1587/1255/1426 751/1247/1426
f 750/1246/1427 1584/1251/1427 1587/1255/1427 751/1247/1427
f 751/1247/1427 1587/1255/1427 1584/1251/1427 750/1246/1427
f 749/1245/1428 1581/1248/1428 1584/1251/1428 750/1246/1428
f 750/1246/1428 1584/1251/1428 1581/1248/1428 749/1245/1428
f 1590/1264/1429 1591/1265/1429 1594/1266/1429 1593/1267/1429
f 1593/1267/1429 1594/1266/1429 1591/1265/1429 1590/1264/1429
f 1591/1265/1430 1592/1268/1430 1595/1269/1430 1594/1266/1430
f 1594/1266/1430 1595/1269/1430 1592/1268/1430 1591/1265/1430
f 1593/1267/1431 1594/1266/1431 1597/1270/1431 1596/1271/1431
f 1596/1271/1431 1597/1270/1431 1594/1266/1431 1593/1267/1431
f 1594/1266/1432 1595/1269/1432 1598/1272/1432 1597/1270/1432
f 1597/1270/1432 1598/1272/1432 1595/1269/1432 1594/1266/1432
f 47/1260/1433 673/1273/1433 1590/1264/1433 752/1261/1433
f 752/1261/1433 1590/1264/1433 673/1273/1433 47/1260/1433
f 673/1273/1434 672/1274/1434 1591/1265/1434 1590/1264/1434
f 1590/1264/1434 1591/1265/1434 672/1274/1434 673/1273/1434
f 672/1274/1435 671/1275/1435 1592/1268/1435 1591/1265/1435
f 1591/1265/1435 1592/1268/1435 671/1275/1435 672/1274/1435
f 671/1275/1436 46/1276/1436 755/1277/1436 1592/1268/1436
f 1592/1268/1436 755/1277/1436 46/1276/1436 671/1275/1436
f 1592/1268/1437 755/1277/1437 756/1278/1437 1595/1269/1437
f 1595/1269/1437 756/1278/1437 755/1277/1437 1592/1268/1437
f 1595/1269/1438 756/1278/1438 757/1279/1438 1598/1272/1438
f 1598/1272/1438 757/1279/1438 756/1278/1438 1595/1269/1438
f 1598/1272/1439 757/1279/1440 115/892/1441 524/891/1442
f 524/891/1442 115/892/1441 757/1279/1440 1598/1272/1439
f 1597/1270/1443 1598/1272/1439 524/891/1442 525/890/1444
f 525/890/1444 524/891/1442 1598/1272/1439 1597/1270/1443
f 1596/1271/1445 1597/1270/1443 525/890/1444 526/889/1446
f 526/889/1446 525/890/1444 1597/1270/1443 1596/1271/1445
f 754/1263/1422 1596/1271/1445 526/889/1446 114/876/1423
f 114/876/1423 526/889/1446 1596/1271/1445 754/1263/1422
f 753/1262/1447 1593/1267/1447 1596/1271/1447 754/1263/1447
f 754/1263/1447 1596/1271/1447 1593/1267/1447 753/1262/1447
f 752/1261/1448 1590/1264/1448 1593/1267/1448 753/1262/1448
f 753/1262/1448 1593/1267/1448 1590/1264/1448 752/1261/1448
f 1599/1280/1449 1600/1281/1449 1603/1282/1449 1602/1283/1449
f 1602/1283/1449 1603/1282/1449 1600/1281/1449 1599/1280/1449
f 1600/1281/1450 1601/1284/1450 1604/1285/1450 1603/1282/1450
f 1603/1282/1450 1604/1285/1450 1601/1284/1450 1600/1281/1450
f 1602/1283/1451 1603/1282/1451 1606/1286/1451 1605/1287/1451
f 1605/1287/1451 1606/1286/1451 1603/1282/1451 1602/1283/1451
f 1603/1282/1452 1604/1285/1452 1607/1288/1452 1606/1286/1452
f 1606/1286/1452 1607/1288/1452 1604/1285/1452 1603/1282/1452
f 46/1276/1453 676/1289/1453 1599/1280/1453 755/1277/1453
f 755/1277/1453 1599/1280/1453 676/1289/1453 46/1276/1453
f 676/1289/1454 675/1290/1454 1600/1281/1454 1599/1280/1454
f 1599/1280/1454 1600/1281/1454 675/1290/1454 676/1289/1454
f 675/1290/1455 674/1291/1455 1601/1284/1455 1600/1281/1455
f 1600/1281/1455 1601/1284/1455 674/1291/1455 675/1290/1455
f 674/1291/1456 45/1292/1456 758/1293/1456 1601/1284/1456
f 1601/1284/1456 758/1293/1456 45/1292/1456 674/1291/1456
f 1601/1284/1457 758/1293/1457 759/1294/1457 1604/1285/1457
f 1604/1285/1457 759/1294/1457 758/1293/1457 1601/1284/1457
f 1604/1285/1458 759/1294/1458 760/1295/1458 1607/1288/1458
f 1607/1288/1458 760/1295/1458 759/1294/1458 1604/1285/1458
f 1607/1288/1459 760/1295/1460 116/908/1461 527/907/1462
f 527/907/1462 116/908/1461 760/1295/1460 1607/1288/1459
f 1606/1286/1463 1607/1288/1459 527/907/1462 528/906/1464
f 528/906/1464 527/907/1462 1607/1288/1459 1606/1286/1463
f 1605/1287/1465 1606/1286/1463 528/906/1464 529/905/1466
f 529/905/1466 528/906/1464 1606/1286/1463 1605/1287/1465
f 757/1279/1440 1605/1287/1465 529/905/1466 115/892/1441
f 115/892/1441 529/905/1466 1605/1287/1465 757/1279/1440
f 756/1278/1467 1602/1283/1467 1605/1287/1467 757/1279/1467
f 757/1279/1467 1605/1287/1467 1602/1283/1467 756/1278/1467
f 755/1277/1468 1599/1280/1468 1602/1283/1468 756/1278/1468
f 756/1278/1468 1602/1283/1468 1599/1280/1468 755/1277/1468
f 1608/1296/1469 1609/1297/1469 1612/1298/1469 1611/1299/1469
f 1611/1299/1469 1612/1298/1469 1609/1297/1469 1608/1296/1469
f 1609/1297/1470 1610/1300/1470 1613/1301/1470 1612/1298/1470
f 1612/1298/1470 1613/1301/1470 1610/1300/1470 1609/1297/1470
f 1611/1299/1471 1612/1298/1471 1615/1302/1471 1614/1303/1471
f 1614/1303/1471 1615/1302/1471 1612/1298/1471 1611/1299/1471
f 1612/1298/1472 1613/1301/1472 1616/1304/1472 1615/1302/1472
f 1615/1302/1472 1616/1304/1472 1613/1301/1472 1612/1298/1472
f 45/1292/1473 679/1305/1473 1608/1296/1473 758/1293/1473
f 758/1293/1473 1608/1296/1473 679/1305/1473 45/1292/1473
f 679/1305/1474 678/1306/1474 1609/1297/1474 1608/1296/1474
f 1608/1296/1474 1609/1297/1474 678/1306/1474 679/1305/1474
f 678/1306/1475 677/1307/1475 1610/1300/1475 1609/1297/1475
f 1609/1297/1475 1610/1300/1475 677/1307/1475 678/1306/1475
f 677/1307/1476 44/1308/1476 761/1309/1476 1610/1300/1476
f 1610/1300/1476 761/1309/1476 44/1308/1476 677/1307/1476
f 1610/1300/1477 761/1309/1477 762/1310/1477 1613/1301/1477
f 1613/1301/1477 762/1310/1477 761/1309/1477 1610/1300/1477
f 1613/1301/1478 762/1310/1478 763/1311/1478 1616/1304/1478
f 1616/1304/1478 763/1311/1478 762/1310/1478 1613/1301/1478
f 1616/1304/1479 763/1311/1480 117/924/1481 530/923/1482
f 530/923/1482 117/924/1481 763/1311/1480 1616/1304/1479
f 1615/1302/1483 1616/1304/1479 530/923/1482 531/922/1484
f 531/922/1484 530/923/1482 1616/1304/1479 1615/1302/1483
f 1614/1303/1485 1615/1302/1483 531/922/1484 532/921/1486
f 532/921/1486 531/922/1484 1615/1302/1483 1614/1303/1485
f 760/1295/1460 1614/1303/1485 532/921/1486 116/908/1461
f 116/908/1461 532/921/1486 1614/1303/1485 760/1295/1460
f 759/1294/1487 1611/1299/1487 1614/1303/1487 760/1295/1487
f 760/1295/1487 1614/1303/1487 1611/1299/1487 759/1294/1487
f 758/1293/1488 1608/1296/1488 1611/1299/1488 759/1294/1488
f 759/1294/1488 1611/1299/1488 1608/1296/1488 758/1293/1488
f 1617/1312/1489 1618/1313/1489 1621/1314/1489 1620/1315/1489
f 1620/1315/1489 1621/1314/1489 1618/1313/1489 1617/1312/1489
f 1618/1313/1490 1619/1316/1490 1622/1317/1490 1621/1314/1490
f 1621/1314/1490 1622/1317/1490 1619/1316/1490 1618/1313/1490
f 1620/1315/1491 1621/1314/1491 1624/1318/1491 1623/1319/1491
f 1623/1319/1491 1624/1318/1491 1621/1314/1491 1620/1315/1491
f 1621/1314/1492 1622/1317/1492 1625/1320/1492 1624/1318/1492
f 1624/1318/1492 1625/1320/1492 1622/1317/1492 1621/1314/1492
f 44/1308/1493 682/1321/1493 1617/1312/1493 761/1309/1493
f 761/1309/1493 1617/1312/1493 682/1321/1493 44/1308/1493
f 682/1321/1494 681/1322/1494 1618/1313/1494 1617/1312/1494
f 1617/1312/1494 1618/1313/1494 681/1322/1494 682/1321/1494
f 681/1322/1495 680/1323/1495 1619/1316/1495 1618/1313/1495
f 1618/1313/1495 1619/1316/1495 680/1323/1495 681/1322/1495
f 680/1323/1496 43/1324/1496 764/1325/1496 1619/1316/1496
f 1619/1316/1496 764/1325/1496 43/1324/1496 680/1323/1496
f 1619/1316/1497 764/1325/1497 765/1326/1497 1622/1317/1497
f 1622/1317/1497 765/1326/1497 764/1325/1497 1619/1316/1497
f 1622/1317/1498 765/1326/1498 766/1327/1498 1625/1320/1498
f 1625/1320/1498 766/1327/1498 765/1326/1498 1622/1317/1498
f 1625/1320/1499 766/1327/1500 118/940/1500 533/939/1501
f 533/939/1501 118/940/1500 766/1327/1500 1625/1320/1499
f 1624/1318/1502 1625/1320/1499 533/939/1501 534/938/1503
f 534/938/1503 533/939/1501 1625/1320/1499 1624/1318/1502
f 1623/1319/1504 1624/1318/1502 534/938/1503 535/937/1505
f 535/937/1505 534/938/1503 1624/1318/1502 1623/1319/1504
f 763/1311/1480 1623/1319/1504 535/937/1505 117/924/1481
f 117/924/1481 535/937/1505 1623/1319/1504 763/1311/1480
f 762/1310/1506 1620/1315/1506 1623/1319/1506 763/1311/1506
f 763/1311/1506 1623/1319/1506 1620/1315/1506 762/1310/1506
f 761/1309/1507 1617/1312/1507 1620/1315/1507 762/1310/1507
f 762/1310/1507 1620/1315/1507 1617/1312/1507 761/1309/1507
f 1626/1328/1508 1627/1329/1508 1630/1330/1508 1629/1331/1508
f 1629/1331/1508 1630/1330/1508 1627/1329/1508 1626/1328/1508
f 1627/1329/1509 1628/1332/1509 1631/1333/1509 1630/1330/1509
f 1630/1330/1509 1631/1333/1509 1628/1332/1509 1627/1329/1509
f 1629/1331/1510 1630/1330/1510 1633/1334/1510 1632/1335/1510
f 1632/1335/1510 1633/1334/1510 1630/1330/1510 1629/1331/1510
f 1630/1330/1511 1631/1333/1511 1634/1336/1511 1633/1334/1511
f 1633/1334/1511 1634/1336/1511 1631/1333/1511 1630/1330/1511
f 43/1324/1512 685/1337/1512 1626/1328/1512 764/1325/1512
f 764/1325/1512 1626/1328/1512 685/1337/1512 43/1324/1512
f 685/1337/1513 684/1338/1513 1627/1329/1513 1626/1328/1513
f 1626/1328/1513 1627/1329/1513 684/1338/1513 685/1337/1513
f 684/1338/1514 683/1339/1515 1628/1332/1515 1627/1329/1514
f 1627/1329/1514 1628/1332/1515 683/1339/1515 684/1338/1514
f 683/1339/1515 41/1340/1516 767/1341/1516 1628/1332/1515
f 1628/1332/1515 767/1341/1516 41/1340/1516 683/1339/1515
f 1628/1332/1517 767/1341/1518 768/1342/1519 1631/1333/1517
f 1631/1333/1517 768/1342/1519 767/1341/1518 1628/1332/1517
f 1631/1333/1520 768/1342/1520 769/1343/1520 1634/1336/1520
f 1634/1336/1520 769/1343/1520 768/1342/1520 1631/1333/1520
f 1634/1336/1521 769/1343/1521 119/417/1521 536/955/1521
f 536/955/1521 119/417/1521 769/1343/1521 1634/1336/1521
f 1633/1334/1522 1634/1336/1522 536/955/1522 537/954/1522
f 537/954/1522 536/955/1522 1634/1336/1522 1633/1334/1522
f 1632/1335/1523 1633/1334/1523 537/954/1523 538/953/1523
f 538/953/1523 537/954/1523 1633/1334/1523 1632/1335/1523
f 766/1327/1524 1632/1335/1524 538/953/1524 118/940/1524
f 118/940/1524 538/953/1524 1632/1335/1524 766/1327/1524
f 765/1326/1525 1629/1331/1525 1632/1335/1525 766/1327/1525
f 766/1327/1525 1632/1335/1525 1629/1331/1525 765/1326/1525
f 764/1325/1526 1626/1328/1526 1629/1331/1526 765/1326/1526
f 765/1326/1526 1629/1331/1526 1626/1328/1526 764/1325/1526
f 1635/1344/1527 1636/1345/1527 1639/1346/1527 1638/1347/1527
f 1638/1347/1527 1639/1346/1527 1636/1345/1527 1635/1344/1527
f 1636/1345/1528 1637/1348/1528 1640/1349/1528 1639/1346/1528
f 1639/1346/1528 1640/1349/1528 1637/1348/1528 1636/1345/1528
f 1638/1347/1529 1639/1346/1529 1642/1350/1529 1641/1351/1529
f 1641/1351/1529 1642/1350/1529 1639/1346/1529 1638/1347/1529
f 1639/1346/1530 1640/1349/1530 1643/1352/1530 1642/1350/1530
f 1642/1350/1530 1643/1352/1530 1640/1349/1530 1639/1346/1530
f 31/739/1531 688/1353/1531 1635/1344/1531 772/1354/1531
f 772/1354/1531 1635/1344/1531 688/1353/1531 31/739/1531
f 688/1353/1532 687/1355/1532 1636/1345/1532 1635/1344/1532
f 1635/1344/1532 1636/1345/1532 687/1355/1532 688/1353/1532
f 687/1355/1533 686/1356/1533 1637/1348/1533 1636/1345/1533
f 1636/1345/1533 1637/1348/1533 686/1356/1533 687/1355/1533
f 686/1356/1534 29/1357/1534 773/1358/1534 1637/1348/1534
f 1637/1348/1534 773/1358/1534 29/1357/1534 686/1356/1534
f 1637/1348/1535 773/1358/1535 774/1359/1535 1640/1349/1535
f 1640/1349/1535 774/1359/1535 773/1358/1535 1637/1348/1535
f 1640/1349/1536 774/1359/1536 775/1360/1536 1643/1352/1536
f 1643/1352/1536 775/1360/1536 774/1359/1536 1640/1349/1536
f 1643/1352/1537 775/1360/1538 120/970/1539 539/969/1540
f 539/969/1540 120/970/1539 775/1360/1538 1643/1352/1537
f 1642/1350/1541 1643/1352/1537 539/969/1540 540/968/1542
f 540/968/1542 539/969/1540 1643/1352/1537 1642/1350/1541
f 1641/1351/1543 1642/1350/1541 540/968/1542 541/966/1544
f 541/966/1544 540/968/1542 1642/1350/1541 1641/1351/1543
f 770/1361/1545 1641/1351/1543 541/966/1544 121/965/1545
f 121/965/1545 541/966/1544 1641/1351/1543 770/1361/1545
f 771/1362/1546 1638/1347/1546 1641/1351/1546 770/1361/1546
f 770/1361/1546 1641/1351/1546 1638/1347/1546 771/1362/1546
f 772/1354/1547 1635/1344/1547 1638/1347/1547 771/1362/1547
f 771/1362/1547 1638/1347/1547 1635/1344/1547 772/1354/1547
f 1644/1363/1548 1645/1364/1548 1648/1365/1548 1647/1366/1548
f 1647/1366/1548 1648/1365/1548 1645/1364/1548 1644/1363/1548
f 1645/1364/1549 1646/1367/1549 1649/1368/1549 1648/1365/1549
f 1648/1365/1549 1649/1368/1549 1646/1367/1549 1645/1364/1549
f 1647/1366/1550 1648/1365/1550 1651/1369/1550 1650/1370/1550
f 1650/1370/1550 1651/1369/1550 1648/1365/1550 1647/1366/1550
f 1648/1365/1551 1649/1368/1551 1652/1371/1551 1651/1369/1551
f 1651/1369/1551 1652/1371/1551 1649/1368/1551 1648/1365/1551
f 32/744/1552 691/743/1552 1644/1363/1552 778/1372/1552
f 778/1372/1552 1644/1363/1552 691/743/1552 32/744/1552
f 691/743/1553 690/742/1553 1645/1364/1553 1644/1363/1553
f 1644/1363/1553 1645/1364/1553 690/742/1553 691/743/1553
f 690/742/1554 689/740/1554 1646/1367/1554 1645/1364/1554
f 1645/1364/1554 1646/1367/1554 689/740/1554 690/742/1554
f 689/740/1555 31/739/1555 772/1354/1555 1646/1367/1555
f 1646/1367/1555 772/1354/1555 31/739/1555 689/740/1555
f 1646/1367/1556 772/1354/1556 771/1362/1556 1649/1368/1556
f 1649/1368/1556 771/1362/1556 772/1354/1556 1646/1367/1556
f 1649/1368/1557 771/1362/1557 770/1361/1557 1652/1371/1557
f 1652/1371/1557 770/1361/1557 771/1362/1557 1649/1368/1557
f 1652/1371/1558 770/1361/1558 121/965/1558 542/989/1558
f 542/989/1558 121/965/1558 770/1361/1558 1652/1371/1558
f 1651/1369/1559 1652/1371/1559 542/989/1559 543/988/1559
f 543/988/1559 542/989/1559 1652/1371/1559 1651/1369/1559
f 1650/1370/1560 1651/1369/1560 543/988/1560 544/986/1560
f 544/986/1560 543/988/1560 1651/1369/1560 1650/1370/1560
f 776/1373/1561 1650/1370/1561 544/986/1561 122/985/1561
f 122/985/1561 544/986/1561 1650/1370/1561 776/1373/1561
f 777/1374/1562 1647/1366/1562 1650/1370/1562 776/1373/1562
f 776/1373/1562 1650/1370/1562 1647/1366/1562 777/1374/1562
f 778/1372/1563 1644/1363/1563 1647/1366/1563 777/1374/1563
f 777/1374/1563 1647/1366/1563 1644/1363/1563 778/1372/1563
f 1653/1375/1564 1654/1376/1564 1657/1377/1564 1656/1378/1564
f 1656/1378/1564 1657/1377/1564 1654/1376/1564 1653/1375/1564
f 1654/1376/1565 1655/1379/1565 1658/1380/1565 1657/1377/1565
f 1657/1377/1565 1658/1380/1565 1655/1379/1565 1654/1376/1565
f 1656/1378/1566 1657/1377/1566 1660/1381/1566 1659/1382/1566
f 1659/1382/1566 1660/1381/1566 1657/1377/1566 1656/1378/1566
f 1657/1377/1567 1658/1380/1567 1661/1383/1567 1660/1381/1567
f 1660/1381/1567 1661/1383/1567 1658/1380/1567 1657/1377/1567
f 33/1384/1568 694/1385/1568 1653/1375/1568 781/1386/1568
f 781/1386/1568 1653/1375/1568 694/1385/1568 33/1384/1568
f 694/1385/1569 693/1387/1569 1654/1376/1569 1653/1375/1569
f 1653/1375/1569 1654/1376/1569 693/1387/1569 694/1385/1569
f 693/1387/1570 692/1388/1570 1655/1379/1570 1654/1376/1570
f 1654/1376/1570 1655/1379/1570 692/1388/1570 693/1387/1570
f 692/1388/1571 32/744/1571 778/1372/1571 1655/1379/1571
f 1655/1379/1571 778/1372/1571 32/744/1571 692/1388/1571
f 1655/1379/1572 778/1372/1572 777/1374/1572 1658/1380/1572
f 1658/1380/1572 777/1374/1572 778/1372/1572 1655/1379/1572
f 1658/1380/1573 777/1374/1573 776/1373/1573 1661/1383/1573
f 1661/1383/1573 776/1373/1573 777/1374/1573 1658/1380/1573
f 1661/1383/1574 776/1373/1574 122/985/1574 545/1005/1574
f 545/1005/1574 122/985/1574 776/1373/1574 1661/1383/1574
f 1660/1381/1575 1661/1383/1575 545/1005/1575 546/1004/1575
f 546/1004/1575 545/1005/1575 1661/1383/1575 1660/1381/1575
f 1659/1382/1576 1660/1381/1576 546/1004/1576 547/1002/1576
f 547/1002/1576 546/1004/1576 1660/1381/1576 1659/1382/1576
f 779/1389/1577 1659/1382/1577 547/1002/1577 123/1001/1577
f 123/1001/1577 547/1002/1577 1659/1382/1577 779/1389/1577
f 780/1390/1578 1656/1378/1578 1659/1382/1578 779/1389/1578
f 779/1389/1578 1659/1382/1578 1656/1378/1578 780/1390/1578
f 781/1386/1579 1653/1375/1579 1656/1378/1579 780/1390/1579
f 780/1390/1579 1656/1378/1579 1653/1375/1579 781/1386/1579
f 1662/1391/1580 1663/1392/1580 1666/1393/1580 1665/1394/1580
f 1665/1394/1580 1666/1393/1580 1663/1392/1580 1662/1391/1580
f 1663/1392/1581 1664/1395/1581 1667/1396/1581 1666/1393/1581
f 1666/1393/1581 1667/1396/1581 1664/1395/1581 1663/1392/1581
f 1665/1394/1582 1666/1393/1582 1669/1397/1582 1668/1398/1582
f 1668/1398/1582 1669/1397/1582 1666/1393/1582 1665/1394/1582
f 1666/1393/1583 1667/1396/1583 1670/1399/1583 1669/1397/1583
f 1669/1397/1583 1670/1399/1583 1667/1396/1583 1666/1393/1583
f 34/1400/1584 697/1401/1584 1662/1391/1584 784/1402/1584
f 784/1402/1584 1662/1391/1584 697/1401/1584 34/1400/1584
f 697/1401/1585 696/1403/1585 1663/1392/1585 1662/1391/1585
f 1662/1391/1585 1663/1392/1585 696/1403/1585 697/1401/1585
f 696/1403/1586 695/1404/1586 1664/1395/1586 1663/1392/1586
f 1663/1392/1586 1664/1395/1586 695/1404/1586 696/1403/1586
f 695/1404/1587 33/1384/1587 781/1386/1587 1664/1395/1587
f 1664/1395/1587 781/1386/1587 33/1384/1587 695/1404/1587
f 1664/1395/1588 781/1386/1588 780/1390/1588 1667/1396/1588
f 1667/1396/1588 780/1390/1588 781/1386/1588 1664/1395/1588
f 1667/1396/1589 780/1390/1589 779/1389/1589 1670/1399/1589
f 1670/1399/1589 779/1389/1589 780/1390/1589 1667/1396/1589
f 1670/1399/1590 779/1389/1590 123/1001/1590 548/1021/1590
f 548/1021/1590 123/1001/1590 779/1389/1590 1670/1399/1590
f 1669/1397/1591 1670/1399/1591 548/1021/1591 549/1020/1591
f 549/1020/1591 548/1021/1591 1670/1399/1591 1669/1397/1591
f 1668/1398/1592 1669/1397/1592 549/1020/1592 550/1018/1592
f 550/1018/1592 549/1020/1592 1669/1397/1592 1668/1398/1592
f 782/1405/1593 1668/1398/1593 550/1018/1593 124/1017/1593
f 124/1017/1593 550/1018/1593 1668/1398/1593 782/1405/1593
f 783/1406/1594 1665/1394/1594 1668/1398/1594 782/1405/1594
f 782/1405/1594 1668/1398/1594 1665/1394/1594 783/1406/1594
f 784/1402/1595 1662/1391/1595 1665/1394/1595 783/1406/1595
f 783/1406/1595 1665/1394/1595 1662/1391/1595 784/1402/1595
f 1671/1407/1596 1672/1408/1596 1675/1409/1596 1674/1410/1596
f 1674/1410/1596 1675/1409/1596 1672/1408/1596 1671/1407/1596
f 1672/1408/1597 1673/1411/1597 1676/1412/1597 1675/1409/1597
f 1675/1409/1597 1676/1412/1597 1673/1411/1597 1672/1408/1597
f 1674/1410/1598 1675/1409/1598 1678/1413/1598 1677/1414/1598
f 1677/1414/1598 1678/1413/1598 1675/1409/1598 1674/1410/1598
f 1675/1409/1599 1676/1412/1599 1679/1415/1599 1678/1413/1599
f 1678/1413/1599 1679/1415/1599 1676/1412/1599 1675/1409/1599
f 35/1416/1600 700/1417/1600 1671/1407/1600 787/1418/1600
f 787/1418/1600 1671/1407/1600 700/1417/1600 35/1416/1600
f 700/1417/1601 699/1419/1601 1672/1408/1601 1671/1407/1601
f 1671/1407/1601 1672/1408/1601 699/1419/1601 700/1417/1601
f 699/1419/1602 698/1420/1602 1673/1411/1602 1672/1408/1602
f 1672/1408/1602 1673/1411/1602 698/1420/1602 699/1419/1602
f 698/1420/1603 34/1400/1603 784/1402/1603 1673/1411/1603
f 1673/1411/1603 784/1402/1603 34/1400/1603 698/1420/1603
f 1673/1411/1604 784/1402/1604 783/1406/1604 1676/1412/1604
f 1676/1412/1604 783/1406/1604 784/1402/1604 1673/1411/1604
f 1676/1412/1605 783/1406/1605 782/1405/1605 1679/1415/1605
f 1679/1415/1605 782/1405/1605 783/1406/1605 1676/1412/1605
f 1679/1415/1606 782/1405/1606 124/1017/1606 551/1037/1606
f 551/1037/1606 124/1017/1606 782/1405/1606 1679/1415/1606
f 1678/1413/1607 1679/1415/1607 551/1037/1607 552/1036/1607
f 552/1036/1607 551/1037/1607 1679/1415/1607 1678/1413/1607
f 1677/1414/1608 1678/1413/1608 552/1036/1608 553/1034/1608
f 553/1034/1608 552/1036/1608 1678/1413/1608 1677/1414/1608
f 785/1421/1609 1677/1414/1609 553/1034/1609 125/1033/1609
f 125/1033/1609 553/1034/1609 1677/1414/1609 785/1421/1609
f 786/1422/1610 1674/1410/1610 1677/1414/1610 785/1421/1610
f 785/1421/1610 1677/1414/1610 1674/1410/1610 786/1422/1610
f 787/1418/1611 1671/1407/1611 1674/1410/1611 786/1422/1611
f 786/1422/1611 1674/1410/1611 1671/1407/1611 787/1418/1611
f 1680/1423/1612 1681/1424/1612 1684/1425/1612 1683/1426/1612
f 1683/1426/1612 1684/1425/1612 1681/1424/1612 1680/1423/1612
f 1681/1424/1613 1682/1427/1613 1685/1428/1613 1684/1425/1613
f 1684/1425/1613 1685/1428/1613 1682/1427/1613 1681/1424/1613
f 1683/1426/1614 1684/1425/1614 1687/1429/1614 1686/1430/1614
f 1686/1430/1614 1687/1429/1614 1684/1425/1614 1683/1426/1614
f 1684/1425/1615 1685/1428/1615 1688/1431/1615 1687/1429/1615
f 1687/1429/1615 1688/1431/1615 1685/1428/1615 1684/1425/1615
f 36/1432/1616 703/1433/1616 1680/1423/1616 790/1434/1616
f 790/1434/1616 1680/1423/1616 703/1433/1616 36/1432/1616
f 703/1433/1617 702/1435/1617 1681/1424/1617 1680/1423/1617
f 1680/1423/1617 1681/1424/1617 702/1435/1617 703/1433/1617
f 702/1435/1618 701/1436/1618 1682/1427/1618 1681/1424/1618
f 1681/1424/1618 1682/1427/1618 701/1436/1618 702/1435/1618
f 701/1436/1619 35/1416/1619 787/1418/1619 1682/1427/1619
f 1682/1427/1619 787/1418/1619 35/1416/1619 701/1436/1619
f 1682/1427/1620 787/1418/1620 786/1422/1620 1685/1428/1620
f 1685/1428/1620 786/1422/1620 787/1418/1620 1682/1427/1620
f 1685/1428/1621 786/1422/1621 785/1421/1621 1688/1431/1621
f 1688/1431/1621 785/1421/1621 786/1422/1621 1685/1428/1621
f 1688/1431/1622 785/1421/1622 125/1033/1622 554/1053/1622
f 554/1053/1622 125/1033/1622 785/1421/1622 1688/1431/1622
f 1687/1429/1623 1688/1431/1623 554/1053/1623 555/1052/1623
f 555/1052/1623 554/1053/1623 1688/1431/1623 1687/1429/1623
f 1686/1430/1624 1687/1429/1624 555/1052/1624 556/1050/1624
f 556/1050/1624 555/1052/1624 1687/1429/1624 1686/1430/1624
f 788/1437/1625 1686/1430/1626 556/1050/1626 126/1049/1627
f 126/1049/1627 556/1050/1626 1686/1430/1626 788/1437/1625
f 789/1438/1628 1683/1426/1628 1686/1430/1628 788/1437/1628
f 788/1437/1628 1686/1430/1628 1683/1426/1628 789/1438/1628
f 790/1434/1629 1680/1423/1629 1683/1426/1629 789/1438/1629
f 789/1438/1629 1683/1426/1629 1680/1423/1629 790/1434/1629
f 1689/1439/1630 1690/1440/1630 1693/1441/1630 1692/1442/1630
f 1692/1442/1630 1693/1441/1630 1690/1440/1630 1689/1439/1630
f 1690/1440/1631 1691/1443/1631 1694/1444/1631 1693/1441/1631
f 1693/1441/1631 1694/1444/1631 1691/1443/1631 1690/1440/1631
f 1692/1442/1632 1693/1441/1632 1696/1445/1632 1695/1446/1632
f 1695/1446/1632 1696/1445/1632 1693/1441/1632 1692/1442/1632
f 1693/1441/1633 1694/1444/1633 1697/1447/1633 1696/1445/1633
f 1696/1445/1633 1697/1447/1633 1694/1444/1633 1693/1441/1633
f 37/1448/1634 706/1449/1634 1689/1439/1634 793/1450/1634
f 793/1450/1634 1689/1439/1634 706/1449/1634 37/1448/1634
f 706/1449/1635 705/1451/1635 1690/1440/1635 1689/1439/1635
f 1689/1439/1635 1690/1440/1635 705/1451/1635 706/1449/1635
f 705/1451/1636 704/1452/1636 1691/1443/1636 1690/1440/1636
f 1690/1440/1636 1691/1443/1636 704/1452/1636 705/1451/1636
f 704/1452/1637 36/1432/1637 790/1434/1637 1691/1443/1637
f 1691/1443/1637 790/1434/1637 36/1432/1637 704/1452/1637
f 1691/1443/1638 790/1434/1638 789/1438/1638 1694/1444/1638
f 1694/1444/1638 789/1438/1638 790/1434/1638 1691/1443/1638
f 1694/1444/1639 789/1438/1639 788/1437/1639 1697/1447/1639
f 1697/1447/1639 788/1437/1639 789/1438/1639 1694/1444/1639
f 1697/1447/1640 788/1437/1625 126/1049/1627 557/1069/1641
f 557/1069/1641 126/1049/1627 788/1437/1625 1697/1447/1640
f 1696/1445/1642 1697/1447/1640 557/1069/1641 558/1068/1643
f 558/1068/1643 557/1069/1641 1697/1447/1640 1696/1445/1642
f 1695/1446/1644 1696/1445/1642 558/1068/1643 559/1066/1645
f 559/1066/1645 558/1068/1643 1696/1445/1642 1695/1446/1644
f 791/1453/1646 1695/1446/1644 559/1066/1645 127/1065/1647
f 127/1065/1647 559/1066/1645 1695/1446/1644 791/1453/1646
f 792/1454/1648 1692/1442/1648 1695/1446/1648 791/1453/1648
f 791/1453/1648 1695/1446/1648 1692/1442/1648 792/1454/1648
f 793/1450/1649 1689/1439/1649 1692/1442/1649 792/1454/1649
f 792/1454/1649 1692/1442/1649 1689/1439/1649 793/1450/1649
f 1698/1455/1650 1699/1456/1650 1702/1457/1650 1701/1458/1650
f 1701/1458/1650 1702/1457/1650 1699/1456/1650 1698/1455/1650
f 1699/1456/1651 1700/1459/1651 1703/1460/1651 1702/1457/1651
f 1702/1457/1651 1703/1460/1651 1700/1459/1651 1699/1456/1651
f 1701/1458/1652 1702/1457/1652 1705/1461/1652 1704/1462/1652
f 1704/1462/1652 1705/1461/1652 1702/1457/1652 1701/1458/1652
f 1702/1457/1653 1703/1460/1653 1706/1463/1653 1705/1461/1653
f 1705/1461/1653 1706/1463/1653 1703/1460/1653 1702/1457/1653
f 38/1464/1654 709/1465/1654 1698/1455/1654 796/1466/1654
f 796/1466/1654 1698/1455/1654 709/1465/1654 38/1464/1654
f 709/1465/1655 708/1467/1655 1699/1456/1655 1698/1455/1655
f 1698/1455/1655 1699/1456/1655 708/1467/1655 709/1465/1655
f 708/1467/1656 707/1468/1656 1700/1459/1656 1699/1456/1656
f 1699/1456/1656 1700/1459/1656 707/1468/1656 708/1467/1656
f 707/1468/1657 37/1448/1657 793/1450/1657 1700/1459/1657
f 1700/1459/1657 793/1450/1657 37/1448/1657 707/1468/1657
f 1700/1459/1658 793/1450/1658 792/1454/1658 1703/1460/1658
f 1703/1460/1658 792/1454/1658 793/1450/1658 1700/1459/1658
f 1703/1460/1659 792/1454/1659 791/1453/1659 1706/1463/1659
f 1706/1463/1659 791/1453/1659 792/1454/1659 1703/1460/1659
f 1706/1463/1660 791/1453/1646 127/1065/1647 560/1089/1661
f 560/1089/1661 127/1065/1647 791/1453/1646 1706/1463/1660
f 1705/1461/1662 1706/1463/1660 560/1089/1661 561/1088/1663
f 561/1088/1663 560/1089/1661 1706/1463/1660 1705/1461/1662
f 1704/1462/1664 1705/1461/1662 561/1088/1663 562/1086/1665
f 562/1086/1665 561/1088/1663 1705/1461/1662 1704/1462/1664
f 794/1469/1666 1704/1462/1664 562/1086/1665 128/1085/1667
f 128/1085/1667 562/1086/1665 1704/1462/1664 794/1469/1666
f 795/1470/1668 1701/1458/1668 1704/1462/1668 794/1469/1668
f 794/1469/1668 1704/1462/1668 1701/1458/1668 795/1470/1668
f 796/1466/1669 1698/1455/1669 1701/1458/1669 795/1470/1669
f 795/1470/1669 1701/1458/1669 1698/1455/1669 796/1466/1669
f 1707/1471/1670 1708/1472/1670 1711/1473/1670 1710/1474/1670
f 1710/1474/1670 1711/1473/1670 1708/1472/1670 1707/1471/1670
f 1708/1472/1671 1709/1475/1671 1712/1476/1671 1711/1473/1671
f 1711/1473/1671 1712/1476/1671 1709/1475/1671 1708/1472/1671
f 1710/1474/1672 1711/1473/1672 1714/1477/1672 1713/1478/1672
f 1713/1478/1672 1714/1477/1672 1711/1473/1672 1710/1474/1672
f 1711/1473/1673 1712/1476/1673 1715/1479/1673 1714/1477/1673
f 1714/1477/1673 1715/1479/1673 1712/1476/1673 1711/1473/1673
f 39/1480/1674 712/1481/1674 1707/1471/1674 799/1482/1674
f 799/1482/1674 1707/1471/1674 712/1481/1674 39/1480/1674
f 712/1481/1675 711/1483/1675 1708/1472/1675 1707/1471/1675
f 1707/1471/1675 1708/1472/1675 711/1483/1675 712/1481/1675
f 711/1483/1676 710/1484/1676 1709/1475/1676 1708/1472/1676
f 1708/1472/1676 1709/1475/1676 710/1484/1676 711/1483/1676
f 710/1484/1677 38/1464/1677 796/1466/1677 1709/1475/1677
f 1709/1475/1677 796/1466/1677 38/1464/1677 710/1484/1677
f 1709/1475/1678 796/1466/1678 795/1470/1678 1712/1476/1678
f 1712/1476/1678 795/1470/1678 796/1466/1678 1709/1475/1678
f 1712/1476/1679 795/1470/1679 794/1469/1679 1715/1479/1679
f 1715/1479/1679 794/1469/1679 795/1470/1679 1712/1476/1679
f 1715/1479/1680 794/1469/1666 128/1085/1667 563/1109/1681
f 563/1109/1681 128/1085/1667 794/1469/1666 1715/1479/1680
f 1714/1477/1682 1715/1479/1680 563/1109/1681 564/1108/1683
f 564/1108/1683 563/1109/1681 1715/1479/1680 1714/1477/1682
f 1713/1478/1684 1714/1477/1682 564/1108/1683 565/1106/1685
f 565/1106/1685 564/1108/1683 1714/1477/1682 1713/1478/1684
f 797/1485/1686 1713/1478/1684 565/1106/1685 129/1105/1687
f 129/1105/1687 565/1106/1685 1713/1478/1684 797/1485/1686
f 798/1486/1688 1710/1474/1688 1713/1478/1688 797/1485/1688
f 797/1485/1688 1713/1478/1688 1710/1474/1688 798/1486/1688
f 799/1482/1689 1707/1471/1689 1710/1474/1689 798/1486/1689
f 798/1486/1689 1710/1474/1689 1707/1471/1689 799/1482/1689
f 1716/1487/1690 1717/1488/1690 1720/1489/1690 1719/1490/1690
f 1719/1490/1690 1720/1489/1690 1717/1488/1690 1716/1487/1690
f 1717/1488/1691 1718/1491/1691 1721/1492/1691 1720/1489/1691
f 1720/1489/1691 1721/1492/1691 1718/1491/1691 1717/1488/1691
f 1719/1490/1692 1720/1489/1692 1723/1493/1692 1722/1494/1692
f 1722/1494/1692 1723/1493/1692 1720/1489/1692 1719/1490/1692
f 1720/1489/1693 1721/1492/1693 1724/1495/1693 1723/1493/1693
f 1723/1493/1693 1724/1495/1693 1721/1492/1693 1720/1489/1693
f 40/1496/1694 715/1497/1694 1716/1487/1694 802/1498/1694
f 802/1498/1694 1716/1487/1694 715/1497/1694 40/1496/1694
f 715/1497/1695 714/1499/1695 1717/1488/1695 1716/1487/1695
f 1716/1487/1695 1717/1488/1695 714/1499/1695 715/1497/1695
f 714/1499/1696 713/1500/1696 1718/1491/1696 1717/1488/1696
f 1717/1488/1696 1718/1491/1696 713/1500/1696 714/1499/1696
f 713/1500/1697 39/1480/1697 799/1482/1697 1718/1491/1697
f 1718/1491/1697 799/1482/1697 39/1480/1697 713/1500/1697
f 1718/1491/1698 799/1482/1698 798/1486/1698 1721/1492/1698
f 1721/1492/1698 798/1486/1698 799/1482/1698 1718/1491/1698
f 1721/1492/1699 798/1486/1699 797/1485/1699 1724/1495/1699
f 1724/1495/1699 797/1485/1699 798/1486/1699 1721/1492/1699
f 1724/1495/1700 797/1485/1686 129/1105/1687 566/1129/1701
f 566/1129/1701 129/1105/1687 797/1485/1686 1724/1495/1700
f 1723/1493/1702 1724/1495/1700 566/1129/1701 567/1128/1703
f 567/1128/1703 566/1129/1701 1724/1495/1700 1723/1493/1702
f 1722/1494/1704 1723/1493/1702 567/1128/1703 568/1126/1705
f 568/1126/1705 567/1128/1703 1723/1493/1702 1722/1494/1704
f 800/1501/1706 1722/1494/1704 568/1126/1705 130/1125/1706
f 130/1125/1706 568/1126/1705 1722/1494/1704 800/1501/1706
f 801/1502/1707 1719/1490/1707 1722/1494/1707 800/1501/1707
f 800/1501/1707 1722/1494/1707 1719/1490/1707 801/1502/1707
f 802/1498/1708 1716/1487/1708 1719/1490/1708 801/1502/1708
f 801/1502/1708 1719/1490/1708 1716/1487/1708 802/1498/1708
f 1725/1503/1709 1726/1504/1709 1729/1505/1709 1728/1506/1709
f 1728/1506/1709 1729/1505/1709 1726/1504/1709 1725/1503/1709
f 1726/1504/1710 1727/1507/1710 1730/1508/1710 1729/1505/1710
f 1729/1505/1710 1730/1508/1710 1727/1507/1710 1726/1504/1710
f 1728/1506/1711 1729/1505/1711 1732/1509/1711 1731/1510/1711
f 1731/1510/1711 1732/1509/1711 1729/1505/1711 1728/1506/1711
f 1729/1505/1712 1730/1508/1712 1733/1511/1712 1732/1509/1712
f 1732/1509/1712 1733/1511/1712 1730/1508/1712 1729/1505/1712
f 30/1512/1713 716/1513/1714 1725/1503/1714 805/1514/1713
f 805/1514/1713 1725/1503/1714 716/1513/1714 30/1512/1713
f 716/1513/1714 717/1515/1715 1726/1504/1715 1725/1503/1714
f 1725/1503/1714 1726/1504/1715 717/1515/1715 716/1513/1714
f 717/1515/1716 718/1516/1716 1727/1507/1716 1726/1504/1716
f 1726/1504/1716 1727/1507/1716 718/1516/1716 717/1515/1716
f 718/1516/1717 40/1496/1717 802/1498/1717 1727/1507/1717
f 1727/1507/1717 802/1498/1717 40/1496/1717 718/1516/1717
f 1727/1507/1718 802/1498/1718 801/1502/1718 1730/1508/1718
f 1730/1508/1718 801/1502/1718 802/1498/1718 1727/1507/1718
f 1730/1508/1719 801/1502/1719 800/1501/1719 1733/1511/1719
f 1733/1511/1719 800/1501/1719 801/1502/1719 1730/1508/1719
f 1733/1511/1720 800/1501/1720 130/1125/1720 571/1148/1720
f 571/1148/1720 130/1125/1720 800/1501/1720 1733/1511/1720
f 1732/1509/1721 1733/1511/1721 571/1148/1721 570/1147/1721
f 570/1147/1721 571/1148/1721 1733/1511/1721 1732/1509/1721
f 1731/1510/1722 1732/1509/1722 570/1147/1722 569/1146/1722
f 569/1146/1722 570/1147/1722 1732/1509/1722 1731/1510/1722
f 803/1517/1723 1731/1510/1723 569/1146/1723 131/1145/1723
f 131/1145/1723 569/1146/1723 1731/1510/1723 803/1517/1723
f 804/1518/1724 1728/1506/1724 1731/1510/1724 803/1517/1724
f 803/1517/1724 1731/1510/1724 1728/1506/1724 804/1518/1724
f 805/1514/1725 1725/1503/1726 1728/1506/1726 804/1518/1727
f 804/1518/1727 1728/1506/1726 1725/1503/1726 805/1514/1725
f 1734/1519/1728 1735/1520/1729 1738/1521/1730 1737/1522/1731
f 1737/1522/1731 1738/1521/1730 1735/1520/1729 1734/1519/1728
f 1735/1520/1729 1736/1523/1732 1739/1524/1733 1738/1521/1730
f 1738/1521/1730 1739/1524/1733 1736/1523/1732 1735/1520/1729
f 1737/1522/1734 1738/1521/1734 1741/1525/1734 1740/1526/1734
f 1740/1526/1734 1741/1525/1734 1738/1521/1734 1737/1522/1734
f 1738/1521/1735 1739/1524/1736 1742/1527/1737 1741/1525/1735
f 1741/1525/1735 1742/1527/1737 1739/1524/1736 1738/1521/1735
f 3/1528/1738 719/1529/1739 1734/1519/1739 731/1530/1738
f 731/1530/1738 1734/1519/1739 719/1529/1739 3/1528/1738
f 719/1529/1739 720/1531/1740 1735/1520/1740 1734/1519/1739
f 1734/1519/1739 1735/1520/1740 720/1531/1740 719/1529/1739
f 720/1531/1740 721/1532/1741 1736/1523/1742 1735/1520/1740
f 1735/1520/1740 1736/1523/1742 721/1532/1741 720/1531/1740
f 721/1532/1741 30/1512/1713 805/1514/1713 1736/1523/1742
f 1736/1523/1742 805/1514/1713 30/1512/1713 721/1532/1741
f 1736/1523/1732 805/1514/1725 804/1518/1727 1739/1524/1733
f 1739/1524/1733 804/1518/1727 805/1514/1725 1736/1523/1732
f 1739/1524/1736 804/1518/1743 803/1517/1743 1742/1527/1737
f 1742/1527/1737 803/1517/1743 804/1518/1743 1739/1524/1736
f 1742/1527/1744 803/1517/1744 131/1145/1744 574/1533/1744
f 574/1533/1744 131/1145/1744 803/1517/1744 1742/1527/1744
f 1741/1525/1745 1742/1527/1745 574/1533/1745 573/1534/1745
f 573/1534/1745 574/1533/1745 1742/1527/1745 1741/1525/1745
f 1740/1526/1746 1741/1525/1746 573/1534/1746 572/1535/1746
f 572/1535/1746 573/1534/1746 1741/1525/1746 1740/1526/1746
f 733/1536/1747 1740/1526/1747 572/1535/1747 106/1537/1747
f 106/1537/1747 572/1535/1747 1740/1526/1747 733/1536/1747
f 732/1538/1748 1737/1522/1748 1740/1526/1748 733/1536/1748
f 733/1536/1748 1740/1526/1748 1737/1522/1748 732/1538/1748
f 731/1530/1749 1734/1519/1728 1737/1522/1731 732/1538/1749
f 732/1538/1749 1737/1522/1731 1734/1519/1728 731/1530/1749
f 1743/1539/1750 1744/1540/1750 1747/1541/1750 1746/1542/1750
f 1746/1542/1750 1747/1541/1750 1744/1540/1750 1743/1539/1750
f 1744/1540/1751 1745/1543/1751 1748/1544/1751 1747/1541/1751
f 1747/1541/1751 1748/1544/1751 1745/1543/1751 1744/1540/1751
f 1746/1542/1752 1747/1541/1752 1750/1545/1752 1749/1546/1752
f 1749/1546/1752 1750/1545/1752 1747/1541/1752 1746/1542/1752
f 1747/1541/1753 1748/1544/1753 1751/1547/1753 1750/1545/1753
f 1750/1545/1753 1751/1547/1753 1748/1544/1753 1747/1541/1753
f 29/1357/1754 722/1548/1754 1743/1539/1754 773/1358/1754
f 773/1358/1754 1743/1539/1754 722/1548/1754 29/1357/1754
f 722/1548/1755 723/1549/1755 1744/1540/1755 1743/1539/1755
f 1743/1539/1755 1744/1540/1755 723/1549/1755 722/1548/1755
f 723/1549/1756 724/1550/1756 1745/1543/1756 1744/1540/1756
f 1744/1540/1756 1745/1543/1756 724/1550/1756 723/1549/1756
f 724/1550/1757 42/1173/1757 736/1175/1757 1745/1543/1757
f 1745/1543/1757 736/1175/1757 42/1173/1757 724/1550/1757
f 1745/1543/1758 736/1175/1758 735/1183/1758 1748/1544/1758
f 1748/1544/1758 735/1183/1758 736/1175/1758 1745/1543/1758
f 1748/1544/1759 735/1183/1759 734/1182/1759 1751/1547/1759
f 1751/1547/1759 734/1182/1759 735/1183/1759 1748/1544/1759
f 1751/1547/1760 734/1182/1343 108/789/1344 577/1163/1761
f 577/1163/1761 108/789/1344 734/1182/1343 1751/1547/1760
f 1750/1545/1762 1751/1547/1760 577/1163/1761 576/1162/1762
f 576/1162/1762 577/1163/1761 1751/1547/1760 1750/1545/1762
f 1749/1546/1763 1750/1545/1762 576/1162/1762 575/1161/1764
f 575/1161/1764 576/1162/1762 1750/1545/1762 1749/1546/1763
f 775/1360/1538 1749/1546/1763 575/1161/1764 120/970/1539
f 120/970/1539 575/1161/1764 1749/1546/1763 775/1360/1538
f 774/1359/1765 1746/1542/1765 1749/1546/1765 775/1360/1765
f 775/1360/1765 1749/1546/1765 1746/1542/1765 774/1359/1765
f 773/1358/1766 1743/1539/1766 1746/1542/1766 774/1359/1766
f 774/1359/1766 1746/1542/1766 1743/1539/1766 773/1358/1766
f 1752/1551/1767 1753/1552/1768 1756/1553/1769 1755/1554/1770
f 1755/1554/1770 1756/1553/1769 1753/1552/1768 1752/1551/1767
f 1753/1552/1768 1754/1555/1771 1757/1556/1772 1756/1553/1769
f 1756/1553/1769 1757/1556/1772 1754/1555/1771 1753/1552/1768
f 1755/1554/1773 1756/1553/1774 1759/1557/1774 1758/1558/1775
f 1758/1558/1775 1759/1557/1774 1756/1553/1774 1755/1554/1773
f 1756/1553/1776 1757/1556/1776 1760/1559/1776 1759/1557/1776
f 1759/1557/1776 1760/1559/1776 1757/1556/1776 1756/1553/1776
f 41/1340/1516 727/1560/1777 1752/1551/1778 767/1341/1516
f 767/1341/1516 1752/1551/1778 727/1560/1777 41/1340/1516
f 727/1560/1777 726/1561/1779 1753/1552/1779 1752/1551/1778
f 1752/1551/1778 1753/1552/1779 726/1561/1779 727/1560/1777
f 726/1561/1779 725/1562/1780 1754/1555/1780 1753/1552/1779
f 1753/1552/1779 1754/1555/1780 725/1562/1780 726/1561/1779
f 725/1562/1780 4/1563/1781 730/1564/1781 1754/1555/1780
f 1754/1555/1780 730/1564/1781 4/1563/1781 725/1562/1780
f 1754/1555/1771 730/1564/1782 729/1565/1782 1757/1556/1772
f 1757/1556/1772 729/1565/1782 730/1564/1782 1754/1555/1771
f 1757/1556/1783 729/1565/1783 728/1566/1783 1760/1559/1783
f 1760/1559/1783 728/1566/1783 729/1565/1783 1757/1556/1783
f 1760/1559/1784 728/1566/1784 107/1567/1784 578/1568/1784
f 578/1568/1784 107/1567/1784 728/1566/1784 1760/1559/1784
f 1759/1557/1785 1760/1559/1785 578/1568/1785 579/1569/1785
f 579/1569/1785 578/1568/1785 1760/1559/1785 1759/1557/1785
f 1758/1558/1786 1759/1557/1786 579/1569/1786 580/1570/1786
f 580/1570/1786 579/1569/1786 1759/1557/1786 1758/1558/1786
f 769/1343/1787 1758/1558/1787 580/1570/1787 119/417/1787
f 119/417/1787 580/1570/1787 1758/1558/1787 769/1343/1787
f 768/1342/1788 1755/1554/1773 1758/1558/1775 769/1343/1788
f 769/1343/1788 1758/1558/1775 1755/1554/1773 768/1342/1788
f 767/1341/1518 1752/1551/1767 1755/1554/1770 768/1342/1519
f 768/1342/1519 1755/1554/1770 1752/1551/1767 767/1341/1518
f 1761/1571/1789 1762/1572/1789 1765/1573/1790 1764/1574/1790
f 1764/1574/1790 1765/1573/1790 1762/1572/1789 1761/1571/1789
f 1762/1572/1791 1763/1575/1791 1766/1576/1792 1765/1573/1792
f 1765/1573/1792 1766/1576/1792 1763/1575/1791 1762/1572/1791
f 1764/1574/1790 1765/1573/1790 1768/1577/1793 1767/1578/1793
f 1767/1578/1793 1768/1577/1793 1765/1573/1790 1764/1574/1790
f 1765/1573/1792 1766/1576/1792 1769/1579/1794 1768/1577/1794
f 1768/1577/1794 1769/1579/1794 1766/1576/1792 1765/1573/1792
f 47/1260/1795 668/1259/1795 1761/1571/1795 892/1580/1795
f 892/1580/1795 1761/1571/1795 668/1259/1795 47/1260/1795
f 668/1259/1796 669/1258/1796 1762/1572/1796 1761/1571/1796
f 1761/1571/1796 1762/1572/1796 669/1258/1796 668/1259/1796
f 669/1258/1797 670/1257/1797 1763/1575/1797 1762/1572/1797
f 1762/1572/1797 1763/1575/1797 670/1257/1797 669/1258/1797
f 670/1257/1798 48/1244/1798 887/1581/1798 1763/1575/1798
f 1763/1575/1798 887/1581/1798 48/1244/1798 670/1257/1798
f 1763/1575/1799 887/1581/1799 888/1582/1800 1766/1576/1800
f 1766/1576/1800 888/1582/1800 887/1581/1799 1763/1575/1799
f 1766/1576/1800 888/1582/1800 889/1583/1801 1769/1579/1801
f 1769/1579/1801 889/1583/1801 888/1582/1800 1766/1576/1800
f 1769/1579/1801 889/1583/1801 139/1584/1802 823/1585/1802
f 823/1585/1802 139/1584/1802 889/1583/1801 1769/1579/1801
f 1768/1577/1794 1769/1579/1794 823/1585/1803 822/1586/1803
f 822/1586/1803 823/1585/1803 1769/1579/1794 1768/1577/1794
f 1767/1578/1793 1768/1577/1793 822/1586/1804 821/1587/1804
f 821/1587/1804 822/1586/1804 1768/1577/1793 1767/1578/1793
f 890/1588/1805 1767/1578/1805 821/1587/1806 140/1589/1806
f 140/1589/1806 821/1587/1806 1767/1578/1805 890/1588/1805
f 891/1590/1807 1764/1574/1807 1767/1578/1805 890/1588/1805
f 890/1588/1805 1767/1578/1805 1764/1574/1807 891/1590/1807
f 892/1580/1808 1761/1571/1808 1764/1574/1807 891/1590/1807
f 891/1590/1807 1764/1574/1807 1761/1571/1808 892/1580/1808
f 1770/1591/1809 1771/1592/1809 1774/1593/1810 1773/1594/1810
f 1773/1594/1810 1774/1593/1810 1771/1592/1809 1770/1591/1809
f 1771/1592/1811 1772/1595/1811 1775/1596/1812 1774/1593/1812
f 1774/1593/1812 1775/1596/1812 1772/1595/1811 1771/1592/1811
f 1773/1594/1810 1774/1593/1810 1777/1597/1813 1776/1598/1813
f 1776/1598/1813 1777/1597/1813 1774/1593/1810 1773/1594/1810
f 1774/1593/1812 1775/1596/1812 1778/1599/1814 1777/1597/1814
f 1777/1597/1814 1778/1599/1814 1775/1596/1812 1774/1593/1812
f 39/1480/1815 713/1500/1815 1770/1591/1816 898/1600/1816
f 898/1600/1816 1770/1591/1816 713/1500/1815 39/1480/1815
f 713/1500/1817 714/1499/1817 1771/1592/1809 1770/1591/1809
f 1770/1591/1809 1771/1592/1809 714/1499/1817 713/1500/1817
f 714/1499/1818 715/1497/1818 1772/1595/1811 1771/1592/1811
f 1771/1592/1811 1772/1595/1811 715/1497/1818 714/1499/1818
f 715/1497/1819 40/1496/1819 893/1601/1820 1772/1595/1820
f 1772/1595/1820 893/1601/1820 40/1496/1819 715/1497/1819
f 1772/1595/1820 893/1601/1820 894/1602/1821 1775/1596/1821
f 1775/1596/1821 894/1602/1821 893/1601/1820 1772/1595/1820
f 1775/1596/1821 894/1602/1821 895/1603/1822 1778/1599/1822
f 1778/1599/1822 895/1603/1822 894/1602/1821 1775/1596/1821
f 1778/1599/1822 895/1603/1822 156/1604/1823 868/1605/1823
f 868/1605/1823 156/1604/1823 895/1603/1822 1778/1599/1822
f 1777/1597/1814 1778/1599/1814 868/1605/1824 867/1606/1824
f 867/1606/1824 868/1605/1824 1778/1599/1814 1777/1597/1814
f 1776/1598/1813 1777/1597/1813 867/1606/1825 866/1607/1825
f 866/1607/1825 867/1606/1825 1777/1597/1813 1776/1598/1813
f 896/1608/1826 1776/1598/1826 866/1607/1827 155/1609/1827
f 155/1609/1827 866/1607/1827 1776/1598/1826 896/1608/1826
f 897/1610/1828 1773/1594/1828 1776/1598/1826 896/1608/1826
f 896/1608/1826 1776/1598/1826 1773/1594/1828 897/1610/1828
f 898/1600/1816 1770/1591/1816 1773/1594/1828 897/1610/1828
f 897/1610/1828 1773/1594/1828 1770/1591/1816 898/1600/1816
f 1779/1611/1829 1780/1612/1829 1783/1613/1830 1782/1614/1830
f 1782/1614/1830 1783/1613/1830 1780/1612/1829 1779/1611/1829
f 1780/1612/1831 1781/1615/1831 1784/1616/1832 1783/1613/1832
f 1783/1613/1832 1784/1616/1832 1781/1615/1831 1780/1612/1831
f 1782/1614/1830 1783/1613/1830 1786/1617/1833 1785/1618/1833
f 1785/1618/1833 1786/1617/1833 1783/1613/1830 1782/1614/1830
f 1783/1613/1832 1784/1616/1832 1787/1619/1834 1786/1617/1834
f 1786/1617/1834 1787/1619/1834 1784/1616/1832 1783/1613/1832
f 32/744/1835 692/1388/1835 1779/1611/1835 881/745/1835
f 881/745/1835 1779/1611/1835 692/1388/1835 32/744/1835
f 692/1388/1836 693/1387/1836 1780/1612/1836 1779/1611/1836
f 1779/1611/1836 1780/1612/1836 693/1387/1836 692/1388/1836
f 693/1387/1837 694/1385/1837 1781/1615/1837 1780/1612/1837
f 1780/1612/1837 1781/1615/1837 694/1385/1837 693/1387/1837
f 694/1385/1838 33/1384/1838 899/1620/1838 1781/1615/1838
f 1781/1615/1838 899/1620/1838 33/1384/1838 694/1385/1838
f 1781/1615/1839 899/1620/1839 900/1621/1840 1784/1616/1840
f 1784/1616/1840 900/1621/1840 899/1620/1839 1781/1615/1839
f 1784/1616/1840 900/1621/1840 901/1622/1841 1787/1619/1841
f 1787/1619/1841 901/1622/1841 900/1621/1840 1784/1616/1840
f 1787/1619/1841 901/1622/1841 149/1623/1842 847/1624/1842
f 847/1624/1842 149/1623/1842 901/1622/1841 1787/1619/1841
f 1786/1617/1834 1787/1619/1834 847/1624/1843 846/1625/1843
f 846/1625/1843 847/1624/1843 1787/1619/1834 1786/1617/1834
f 1785/1618/1833 1786/1617/1833 846/1625/1844 845/1626/1844
f 845/1626/1844 846/1625/1844 1786/1617/1833 1785/1618/1833
f 883/747/1845 1785/1618/1845 845/1626/1846 148/748/1846
f 148/748/1846 845/1626/1846 1785/1618/1845 883/747/1845
f 882/746/1847 1782/1614/1847 1785/1618/1845 883/747/1845
f 883/747/1845 1785/1618/1845 1782/1614/1847 882/746/1847
f 881/745/1848 1779/1611/1848 1782/1614/1847 882/746/1847
f 882/746/1847 1782/1614/1847 1779/1611/1848 881/745/1848
f 1788/1627/1849 1789/1628/1849 1792/1629/1850 1791/1630/1850
f 1791/1630/1850 1792/1629/1850 1789/1628/1849 1788/1627/1849
f 1789/1628/1851 1790/1631/1851 1793/1632/1852 1792/1629/1852
f 1792/1629/1852 1793/1632/1852 1790/1631/1851 1789/1628/1851
f 1791/1630/1850 1792/1629/1850 1795/1633/1853 1794/1634/1853
f 1794/1634/1853 1795/1633/1853 1792/1629/1850 1791/1630/1850
f 1792/1629/1852 1793/1632/1852 1796/1635/1854 1795/1633/1854
f 1795/1633/1854 1796/1635/1854 1793/1632/1852 1792/1629/1852
f 46/1276/1855 671/1275/1855 1788/1627/1855 904/1636/1855
f 904/1636/1855 1788/1627/1855 671/1275/1855 46/1276/1855
f 671/1275/1856 672/1274/1856 1789/1628/1856 1788/1627/1856
f 1788/1627/1856 1789/1628/1856 672/1274/1856 671/1275/1856
f 672/1274/1857 673/1273/1857 1790/1631/1857 1789/1628/1857
f 1789/1628/1857 1790/1631/1857 673/1273/1857 672/1274/1857
f 673/1273/1858 47/1260/1858 892/1580/1858 1790/1631/1858
f 1790/1631/1858 892/1580/1858 47/1260/1858 673/1273/1858
f 1790/1631/1859 892/1580/1859 891/1590/1860 1793/1632/1860
f 1793/1632/1860 891/1590/1860 892/1580/1859 1790/1631/1859
f 1793/1632/1860 891/1590/1860 890/1588/1861 1796/1635/1861
f 1796/1635/1861 890/1588/1861 891/1590/1860 1793/1632/1860
f 1796/1635/1861 890/1588/1861 140/1589/1862 826/1637/1862
f 826/1637/1862 140/1589/1862 890/1588/1861 1796/1635/1861
f 1795/1633/1854 1796/1635/1854 826/1637/1863 825/1638/1863
f 825/1638/1863 826/1637/1863 1796/1635/1854 1795/1633/1854
f 1794/1634/1853 1795/1633/1853 825/1638/1864 824/1639/1864
f 824/1639/1864 825/1638/1864 1795/1633/1853 1794/1634/1853
f 902/1640/1865 1794/1634/1865 824/1639/1866 141/1641/1866
f 141/1641/1866 824/1639/1866 1794/1634/1865 902/1640/1865
f 903/1642/1867 1791/1630/1867 1794/1634/1865 902/1640/1865
f 902/1640/1865 1794/1634/1865 1791/1630/1867 903/1642/1867
f 904/1636/1868 1788/1627/1868 1791/1630/1867 903/1642/1867
f 903/1642/1867 1791/1630/1867 1788/1627/1868 904/1636/1868
f 1797/1643/1869 1798/1644/1869 1801/1645/1870 1800/1646/1870
f 1800/1646/1870 1801/1645/1870 1798/1644/1869 1797/1643/1869
f 1798/1644/1871 1799/1647/1871 1802/1648/1872 1801/1645/1873
f 1801/1645/1873 1802/1648/1872 1799/1647/1871 1798/1644/1871
f 1800/1646/1870 1801/1645/1870 1804/1649/1874 1803/1650/1874
f 1803/1650/1874 1804/1649/1874 1801/1645/1870 1800/1646/1870
f 1801/1645/1873 1802/1648/1872 1805/1651/1875 1804/1649/1876
f 1804/1649/1876 1805/1651/1875 1802/1648/1872 1801/1645/1873
f 40/1496/1877 718/1516/1877 1797/1643/1878 893/1601/1878
f 893/1601/1878 1797/1643/1878 718/1516/1877 40/1496/1877
f 718/1516/1879 717/1515/1879 1798/1644/1869 1797/1643/1869
f 1797/1643/1869 1798/1644/1869 717/1515/1879 718/1516/1879
f 717/1515/1880 716/1513/1880 1799/1647/1871 1798/1644/1871
f 1798/1644/1871 1799/1647/1871 716/1513/1880 717/1515/1880
f 716/1513/1881 30/1512/1882 905/1652/1883 1799/1647/1884
f 1799/1647/1884 905/1652/1883 30/1512/1882 716/1513/1881
f 1799/1647/1884 905/1652/1883 906/1653/1885 1802/1648/1872
f 1802/1648/1872 906/1653/1885 905/1652/1883 1799/1647/1884
f 1802/1648/1872 906/1653/1885 907/1654/1886 1805/1651/1875
f 1805/1651/1875 907/1654/1886 906/1653/1885 1802/1648/1872
f 1805/1651/1875 907/1654/1886 157/1655/1887 869/1656/1888
f 869/1656/1888 157/1655/1887 907/1654/1886 1805/1651/1875
f 1804/1649/1876 1805/1651/1875 869/1656/1888 870/1657/1889
f 870/1657/1889 869/1656/1888 1805/1651/1875 1804/1649/1876
f 1803/1650/1874 1804/1649/1874 870/1657/1890 871/1658/1890
f 871/1658/1890 870/1657/1890 1804/1649/1874 1803/1650/1874
f 895/1603/1891 1803/1650/1891 871/1658/1892 156/1604/1892
f 156/1604/1892 871/1658/1892 1803/1650/1891 895/1603/1891
f 894/1602/1893 1800/1646/1893 1803/1650/1891 895/1603/1891
f 895/1603/1891 1803/1650/1891 1800/1646/1893 894/1602/1893
f 893/1601/1878 1797/1643/1878 1800/1646/1893 894/1602/1893
f 894/1602/1893 1800/1646/1893 1797/1643/1878 893/1601/1878
f 1806/1659/1894 1807/1660/1894 1810/1661/1895 1809/1662/1895
f 1809/1662/1895 1810/1661/1895 1807/1660/1894 1806/1659/1894
f 1807/1660/1896 1808/1663/1896 1811/1664/1897 1810/1661/1898
f 1810/1661/1898 1811/1664/1897 1808/1663/1896 1807/1660/1896
f 1809/1662/1895 1810/1661/1895 1813/1665/1899 1812/1666/1899
f 1812/1666/1899 1813/1665/1899 1810/1661/1895 1809/1662/1895
f 1810/1661/1898 1811/1664/1897 1814/1667/1900 1813/1665/1900
f 1813/1665/1900 1814/1667/1900 1811/1664/1897 1810/1661/1898
f 33/1384/1901 695/1404/1901 1806/1659/1901 899/1620/1901
f 899/1620/1901 1806/1659/1901 695/1404/1901 33/1384/1901
f 695/1404/1902 696/1403/1902 1807/1660/1902 1806/1659/1902
f 1806/1659/1902 1807/1660/1902 696/1403/1902 695/1404/1902
f 696/1403/1903 697/1401/1903 1808/1663/1903 1807/1660/1903
f 1807/1660/1903 1808/1663/1903 697/1401/1903 696/1403/1903
f 697/1401/1904 34/1400/1904 914/1668/1904 1808/1663/1904
f 1808/1663/1904 914/1668/1904 34/1400/1904 697/1401/1904
f 1808/1663/1905 914/1668/1905 915/1669/1906 1811/1664/1906
f 1811/1664/1906 915/1669/1906 914/1668/1905 1808/1663/1905
f 1811/1664/1906 915/1669/1906 916/1670/1907 1814/1667/1907
f 1814/1667/1907 916/1670/1907 915/1669/1906 1811/1664/1906
f 1814/1667/1907 916/1670/1907 150/1671/1908 850/1672/1908
f 850/1672/1908 150/1671/1908 916/1670/1907 1814/1667/1907
f 1813/1665/1900 1814/1667/1900 850/1672/1909 849/1673/1909
f 849/1673/1909 850/1672/1909 1814/1667/1900 1813/1665/1900
f 1812/1666/1899 1813/1665/1899 849/1673/1910 848/1674/1910
f 848/1674/1910 849/1673/1910 1813/1665/1899 1812/1666/1899
f 901/1622/1911 1812/1666/1911 848/1674/1912 149/1623/1912
f 149/1623/1912 848/1674/1912 1812/1666/1911 901/1622/1911
f 900/1621/1913 1809/1662/1913 1812/1666/1911 901/1622/1911
f 901/1622/1911 1812/1666/1911 1809/1662/1913 900/1621/1913
f 899/1620/1914 1806/1659/1914 1809/1662/1913 900/1621/1913
f 900/1621/1913 1809/1662/1913 1806/1659/1914 899/1620/1914
f 1815/1675/1915 1816/1676/1915 1819/1677/1916 1818/1678/1916
f 1818/1678/1916 1819/1677/1916 1816/1676/1915 1815/1675/1915
f 1816/1676/1917 1817/1679/1917 1820/1680/1918 1819/1677/1918
f 1819/1677/1918 1820/1680/1918 1817/1679/1917 1816/1676/1917
f 1818/1678/1916 1819/1677/1916 1822/1681/1919 1821/1682/1919
f 1821/1682/1919 1822/1681/1919 1819/1677/1916 1818/1678/1916
f 1819/1677/1918 1820/1680/1918 1823/1683/1920 1822/1681/1920
f 1822/1681/1920 1823/1683/1920 1820/1680/1918 1819/1677/1918
f 45/1292/1921 674/1291/1921 1815/1675/1922 919/1684/1923
f 919/1684/1923 1815/1675/1922 674/1291/1921 45/1292/1921
f 674/1291/1924 675/1290/1924 1816/1676/1915 1815/1675/1915
f 1815/1675/1915 1816/1676/1915 675/1290/1924 674/1291/1924
f 675/1290/1925 676/1289/1925 1817/1679/1917 1816/1676/1917
f 1816/1676/1917 1817/1679/1917 676/1289/1925 675/1290/1925
f 676/1289/1926 46/1276/1926 904/1636/1927 1817/1679/1928
f 1817/1679/1928 904/1636/1927 46/1276/1926 676/1289/1926
f 1817/1679/1928 904/1636/1927 903/1642/1929 1820/1680/1929
f 1820/1680/1929 903/1642/1929 904/1636/1927 1817/1679/1928
f 1820/1680/1929 903/1642/1929 902/1640/1930 1823/1683/1930
f 1823/1683/1930 902/1640/1930 903/1642/1929 1820/1680/1929
f 1823/1683/1930 902/1640/1930 141/1641/1931 829/1685/1931
f 829/1685/1931 141/1641/1931 902/1640/1930 1823/1683/1930
f 1822/1681/1920 1823/1683/1920 829/1685/1932 828/1686/1932
f 828/1686/1932 829/1685/1932 1823/1683/1920 1822/1681/1920
f 1821/1682/1919 1822/1681/1919 828/1686/1933 827/1687/1933
f 827/1687/1933 828/1686/1933 1822/1681/1919 1821/1682/1919
f 917/1688/1934 1821/1682/1934 827/1687/1935 142/1689/1935
f 142/1689/1935 827/1687/1935 1821/1682/1934 917/1688/1934
f 918/1690/1936 1818/1678/1936 1821/1682/1934 917/1688/1934
f 917/1688/1934 1821/1682/1934 1818/1678/1936 918/1690/1936
f 919/1684/1923 1815/1675/1922 1818/1678/1936 918/1690/1936
f 918/1690/1936 1818/1678/1936 1815/1675/1922 919/1684/1923
f 1824/1691/1937 1825/1692/1938 1828/1693/1939 1827/1694/1940
f 1827/1694/1940 1828/1693/1939 1825/1692/1938 1824/1691/1937
f 1825/1692/1938 1826/1695/1941 1829/1696/1942 1828/1693/1939
f 1828/1693/1939 1829/1696/1942 1826/1695/1941 1825/1692/1938
f 1827/1694/1940 1828/1693/1939 1831/1697/1943 1830/1698/1944
f 1830/1698/1944 1831/1697/1943 1828/1693/1939 1827/1694/1940
f 1828/1693/1939 1829/1696/1942 1832/1699/1945 1831/1697/1943
f 1831/1697/1943 1832/1699/1945 1829/1696/1942 1828/1693/1939
f 30/1512/1882 721/1532/1946 1824/1691/1937 905/1652/1883
f 905/1652/1883 1824/1691/1937 721/1532/1946 30/1512/1882
f 721/1532/1946 720/1531/1947 1825/1692/1938 1824/1691/1937
f 1824/1691/1937 1825/1692/1938 720/1531/1947 721/1532/1946
f 720/1531/1947 719/1529/1948 1826/1695/1941 1825/1692/1938
f 1825/1692/1938 1826/1695/1941 719/1529/1948 720/1531/1947
f 719/1529/1948 3/1528/1949 913/1528/1950 1826/1695/1941
f 1826/1695/1941 913/1528/1950 3/1528/1949 719/1529/1948
f 1826/1695/1941 913/1528/1950 912/1528/1951 1829/1696/1942
f 1829/1696/1942 912/1528/1951 913/1528/1950 1826/1695/1941
f 1829/1696/1942 912/1528/1951 911/1528/1952 1832/1699/1945
f 1832/1699/1945 911/1528/1952 912/1528/1951 1829/1696/1942
f 1832/1699/1945 911/1528/1952 132/1528/1953 872/1700/1954
f 872/1700/1954 132/1528/1953 911/1528/1952 1832/1699/1945
f 1831/1697/1943 1832/1699/1945 872/1700/1954 873/1701/1955
f 873/1701/1955 872/1700/1954 1832/1699/1945 1831/1697/1943
f 1830/1698/1944 1831/1697/1943 873/1701/1955 874/1702/1956
f 874/1702/1956 873/1701/1955 1831/1697/1943 1830/1698/1944
f 907/1654/1886 1830/1698/1944 874/1702/1956 157/1655/1887
f 157/1655/1887 874/1702/1956 1830/1698/1944 907/1654/1886
f 906/1653/1885 1827/1694/1940 1830/1698/1944 907/1654/1886
f 907/1654/1886 1830/1698/1944 1827/1694/1940 906/1653/1885
f 905/1652/1883 1824/1691/1937 1827/1694/1940 906/1653/1885
f 906/1653/1885 1827/1694/1940 1824/1691/1937 905/1652/1883
f 1833/1703/1957 1834/1704/1957 1837/1705/1958 1836/1706/1958
f 1836/1706/1958 1837/1705/1958 1834/1704/1957 1833/1703/1957
f 1834/1704/1959 1835/1707/1959 1838/1708/1960 1837/1705/1960
f 1837/1705/1960 1838/1708/1960 1835/1707/1959 1834/1704/1959
f 1836/1706/1958 1837/1705/1958 1840/1709/1961 1839/1710/1961
f 1839/1710/1961 1840/1709/1961 1837/1705/1958 1836/1706/1958
f 1837/1705/1960 1838/1708/1960 1841/1711/1962 1840/1709/1962
f 1840/1709/1962 1841/1711/1962 1838/1708/1960 1837/1705/1960
f 52/1178/1963 655/1177/1963 1833/1703/1963 925/1712/1963
f 925/1712/1963 1833/1703/1963 655/1177/1963 52/1178/1963
f 655/1177/1964 654/1176/1964 1834/1704/1964 1833/1703/1964
f 1833/1703/1964 1834/1704/1964 654/1176/1964 655/1177/1964
f 654/1176/1965 653/1174/1965 1835/1707/1965 1834/1704/1965
f 1834/1704/1965 1835/1707/1965 653/1174/1965 654/1176/1965
f 653/1174/1966 42/1173/1966 920/1713/1966 1835/1707/1966
f 1835/1707/1966 920/1713/1966 42/1173/1966 653/1174/1966
f 1835/1707/1967 920/1713/1967 921/1714/1968 1838/1708/1968
f 1838/1708/1968 921/1714/1968 920/1713/1967 1835/1707/1967
f 1838/1708/1968 921/1714/1968 922/1715/1969 1841/1711/1969
f 1841/1711/1969 922/1715/1969 921/1714/1968 1838/1708/1968
f 1841/1711/1969 922/1715/1969 134/1716/1970 806/1717/1970
f 806/1717/1970 134/1716/1970 922/1715/1969 1841/1711/1969
f 1840/1709/1962 1841/1711/1962 806/1717/1971 807/1718/1971
f 807/1718/1971 806/1717/1971 1841/1711/1962 1840/1709/1962
f 1839/1710/1961 1840/1709/1961 807/1718/1972 808/1719/1972
f 808/1719/1972 807/1718/1972 1840/1709/1961 1839/1710/1961
f 923/1720/1973 1839/1710/1973 808/1719/1974 135/1721/1974
f 135/1721/1974 808/1719/1974 1839/1710/1973 923/1720/1973
f 924/1722/1975 1836/1706/1975 1839/1710/1973 923/1720/1973
f 923/1720/1973 1839/1710/1973 1836/1706/1975 924/1722/1975
f 925/1712/1976 1833/1703/1976 1836/1706/1975 924/1722/1975
f 924/1722/1975 1836/1706/1975 1833/1703/1976 925/1712/1976
f 1842/1723/1977 1843/1724/1977 1846/1725/1978 1845/1726/1978
f 1845/1726/1978 1846/1725/1978 1843/1724/1977 1842/1723/1977
f 1843/1724/1979 1844/1727/1979 1847/1728/1980 1846/1725/1980
f 1846/1725/1980 1847/1728/1980 1844/1727/1979 1843/1724/1979
f 1845/1726/1978 1846/1725/1978 1849/1729/1981 1848/1730/1981
f 1848/1730/1981 1849/1729/1981 1846/1725/1978 1845/1726/1978
f 1846/1725/1980 1847/1728/1980 1850/1731/1982 1849/1729/1982
f 1849/1729/1982 1850/1731/1982 1847/1728/1980 1846/1725/1980
f 34/1400/1983 698/1420/1983 1842/1723/1983 914/1668/1983
f 914/1668/1983 1842/1723/1983 698/1420/1983 34/1400/1983
f 698/1420/1984 699/1419/1984 1843/1724/1984 1842/1723/1984
f 1842/1723/1984 1843/1724/1984 699/1419/1984 698/1420/1984
f 699/1419/1985 700/1417/1985 1844/1727/1985 1843/1724/1985
f 1843/1724/1985 1844/1727/1985 700/1417/1985 699/1419/1985
f 700/1417/1986 35/1416/1986 926/1732/1986 1844/1727/1986
f 1844/1727/1986 926/1732/1986 35/1416/1986 700/1417/1986
f 1844/1727/1987 926/1732/1987 927/1733/1988 1847/1728/1988
f 1847/1728/1988 927/1733/1988 926/1732/1987 1844/1727/1987
f 1847/1728/1988 927/1733/1988 928/1734/1989 1850/1731/1989
f 1850/1731/1989 928/1734/1989 927/1733/1988 1847/1728/1988
f 1850/1731/1989 928/1734/1989 151/1735/1990 853/1736/1990
f 853/1736/1990 151/1735/1990 928/1734/1989 1850/1731/1989
f 1849/1729/1982 1850/1731/1982 853/1736/1991 852/1737/1991
f 852/1737/1991 853/1736/1991 1850/1731/1982 1849/1729/1982
f 1848/1730/1981 1849/1729/1981 852/1737/1992 851/1738/1992
f 851/1738/1992 852/1737/1992 1849/1729/1981 1848/1730/1981
f 916/1670/1993 1848/1730/1993 851/1738/1994 150/1671/1994
f 150/1671/1994 851/1738/1994 1848/1730/1993 916/1670/1993
f 915/1669/1995 1845/1726/1995 1848/1730/1993 916/1670/1993
f 916/1670/1993 1848/1730/1993 1845/1726/1995 915/1669/1995
f 914/1668/1996 1842/1723/1996 1845/1726/1995 915/1669/1995
f 915/1669/1995 1845/1726/1995 1842/1723/1996 914/1668/1996
f 1851/1739/1997 1852/1740/1997 1855/1741/1998 1854/1742/1999
f 1854/1742/1999 1855/1741/1998 1852/1740/1997 1851/1739/1997
f 1852/1740/2000 1853/1743/2000 1856/1744/2001 1855/1741/2001
f 1855/1741/2001 1856/1744/2001 1853/1743/2000 1852/1740/2000
f 1854/1742/1999 1855/1741/1998 1858/1745/2002 1857/1746/2002
f 1857/1746/2002 1858/1745/2002 1855/1741/1998 1854/1742/1999
f 1855/1741/2001 1856/1744/2001 1859/1747/2003 1858/1745/2003
f 1858/1745/2003 1859/1747/2003 1856/1744/2001 1855/1741/2001
f 44/1308/2004 677/1307/2004 1851/1739/2005 931/1748/2006
f 931/1748/2006 1851/1739/2005 677/1307/2004 44/1308/2004
f 677/1307/2007 678/1306/2007 1852/1740/1997 1851/1739/1997
f 1851/1739/1997 1852/1740/1997 678/1306/2007 677/1307/2007
f 678/1306/2008 679/1305/2008 1853/1743/2000 1852/1740/2000
f 1852/1740/2000 1853/1743/2000 679/1305/2008 678/1306/2008
f 679/1305/2009 45/1292/2009 919/1684/2010 1853/1743/2011
f 1853/1743/2011 919/1684/2010 45/1292/2009 679/1305/2009
f 1853/1743/2011 919/1684/2010 918/1690/2012 1856/1744/2012
f 1856/1744/2012 918/1690/2012 919/1684/2010 1853/1743/2011
f 1856/1744/2012 918/1690/2012 917/1688/2013 1859/1747/2013
f 1859/1747/2013 917/1688/2013 918/1690/2012 1856/1744/2012
f 1859/1747/2013 917/1688/2013 142/1689/2014 832/1749/2014
f 832/1749/2014 142/1689/2014 917/1688/2013 1859/1747/2013
f 1858/1745/2003 1859/1747/2003 832/1749/2015 831/1750/2015
f 831/1750/2015 832/1749/2015 1859/1747/2003 1858/1745/2003
f 1857/1746/2002 1858/1745/2002 831/1750/2016 830/1751/2016
f 830/1751/2016 831/1750/2016 1858/1745/2002 1857/1746/2002
f 929/1752/2017 1857/1746/2017 830/1751/2018 143/1753/2018
f 143/1753/2018 830/1751/2018 1857/1746/2017 929/1752/2017
f 930/1754/2019 1854/1742/2019 1857/1746/2017 929/1752/2017
f 929/1752/2017 1857/1746/2017 1854/1742/2019 930/1754/2019
f 931/1748/2006 1851/1739/2005 1854/1742/2019 930/1754/2019
f 930/1754/2019 1854/1742/2019 1851/1739/2005 931/1748/2006
f 1860/1755/2020 1861/1756/2020 1864/1757/2021 1863/1758/2021
f 1863/1758/2021 1864/1757/2021 1861/1756/2020 1860/1755/2020
f 1861/1756/2022 1862/1759/2022 1865/1760/2023 1864/1757/2023
f 1864/1757/2023 1865/1760/2023 1862/1759/2022 1861/1756/2022
f 1863/1758/2021 1864/1757/2021 1867/1761/2024 1866/1762/2024
f 1866/1762/2024 1867/1761/2024 1864/1757/2021 1863/1758/2021
f 1864/1757/2023 1865/1760/2023 1868/1763/2025 1867/1761/2025
f 1867/1761/2025 1868/1763/2025 1865/1760/2023 1864/1757/2023
f 42/1173/2026 724/1550/2026 1860/1755/2026 920/1713/2026
f 920/1713/2026 1860/1755/2026 724/1550/2026 42/1173/2026
f 724/1550/2027 723/1549/2027 1861/1756/2027 1860/1755/2027
f 1860/1755/2027 1861/1756/2027 723/1549/2027 724/1550/2027
f 723/1549/2028 722/1548/2028 1862/1759/2028 1861/1756/2028
f 1861/1756/2028 1862/1759/2028 722/1548/2028 723/1549/2028
f 722/1548/2029 29/1357/2029 932/1764/2029 1862/1759/2029
f 1862/1759/2029 932/1764/2029 29/1357/2029 722/1548/2029
f 1862/1759/2030 932/1764/2030 933/1765/2031 1865/1760/2031
f 1865/1760/2031 933/1765/2031 932/1764/2030 1862/1759/2030
f 1865/1760/2031 933/1765/2031 934/1766/2032 1868/1763/2032
f 1868/1763/2032 934/1766/2032 933/1765/2031 1865/1760/2031
f 1868/1763/2032 934/1766/2032 146/1767/2033 875/1768/2033
f 875/1768/2033 146/1767/2033 934/1766/2032 1868/1763/2032
f 1867/1761/2025 1868/1763/2025 875/1768/2034 876/1769/2034
f 876/1769/2034 875/1768/2034 1868/1763/2025 1867/1761/2025
f 1866/1762/2024 1867/1761/2024 876/1769/2035 877/1770/2035
f 877/1770/2035 876/1769/2035 1867/1761/2024 1866/1762/2024
f 922/1715/2036 1866/1762/2036 877/1770/2037 134/1716/2037
f 134/1716/2037 877/1770/2037 1866/1762/2036 922/1715/2036
f 921/1714/2038 1863/1758/2038 1866/1762/2036 922/1715/2036
f 922/1715/2036 1866/1762/2036 1863/1758/2038 921/1714/2038
f 920/1713/2039 1860/1755/2039 1863/1758/2038 921/1714/2038
f 921/1714/2038 1863/1758/2038 1860/1755/2039 920/1713/2039
f 1869/1771/2040 1870/1772/2040 1873/1773/2041 1872/1774/2041
f 1872/1774/2041 1873/1773/2041 1870/1772/2040 1869/1771/2040
f 1870/1772/2042 1871/1775/2042 1874/1776/2043 1873/1773/2043
f 1873/1773/2043 1874/1776/2043 1871/1775/2042 1870/1772/2042
f 1872/1774/2041 1873/1773/2041 1876/1777/2044 1875/1778/2045
f 1875/1778/2045 1876/1777/2044 1873/1773/2041 1872/1774/2041
f 1873/1773/2043 1874/1776/2043 1877/1779/2046 1876/1777/2046
f 1876/1777/2046 1877/1779/2046 1874/1776/2043 1873/1773/2043
f 51/1196/2047 656/1195/2047 1869/1771/2047 937/1780/2047
f 937/1780/2047 1869/1771/2047 656/1195/2047 51/1196/2047
f 656/1195/2048 657/1194/2048 1870/1772/2048 1869/1771/2048
f 1869/1771/2048 1870/1772/2048 657/1194/2048 656/1195/2048
f 657/1194/2049 658/1193/2049 1871/1775/2049 1870/1772/2049
f 1870/1772/2049 1871/1775/2049 658/1193/2049 657/1194/2049
f 658/1193/2050 52/1178/2050 925/1712/2050 1871/1775/2050
f 1871/1775/2050 925/1712/2050 52/1178/2050 658/1193/2050
f 1871/1775/2051 925/1712/2051 924/1722/2052 1874/1776/2052
f 1874/1776/2052 924/1722/2052 925/1712/2051 1871/1775/2051
f 1874/1776/2052 924/1722/2052 923/1720/2053 1877/1779/2053
f 1877/1779/2053 923/1720/2053 924/1722/2052 1874/1776/2052
f 1877/1779/2053 923/1720/2053 135/1721/2054 811/1781/2054
f 811/1781/2054 135/1721/2054 923/1720/2053 1877/1779/2053
f 1876/1777/2046 1877/1779/2046 811/1781/2055 810/1782/2055
f 810/1782/2055 811/1781/2055 1877/1779/2046 1876/1777/2046
f 1875/1778/2045 1876/1777/2044 810/1782/2056 809/1783/2056
f 809/1783/2056 810/1782/2056 1876/1777/2044 1875/1778/2045
f 935/1784/2057 1875/1778/2057 809/1783/2058 136/1785/2058
f 136/1785/2058 809/1783/2058 1875/1778/2057 935/1784/2057
f 936/1786/2059 1872/1774/2059 1875/1778/2057 935/1784/2057
f 935/1784/2057 1875/1778/2057 1872/1774/2059 936/1786/2059
f 937/1780/2060 1869/1771/2060 1872/1774/2059 936/1786/2059
f 936/1786/2059 1872/1774/2059 1869/1771/2060 937/1780/2060
f 1878/1787/2061 1879/1788/2061 1882/1789/2062 1881/1790/2062
f 1881/1790/2062 1882/1789/2062 1879/1788/2061 1878/1787/2061
f 1879/1788/2063 1880/1791/2063 1883/1792/2064 1882/1789/2064
f 1882/1789/2064 1883/1792/2064 1880/1791/2063 1879/1788/2063
f 1881/1790/2062 1882/1789/2062 1885/1793/2065 1884/1794/2065
f 1884/1794/2065 1885/1793/2065 1882/1789/2062 1881/1790/2062
f 1882/1789/2064 1883/1792/2064 1886/1795/2066 1885/1793/2066
f 1885/1793/2066 1886/1795/2066 1883/1792/2064 1882/1789/2064
f 35/1416/2067 701/1436/2067 1878/1787/2067 926/1732/2067
f 926/1732/2067 1878/1787/2067 701/1436/2067 35/1416/2067
f 701/1436/2068 702/1435/2068 1879/1788/2068 1878/1787/2068
f 1878/1787/2068 1879/1788/2068 702/1435/2068 701/1436/2068
f 702/1435/2069 703/1433/2069 1880/1791/2069 1879/1788/2069
f 1879/1788/2069 1880/1791/2069 703/1433/2069 702/1435/2069
f 703/1433/2070 36/1432/2070 938/1796/2070 1880/1791/2070
f 1880/1791/2070 938/1796/2070 36/1432/2070 703/1433/2070
f 1880/1791/2071 938/1796/2071 939/1797/2072 1883/1792/2072
f 1883/1792/2072 939/1797/2072 938/1796/2071 1880/1791/2071
f 1883/1792/2072 939/1797/2072 940/1798/2073 1886/1795/2073
f 1886/1795/2073 940/1798/2073 939/1797/2072 1883/1792/2072
f 1886/1795/2073 940/1798/2073 152/1799/2074 856/1800/2074
f 856/1800/2074 152/1799/2074 940/1798/2073 1886/1795/2073
f 1885/1793/2066 1886/1795/2066 856/1800/2075 855/1801/2075
f 855/1801/2075 856/1800/2075 1886/1795/2066 1885/1793/2066
f 1884/1794/2065 1885/1793/2065 855/1801/2076 854/1802/2076
f 854/1802/2076 855/1801/2076 1885/1793/2065 1884/1794/2065
f 928/1734/2077 1884/1794/2077 854/1802/2078 151/1735/2078
f 151/1735/2078 854/1802/2078 1884/1794/2077 928/1734/2077
f 927/1733/2079 1881/1790/2079 1884/1794/2077 928/1734/2077
f 928/1734/2077 1884/1794/2077 1881/1790/2079 927/1733/2079
f 926/1732/2080 1878/1787/2080 1881/1790/2079 927/1733/2079
f 927/1733/2079 1881/1790/2079 1878/1787/2080 926/1732/2080
f 1887/1803/2081 1888/1804/2081 1891/1805/2082 1890/1806/2082
f 1890/1806/2082 1891/1805/2082 1888/1804/2081 1887/1803/2081
f 1888/1804/2083 1889/1807/2083 1892/1808/2084 1891/1805/2084
f 1891/1805/2084 1892/1808/2084 1889/1807/2083 1888/1804/2083
f 1890/1806/2082 1891/1805/2082 1894/1809/2085 1893/1810/2085
f 1893/1810/2085 1894/1809/2085 1891/1805/2082 1890/1806/2082
f 1891/1805/2084 1892/1808/2084 1895/1811/2086 1894/1809/2086
f 1894/1809/2086 1895/1811/2086 1892/1808/2084 1891/1805/2084
f 43/1324/2087 680/1323/2087 1887/1803/2088 943/1812/2088
f 943/1812/2088 1887/1803/2088 680/1323/2087 43/1324/2087
f 680/1323/2089 681/1322/2089 1888/1804/2081 1887/1803/2081
f 1887/1803/2081 1888/1804/2081 681/1322/2089 680/1323/2089
f 681/1322/2090 682/1321/2090 1889/1807/2083 1888/1804/2083
f 1888/1804/2083 1889/1807/2083 682/1321/2090 681/1322/2090
f 682/1321/2091 44/1308/2091 931/1748/2092 1889/1807/2092
f 1889/1807/2092 931/1748/2092 44/1308/2091 682/1321/2091
f 1889/1807/2092 931/1748/2092 930/1754/2093 1892/1808/2093
f 1892/1808/2093 930/1754/2093 931/1748/2092 1889/1807/2092
f 1892/1808/2093 930/1754/2093 929/1752/2094 1895/1811/2094
f 1895/1811/2094 929/1752/2094 930/1754/2093 1892/1808/2093
f 1895/1811/2094 929/1752/2094 143/1753/2095 835/1813/2095
f 835/1813/2095 143/1753/2095 929/1752/2094 1895/1811/2094
f 1894/1809/2086 1895/1811/2086 835/1813/2096 834/1814/2096
f 834/1814/2096 835/1813/2096 1895/1811/2086 1894/1809/2086
f 1893/1810/2085 1894/1809/2085 834/1814/2097 833/1815/2097
f 833/1815/2097 834/1814/2097 1894/1809/2085 1893/1810/2085
f 941/1816/2098 1893/1810/2098 833/1815/2099 144/1817/2099
f 144/1817/2099 833/1815/2099 1893/1810/2098 941/1816/2098
f 942/1818/2100 1890/1806/2100 1893/1810/2098 941/1816/2098
f 941/1816/2098 1893/1810/2098 1890/1806/2100 942/1818/2100
f 943/1812/2088 1887/1803/2088 1890/1806/2100 942/1818/2100
f 942/1818/2100 1890/1806/2100 1887/1803/2088 943/1812/2088
f 1896/1819/2101 1897/1820/2102 1900/1821/2103 1899/1822/2104
f 1899/1822/2104 1900/1821/2103 1897/1820/2102 1896/1819/2101
f 1897/1820/2102 1898/1823/2105 1901/1824/2106 1900/1821/2103
f 1900/1821/2103 1901/1824/2106 1898/1823/2105 1897/1820/2102
f 1899/1822/2104 1900/1821/2103 1903/1825/2107 1902/1826/2108
f 1902/1826/2108 1903/1825/2107 1900/1821/2103 1899/1822/2104
f 1900/1821/2103 1901/1824/2106 1904/1827/2109 1903/1825/2107
f 1903/1825/2107 1904/1827/2109 1901/1824/2106 1900/1821/2103
f 4/1563/2110 725/1562/2111 1896/1819/2101 908/1563/2112
f 908/1563/2112 1896/1819/2101 725/1562/2111 4/1563/2110
f 725/1562/2111 726/1561/2113 1897/1820/2102 1896/1819/2101
f 1896/1819/2101 1897/1820/2102 726/1561/2113 725/1562/2111
f 726/1561/2113 727/1560/2114 1898/1823/2105 1897/1820/2102
f 1897/1820/2102 1898/1823/2105 727/1560/2114 726/1561/2113
f 727/1560/2114 41/1340/2115 944/1828/2116 1898/1823/2105
f 1898/1823/2105 944/1828/2116 41/1340/2115 727/1560/2114
f 1898/1823/2105 944/1828/2116 945/1829/2117 1901/1824/2106
f 1901/1824/2106 945/1829/2117 944/1828/2116 1898/1823/2105
f 1901/1824/2106 945/1829/2117 946/1830/2118 1904/1827/2109
f 1904/1827/2109 946/1830/2118 945/1829/2117 1901/1824/2106
f 1904/1827/2109 946/1830/2118 145/1831/2119 880/1832/2120
f 880/1832/2120 145/1831/2119 946/1830/2118 1904/1827/2109
f 1903/1825/2107 1904/1827/2109 880/1832/2120 879/1833/2121
f 879/1833/2121 880/1832/2120 1904/1827/2109 1903/1825/2107
f 1902/1826/2108 1903/1825/2107 879/1833/2121 878/1834/2122
f 878/1834/2122 879/1833/2121 1903/1825/2107 1902/1826/2108
f 910/1563/2123 1902/1826/2108 878/1834/2122 133/1563/2124
f 133/1563/2124 878/1834/2122 1902/1826/2108 910/1563/2123
f 909/1563/2125 1899/1822/2104 1902/1826/2108 910/1563/2123
f 910/1563/2123 1902/1826/2108 1899/1822/2104 909/1563/2125
f 908/1563/2112 1896/1819/2101 1899/1822/2104 909/1563/2125
f 909/1563/2125 1899/1822/2104 1896/1819/2101 908/1563/2112
f 1905/1835/2126 1906/1836/2126 1909/1837/2127 1908/1838/2127
f 1908/1838/2127 1909/1837/2127 1906/1836/2126 1905/1835/2126
f 1906/1836/2128 1907/1839/2128 1910/1840/2129 1909/1837/2129
f 1909/1837/2129 1910/1840/2129 1907/1839/2128 1906/1836/2128
f 1908/1838/2127 1909/1837/2127 1912/1841/2130 1911/1842/2130
f 1911/1842/2130 1912/1841/2130 1909/1837/2127 1908/1838/2127
f 1909/1837/2129 1910/1840/2129 1913/1843/2131 1912/1841/2131
f 1912/1841/2131 1913/1843/2131 1910/1840/2129 1909/1837/2129
f 50/1212/2132 659/1211/2132 1905/1835/2132 949/1844/2132
f 949/1844/2132 1905/1835/2132 659/1211/2132 50/1212/2132
f 659/1211/2133 660/1210/2133 1906/1836/2133 1905/1835/2133
f 1905/1835/2133 1906/1836/2133 660/1210/2133 659/1211/2133
f 660/1210/2134 661/1209/2134 1907/1839/2134 1906/1836/2134
f 1906/1836/2134 1907/1839/2134 661/1209/2134 660/1210/2134
f 661/1209/2135 51/1196/2135 937/1780/2135 1907/1839/2135
f 1907/1839/2135 937/1780/2135 51/1196/2135 661/1209/2135
f 1907/1839/2136 937/1780/2136 936/1786/2137 1910/1840/2137
f 1910/1840/2137 936/1786/2137 937/1780/2136 1907/1839/2136
f 1910/1840/2137 936/1786/2137 935/1784/2138 1913/1843/2138
f 1913/1843/2138 935/1784/2138 936/1786/2137 1910/1840/2137
f 1913/1843/2138 935/1784/2138 136/1785/2139 814/1845/2139
f 814/1845/2139 136/1785/2139 935/1784/2138 1913/1843/2138
f 1912/1841/2131 1913/1843/2131 814/1845/2140 813/1846/2140
f 813/1846/2140 814/1845/2140 1913/1843/2131 1912/1841/2131
f 1911/1842/2130 1912/1841/2130 813/1846/2141 812/1847/2141
f 812/1847/2141 813/1846/2141 1912/1841/2130 1911/1842/2130
f 947/1848/2142 1911/1842/2142 812/1847/2143 137/1849/2143
f 137/1849/2143 812/1847/2143 1911/1842/2142 947/1848/2142
f 948/1850/2144 1908/1838/2144 1911/1842/2142 947/1848/2142
f 947/1848/2142 1911/1842/2142 1908/1838/2144 948/1850/2144
f 949/1844/2145 1905/1835/2145 1908/1838/2144 948/1850/2144
f 948/1850/2144 1908/1838/2144 1905/1835/2145 949/1844/2145
f 1914/1851/2146 1915/1852/2146 1918/1853/2147 1917/1854/2147
f 1917/1854/2147 1918/1853/2147 1915/1852/2146 1914/1851/2146
f 1915/1852/2148 1916/1855/2148 1919/1856/2149 1918/1853/2149
f 1918/1853/2149 1919/1856/2149 1916/1855/2148 1915/1852/2148
f 1917/1854/2147 1918/1853/2147 1921/1857/2150 1920/1858/2150
f 1920/1858/2150 1921/1857/2150 1918/1853/2147 1917/1854/2147
f 1918/1853/2149 1919/1856/2149 1922/1859/2151 1921/1857/2151
f 1921/1857/2151 1922/1859/2151 1919/1856/2149 1918/1853/2149
f 36/1432/2152 704/1452/2152 1914/1851/2152 938/1796/2152
f 938/1796/2152 1914/1851/2152 704/1452/2152 36/1432/2152
f 704/1452/2153 705/1451/2153 1915/1852/2153 1914/1851/2153
f 1914/1851/2153 1915/1852/2153 705/1451/2153 704/1452/2153
f 705/1451/2154 706/1449/2154 1916/1855/2154 1915/1852/2154
f 1915/1852/2154 1916/1855/2154 706/1449/2154 705/1451/2154
f 706/1449/2155 37/1448/2155 950/1860/2155 1916/1855/2155
f 1916/1855/2155 950/1860/2155 37/1448/2155 706/1449/2155
f 1916/1855/2156 950/1860/2156 951/1861/2157 1919/1856/2157
f 1919/1856/2157 951/1861/2157 950/1860/2156 1916/1855/2156
f 1919/1856/2157 951/1861/2157 952/1862/2158 1922/1859/2158
f 1922/1859/2158 952/1862/2158 951/1861/2157 1919/1856/2157
f 1922/1859/2158 952/1862/2158 153/1863/2159 859/1864/2159
f 859/1864/2159 153/1863/2159 952/1862/2158 1922/1859/2158
f 1921/1857/2151 1922/1859/2151 859/1864/2160 858/1865/2160
f 858/1865/2160 859/1864/2160 1922/1859/2151 1921/1857/2151
f 1920/1858/2150 1921/1857/2150 858/1865/2161 857/1866/2161
f 857/1866/2161 858/1865/2161 1921/1857/2150 1920/1858/2150
f 940/1798/2162 1920/1858/2162 857/1866/2163 152/1799/2163
f 152/1799/2163 857/1866/2163 1920/1858/2162 940/1798/2162
f 939/1797/2164 1917/1854/2164 1920/1858/2162 940/1798/2162
f 940/1798/2162 1920/1858/2162 1917/1854/2164 939/1797/2164
f 938/1796/2165 1914/1851/2165 1917/1854/2164 939/1797/2164
f 939/1797/2164 1917/1854/2164 1914/1851/2165 938/1796/2165
f 1923/1867/2166 1924/1868/2167 1927/1869/2168 1926/1870/2169
f 1926/1870/2169 1927/1869/2168 1924/1868/2167 1923/1867/2166
f 1924/1868/2170 1925/1871/2170 1928/1872/2171 1927/1869/2171
f 1927/1869/2171 1928/1872/2171 1925/1871/2170 1924/1868/2170
f 1926/1870/2169 1927/1869/2168 1930/1873/2172 1929/1874/2173
f 1929/1874/2173 1930/1873/2172 1927/1869/2168 1926/1870/2169
f 1927/1869/2171 1928/1872/2171 1931/1875/2174 1930/1873/2174
f 1930/1873/2174 1931/1875/2174 1928/1872/2171 1927/1869/2171
f 41/1340/2115 683/1339/2175 1923/1867/2166 944/1828/2116
f 944/1828/2116 1923/1867/2166 683/1339/2175 41/1340/2115
f 683/1339/2175 684/1338/2176 1924/1868/2167 1923/1867/2166
f 1923/1867/2166 1924/1868/2167 684/1338/2176 683/1339/2175
f 684/1338/2177 685/1337/2177 1925/1871/2170 1924/1868/2170
f 1924/1868/2170 1925/1871/2170 685/1337/2177 684/1338/2177
f 685/1337/2178 43/1324/2178 943/1812/2179 1925/1871/2179
f 1925/1871/2179 943/1812/2179 43/1324/2178 685/1337/2178
f 1925/1871/2179 943/1812/2179 942/1818/2180 1928/1872/2180
f 1928/1872/2180 942/1818/2180 943/1812/2179 1925/1871/2179
f 1928/1872/2180 942/1818/2180 941/1816/2181 1931/1875/2181
f 1931/1875/2181 941/1816/2181 942/1818/2180 1928/1872/2180
f 1931/1875/2181 941/1816/2181 144/1817/2182 838/1876/2182
f 838/1876/2182 144/1817/2182 941/1816/2181 1931/1875/2181
f 1930/1873/2174 1931/1875/2174 838/1876/2183 837/1877/2183
f 837/1877/2183 838/1876/2183 1931/1875/2174 1930/1873/2174
f 1929/1874/2173 1930/1873/2172 837/1877/2184 836/1878/2185
f 836/1878/2185 837/1877/2184 1930/1873/2172 1929/1874/2173
f 946/1830/2118 1929/1874/2173 836/1878/2185 145/1831/2119
f 145/1831/2119 836/1878/2185 1929/1874/2173 946/1830/2118
f 945/1829/2117 1926/1870/2169 1929/1874/2173 946/1830/2118
f 946/1830/2118 1929/1874/2173 1926/1870/2169 945/1829/2117
f 944/1828/2116 1923/1867/2166 1926/1870/2169 945/1829/2117
f 945/1829/2117 1926/1870/2169 1923/1867/2166 944/1828/2116
f 1932/1879/2186 1933/1880/2186 1936/1881/2187 1935/1882/2188
f 1935/1882/2188 1936/1881/2187 1933/1880/2186 1932/1879/2186
f 1933/1880/2189 1934/1883/2189 1937/1884/2190 1936/1881/2190
f 1936/1881/2190 1937/1884/2190 1934/1883/2189 1933/1880/2189
f 1935/1882/2188 1936/1881/2187 1939/1885/2191 1938/1886/2191
f 1938/1886/2191 1939/1885/2191 1936/1881/2187 1935/1882/2188
f 1936/1881/2190 1937/1884/2190 1940/1887/2192 1939/1885/2192
f 1939/1885/2192 1940/1887/2192 1937/1884/2190 1936/1881/2190
f 49/1228/2193 662/1227/2193 1932/1879/2193 955/1888/2193
f 955/1888/2193 1932/1879/2193 662/1227/2193 49/1228/2193
f 662/1227/2194 663/1226/2194 1933/1880/2194 1932/1879/2194
f 1932/1879/2194 1933/1880/2194 663/1226/2194 662/1227/2194
f 663/1226/2195 664/1225/2195 1934/1883/2195 1933/1880/2195
f 1933/1880/2195 1934/1883/2195 664/1225/2195 663/1226/2195
f 664/1225/2196 50/1212/2196 949/1844/2196 1934/1883/2196
f 1934/1883/2196 949/1844/2196 50/1212/2196 664/1225/2196
f 1934/1883/2197 949/1844/2197 948/1850/2198 1937/1884/2198
f 1937/1884/2198 948/1850/2198 949/1844/2197 1934/1883/2197
f 1937/1884/2198 948/1850/2198 947/1848/2199 1940/1887/2199
f 1940/1887/2199 947/1848/2199 948/1850/2198 1937/1884/2198
f 1940/1887/2199 947/1848/2199 137/1849/2200 817/1889/2200
f 817/1889/2200 137/1849/2200 947/1848/2199 1940/1887/2199
f 1939/1885/2192 1940/1887/2192 817/1889/2201 816/1890/2201
f 816/1890/2201 817/1889/2201 1940/1887/2192 1939/1885/2192
f 1938/1886/2191 1939/1885/2191 816/1890/2202 815/1891/2202
f 815/1891/2202 816/1890/2202 1939/1885/2191 1938/1886/2191
f 953/1892/2203 1938/1886/2203 815/1891/2204 138/1893/2204
f 138/1893/2204 815/1891/2204 1938/1886/2203 953/1892/2203
f 954/1894/2205 1935/1882/2205 1938/1886/2203 953/1892/2203
f 953/1892/2203 1938/1886/2203 1935/1882/2205 954/1894/2205
f 955/1888/2206 1932/1879/2206 1935/1882/2205 954/1894/2205
f 954/1894/2205 1935/1882/2205 1932/1879/2206 955/1888/2206
f 1941/1895/2207 1942/1896/2207 1945/1897/2208 1944/1898/2208
f 1944/1898/2208 1945/1897/2208 1942/1896/2207 1941/1895/2207
f 1942/1896/2209 1943/1899/2209 1946/1900/2210 1945/1897/2210
f 1945/1897/2210 1946/1900/2210 1943/1899/2209 1942/1896/2209
f 1944/1898/2208 1945/1897/2208 1948/1901/2211 1947/1902/2211
f 1947/1902/2211 1948/1901/2211 1945/1897/2208 1944/1898/2208
f 1945/1897/2210 1946/1900/2210 1949/1903/2212 1948/1901/2212
f 1948/1901/2212 1949/1903/2212 1946/1900/2210 1945/1897/2210
f 37/1448/2213 707/1468/2213 1941/1895/2214 950/1860/2215
f 950/1860/2215 1941/1895/2214 707/1468/2213 37/1448/2213
f 707/1468/2216 708/1467/2216 1942/1896/2207 1941/1895/2207
f 1941/1895/2207 1942/1896/2207 708/1467/2216 707/1468/2216
f 708/1467/2217 709/1465/2217 1943/1899/2209 1942/1896/2209
f 1942/1896/2209 1943/1899/2209 709/1465/2217 708/1467/2217
f 709/1465/2218 38/1464/2218 956/1904/2219 1943/1899/2220
f 1943/1899/2220 956/1904/2219 38/1464/2218 709/1465/2218
f 1943/1899/2220 956/1904/2219 957/1905/2221 1946/1900/2221
f 1946/1900/2221 957/1905/2221 956/1904/2219 1943/1899/2220
f 1946/1900/2221 957/1905/2221 958/1906/2222 1949/1903/2222
f 1949/1903/2222 958/1906/2222 957/1905/2221 1946/1900/2221
f 1949/1903/2222 958/1906/2222 154/1907/2223 862/1908/2223
f 862/1908/2223 154/1907/2223 958/1906/2222 1949/1903/2222
f 1948/1901/2212 1949/1903/2212 862/1908/2224 861/1909/2224
f 861/1909/2224 862/1908/2224 1949/1903/2212 1948/1901/2212
f 1947/1902/2211 1948/1901/2211 861/1909/2225 860/1910/2225
f 860/1910/2225 861/1909/2225 1948/1901/2211 1947/1902/2211
f 952/1862/2226 1947/1902/2226 860/1910/2227 153/1863/2227
f 153/1863/2227 860/1910/2227 1947/1902/2226 952/1862/2226
f 951/1861/2228 1944/1898/2228 1947/1902/2226 952/1862/2226
f 952/1862/2226 1947/1902/2226 1944/1898/2228 951/1861/2228
f 950/1860/2215 1941/1895/2214 1944/1898/2228 951/1861/2228
f 951/1861/2228 1944/1898/2228 1941/1895/2214 950/1860/2215
f 1950/1911/2229 1951/1912/2229 1954/1913/2230 1953/1914/2230
f 1953/1914/2230 1954/1913/2230 1951/1912/2229 1950/1911/2229
f 1951/1912/2231 1952/1915/2231 1955/1916/2232 1954/1913/2232
f 1954/1913/2232 1955/1916/2232 1952/1915/2231 1951/1912/2231
f 1953/1914/2230 1954/1913/2230 1957/1917/2233 1956/1918/2233
f 1956/1918/2233 1957/1917/2233 1954/1913/2230 1953/1914/2230
f 1954/1913/2232 1955/1916/2232 1958/1919/2234 1957/1917/2234
f 1957/1917/2234 1958/1919/2234 1955/1916/2232 1954/1913/2232
f 29/1357/2235 686/1356/2235 1950/1911/2235 932/1764/2235
f 932/1764/2235 1950/1911/2235 686/1356/2235 29/1357/2235
f 686/1356/2236 687/1355/2236 1951/1912/2236 1950/1911/2236
f 1950/1911/2236 1951/1912/2236 687/1355/2236 686/1356/2236
f 687/1355/2237 688/1353/2237 1952/1915/2237 1951/1912/2237
f 1951/1912/2237 1952/1915/2237 688/1353/2237 687/1355/2237
f 688/1353/2238 31/739/2238 886/741/2238 1952/1915/2238
f 1952/1915/2238 886/741/2238 31/739/2238 688/1353/2238
f 1952/1915/2239 886/741/2239 885/754/2240 1955/1916/2240
f 1955/1916/2240 885/754/2240 886/741/2239 1952/1915/2239
f 1955/1916/2240 885/754/2240 884/752/2241 1958/1919/2241
f 1958/1919/2241 884/752/2241 885/754/2240 1955/1916/2240
f 1958/1919/2241 884/752/2241 147/753/2242 841/1920/2242
f 841/1920/2242 147/753/2242 884/752/2241 1958/1919/2241
f 1957/1917/2234 1958/1919/2234 841/1920/2243 840/1921/2243
f 840/1921/2243 841/1920/2243 1958/1919/2234 1957/1917/2234
f 1956/1918/2233 1957/1917/2233 840/1921/2244 839/1922/2244
f 839/1922/2244 840/1921/2244 1957/1917/2233 1956/1918/2233
f 934/1766/2245 1956/1918/2245 839/1922/2246 146/1767/2246
f 146/1767/2246 839/1922/2246 1956/1918/2245 934/1766/2245
f 933/1765/2247 1953/1914/2247 1956/1918/2245 934/1766/2245
f 934/1766/2245 1956/1918/2245 1953/1914/2247 933/1765/2247
f 932/1764/2248 1950/1911/2248 1953/1914/2247 933/1765/2247
f 933/1765/2247 1953/1914/2247 1950/1911/2248 932/1764/2248
f 1959/1923/2249 1960/1924/2249 1963/1925/2250 1962/1926/2250
f 1962/1926/2250 1963/1925/2250 1960/1924/2249 1959/1923/2249
f 1960/1924/2251 1961/1927/2251 1964/1928/2252 1963/1925/2252
f 1963/1925/2252 1964/1928/2252 1961/1927/2251 1960/1924/2251
f 1962/1926/2250 1963/1925/2250 1966/1929/2253 1965/1930/2253
f 1965/1930/2253 1966/1929/2253 1963/1925/2250 1962/1926/2250
f 1963/1925/2252 1964/1928/2252 1967/1931/2254 1966/1929/2254
f 1966/1929/2254 1967/1931/2254 1964/1928/2252 1963/1925/2252
f 48/1244/2255 665/1243/2255 1959/1923/2255 887/1581/2255
f 887/1581/2255 1959/1923/2255 665/1243/2255 48/1244/2255
f 665/1243/2256 666/1242/2256 1960/1924/2256 1959/1923/2256
f 1959/1923/2256 1960/1924/2256 666/1242/2256 665/1243/2256
f 666/1242/2257 667/1241/2257 1961/1927/2257 1960/1924/2257
f 1960/1924/2257 1961/1927/2257 667/1241/2257 666/1242/2257
f 667/1241/2258 49/1228/2258 955/1888/2258 1961/1927/2258
f 1961/1927/2258 955/1888/2258 49/1228/2258 667/1241/2258
f 1961/1927/2259 955/1888/2259 954/1894/2260 1964/1928/2260
f 1964/1928/2260 954/1894/2260 955/1888/2259 1961/1927/2259
f 1964/1928/2260 954/1894/2260 953/1892/2261 1967/1931/2261
f 1967/1931/2261 953/1892/2261 954/1894/2260 1964/1928/2260
f 1967/1931/2261 953/1892/2261 138/1893/2262 820/1932/2262
f 820/1932/2262 138/1893/2262 953/1892/2261 1967/1931/2261
f 1966/1929/2254 1967/1931/2254 820/1932/2263 819/1933/2263
f 819/1933/2263 820/1932/2263 1967/1931/2254 1966/1929/2254
f 1965/1930/2253 1966/1929/2253 819/1933/2264 818/1934/2264
f 818/1934/2264 819/1933/2264 1966/1929/2253 1965/1930/2253
f 889/1583/2265 1965/1930/2265 818/1934/2266 139/1584/2266
f 139/1584/2266 818/1934/2266 1965/1930/2265 889/1583/2265
f 888/1582/2267 1962/1926/2267 1965/1930/2265 889/1583/2265
f 889/1583/2265 1965/1930/2265 1962/1926/2267 888/1582/2267
f 887/1581/2268 1959/1923/2268 1962/1926/2267 888/1582/2267
f 888/1582/2267 1962/1926/2267 1959/1923/2268 887/1581/2268
f 1968/1935/2269 1969/1936/2269 1972/1937/2270 1971/1938/2270
f 1971/1938/2270 1972/1937/2270 1969/1936/2269 1968/1935/2269
f 1969/1936/2271 1970/1939/2271 1973/1940/2272 1972/1937/2273
f 1972/1937/2273 1973/1940/2272 1970/1939/2271 1969/1936/2271
f 1971/1938/2270 1972/1937/2270 1975/1941/2274 1974/1942/2274
f 1974/1942/2274 1975/1941/2274 1972/1937/2270 1971/1938/2270
f 1972/1937/2273 1973/1940/2272 1976/1943/2275 1975/1941/2275
f 1975/1941/2275 1976/1943/2275 1973/1940/2272 1972/1937/2273
f 38/1464/2276 710/1484/2276 1968/1935/2277 956/1904/2278
f 956/1904/2278 1968/1935/2277 710/1484/2276 38/1464/2276
f 710/1484/2279 711/1483/2279 1969/1936/2269 1968/1935/2269
f 1968/1935/2269 1969/1936/2269 711/1483/2279 710/1484/2279
f 711/1483/2280 712/1481/2280 1970/1939/2271 1969/1936/2271
f 1969/1936/2271 1970/1939/2271 712/1481/2280 711/1483/2280
f 712/1481/2281 39/1480/2281 898/1600/2282 1970/1939/2283
f 1970/1939/2283 898/1600/2282 39/1480/2281 712/1481/2281
f 1970/1939/2283 898/1600/2282 897/1610/2284 1973/1940/2284
f 1973/1940/2284 897/1610/2284 898/1600/2282 1970/1939/2283
f 1973/1940/2284 897/1610/2284 896/1608/2285 1976/1943/2285
f 1976/1943/2285 896/1608/2285 897/1610/2284 1973/1940/2284
f 1976/1943/2285 896/1608/2285 155/1609/2286 865/1944/2286
f 865/1944/2286 155/1609/2286 896/1608/2285 1976/1943/2285
f 1975/1941/2275 1976/1943/2275 865/1944/2287 864/1945/2287
f 864/1945/2287 865/1944/2287 1976/1943/2275 1975/1941/2275
f 1974/1942/2274 1975/1941/2274 864/1945/2288 863/1946/2288
f 863/1946/2288 864/1945/2288 1975/1941/2274 1974/1942/2274
f 958/1906/2289 1974/1942/2289 863/1946/2290 154/1907/2290
f 154/1907/2290 863/1946/2290 1974/1942/2289 958/1906/2289
f 957/1905/2291 1971/1938/2291 1974/1942/2289 958/1906/2289
f 958/1906/2289 1974/1942/2289 1971/1938/2291 957/1905/2291
f 956/1904/2278 1968/1935/2277 1971/1938/2291 957/1905/2291
f 957/1905/2291 1971/1938/2291 1968/1935/2277 956/1904/2278
l 10 449
l 449 450
l 450 451
l 451 11
l 9 455
l 455 456
l 456 457
l 457 10
l 8 461
l 461 462
l 462 463
l 463 9
l 7 467
l 467 468
l 468 469
l 469 8
l 105 470
l 470 471
l 471 472
l 472 79
l 5 476
l 476 477
l 477 478
l 478 7
l 5 479
l 479 480
l 480 481
l 481 79
l 80 482
l 482 483
l 483 484
l 484 81
l 79 485
l 485 486
l 486 487
l 487 80
l 1 488
l 488 489
l 489 490
l 490 5
l 2 491
l 491 492
l 492 493
l 493 18
o Plane
v 4.543281 1.092265 1.604088
v 4.543281 0.292265 1.604088
v 4.543281 1.092265 0.804088
v 4.543281 0.292265 0.804088
vn 1.0000 -0.0000 -0.0000
vt 0.000000 0.000000
vt 1.000000 0.000000
vt 1.000000 1.000000
vt 0.000000 1.000000
s 1
usemtl Material.004
f 1977/1947/2292 1978/1948/2292 1980/1949/2292 1979/1950/2292
f 1979/1950/2292 1980/1949/2292 1978/1948/2292 1977/1947/2292
o Plane.001
v 4.519645 1.122830 -0.561514
v 4.519645 0.322830 -0.561514
v 4.519645 1.122830 -1.361514
v 4.519645 0.322830 -1.361514
vn 1.0000 -0.0000 -0.0000
vt 0.000000 0.000000
vt 1.000000 0.000000
vt 1.000000 1.000000
vt 0.000000 1.000000
s 1
usemtl Material.001
f 1981/1951/2293 1982/1952/2293 1984/1953/2293 1983/1954/2293
f 1983/1954/2293 1984/1953/2293 1982/1952/2293 1981/1951/2293
o Sphere
v 0.000000 3.990307 -0.000000
v 0.000000 3.304577 -2.193905
v 0.000000 2.208048 -3.283411
v 0.000000 0.775363 -3.873047
v 0.000000 -0.000000 -3.974380
v 0.155881 3.895167 -0.783669
v 0.294818 3.671849 -1.482151
v 0.428010 3.304577 -2.151750
v 0.544753 2.810312 -2.738658
v 0.640562 2.208048 -3.220321
v 0.711754 1.520930 -3.578229
v 0.755594 0.775363 -3.798628
v 0.775363 -0.000000 -3.898014
v 0.305772 3.895167 -0.738200
v 0.578307 3.671849 -1.396156
v 0.839571 3.304577 -2.026904
v 1.068571 2.810312 -2.579760
v 1.256507 2.208048 -3.033476
v 1.396156 1.520930 -3.370618
v 1.482151 0.775363 -3.578229
v 1.520930 -0.000000 -3.671849
v 0.443913 3.895167 -0.664362
v 0.839571 3.671849 -1.256507
v 1.218868 3.304577 -1.824165
v 1.551325 2.810312 -2.321722
v 1.824165 2.208048 -2.730056
v 2.026904 1.520930 -3.033476
v 2.151750 0.775363 -3.220321
v 2.208048 -0.000000 -3.304576
v 0.564994 3.895167 -0.564994
v 1.068571 3.671849 -1.068571
v 1.551325 3.304577 -1.551325
v 1.974462 2.810312 -1.974462
v 2.321722 2.208048 -2.321722
v 2.579759 1.520930 -2.579759
v 2.738658 0.775363 -2.738658
v 2.810312 -0.000000 -2.810311
v 0.664362 3.895167 -0.443913
v 1.256507 3.671849 -0.839571
v 1.824165 3.304577 -1.218868
v 2.321722 2.810312 -1.551325
v 2.730057 2.208048 -1.824165
v 3.033476 1.520930 -2.026904
v 3.220321 0.775363 -2.151749
v 3.304577 -0.000000 -2.208047
v 0.738200 3.895167 -0.305772
v 1.396156 3.671849 -0.578307
v 2.026904 3.304577 -0.839571
v 2.582077 2.808040 -1.067322
v 3.024246 2.205891 -1.293116
v 3.348840 1.528651 -1.459826
v 3.555941 0.782969 -1.547716
v 3.651993 -0.000000 -1.586383
v 0.783669 3.895167 -0.155881
v 1.482151 3.671849 -0.294818
v 2.151750 3.304577 -0.428010
v 2.699418 2.859391 -0.537568
v 0.799022 3.895167 -0.000000
v 1.511188 3.671849 -0.000000
v 2.193905 3.304577 -0.000000
v 2.725537 2.892152 -0.000000
v 0.783668 3.895167 0.155881
v 1.482151 3.671849 0.294818
v 2.151749 3.304577 0.428010
v 2.699558 2.861248 0.531882
v 0.738200 3.895167 0.305772
v 1.396156 3.671849 0.578307
v 2.026904 3.304577 0.839571
v 2.582217 2.809897 1.061635
v 3.026274 2.207748 1.281201
v 3.351664 1.528651 1.450519
v 3.558430 0.782969 1.539509
v 3.654326 0.000000 1.578689
v 0.664362 3.895167 0.443913
v 1.256507 3.671849 0.839571
v 1.824165 3.304577 1.218868
v 2.321722 2.810311 1.551325
v 2.730056 2.208048 1.824165
v 3.033476 1.520930 2.026904
v 3.220320 0.775363 2.151750
v 3.304575 0.000000 2.208047
v 0.564993 3.895167 0.564993
v 1.068571 3.671849 1.068571
v 1.551325 3.304577 1.551325
v 1.974462 2.810312 1.974462
v 2.321722 2.208048 2.321722
v 2.579759 1.520930 2.579759
v 2.738657 0.775363 2.738658
v 2.810309 0.000000 2.810311
v 0.443912 3.895167 0.664362
v 0.839571 3.671849 1.256507
v 1.218868 3.304577 1.824165
v 1.551325 2.810312 2.321722
v 1.824165 2.208048 2.730056
v 2.026904 1.520930 3.033476
v 2.151749 0.775363 3.220321
v 2.208045 0.000000 3.304576
v 0.305772 3.895167 0.738199
v 0.578306 3.671849 1.396156
v 0.839571 3.304577 2.026904
v 1.068571 2.810312 2.579759
v 1.256506 2.208048 3.033476
v 1.396155 1.520930 3.370618
v 1.482150 0.775363 3.578228
v 1.520928 0.000000 3.671848
v 0.155881 3.895167 0.783668
v 0.294818 3.671849 1.482151
v 0.428009 3.304577 2.151749
v 0.544753 2.810312 2.738657
v 0.640561 2.208048 3.220320
v 0.711754 1.520930 3.578228
v 0.755593 0.775363 3.798627
v 0.775362 0.000000 3.898012
v 0.000000 3.895167 0.799021
v 0.000000 3.671849 1.511188
v 0.000000 3.304577 2.193904
v 0.000000 2.810312 2.792311
v 0.000000 2.208048 3.283410
v 0.000000 1.520930 3.648330
v -0.000001 0.775363 3.873046
v -0.000001 0.000000 3.974378
v -0.155881 3.895167 0.783668
v -0.294818 3.671849 1.482151
v -0.428010 3.304577 2.151749
v -0.544753 2.810312 2.738658
v -0.640562 2.208048 3.220320
v -0.711754 1.520930 3.578228
v -0.755594 0.775363 3.798627
v -0.775364 0.000000 3.898011
v -0.305772 3.895167 0.738199
v -0.578307 3.671849 1.396155
v -0.839571 3.304577 2.026903
v -1.068571 2.810312 2.579759
v -1.256507 2.208048 3.033475
v -1.396155 1.520930 3.370617
v -1.482151 0.775363 3.578228
v -1.520930 0.000000 3.671846
v -0.443912 3.895167 0.664362
v -0.839571 3.671849 1.256506
v -1.218868 3.304577 1.824165
v -1.551325 2.810312 2.321721
v -1.824165 2.208048 2.730055
v -2.026903 1.520930 3.033476
v -2.151750 0.775363 3.220320
v -2.208047 0.000000 3.304574
v -0.564993 3.895167 0.564993
v -1.068571 3.671849 1.068571
v -1.551325 3.304577 1.551324
v -1.974462 2.810312 1.974462
v -2.321722 2.208048 2.321721
v -2.579759 1.520930 2.579758
v -2.738658 0.775363 2.738657
v -2.810311 0.000000 2.810308
v -0.664362 3.895167 0.443912
v -1.256507 3.671849 0.839570
v -1.824165 3.304577 1.218867
v -2.321722 2.810312 1.551324
v -2.730056 2.208048 1.824165
v -3.033475 1.520930 2.026903
v -3.220320 0.775363 2.151748
v -3.304575 0.000000 2.208045
v -0.738199 3.895167 0.305772
v -1.396155 3.671849 0.578306
v -2.026903 3.304577 0.839570
v -2.579759 2.810312 1.068571
v -3.033475 2.208048 1.256506
v -3.370617 1.520930 1.396155
v -3.578228 0.775363 1.482149
v -3.671846 0.000000 1.520927
v -0.783668 3.895167 0.155881
v -1.482150 3.671849 0.294818
v -2.151749 3.304577 0.428009
v -2.738657 2.810312 0.544753
v -3.220320 2.208048 0.640561
v -3.578228 1.520930 0.711754
v -3.798626 0.775363 0.755593
v -3.898011 0.000000 0.775361
v -0.799021 3.895167 -0.000000
v -1.511187 3.671849 -0.000000
v -2.193904 3.304577 -0.000000
v -2.792311 2.810312 -0.000000
v -3.283409 2.208048 -0.000000
v -3.648329 1.520929 -0.000000
v -3.873046 0.775363 -0.000001
v -3.974377 -0.000000 -0.000002
v -0.783668 3.895167 -0.155881
v -1.482150 3.671849 -0.294818
v -2.151748 3.304577 -0.428010
v -2.738657 2.810311 -0.544753
v -3.220320 2.208048 -0.640562
v -3.578228 1.520930 -0.711754
v -3.798626 0.775363 -0.755595
v -3.898010 -0.000000 -0.775364
v -0.738199 3.895167 -0.305772
v -1.396155 3.671849 -0.578307
v -2.026902 3.304577 -0.839571
v -2.579758 2.810312 -1.068571
v -3.033475 2.208048 -1.256507
v -3.370616 1.520930 -1.396156
v -3.578227 0.775363 -1.482151
v -3.671845 -0.000000 -1.520930
v -0.664362 3.895167 -0.443912
v -1.256506 3.671849 -0.839571
v -1.824164 3.304577 -1.218868
v -2.321721 2.810312 -1.551325
v -2.730055 2.208048 -1.824165
v -3.033474 1.520930 -2.026903
v -3.220319 0.775363 -2.151750
v -3.304572 -0.000000 -2.208047
v -0.564993 3.895167 -0.564993
v -1.068570 3.671849 -1.068571
v -1.551324 3.304577 -1.551324
v -1.974462 2.810312 -1.974462
v -2.321720 2.208048 -2.321721
v -2.579758 1.520930 -2.579758
v -2.738656 0.775363 -2.738657
v -2.810307 -0.000000 -2.810310
v -0.443912 3.895167 -0.664362
v -0.839570 3.671849 -1.256506
v -1.218867 3.304577 -1.824165
v -1.551324 2.810312 -2.321722
v -1.824164 2.208048 -2.730055
v -2.026903 1.520930 -3.033475
v -2.151748 0.775363 -3.220320
v -2.208044 -0.000000 -3.304574
v -0.305772 3.895167 -0.738199
v -0.578306 3.671849 -1.396155
v -0.839570 3.304577 -2.026903
v -1.068570 2.810312 -2.579759
v -1.256506 2.208048 -3.033475
v -1.396155 1.520930 -3.370616
v -1.482149 0.775363 -3.578228
v -1.520926 -0.000000 -3.671845
v -0.155881 3.895167 -0.783668
v -0.294818 3.671849 -1.482150
v -0.428009 3.304577 -2.151748
v -0.544752 2.810312 -2.738657
v -0.640561 2.208048 -3.220320
v -0.711753 1.520930 -3.578227
v -0.755593 0.775363 -3.798626
v -0.775361 -0.000000 -3.898011
v 0.000000 3.895167 -0.799021
v 0.000000 3.671849 -1.511188
v 0.000000 2.810312 -2.792311
v 0.000000 1.520930 -3.648330
v 3.699678 0.769878 -1.173084
v 3.773097 0.128028 -1.231761
v 2.903926 2.671602 -0.501224
v 2.912449 2.615671 -0.694252
v 3.163204 2.197809 -1.017347
v 3.129060 2.257715 -0.987304
v 3.043460 2.386720 -0.906530
v 2.961170 2.520578 -0.801189
v 3.223640 2.059756 -1.073034
v 3.307400 1.880243 -1.125869
v 3.475115 1.552068 -1.170007
v 3.399782 1.696399 -1.158213
v 3.533265 1.385514 -1.172778
v 2.903926 2.713324 -0.000000
v 2.903926 2.676349 0.487866
v 3.237645 2.059755 1.026866
v 3.177209 2.197809 0.971180
v 3.489120 1.552068 1.123840
v 3.321404 1.880243 1.079702
v 3.413787 1.696399 1.112045
v 3.547270 1.385514 1.126610
v 3.713682 0.769878 1.126917
v 3.784803 0.128028 1.193168
v 2.973532 2.523665 0.751751
v 2.917430 2.626035 0.648675
v 2.904581 2.653916 0.612586
v 3.143065 2.257715 0.941136
v 3.057465 2.386720 0.860363
v 0.273693 2.810311 -2.778855
v 0.000000 3.072226 -2.505162
v 0.215040 3.304577 -2.183332
v 0.488733 3.072226 -2.457026
v 0.321829 2.208048 -3.267588
v 0.000000 2.521311 -3.052548
v 0.595523 2.521311 -2.993895
v 0.357598 1.520930 -3.630748
v 0.000000 1.873503 -3.482626
v 0.679427 1.873503 -3.415709
v 0.379624 0.775363 -3.854382
v 0.000000 1.153697 -3.778870
v 0.737221 1.153697 -3.706261
v 0.389556 -0.000000 -3.955227
v 0.000000 0.389556 -3.933075
v 0.767305 0.389556 -3.857503
v 0.079029 3.894455 -0.802396
v 0.000000 3.949445 -0.472555
v 0.092191 3.949445 -0.463475
v 0.148122 3.671849 -1.503905
v 0.000000 3.802875 -1.149886
v 0.224332 3.802875 -1.127791
v 0.000000 3.505077 -1.861503
v 0.363161 3.505077 -1.825735
v 0.636855 3.304577 -2.099428
v 0.438673 3.671849 -1.446111
v 0.712366 3.505077 -1.719805
v 0.810562 2.810311 -2.672065
v 0.958684 3.072226 -2.314468
v 0.953120 2.208048 -3.142016
v 1.168160 2.521311 -2.820187
v 1.059051 1.520930 -3.491221
v 1.332744 1.873503 -3.217528
v 1.124282 0.775363 -3.706261
v 1.446111 1.153697 -3.491221
v 1.153697 -0.000000 -3.803231
v 1.505123 0.389556 -3.633689
v 0.234050 3.894455 -0.771561
v 0.180839 3.949445 -0.436584
v 0.440042 3.802875 -1.062356
v 1.825735 0.775363 -3.415709
v 1.719805 1.520930 -3.217528
v 2.099428 1.153697 -3.142016
v 1.873503 -0.000000 -3.505077
v 2.185100 0.389556 -3.270233
v 0.380077 3.894455 -0.711074
v 0.262538 3.949445 -0.392915
v 0.712367 3.671849 -1.332744
v 0.638842 3.802875 -0.956095
v 1.034196 3.304577 -1.934844
v 1.034196 3.505077 -1.547783
v 1.316282 2.810311 -2.462589
v 1.391793 3.072226 -2.082966
v 1.547783 2.208048 -2.895698
v 1.695905 2.521311 -2.538101
v 1.934844 1.873503 -2.895699
v 1.771417 2.810311 -2.158478
v 1.391793 3.304577 -1.695905
v 1.771417 3.072226 -1.771417
v 2.082966 2.208048 -2.538101
v 2.158478 2.521311 -2.158478
v 2.314468 1.520930 -2.820187
v 2.462589 1.873503 -2.462589
v 2.457026 0.775363 -2.993895
v 2.672065 1.153697 -2.672065
v 2.521311 -0.000000 -3.072225
v 2.781105 0.389556 -2.781104
v 0.511498 3.894455 -0.623262
v 0.334147 3.949445 -0.334147
v 0.958684 3.671849 -1.168159
v 0.813092 3.802875 -0.813092
v 1.316281 3.505077 -1.316281
v 3.072226 -0.000000 -2.521310
v 2.993894 0.775363 -2.457025
v 3.270233 0.389556 -2.185100
v 0.623262 3.894455 -0.511498
v 0.392915 3.949445 -0.262538
v 1.168160 3.671849 -0.958684
v 0.956095 3.802875 -0.638842
v 1.695905 3.304577 -1.391793
v 1.547783 3.505077 -1.034196
v 2.158478 2.810311 -1.771417
v 2.082966 3.072226 -1.391793
v 2.538101 2.208048 -2.082966
v 2.538101 2.521311 -1.695905
v 2.820187 1.520930 -2.314468
v 2.895699 1.873503 -1.934844
v 3.142016 1.153697 -2.099428
v 2.462879 2.810027 -1.316125
v 1.934844 3.304577 -1.034196
v 2.314757 3.071942 -0.958528
v 2.894545 2.207778 -1.552359
v 2.823204 2.516214 -1.172565
v 3.214805 1.521895 -1.727763
v 3.200916 1.874428 -1.386842
v 3.412924 0.776314 -1.833930
v 3.466560 1.170825 -1.509583
v 3.502595 -0.000000 -1.881684
v 3.613245 0.390507 -1.571527
v 0.711074 3.894455 -0.380077
v 0.436584 3.949445 -0.180839
v 1.332744 3.671849 -0.712366
v 1.062356 3.802875 -0.440042
v 1.719805 3.505077 -0.712366
v 3.757069 0.405128 -1.180535
v 3.740398 0.016258 -1.366316
v 3.641386 0.790612 -1.332987
v 0.771561 3.894455 -0.234050
v 0.463475 3.949445 -0.092191
v 1.446111 3.671849 -0.438673
v 1.127791 3.802875 -0.224332
v 2.099428 3.304577 -0.636854
v 1.825735 3.505077 -0.363161
v 2.669599 2.814709 -0.806514
v 2.452120 3.078361 -0.487835
v 3.148344 2.228145 -1.003689
v 3.112016 2.201759 -1.093541
v 2.856911 2.702271 -0.556860
v 2.905008 2.645334 -0.627354
v 2.931656 2.573941 -0.748347
v 2.999084 2.457194 -0.854538
v 3.090890 2.314535 -0.953272
v 3.442799 1.614461 -1.166010
v 3.426797 1.542527 -1.270533
v 3.188676 2.139390 -1.042126
v 3.263791 1.971908 -1.101652
v 3.353480 1.787026 -1.144778
v 3.495743 1.502684 -1.171960
v 3.612371 1.123521 -1.173045
v 2.716853 2.886613 -0.268344
v 2.846522 2.778841 -0.000000
v 2.903926 2.699444 -0.279263
v 0.802396 3.894455 -0.079029
v 0.472555 3.949445 -0.000000
v 1.503906 3.671849 -0.148122
v 1.149886 3.802875 -0.000000
v 2.183332 3.304577 -0.215039
v 1.861503 3.505077 -0.000000
v 2.496814 3.082456 -0.000000
v 1.503906 3.671849 0.148122
v 0.802396 3.894455 0.079029
v 1.127791 3.802875 0.224332
v 2.183332 3.304577 0.215040
v 1.825735 3.505077 0.363161
v 2.716871 2.886845 0.267633
v 2.452138 3.078593 0.487124
v 2.903926 2.700037 0.277593
v 2.857209 2.707008 0.542550
v 0.463475 3.949446 0.092191
v 3.202681 2.139390 0.995959
v 3.118663 2.205705 1.060526
v 3.203940 1.874660 1.376220
v 3.435131 1.542527 1.243062
v 3.456804 1.614461 1.119842
v 3.367484 1.787026 1.098611
v 3.277796 1.971908 1.055485
v 3.469286 1.170826 1.500597
v 3.649010 0.790612 1.307851
v 3.626376 1.123521 1.126878
v 3.509748 1.502684 1.125793
v 3.615598 0.390507 1.563769
v 3.747399 0.016258 1.343233
v 3.770781 0.405128 1.135329
v 0.771561 3.894455 0.234050
v 0.436584 3.949445 0.180839
v 1.446111 3.671849 0.438673
v 1.062356 3.802875 0.440042
v 2.099428 3.304577 0.636855
v 1.719804 3.505077 0.712366
v 2.669914 2.818887 0.793719
v 2.314774 3.072174 0.957817
v 2.904009 2.661410 0.585417
v 2.823852 2.520393 1.158672
v 3.162348 2.228145 0.957522
v 3.104894 2.314535 0.907104
v 3.012880 2.457586 0.807955
v 2.940572 2.582667 0.694404
v 2.907213 2.646252 0.625471
v 1.332744 3.671849 0.712366
v 0.711074 3.894455 0.380077
v 0.956095 3.802875 0.638842
v 1.934844 3.304577 1.034196
v 1.547783 3.505077 1.034196
v 2.462896 2.810259 1.315414
v 2.082965 3.072226 1.391793
v 2.894798 2.208010 1.550870
v 2.538101 2.521310 1.695905
v 3.215158 1.521895 1.726600
v 2.895698 1.873503 1.934844
v 3.413234 0.776314 1.832904
v 3.142015 1.153697 2.099428
v 3.502885 0.000000 1.880723
v 3.270232 0.389556 2.185100
v 0.392915 3.949446 0.262538
v 2.820186 1.520930 2.314467
v 2.538101 2.208048 2.082966
v 2.462589 1.873503 2.462589
v 2.993894 0.775363 2.457026
v 2.672065 1.153697 2.672065
v 3.072224 0.000000 2.521310
v 2.781104 0.389556 2.781104
v 0.623262 3.894455 0.511498
v 0.334147 3.949445 0.334147
v 1.168159 3.671849 0.958684
v 0.813092 3.802875 0.813092
v 1.695904 3.304577 1.391793
v 1.316281 3.505077 1.316281
v 2.158477 2.810311 1.771417
v 1.771416 3.072226 1.771417
v 2.158477 2.521311 2.158477
v 1.391793 3.304577 1.695905
v 0.958684 3.671849 1.168160
v 1.034195 3.505077 1.547783
v 1.771417 2.810311 2.158478
v 1.391793 3.072226 2.082965
v 2.082965 2.208048 2.538101
v 1.695905 2.521311 2.538101
v 2.314467 1.520930 2.820187
v 1.934844 1.873503 2.895698
v 2.457025 0.775363 2.993894
v 2.099428 1.153697 3.142016
v 2.521308 0.000000 3.072225
v 2.185099 0.389556 3.270233
v 0.511498 3.894455 0.623262
v 0.262538 3.949445 0.392915
v 0.638842 3.802875 0.956095
v 1.825734 0.775363 3.415709
v 1.719804 1.520930 3.217527
v 1.446111 1.153697 3.491221
v 1.873501 0.000000 3.505076
v 1.505122 0.389556 3.633687
v 0.380077 3.894455 0.711074
v 0.180839 3.949445 0.436584
v 0.712366 3.671849 1.332744
v 0.440042 3.802875 1.062356
v 1.034195 3.304577 1.934844
v 0.712366 3.505077 1.719804
v 1.316281 2.810311 2.462589
v 0.958684 3.072226 2.314467
v 1.547783 2.208048 2.895698
v 1.168159 2.521311 2.820187
v 1.332743 1.873503 3.217527
v 0.636854 3.304577 2.099427
v 0.438673 3.671849 1.446111
v 0.363161 3.505077 1.825734
v 0.810562 2.810311 2.672065
v 0.488732 3.072226 2.457025
v 0.953120 2.208048 3.142016
v 0.595522 2.521311 2.993894
v 1.059050 1.520930 3.491221
v 0.679427 1.873503 3.415709
v 1.124281 0.775363 3.706260
v 0.737221 1.153697 3.706260
v 1.153696 0.000000 3.803229
v 0.767304 0.389556 3.857502
v 0.234050 3.894455 0.771560
v 0.092191 3.949445 0.463475
v 0.224331 3.802875 1.127791
v 0.379623 0.775363 3.854381
v 0.357597 1.520930 3.630748
v 0.000000 1.153697 3.778870
v 0.389554 0.000000 3.955225
v -0.000001 0.389556 3.933075
v 0.079029 3.894455 0.802396
v 0.000000 3.949445 0.472555
v 0.148121 3.671849 1.503905
v 0.000000 3.802875 1.149886
v 0.215039 3.304577 2.183332
v 0.000000 3.505077 1.861503
v 0.273693 2.810311 2.778855
v 0.000000 3.072226 2.505161
v 0.321829 2.208048 3.267587
v 0.000000 2.521311 3.052548
v 0.000000 1.873503 3.482626
v -0.273693 2.810311 2.778855
v -0.215040 3.304577 2.183331
v -0.488733 3.072226 2.457025
v -0.321829 2.208048 3.267587
v -0.595523 2.521311 2.993894
v -0.357598 1.520930 3.630748
v -0.679427 1.873503 3.415709
v -0.379624 0.775363 3.854382
v -0.737221 1.153697 3.706260
v -0.389557 0.000000 3.955225
v -0.767306 0.389556 3.857502
v -0.079029 3.894455 0.802396
v -0.092191 3.949445 0.463475
v -0.148122 3.671849 1.503905
v -0.224332 3.802875 1.127791
v -0.363161 3.505077 1.825734
v -1.153698 0.000000 3.803227
v -1.124282 0.775363 3.706259
v -1.505123 0.389556 3.633687
v -0.234050 3.894455 0.771560
v -0.180839 3.949445 0.436584
v -0.438673 3.671849 1.446111
v -0.440042 3.802875 1.062356
v -0.636855 3.304577 2.099427
v -0.712366 3.505077 1.719804
v -0.810562 2.810311 2.672065
v -0.958684 3.072226 2.314467
v -0.953120 2.208048 3.142015
v -1.168160 2.521311 2.820186
v -1.059050 1.520930 3.491220
v -1.332744 1.873503 3.217527
v -1.446111 1.153697 3.491220
v -1.547783 2.208048 2.895698
v -1.316281 2.810311 2.462589
v -1.695905 2.521311 2.538100
v -1.719804 1.520930 3.217527
v -1.934844 1.873503 2.895697
v -1.825735 0.775363 3.415708
v -2.099428 1.153697 3.142015
v -1.873503 0.000000 3.505074
v -2.185100 0.389556 3.270231
v -0.380077 3.894455 0.711074
v -0.262538 3.949445 0.392915
v -0.712366 3.671849 1.332743
v -0.638842 3.802875 0.956095
v -1.034196 3.304577 1.934843
v -1.034195 3.505077 1.547782
v -1.391793 3.072226 2.082965
v -0.511498 3.894455 0.623262
v -0.334147 3.949445 0.334147
v -0.958684 3.671849 1.168159
v -0.813092 3.802875 0.813092
v -1.391793 3.304577 1.695904
v -1.316281 3.505077 1.316281
v -1.771417 2.810311 2.158477
v -1.771416 3.072226 1.771416
v -2.082965 2.208048 2.538100
v -2.158477 2.521311 2.158477
v -2.314467 1.520930 2.820186
v -2.462589 1.873503 2.462588
v -2.457026 0.775363 2.993893
v -2.672065 1.153697 2.672064
v -2.521310 0.000000 3.072223
v -2.781104 0.389556 2.781102
v -2.538100 2.208048 2.082964
v -2.158477 2.810311 1.771416
v -2.538100 2.521311 1.695904
v -2.820186 1.520930 2.314467
v -2.895698 1.873503 1.934843
v -2.993894 0.775363 2.457024
v -3.142016 1.153697 2.099427
v -3.072224 0.000000 2.521307
v -3.270232 0.389556 2.185098
v -0.623262 3.894455 0.511497
v -0.392915 3.949445 0.262538
v -1.168159 3.671849 0.958683
v -0.956095 3.802875 0.638842
v -1.695904 3.304577 1.391792
v -1.547783 3.505077 1.034195
v -2.082965 3.072226 1.391792
v -1.332743 3.671849 0.712366
v -0.711074 3.894455 0.380077
v -1.062356 3.802875 0.440042
v -1.934843 3.304577 1.034195
v -1.719804 3.505077 0.712366
v -2.462589 2.810311 1.316281
v -2.314467 3.072226 0.958683
v -2.895698 2.208048 1.547782
v -2.820186 2.521311 1.168159
v -3.217527 1.520930 1.719804
v -3.217527 1.873503 1.332743
v -3.415709 0.775363 1.825733
v -3.491220 1.153697 1.446110
v -3.505075 0.000000 1.873500
v -3.633687 0.389556 1.505121
v -0.436584 3.949445 0.180839
v -3.491220 1.520930 1.059050
v -3.142015 2.208048 0.953120
v -3.415709 1.873503 0.679426
v -3.706259 0.775363 1.124281
v -3.706260 1.153697 0.737220
v -3.803227 0.000000 1.153695
v -3.857501 0.389556 0.767303
v -0.771560 3.894455 0.234050
v -0.463475 3.949445 0.092191
v -1.446110 3.671849 0.438673
v -1.127791 3.802875 0.224331
v -2.099427 3.304577 0.636854
v -1.825734 3.505077 0.363161
v -2.672065 2.810311 0.810562
v -2.457025 3.072226 0.488732
v -2.993894 2.521311 0.595522
v -1.503905 3.671849 0.148121
v -0.802396 3.894455 0.079029
v -1.149885 3.802875 -0.000000
v -2.183331 3.304577 0.215039
v -1.861502 3.505077 -0.000000
v -2.778854 2.810312 0.273693
v -2.505160 3.072226 -0.000000
v -3.267586 2.208048 0.321829
v -3.052547 2.521311 -0.000000
v -3.630748 1.520930 0.357597
v -3.482626 1.873503 -0.000000
v -3.854381 0.775363 0.379622
v -3.778869 1.153697 -0.000001
v -3.955224 0.000000 0.389554
v -3.933074 0.389556 -0.000001
v -0.472555 3.949445 -0.000000
v -3.630748 1.520930 -0.357598
v -3.267586 2.208047 -0.321830
v -3.415708 1.873503 -0.679427
v -3.854380 0.775363 -0.379624
v -3.706259 1.153697 -0.737221
v -3.955224 -0.000000 -0.389557
v -3.857501 0.389556 -0.767306
v -0.802396 3.894455 -0.079029
v -0.463475 3.949445 -0.092191
v -1.503905 3.671849 -0.148122
v -1.127790 3.802875 -0.224332
v -2.183331 3.304577 -0.215040
v -1.825733 3.505077 -0.363161
v -2.778854 2.810311 -0.273694
v -2.457025 3.072226 -0.488733
v -2.993893 2.521310 -0.595523
v -2.099427 3.304577 -0.636855
v -1.446110 3.671849 -0.438673
v -1.719803 3.505077 -0.712366
v -2.672064 2.810311 -0.810562
v -2.314466 3.072226 -0.958684
v -3.142015 2.208048 -0.953120
v -2.820186 2.521311 -1.168160
v -3.491220 1.520930 -1.059050
v -3.217527 1.873503 -1.332744
v -3.706259 0.775363 -1.124282
v -3.491220 1.153697 -1.446111
v -3.803226 -0.000000 -1.153698
v -3.633686 0.389556 -1.505123
v -0.771560 3.894455 -0.234050
v -0.436584 3.949445 -0.180839
v -1.062356 3.802875 -0.440042
v -3.415707 0.775363 -1.825735
v -3.217527 1.520930 -1.719804
v -3.142015 1.153697 -2.099428
v -3.505073 -0.000000 -1.873503
v -3.270230 0.389556 -2.185100
v -0.711074 3.894455 -0.380077
v -0.392915 3.949445 -0.262538
v -1.332743 3.671849 -0.712366
v -0.956095 3.802875 -0.638842
v -1.934842 3.304577 -1.034195
v -1.547782 3.505077 -1.034195
v -2.462588 2.810311 -1.316281
v -2.082964 3.072226 -1.391793
v -2.895697 2.208048 -1.547783
v -2.538100 2.521311 -1.695905
v -2.895697 1.873503 -1.934844
v -2.158477 2.810311 -1.771416
v -1.695904 3.304577 -1.391793
v -1.771416 3.072226 -1.771416
v -2.538100 2.208048 -2.082965
v -2.158476 2.521311 -2.158477
v -2.820185 1.520930 -2.314467
v -2.462587 1.873503 -2.462589
v -2.993892 0.775363 -2.457026
v -2.672063 1.153697 -2.672064
v -3.072221 -0.000000 -2.521309
v -2.781102 0.389556 -2.781104
v -0.623261 3.894455 -0.511498
v -0.334147 3.949445 -0.334147
v -1.168159 3.671849 -0.958683
v -0.813092 3.802875 -0.813092
v -1.316280 3.505077 -1.316281
v -2.521307 -0.000000 -3.072224
v -2.457024 0.775363 -2.993893
v -2.185097 0.389556 -3.270231
v -0.511497 3.894455 -0.623261
v -0.262538 3.949445 -0.392915
v -0.958683 3.671849 -1.168159
v -0.638842 3.802875 -0.956095
v -1.391792 3.304577 -1.695904
v -1.034194 3.505077 -1.547782
v -1.771416 2.810311 -2.158477
v -1.391792 3.072226 -2.082965
v -2.082964 2.208048 -2.538100
v -1.695904 2.521311 -2.538100
v -2.314466 1.520930 -2.820186
v -1.934843 1.873503 -2.895697
v -2.099427 1.153697 -3.142015
v -1.316280 2.810311 -2.462589
v -1.034194 3.304577 -1.934843
v -0.958683 3.072226 -2.314467
v -1.547782 2.208048 -2.895697
v -1.168159 2.521311 -2.820186
v -1.719803 1.520930 -3.217527
v -1.332743 1.873503 -3.217526
v -1.825733 0.775363 -3.415708
v -1.446110 1.153697 -3.491220
v -1.873499 -0.000000 -3.505074
v -1.505120 0.389556 -3.633686
v -0.380077 3.894455 -0.711074
v -0.180839 3.949445 -0.436584
v -0.712366 3.671849 -1.332743
v -0.440042 3.802875 -1.062356
v -0.712365 3.505077 -1.719804
v -1.153694 -0.000000 -3.803226
v -1.124280 0.775363 -3.706259
v -0.767303 0.389556 -3.857501
v -0.234050 3.894455 -0.771560
v -0.092191 3.949445 -0.463475
v -0.438672 3.671849 -1.446110
v -0.224331 3.802875 -1.127790
v -0.636853 3.304577 -2.099427
v -0.363160 3.505077 -1.825734
v -0.810561 2.810311 -2.672064
v -0.488732 3.072226 -2.457025
v -0.953119 2.208048 -3.142015
v -0.595522 2.521311 -2.993893
v -1.059049 1.520930 -3.491220
v -0.679426 1.873503 -3.415708
v -0.737220 1.153697 -3.706259
v -0.321829 2.208048 -3.267587
v -0.273693 2.810311 -2.778854
v -0.357597 1.520930 -3.630748
v -0.379623 0.775363 -3.854382
v -0.389555 -0.000000 -3.955225
v -0.079029 3.894455 -0.802396
v -0.148121 3.671849 -1.503905
v -0.215039 3.304577 -2.183331
v 0.245548 3.072226 -2.493089
v 0.299201 2.521311 -3.037838
v 0.341356 1.873503 -3.465843
v 0.370393 1.153697 -3.760660
v 0.385507 0.389556 -3.914122
v 0.053318 3.941081 -0.541346
v 0.112797 3.802786 -1.145247
v 0.182459 3.505077 -1.852532
v 0.540364 3.505077 -1.781340
v 0.727207 3.072226 -2.397280
v 0.886105 2.521311 -2.921095
v 1.010949 1.873503 -3.332654
v 1.096944 1.153697 -3.616140
v 1.141707 0.389556 -3.763705
v 0.157905 3.941081 -0.520543
v 0.334056 3.802786 -1.101237
v 1.781340 1.153697 -3.332653
v 1.854032 0.389556 -3.468650
v 0.256424 3.941081 -0.479735
v 0.542478 3.802786 -1.014905
v 0.877503 3.505077 -1.641693
v 1.180920 3.072226 -2.209346
v 1.438956 2.521311 -2.692096
v 1.641693 1.873503 -3.071391
v 1.589252 3.072226 -1.936508
v 1.936508 2.521311 -2.359642
v 2.209346 1.873503 -2.692097
v 2.397281 1.153697 -2.921096
v 2.495108 0.389556 -3.040297
v 0.345088 3.941081 -0.420491
v 0.730053 3.802786 -0.889572
v 1.180920 3.505077 -1.438955
v 3.040297 0.389556 -2.495107
v 0.420491 3.941081 -0.345088
v 0.889572 3.802786 -0.730053
v 1.438956 3.505077 -1.180920
v 1.936508 3.072226 -1.589251
v 2.359643 2.521311 -1.936508
v 2.692096 1.873503 -2.209346
v 2.921095 1.153697 -2.397281
v 2.209383 3.072190 -1.180901
v 2.692474 2.520674 -1.439506
v 3.069314 1.873618 -1.648455
v 3.329571 1.155838 -1.789274
v 3.466094 0.389675 -1.862332
v 0.479735 3.941081 -0.256423
v 1.014905 3.802786 -0.542478
v 1.641693 3.505077 -0.877503
v 3.702487 0.394172 -1.351483
v 0.520542 3.941081 -0.157905
v 1.101236 3.802786 -0.334056
v 1.781340 3.505077 -0.540364
v 2.396973 3.072775 -0.726701
v 2.951069 2.501793 -0.875141
v 3.290857 1.877082 -1.174104
v 3.541843 1.225644 -1.287832
v 2.844595 2.764757 -0.280653
v 0.541346 3.941081 -0.053318
v 1.145247 3.802786 -0.112797
v 1.852532 3.505077 -0.182458
v 2.485339 3.081764 -0.244879
v 1.145247 3.802786 0.112797
v 1.852532 3.505077 0.182459
v 2.485341 3.081792 0.244790
v 2.844633 2.765349 0.278864
v 0.541346 3.941081 0.053318
v 3.301041 1.877294 1.139933
v 3.550607 1.225644 1.258940
v 3.709773 0.394172 1.327462
v 0.520542 3.941081 0.157905
v 1.101236 3.802786 0.334056
v 1.781340 3.505077 0.540364
v 2.397012 3.073298 0.725102
v 2.952389 2.519472 0.822999
v 1.014905 3.802786 0.542478
v 1.641692 3.505077 0.877503
v 2.209385 3.072219 1.180812
v 2.692555 2.521196 1.437770
v 3.069692 1.873648 1.647127
v 3.329911 1.155838 1.788151
v 3.466388 0.389675 1.861363
v 0.479734 3.941081 0.256423
v 2.692096 1.873503 2.209346
v 2.921095 1.153697 2.397280
v 3.040296 0.389556 2.495107
v 0.420491 3.941081 0.345088
v 0.889572 3.802786 0.730053
v 1.438955 3.505077 1.180920
v 1.936508 3.072226 1.589251
v 2.359642 2.521311 1.936508
v 1.180920 3.505077 1.438956
v 1.589251 3.072226 1.936508
v 1.936508 2.521311 2.359642
v 2.209346 1.873503 2.692096
v 2.397280 1.153697 2.921095
v 2.495106 0.389556 3.040297
v 0.345088 3.941081 0.420491
v 0.730053 3.802786 0.889572
v 1.781340 1.153697 3.332653
v 1.854031 0.389556 3.468649
v 0.256423 3.941081 0.479734
v 0.542478 3.802786 1.014905
v 0.877503 3.505077 1.641692
v 1.180920 3.072226 2.209346
v 1.438955 2.521311 2.692096
v 1.641692 1.873503 3.071390
v 0.540363 3.505077 1.781340
v 0.727207 3.072226 2.397281
v 0.886104 2.521311 2.921094
v 1.010949 1.873503 3.332652
v 1.096944 1.153697 3.616139
v 1.141706 0.389556 3.763704
v 0.157905 3.941081 0.520542
v 0.334056 3.802786 1.101236
v 0.370392 1.153697 3.760659
v 0.385506 0.389556 3.914120
v 0.053318 3.941081 0.541346
v 0.112797 3.802786 1.145247
v 0.182458 3.505077 1.852532
v 0.245548 3.072226 2.493088
v 0.299201 2.521311 3.037837
v 0.341356 1.873503 3.465843
v -0.245548 3.072226 2.493088
v -0.299201 2.521311 3.037837
v -0.341356 1.873503 3.465843
v -0.370393 1.153697 3.760659
v -0.385508 0.389556 3.914120
v -0.053318 3.941081 0.541346
v -0.112797 3.802786 1.145247
v -0.182459 3.505077 1.852531
v -1.141708 0.389556 3.763703
v -0.157905 3.941081 0.520542
v -0.334056 3.802786 1.101236
v -0.540364 3.505077 1.781339
v -0.727207 3.072226 2.397280
v -0.886105 2.521311 2.921094
v -1.010949 1.873503 3.332652
v -1.096944 1.153697 3.616138
v -1.438956 2.521311 2.692096
v -1.641692 1.873503 3.071390
v -1.781340 1.153697 3.332652
v -1.854032 0.389556 3.468648
v -0.256423 3.941081 0.479734
v -0.542478 3.802786 1.014905
v -0.877503 3.505077 1.641692
v -1.180920 3.072226 2.209346
v -0.345088 3.941081 0.420491
v -0.730053 3.802786 0.889572
v -1.180920 3.505077 1.438955
v -1.589251 3.072226 1.936508
v -1.936508 2.521311 2.359642
v -2.209346 1.873503 2.692096
v -2.397280 1.153697 2.921094
v -2.495107 0.389556 3.040295
v -2.359642 2.521311 1.936508
v -2.692096 1.873503 2.209346
v -2.921094 1.153697 2.397280
v -3.040296 0.389556 2.495105
v -0.420491 3.941081 0.345088
v -0.889572 3.802786 0.730052
v -1.438955 3.505077 1.180920
v -1.936508 3.072226 1.589251
v -1.014905 3.802786 0.542478
v -1.641692 3.505077 0.877502
v -2.209345 3.072226 1.180920
v -2.692096 2.521311 1.438955
v -3.071390 1.873503 1.641692
v -3.332652 1.153697 1.781339
v -3.468649 0.389556 1.854030
v -0.479734 3.941081 0.256423
v -3.332652 1.873503 1.010949
v -3.616138 1.153697 1.096943
v -3.763703 0.389556 1.141705
v -0.520542 3.941081 0.157905
v -1.101236 3.802786 0.334056
v -1.781339 3.505077 0.540363
v -2.397280 3.072226 0.727207
v -2.921094 2.521311 0.886104
v -1.145247 3.802786 0.112797
v -1.852531 3.505077 0.182458
v -2.493088 3.072226 0.245547
v -3.037837 2.521311 0.299200
v -3.465842 1.873503 0.341355
v -3.760658 1.153697 0.370392
v -3.914120 0.389556 0.385506
v -0.541346 3.941081 0.053318
v -3.465843 1.873503 -0.341356
v -3.760659 1.153697 -0.370393
v -3.914119 0.389556 -0.385509
v -0.541346 3.941081 -0.053318
v -1.145247 3.802786 -0.112797
v -1.852531 3.505077 -0.182459
v -2.493088 3.072226 -0.245548
v -3.037836 2.521311 -0.299201
v -1.781339 3.505077 -0.540364
v -2.397280 3.072226 -0.727207
v -2.921094 2.521311 -0.886105
v -3.332651 1.873503 -1.010949
v -3.616138 1.153697 -1.096944
v -3.763701 0.389556 -1.141708
v -0.520542 3.941081 -0.157905
v -1.101236 3.802786 -0.334056
v -3.332651 1.153697 -1.781340
v -3.468647 0.389556 -1.854032
v -0.479734 3.941081 -0.256423
v -1.014905 3.802786 -0.542478
v -1.641691 3.505077 -0.877503
v -2.209345 3.072226 -1.180920
v -2.692095 2.521311 -1.438956
v -3.071389 1.873503 -1.641692
v -1.936507 3.072226 -1.589251
v -2.359641 2.521311 -1.936508
v -2.692096 1.873503 -2.209346
v -2.921094 1.153697 -2.397280
v -3.040294 0.389556 -2.495106
v -0.420491 3.941081 -0.345088
v -0.889571 3.802786 -0.730053
v -1.438954 3.505077 -1.180920
v -2.495104 0.389556 -3.040296
v -0.345088 3.941081 -0.420491
v -0.730052 3.802786 -0.889571
v -1.180919 3.505077 -1.438955
v -1.589250 3.072226 -1.936508
v -1.936507 2.521311 -2.359642
v -2.209345 1.873503 -2.692096
v -2.397279 1.153697 -2.921094
v -1.180919 3.072226 -2.209345
v -1.438954 2.521311 -2.692096
v -1.641691 1.873503 -3.071389
v -1.781339 1.153697 -3.332652
v -1.854029 0.389556 -3.468648
v -0.256423 3.941081 -0.479734
v -0.542478 3.802786 -1.014905
v -0.877502 3.505077 -1.641692
v -1.141705 0.389556 -3.763702
v -0.157905 3.941081 -0.520542
v -0.334056 3.802786 -1.101236
v -0.540363 3.505077 -1.781339
v -0.727206 3.072226 -2.397280
v -0.886104 2.521311 -2.921094
v -1.010948 1.873503 -3.332652
v -1.096943 1.153697 -3.616138
v -0.299200 2.521311 -3.037837
v -0.341355 1.873503 -3.465843
v -0.370392 1.153697 -3.760659
v -0.385506 0.389556 -3.914121
v -0.053318 3.941081 -0.541346
v -0.112797 3.802786 -1.145247
v -0.182458 3.505077 -1.852531
v -0.245547 3.072226 -2.493088
vn -0.0000 0.7041 -0.7101
vn -0.0000 0.7703 -0.6377
vn 0.0625 0.7703 -0.6347
vn 0.0696 0.7041 -0.7067
vn -0.0000 0.8291 -0.5591
vn 0.0548 0.8291 -0.5564
vn 0.1091 0.8291 -0.5483
vn 0.1244 0.7703 -0.6255
vn 0.1385 0.7041 -0.6965
vn -0.0000 0.5524 -0.8336
vn -0.0000 0.6312 -0.7756
vn 0.0760 0.6312 -0.7719
vn 0.0817 0.5524 -0.8296
vn 0.1513 0.6312 -0.7607
vn 0.1626 0.5524 -0.8176
vn -0.0000 0.3801 -0.9250
vn -0.0000 0.4684 -0.8835
vn 0.0866 0.4684 -0.8793
vn 0.0907 0.3801 -0.9205
vn 0.1724 0.4684 -0.8665
vn 0.1805 0.3801 -0.9072
vn -0.0000 0.1976 -0.9803
vn -0.0000 0.2882 -0.9576
vn 0.0939 0.2882 -0.9530
vn 0.0961 0.1976 -0.9756
vn 0.1868 0.2882 -0.9392
vn 0.1912 0.1976 -0.9615
vn -0.0000 0.1054 -0.9944
vn -0.0000 0.1295 -0.9916
vn 0.0972 0.1295 -0.9868
vn 0.0975 0.1054 -0.9896
vn 0.1934 0.1295 -0.9725
vn 0.1940 0.1054 -0.9753
vn -0.0000 0.9772 -0.2122
vn -0.0000 0.9943 -0.1066
vn 0.0150 0.9881 -0.1528
vn 0.0211 0.9765 -0.2144
vn -0.0000 1.0000 -0.0000
vn 0.0208 0.9943 -0.1046
vn 0.0414 0.9772 -0.2081
vn -0.0000 0.9220 -0.3873
vn -0.0000 0.9539 -0.3000
vn 0.0294 0.9539 -0.2986
vn 0.0380 0.9220 -0.3854
vn 0.0585 0.9539 -0.2942
vn 0.0756 0.9220 -0.3798
vn -0.0000 0.8800 -0.4749
vn 0.0466 0.8800 -0.4726
vn 0.0927 0.8800 -0.4658
vn 0.1379 0.8800 -0.4545
vn 0.1623 0.8291 -0.5350
vn 0.1124 0.9220 -0.3706
vn 0.1482 0.9220 -0.3578
vn 0.1817 0.8800 -0.4388
vn 0.2140 0.8291 -0.5165
vn 0.1851 0.7703 -0.6103
vn 0.2061 0.7041 -0.6795
vn 0.2440 0.7703 -0.5892
vn 0.2718 0.7041 -0.6561
vn 0.2251 0.6312 -0.7422
vn 0.2420 0.5524 -0.7977
vn 0.2968 0.6312 -0.7166
vn 0.3190 0.5524 -0.7701
vn 0.2565 0.4684 -0.8455
vn 0.2685 0.3801 -0.8851
vn 0.3381 0.4684 -0.8163
vn 0.3540 0.3801 -0.8546
vn 0.2780 0.2882 -0.9163
vn 0.2846 0.1976 -0.9381
vn 0.3665 0.2882 -0.8847
vn 0.3751 0.1976 -0.9057
vn 0.2878 0.1295 -0.9489
vn 0.2887 0.1054 -0.9516
vn 0.3795 0.1295 -0.9161
vn 0.3806 0.1054 -0.9187
vn 0.0446 0.9881 -0.1469
vn 0.0625 0.9765 -0.2062
vn 0.0408 0.9943 -0.0985
vn 0.0812 0.9772 -0.1961
vn 0.0871 0.9539 -0.2872
vn 0.1148 0.9539 -0.2772
vn 0.4514 0.2882 -0.8445
vn 0.4621 0.1976 -0.8645
vn 0.4360 0.3801 -0.8157
vn 0.5139 0.3801 -0.7691
vn 0.5320 0.2882 -0.7962
vn 0.5446 0.1976 -0.8151
vn 0.4674 0.1295 -0.8745
vn 0.4688 0.1054 -0.8770
vn 0.5509 0.1295 -0.8245
vn 0.5525 0.1054 -0.8268
vn 0.0724 0.9881 -0.1354
vn 0.1016 0.9765 -0.1900
vn 0.0592 0.9943 -0.0886
vn 0.1179 0.9772 -0.1765
vn 0.1415 0.9539 -0.2647
vn 0.1825 0.9220 -0.3415
vn 0.1667 0.9539 -0.2494
vn 0.2152 0.9220 -0.3220
vn 0.2239 0.8800 -0.4189
vn 0.2636 0.8291 -0.4931
vn 0.2639 0.8800 -0.3949
vn 0.3106 0.8291 -0.4649
vn 0.3006 0.7703 -0.5624
vn 0.3348 0.7041 -0.6263
vn 0.3543 0.7703 -0.5302
vn 0.3945 0.7041 -0.5904
vn 0.3656 0.6312 -0.6840
vn 0.3929 0.5524 -0.7351
vn 0.4309 0.6312 -0.6449
vn 0.4631 0.5524 -0.6931
vn 0.4165 0.4684 -0.7792
vn 0.4908 0.4684 -0.7346
vn 0.4046 0.7703 -0.4930
vn 0.4505 0.7041 -0.5489
vn 0.3547 0.8291 -0.4322
vn 0.3953 0.8291 -0.3953
vn 0.4509 0.7703 -0.4509
vn 0.5021 0.7041 -0.5021
vn 0.4920 0.6312 -0.5996
vn 0.5288 0.5524 -0.6444
vn 0.5484 0.6312 -0.5484
vn 0.5894 0.5524 -0.5894
vn 0.5605 0.4684 -0.6830
vn 0.5868 0.3801 -0.7150
vn 0.6247 0.4684 -0.6247
vn 0.6540 0.3801 -0.6540
vn 0.6075 0.2882 -0.7402
vn 0.6219 0.1976 -0.7578
vn 0.6771 0.2882 -0.6771
vn 0.6932 0.1976 -0.6932
vn 0.6290 0.1295 -0.7665
vn 0.6309 0.1054 -0.7687
vn 0.7012 0.1295 -0.7011
vn 0.7032 0.1054 -0.7032
vn 0.0974 0.9881 -0.1187
vn 0.1367 0.9765 -0.1665
vn 0.0754 0.9943 -0.0754
vn 0.1501 0.9772 -0.1501
vn 0.1904 0.9539 -0.2320
vn 0.2457 0.9220 -0.2993
vn 0.2121 0.9539 -0.2121
vn 0.2738 0.9220 -0.2738
vn 0.3013 0.8800 -0.3671
vn 0.3358 0.8800 -0.3358
vn 0.7665 0.1295 -0.6290
vn 0.7687 0.1054 -0.6309
vn 0.7578 0.1976 -0.6219
vn 0.8136 0.1976 -0.5468
vn 0.8230 0.1296 -0.5531
vn 0.8253 0.1054 -0.5547
vn 0.1187 0.9881 -0.0974
vn 0.1665 0.9765 -0.1367
vn 0.0886 0.9943 -0.0592
vn 0.1765 0.9772 -0.1179
vn 0.2320 0.9539 -0.1904
vn 0.2993 0.9220 -0.2457
vn 0.2494 0.9539 -0.1667
vn 0.3220 0.9220 -0.2152
vn 0.3671 0.8800 -0.3013
vn 0.4322 0.8291 -0.3547
vn 0.3949 0.8800 -0.2639
vn 0.4649 0.8291 -0.3106
vn 0.4930 0.7703 -0.4046
vn 0.5489 0.7041 -0.4505
vn 0.5303 0.7702 -0.3543
vn 0.5905 0.7041 -0.3945
vn 0.5996 0.6312 -0.4920
vn 0.6444 0.5524 -0.5288
vn 0.6445 0.6315 -0.4311
vn 0.6921 0.5528 -0.4642
vn 0.6830 0.4684 -0.5605
vn 0.7150 0.3801 -0.5868
vn 0.7332 0.4687 -0.4927
vn 0.7675 0.3802 -0.5161
vn 0.7402 0.2882 -0.6075
vn 0.7947 0.2881 -0.5343
vn 0.5628 0.7701 -0.3003
vn 0.6265 0.7041 -0.3343
vn 0.4931 0.8291 -0.2635
vn 0.5165 0.8291 -0.2141
vn 0.5892 0.7701 -0.2446
vn 0.6545 0.7047 -0.2739
vn 0.6818 0.6329 -0.3669
vn 0.7298 0.5549 -0.3994
vn 0.7078 0.6369 -0.3057
vn 0.7550 0.5587 -0.3433
vn 0.7718 0.4702 -0.4281
vn 0.8075 0.3809 -0.4504
vn 0.7974 0.4735 -0.3742
vn 0.8348 0.3828 -0.3957
vn 0.8368 0.2879 -0.4657
vn 0.8571 0.1979 -0.4756
vn 0.8694 0.2864 -0.4026
vn 0.8919 0.1993 -0.4059
vn 0.8669 0.1298 -0.4812
vn 0.8694 0.1054 -0.4828
vn 0.9021 0.1309 -0.4111
vn 0.9042 0.1059 -0.4137
vn 0.1354 0.9881 -0.0724
vn 0.1900 0.9765 -0.1016
vn 0.0985 0.9943 -0.0408
vn 0.1961 0.9772 -0.0812
vn 0.2647 0.9539 -0.1415
vn 0.3415 0.9220 -0.1825
vn 0.2772 0.9539 -0.1148
vn 0.3578 0.9220 -0.1482
vn 0.4189 0.8800 -0.2239
vn 0.4388 0.8800 -0.1817
vn 0.9433 0.1093 -0.3134
vn 0.9289 0.1074 -0.3545
vn 0.9296 0.1320 -0.3442
vn 0.9397 0.1349 -0.3142
vn 0.9170 0.2003 -0.3449
vn 0.9281 0.1917 -0.3192
vn 0.1469 0.9881 -0.0446
vn 0.2062 0.9765 -0.0625
vn 0.1046 0.9943 -0.0208
vn 0.2081 0.9772 -0.0414
vn 0.2872 0.9539 -0.0871
vn 0.3705 0.9220 -0.1124
vn 0.2942 0.9539 -0.0585
vn 0.3798 0.9220 -0.0756
vn 0.4545 0.8800 -0.1379
vn 0.5341 0.8295 -0.1632
vn 0.4658 0.8800 -0.0927
vn 0.5461 0.8304 -0.1103
vn 0.6056 0.7724 -0.1912
vn 0.6683 0.7101 -0.2216
vn 0.6127 0.7792 -0.1324
vn 0.6662 0.7291 -0.1568
vn 0.6760 0.5822 -0.4517
vn 0.7272 0.5727 -0.3784
vn 0.7033 0.6563 -0.2732
vn 0.6269 0.6435 -0.4393
vn 0.6455 0.7357 -0.2052
vn 0.6497 0.7416 -0.1671
vn 0.4756 0.8204 -0.3175
vn -0.9398 0.1604 -0.3017
vn -0.9011 0.2528 -0.3523
vn 0.7127 0.6505 -0.2626
vn 0.7130 0.6477 -0.2685
vn 0.7131 0.6465 -0.2710
vn 0.6762 0.6514 -0.3442
vn 0.6738 0.6515 -0.3486
vn 0.8125 0.3852 -0.4375
vn 0.8299 0.3866 -0.4023
vn 0.8095 0.4755 -0.3443
vn 0.7909 0.4432 -0.4219
vn 0.7284 0.5122 -0.4550
vn 0.8118 0.4815 -0.3304
vn 0.8134 0.4803 -0.3282
vn 0.8236 0.4727 -0.3134
vn 0.8210 0.4666 -0.3289
vn 0.8206 0.4655 -0.3316
vn 0.8907 0.2844 -0.3547
vn 0.8417 0.3249 -0.4313
vn 0.9051 0.2793 -0.3206
vn 0.9135 0.2468 -0.3234
vn 0.6640 0.7438 -0.0766
vn 0.7049 0.7049 -0.0791
vn 0.6638 0.7479 -0.0003
vn 0.7162 0.6979 -0.0006
vn 0.7464 0.6655 -0.0006
vn 0.7221 0.6878 -0.0746
vn 0.1528 0.9881 -0.0150
vn 0.2144 0.9765 -0.0211
vn 0.1066 0.9943 -0.0000
vn 0.2122 0.9772 -0.0000
vn 0.2986 0.9539 -0.0294
vn 0.3854 0.9220 -0.0380
vn 0.3000 0.9539 -0.0000
vn 0.3873 0.9220 -0.0000
vn 0.4726 0.8800 -0.0466
vn 0.5532 0.8312 -0.0552
vn 0.4749 0.8800 -0.0000
vn 0.5556 0.8315 -0.0000
vn 0.6161 0.7850 -0.0657
vn 0.6171 0.7869 -0.0001
vn 0.2986 0.9539 0.0294
vn 0.3854 0.9220 0.0380
vn 0.2144 0.9765 0.0211
vn 0.2081 0.9772 0.0414
vn 0.2942 0.9539 0.0585
vn 0.3798 0.9220 0.0756
vn 0.4726 0.8800 0.0466
vn 0.5531 0.8313 0.0552
vn 0.4658 0.8800 0.0927
vn 0.5460 0.8305 0.1101
vn 0.6158 0.7852 0.0651
vn 0.6632 0.7447 0.0750
vn 0.6121 0.7797 0.1316
vn 0.6650 0.7306 0.1549
vn 0.7041 0.7061 0.0758
vn 0.7217 0.6886 0.0705
vn 0.6446 0.7373 0.2022
vn 0.6495 0.7429 0.1617
vn 0.1528 0.9881 0.0150
vn 0.1046 0.9943 0.0208
vn 0.6939 0.5812 0.4251
vn 0.7358 0.5729 0.3611
vn 0.8134 0.4759 0.3345
vn 0.7436 0.5130 0.4289
vn 0.7576 0.5589 0.3370
vn 0.8002 0.4740 0.3674
vn 0.8376 0.3832 0.3893
vn 0.8373 0.3876 0.3856
vn 0.8245 0.3872 0.4127
vn 0.8032 0.4451 0.3960
vn 0.8265 0.4666 0.3150
vn 0.8267 0.4676 0.3129
vn 0.8278 0.4722 0.3030
vn 0.8211 0.4780 0.3118
vn 0.8199 0.4791 0.3135
vn 0.8718 0.2869 0.3971
vn 0.8932 0.2846 0.3480
vn 0.8940 0.1996 0.4011
vn 0.9189 0.2004 0.3398
vn 0.9293 0.1923 0.3153
vn 0.9150 0.2481 0.3182
vn 0.9068 0.2798 0.3152
vn 0.8531 0.3261 0.4073
vn 0.9041 0.1310 0.4067
vn 0.9311 0.1322 0.3399
vn 0.9062 0.1060 0.4093
vn 0.9309 0.1076 0.3491
vn 0.9442 0.1094 0.3108
vn 0.9406 0.1351 0.3113
vn 0.1469 0.9881 0.0446
vn 0.2062 0.9765 0.0625
vn 0.0985 0.9943 0.0408
vn 0.1961 0.9772 0.0812
vn 0.2872 0.9539 0.0871
vn 0.3705 0.9220 0.1124
vn 0.2772 0.9539 0.1148
vn 0.3578 0.9220 0.1482
vn 0.4545 0.8800 0.1379
vn 0.5340 0.8296 0.1632
vn 0.4388 0.8800 0.1817
vn 0.5164 0.8291 0.2141
vn 0.6051 0.7729 0.1910
vn 0.6676 0.7110 0.2211
vn 0.5890 0.7702 0.2447
vn 0.6551 0.7044 0.2734
vn 0.7079 0.6548 0.2646
vn 0.4528 0.8313 0.3222
vn 0.7099 0.6362 0.3022
vn 0.6469 0.6421 0.4113
vn 0.6865 0.6485 0.3289
vn 0.6885 0.6483 0.3249
vn 0.7204 0.6432 0.2595
vn 0.7205 0.6438 0.2576
vn 0.7210 0.6455 0.2519
vn 0.7158 0.6504 0.2543
vn 0.7149 0.6512 0.2547
vn -0.8725 -0.4768 -0.1064
vn -0.8647 -0.4887 -0.1158
vn 0.2647 0.9539 0.1415
vn 0.3415 0.9220 0.1825
vn 0.1900 0.9765 0.1016
vn 0.1765 0.9772 0.1179
vn 0.2494 0.9539 0.1667
vn 0.3220 0.9220 0.2152
vn 0.4189 0.8800 0.2239
vn 0.4931 0.8291 0.2635
vn 0.3949 0.8800 0.2639
vn 0.4649 0.8291 0.3106
vn 0.5629 0.7701 0.3003
vn 0.6272 0.7038 0.3336
vn 0.5303 0.7702 0.3542
vn 0.5906 0.7040 0.3943
vn 0.6831 0.6326 0.3650
vn 0.7312 0.5550 0.3967
vn 0.6448 0.6314 0.4308
vn 0.6924 0.5528 0.4637
vn 0.7731 0.4705 0.4254
vn 0.8088 0.3810 0.4480
vn 0.7335 0.4687 0.4923
vn 0.7677 0.3802 0.5158
vn 0.8380 0.2880 0.4635
vn 0.8582 0.1980 0.4736
vn 0.7949 0.2881 0.5340
vn 0.8138 0.1976 0.5465
vn 0.8680 0.1299 0.4793
vn 0.8704 0.1054 0.4809
vn 0.8231 0.1296 0.5529
vn 0.8255 0.1054 0.5545
vn 0.1354 0.9881 0.0724
vn 0.0886 0.9943 0.0592
vn 0.6830 0.4684 0.5605
vn 0.7150 0.3801 0.5868
vn 0.6444 0.5524 0.5288
vn 0.5894 0.5524 0.5894
vn 0.6247 0.4684 0.6247
vn 0.6540 0.3801 0.6540
vn 0.7402 0.2882 0.6075
vn 0.7578 0.1976 0.6219
vn 0.6771 0.2882 0.6771
vn 0.6932 0.1976 0.6932
vn 0.7665 0.1295 0.6290
vn 0.7687 0.1054 0.6309
vn 0.7011 0.1295 0.7012
vn 0.7032 0.1054 0.7032
vn 0.1187 0.9881 0.0974
vn 0.1665 0.9765 0.1367
vn 0.0754 0.9943 0.0754
vn 0.1501 0.9772 0.1501
vn 0.2320 0.9539 0.1904
vn 0.2993 0.9220 0.2457
vn 0.2121 0.9539 0.2121
vn 0.2738 0.9220 0.2738
vn 0.3671 0.8800 0.3013
vn 0.4322 0.8291 0.3547
vn 0.3358 0.8800 0.3358
vn 0.3953 0.8291 0.3953
vn 0.4930 0.7703 0.4046
vn 0.5489 0.7041 0.4505
vn 0.4509 0.7703 0.4509
vn 0.5021 0.7041 0.5021
vn 0.5996 0.6312 0.4920
vn 0.5484 0.6312 0.5484
vn 0.3013 0.8800 0.3671
vn 0.3547 0.8291 0.4322
vn 0.2457 0.9220 0.2993
vn 0.2151 0.9220 0.3220
vn 0.2639 0.8800 0.3949
vn 0.3106 0.8291 0.4649
vn 0.4046 0.7703 0.4930
vn 0.4505 0.7041 0.5489
vn 0.3543 0.7703 0.5302
vn 0.3945 0.7041 0.5904
vn 0.4920 0.6312 0.5996
vn 0.5288 0.5524 0.6444
vn 0.4309 0.6312 0.6449
vn 0.4631 0.5524 0.6931
vn 0.5605 0.4684 0.6830
vn 0.5868 0.3801 0.7150
vn 0.4908 0.4684 0.7346
vn 0.5139 0.3801 0.7691
vn 0.6075 0.2882 0.7402
vn 0.6219 0.1976 0.7578
vn 0.5320 0.2882 0.7962
vn 0.5446 0.1976 0.8151
vn 0.6290 0.1295 0.7665
vn 0.6309 0.1054 0.7687
vn 0.5509 0.1295 0.8245
vn 0.5525 0.1054 0.8268
vn 0.0974 0.9881 0.1187
vn 0.1367 0.9765 0.1665
vn 0.0592 0.9943 0.0886
vn 0.1179 0.9772 0.1765
vn 0.1904 0.9539 0.2320
vn 0.1667 0.9539 0.2494
vn 0.4514 0.2882 0.8445
vn 0.4621 0.1976 0.8645
vn 0.4360 0.3801 0.8157
vn 0.3540 0.3801 0.8546
vn 0.3665 0.2882 0.8847
vn 0.3751 0.1976 0.9057
vn 0.4674 0.1295 0.8745
vn 0.4688 0.1054 0.8770
vn 0.3795 0.1295 0.9161
vn 0.3806 0.1054 0.9187
vn 0.0724 0.9881 0.1354
vn 0.1016 0.9765 0.1900
vn 0.0408 0.9943 0.0985
vn 0.0812 0.9772 0.1961
vn 0.1415 0.9539 0.2647
vn 0.1825 0.9220 0.3415
vn 0.1148 0.9539 0.2772
vn 0.1482 0.9220 0.3578
vn 0.2239 0.8800 0.4189
vn 0.2636 0.8291 0.4931
vn 0.1817 0.8800 0.4388
vn 0.2140 0.8291 0.5165
vn 0.3006 0.7703 0.5624
vn 0.3348 0.7041 0.6263
vn 0.2440 0.7703 0.5892
vn 0.2718 0.7041 0.6561
vn 0.3656 0.6312 0.6840
vn 0.3929 0.5524 0.7351
vn 0.2968 0.6312 0.7166
vn 0.3190 0.5524 0.7701
vn 0.4165 0.4684 0.7792
vn 0.3381 0.4684 0.8163
vn 0.1379 0.8800 0.4545
vn 0.1623 0.8291 0.5350
vn 0.1124 0.9220 0.3705
vn 0.0756 0.9220 0.3798
vn 0.0927 0.8800 0.4658
vn 0.1091 0.8291 0.5483
vn 0.1851 0.7703 0.6103
vn 0.2061 0.7041 0.6795
vn 0.1244 0.7703 0.6255
vn 0.1385 0.7041 0.6965
vn 0.2251 0.6312 0.7422
vn 0.2420 0.5524 0.7977
vn 0.1513 0.6312 0.7607
vn 0.1626 0.5524 0.8176
vn 0.2565 0.4684 0.8455
vn 0.2685 0.3801 0.8851
vn 0.1724 0.4684 0.8665
vn 0.1805 0.3801 0.9072
vn 0.2780 0.2882 0.9163
vn 0.2846 0.1976 0.9381
vn 0.1868 0.2882 0.9392
vn 0.1912 0.1976 0.9615
vn 0.2878 0.1295 0.9489
vn 0.2887 0.1054 0.9516
vn 0.1934 0.1295 0.9725
vn 0.1940 0.1054 0.9753
vn 0.0446 0.9881 0.1469
vn 0.0625 0.9765 0.2062
vn 0.0208 0.9943 0.1046
vn 0.0414 0.9772 0.2081
vn 0.0871 0.9539 0.2872
vn 0.0585 0.9539 0.2942
vn 0.0939 0.2882 0.9530
vn 0.0961 0.1976 0.9756
vn 0.0907 0.3801 0.9205
vn -0.0000 0.3801 0.9250
vn -0.0000 0.2882 0.9576
vn -0.0000 0.1976 0.9803
vn 0.0972 0.1295 0.9868
vn 0.0975 0.1054 0.9896
vn -0.0000 0.1295 0.9916
vn -0.0000 0.1054 0.9944
vn 0.0150 0.9881 0.1528
vn 0.0211 0.9765 0.2144
vn -0.0000 0.9943 0.1066
vn -0.0000 0.9772 0.2122
vn 0.0294 0.9539 0.2986
vn 0.0380 0.9220 0.3854
vn -0.0000 0.9539 0.3000
vn -0.0000 0.9220 0.3873
vn 0.0466 0.8800 0.4726
vn 0.0548 0.8291 0.5564
vn -0.0000 0.8800 0.4749
vn -0.0000 0.8291 0.5591
vn 0.0625 0.7703 0.6347
vn 0.0696 0.7041 0.7067
vn -0.0000 0.7703 0.6377
vn -0.0000 0.7041 0.7101
vn 0.0760 0.6312 0.7719
vn 0.0817 0.5524 0.8296
vn -0.0000 0.6312 0.7756
vn -0.0000 0.5524 0.8336
vn 0.0866 0.4684 0.8792
vn -0.0000 0.4684 0.8835
vn -0.0625 0.7703 0.6347
vn -0.0696 0.7041 0.7067
vn -0.0548 0.8291 0.5564
vn -0.1091 0.8291 0.5483
vn -0.1244 0.7703 0.6255
vn -0.1385 0.7041 0.6965
vn -0.0760 0.6312 0.7719
vn -0.0817 0.5524 0.8296
vn -0.1513 0.6312 0.7607
vn -0.1626 0.5524 0.8176
vn -0.0866 0.4684 0.8792
vn -0.0907 0.3801 0.9205
vn -0.1724 0.4684 0.8665
vn -0.1805 0.3801 0.9072
vn -0.0939 0.2882 0.9530
vn -0.0961 0.1976 0.9756
vn -0.1868 0.2882 0.9392
vn -0.1912 0.1976 0.9615
vn -0.0972 0.1295 0.9868
vn -0.0975 0.1054 0.9896
vn -0.1934 0.1295 0.9725
vn -0.1940 0.1054 0.9753
vn -0.0150 0.9881 0.1528
vn -0.0211 0.9765 0.2144
vn -0.0208 0.9943 0.1046
vn -0.0414 0.9772 0.2081
vn -0.0294 0.9539 0.2986
vn -0.0380 0.9220 0.3854
vn -0.0585 0.9539 0.2942
vn -0.0756 0.9220 0.3798
vn -0.0466 0.8800 0.4726
vn -0.0927 0.8800 0.4658
vn -0.2878 0.1295 0.9489
vn -0.2887 0.1054 0.9516
vn -0.2846 0.1976 0.9381
vn -0.3751 0.1976 0.9057
vn -0.3795 0.1295 0.9161
vn -0.3806 0.1054 0.9187
vn -0.0446 0.9881 0.1469
vn -0.0625 0.9765 0.2062
vn -0.0408 0.9943 0.0985
vn -0.0812 0.9772 0.1961
vn -0.0871 0.9539 0.2872
vn -0.1124 0.9220 0.3706
vn -0.1148 0.9539 0.2772
vn -0.1482 0.9220 0.3578
vn -0.1379 0.8800 0.4545
vn -0.1623 0.8291 0.5350
vn -0.1817 0.8800 0.4388
vn -0.2140 0.8291 0.5165
vn -0.1851 0.7703 0.6103
vn -0.2061 0.7041 0.6795
vn -0.2440 0.7703 0.5892
vn -0.2718 0.7041 0.6561
vn -0.2251 0.6312 0.7422
vn -0.2420 0.5524 0.7977
vn -0.2968 0.6312 0.7166
vn -0.3190 0.5524 0.7701
vn -0.2565 0.4684 0.8455
vn -0.2685 0.3801 0.8851
vn -0.3381 0.4684 0.8163
vn -0.3540 0.3801 0.8546
vn -0.2780 0.2882 0.9163
vn -0.3664 0.2882 0.8847
vn -0.3656 0.6312 0.6840
vn -0.3929 0.5524 0.7351
vn -0.3348 0.7041 0.6263
vn -0.3945 0.7041 0.5904
vn -0.4309 0.6312 0.6449
vn -0.4631 0.5524 0.6931
vn -0.4165 0.4684 0.7792
vn -0.4360 0.3801 0.8157
vn -0.4908 0.4684 0.7346
vn -0.5139 0.3801 0.7691
vn -0.4514 0.2882 0.8445
vn -0.4621 0.1976 0.8645
vn -0.5320 0.2882 0.7962
vn -0.5446 0.1976 0.8151
vn -0.4674 0.1295 0.8745
vn -0.4688 0.1054 0.8770
vn -0.5509 0.1295 0.8245
vn -0.5525 0.1054 0.8268
vn -0.0724 0.9881 0.1354
vn -0.1016 0.9765 0.1900
vn -0.0592 0.9943 0.0886
vn -0.1179 0.9772 0.1765
vn -0.1415 0.9539 0.2647
vn -0.1825 0.9220 0.3415
vn -0.1667 0.9539 0.2494
vn -0.2151 0.9220 0.3220
vn -0.2239 0.8800 0.4189
vn -0.2636 0.8291 0.4931
vn -0.2639 0.8800 0.3949
vn -0.3106 0.8291 0.4649
vn -0.3006 0.7703 0.5624
vn -0.3543 0.7703 0.5302
vn -0.0974 0.9881 0.1187
vn -0.1367 0.9765 0.1665
vn -0.0754 0.9943 0.0754
vn -0.1501 0.9772 0.1501
vn -0.1904 0.9539 0.2320
vn -0.2457 0.9220 0.2993
vn -0.2121 0.9539 0.2121
vn -0.2738 0.9220 0.2738
vn -0.3013 0.8800 0.3671
vn -0.3547 0.8291 0.4322
vn -0.3358 0.8800 0.3358
vn -0.3953 0.8291 0.3953
vn -0.4046 0.7703 0.4930
vn -0.4505 0.7041 0.5489
vn -0.4509 0.7703 0.4509
vn -0.5021 0.7041 0.5021
vn -0.4920 0.6312 0.5996
vn -0.5288 0.5524 0.6444
vn -0.5484 0.6312 0.5484
vn -0.5894 0.5524 0.5894
vn -0.5605 0.4684 0.6830
vn -0.5868 0.3801 0.7150
vn -0.6247 0.4684 0.6247
vn -0.6540 0.3801 0.6540
vn -0.6075 0.2882 0.7402
vn -0.6219 0.1976 0.7578
vn -0.6771 0.2882 0.6771
vn -0.6932 0.1976 0.6932
vn -0.6290 0.1295 0.7665
vn -0.6309 0.1054 0.7687
vn -0.7012 0.1295 0.7011
vn -0.7032 0.1054 0.7032
vn -0.5996 0.6312 0.4920
vn -0.6444 0.5524 0.5288
vn -0.5489 0.7041 0.4505
vn -0.5904 0.7041 0.3945
vn -0.6449 0.6312 0.4309
vn -0.6931 0.5524 0.4631
vn -0.6830 0.4684 0.5605
vn -0.7150 0.3801 0.5868
vn -0.7346 0.4684 0.4908
vn -0.7691 0.3801 0.5139
vn -0.7402 0.2882 0.6075
vn -0.7578 0.1976 0.6219
vn -0.7962 0.2882 0.5320
vn -0.8151 0.1976 0.5446
vn -0.7665 0.1295 0.6290
vn -0.7687 0.1054 0.6309
vn -0.8245 0.1295 0.5509
vn -0.8268 0.1054 0.5525
vn -0.1187 0.9881 0.0974
vn -0.1665 0.9765 0.1367
vn -0.0886 0.9943 0.0592
vn -0.1765 0.9772 0.1179
vn -0.2320 0.9539 0.1904
vn -0.2993 0.9220 0.2457
vn -0.2494 0.9539 0.1667
vn -0.3220 0.9220 0.2152
vn -0.3671 0.8800 0.3013
vn -0.4322 0.8291 0.3547
vn -0.3949 0.8800 0.2639
vn -0.4649 0.8291 0.3106
vn -0.4930 0.7703 0.4046
vn -0.5302 0.7703 0.3543
vn -0.2647 0.9539 0.1415
vn -0.3415 0.9220 0.1825
vn -0.1900 0.9765 0.1016
vn -0.1961 0.9772 0.0812
vn -0.2772 0.9539 0.1148
vn -0.3578 0.9220 0.1482
vn -0.4189 0.8800 0.2239
vn -0.4931 0.8291 0.2636
vn -0.4388 0.8800 0.1817
vn -0.5165 0.8291 0.2140
vn -0.5624 0.7703 0.3006
vn -0.6263 0.7041 0.3348
vn -0.5892 0.7703 0.2440
vn -0.6561 0.7041 0.2718
vn -0.6840 0.6312 0.3656
vn -0.7351 0.5524 0.3929
vn -0.7166 0.6312 0.2968
vn -0.7701 0.5524 0.3190
vn -0.7792 0.4684 0.4165
vn -0.8157 0.3801 0.4360
vn -0.8163 0.4684 0.3381
vn -0.8546 0.3801 0.3540
vn -0.8445 0.2882 0.4514
vn -0.8645 0.1976 0.4621
vn -0.8847 0.2882 0.3664
vn -0.9057 0.1976 0.3751
vn -0.8745 0.1295 0.4674
vn -0.8770 0.1054 0.4688
vn -0.9161 0.1295 0.3795
vn -0.9187 0.1054 0.3805
vn -0.1354 0.9881 0.0724
vn -0.0985 0.9943 0.0408
vn -0.8455 0.4684 0.2565
vn -0.8851 0.3801 0.2685
vn -0.7977 0.5524 0.2420
vn -0.8176 0.5524 0.1626
vn -0.8665 0.4684 0.1724
vn -0.9072 0.3801 0.1805
vn -0.9163 0.2882 0.2780
vn -0.9381 0.1976 0.2846
vn -0.9392 0.2882 0.1868
vn -0.9615 0.1976 0.1912
vn -0.9489 0.1295 0.2878
vn -0.9516 0.1054 0.2887
vn -0.9725 0.1295 0.1934
vn -0.9753 0.1054 0.1940
vn -0.1469 0.9881 0.0446
vn -0.2062 0.9765 0.0625
vn -0.1046 0.9943 0.0208
vn -0.2081 0.9772 0.0414
vn -0.2872 0.9539 0.0871
vn -0.3706 0.9220 0.1124
vn -0.2942 0.9539 0.0585
vn -0.3798 0.9220 0.0756
vn -0.4545 0.8800 0.1379
vn -0.5350 0.8291 0.1623
vn -0.4658 0.8800 0.0927
vn -0.5483 0.8291 0.1091
vn -0.6103 0.7703 0.1851
vn -0.6795 0.7041 0.2061
vn -0.6255 0.7703 0.1244
vn -0.6965 0.7041 0.1385
vn -0.7422 0.6312 0.2251
vn -0.7607 0.6312 0.1513
vn -0.2986 0.9539 0.0294
vn -0.3854 0.9220 0.0380
vn -0.2144 0.9765 0.0211
vn -0.2122 0.9772 -0.0000
vn -0.3000 0.9539 -0.0000
vn -0.3873 0.9220 -0.0000
vn -0.4726 0.8800 0.0466
vn -0.5564 0.8291 0.0548
vn -0.4749 0.8800 -0.0000
vn -0.5591 0.8291 -0.0000
vn -0.6347 0.7703 0.0625
vn -0.7067 0.7041 0.0696
vn -0.6377 0.7703 -0.0000
vn -0.7101 0.7041 -0.0000
vn -0.7719 0.6312 0.0760
vn -0.8296 0.5524 0.0817
vn -0.7756 0.6312 -0.0000
vn -0.8336 0.5524 -0.0000
vn -0.8792 0.4684 0.0866
vn -0.9205 0.3801 0.0907
vn -0.8835 0.4684 -0.0000
vn -0.9250 0.3801 -0.0000
vn -0.9530 0.2882 0.0939
vn -0.9756 0.1976 0.0961
vn -0.9576 0.2882 -0.0000
vn -0.9803 0.1976 -0.0000
vn -0.9868 0.1295 0.0972
vn -0.9896 0.1054 0.0975
vn -0.9916 0.1295 -0.0000
vn -0.9944 0.1054 -0.0000
vn -0.1528 0.9881 0.0150
vn -0.1066 0.9943 -0.0000
vn -0.8792 0.4684 -0.0866
vn -0.9205 0.3801 -0.0907
vn -0.8296 0.5524 -0.0817
vn -0.8176 0.5524 -0.1626
vn -0.8665 0.4684 -0.1724
vn -0.9072 0.3801 -0.1805
vn -0.9530 0.2882 -0.0939
vn -0.9756 0.1976 -0.0961
vn -0.9392 0.2882 -0.1868
vn -0.9615 0.1976 -0.1912
vn -0.9868 0.1295 -0.0972
vn -0.9896 0.1054 -0.0975
vn -0.9725 0.1295 -0.1934
vn -0.9753 0.1054 -0.1940
vn -0.1528 0.9881 -0.0150
vn -0.2144 0.9765 -0.0211
vn -0.1046 0.9943 -0.0208
vn -0.2081 0.9772 -0.0414
vn -0.2986 0.9539 -0.0294
vn -0.3854 0.9220 -0.0380
vn -0.2942 0.9539 -0.0585
vn -0.3798 0.9220 -0.0756
vn -0.4726 0.8800 -0.0466
vn -0.5564 0.8291 -0.0548
vn -0.4658 0.8800 -0.0927
vn -0.5483 0.8291 -0.1091
vn -0.6347 0.7703 -0.0625
vn -0.7067 0.7041 -0.0696
vn -0.6255 0.7703 -0.1244
vn -0.6965 0.7041 -0.1385
vn -0.7719 0.6312 -0.0760
vn -0.7607 0.6312 -0.1513
vn -0.4545 0.8800 -0.1379
vn -0.5350 0.8291 -0.1623
vn -0.3706 0.9220 -0.1124
vn -0.3578 0.9220 -0.1482
vn -0.4388 0.8800 -0.1817
vn -0.5165 0.8291 -0.2140
vn -0.6103 0.7703 -0.1851
vn -0.6795 0.7041 -0.2061
vn -0.5892 0.7703 -0.2440
vn -0.6561 0.7041 -0.2718
vn -0.7422 0.6312 -0.2251
vn -0.7977 0.5524 -0.2420
vn -0.7166 0.6312 -0.2968
vn -0.7701 0.5524 -0.3190
vn -0.8455 0.4684 -0.2565
vn -0.8851 0.3801 -0.2685
vn -0.8163 0.4684 -0.3381
vn -0.8546 0.3801 -0.3540
vn -0.9163 0.2882 -0.2780
vn -0.9381 0.1976 -0.2846
vn -0.8847 0.2882 -0.3665
vn -0.9057 0.1976 -0.3751
vn -0.9489 0.1295 -0.2878
vn -0.9516 0.1054 -0.2887
vn -0.9161 0.1295 -0.3795
vn -0.9187 0.1054 -0.3806
vn -0.1469 0.9881 -0.0446
vn -0.2062 0.9765 -0.0625
vn -0.0985 0.9943 -0.0408
vn -0.1961 0.9772 -0.0812
vn -0.2872 0.9539 -0.0871
vn -0.2772 0.9539 -0.1148
vn -0.8445 0.2882 -0.4514
vn -0.8645 0.1976 -0.4621
vn -0.8157 0.3801 -0.4360
vn -0.7691 0.3801 -0.5139
vn -0.7962 0.2882 -0.5320
vn -0.8151 0.1976 -0.5446
vn -0.8745 0.1295 -0.4674
vn -0.8770 0.1054 -0.4688
vn -0.8245 0.1295 -0.5509
vn -0.8268 0.1054 -0.5525
vn -0.1354 0.9881 -0.0724
vn -0.1900 0.9765 -0.1016
vn -0.0886 0.9943 -0.0592
vn -0.1765 0.9772 -0.1179
vn -0.2647 0.9539 -0.1415
vn -0.3415 0.9220 -0.1825
vn -0.2494 0.9539 -0.1667
vn -0.3220 0.9220 -0.2152
vn -0.4189 0.8800 -0.2239
vn -0.4931 0.8291 -0.2635
vn -0.3949 0.8800 -0.2639
vn -0.4649 0.8291 -0.3106
vn -0.5624 0.7703 -0.3006
vn -0.6263 0.7041 -0.3348
vn -0.5302 0.7703 -0.3543
vn -0.5904 0.7041 -0.3945
vn -0.6840 0.6312 -0.3656
vn -0.7351 0.5524 -0.3929
vn -0.6449 0.6312 -0.4309
vn -0.6931 0.5524 -0.4631
vn -0.7792 0.4684 -0.4165
vn -0.7346 0.4684 -0.4908
vn -0.4930 0.7703 -0.4046
vn -0.5489 0.7041 -0.4505
vn -0.4322 0.8291 -0.3547
vn -0.3953 0.8291 -0.3953
vn -0.4509 0.7703 -0.4509
vn -0.5021 0.7041 -0.5021
vn -0.5996 0.6312 -0.4920
vn -0.6444 0.5524 -0.5288
vn -0.5484 0.6312 -0.5484
vn -0.5894 0.5524 -0.5894
vn -0.6830 0.4684 -0.5605
vn -0.7150 0.3801 -0.5868
vn -0.6247 0.4684 -0.6247
vn -0.6540 0.3801 -0.6540
vn -0.7402 0.2882 -0.6075
vn -0.7578 0.1976 -0.6219
vn -0.6771 0.2882 -0.6771
vn -0.6932 0.1976 -0.6932
vn -0.7665 0.1295 -0.6290
vn -0.7687 0.1054 -0.6309
vn -0.7012 0.1295 -0.7011
vn -0.7032 0.1054 -0.7032
vn -0.1187 0.9881 -0.0974
vn -0.1665 0.9765 -0.1367
vn -0.0754 0.9943 -0.0754
vn -0.1501 0.9772 -0.1501
vn -0.2320 0.9539 -0.1904
vn -0.2993 0.9220 -0.2457
vn -0.2121 0.9539 -0.2121
vn -0.2738 0.9220 -0.2738
vn -0.3671 0.8800 -0.3013
vn -0.3358 0.8800 -0.3358
vn -0.6290 0.1295 -0.7665
vn -0.6309 0.1054 -0.7687
vn -0.6219 0.1976 -0.7578
vn -0.5446 0.1976 -0.8151
vn -0.5509 0.1295 -0.8245
vn -0.5525 0.1054 -0.8268
vn -0.0974 0.9881 -0.1187
vn -0.1367 0.9765 -0.1665
vn -0.0592 0.9943 -0.0886
vn -0.1179 0.9772 -0.1765
vn -0.1904 0.9539 -0.2320
vn -0.2457 0.9220 -0.2993
vn -0.1667 0.9539 -0.2494
vn -0.2152 0.9220 -0.3220
vn -0.3013 0.8800 -0.3671
vn -0.3547 0.8291 -0.4322
vn -0.2639 0.8800 -0.3949
vn -0.3106 0.8291 -0.4649
vn -0.4046 0.7703 -0.4930
vn -0.4505 0.7041 -0.5489
vn -0.3543 0.7703 -0.5302
vn -0.3945 0.7041 -0.5904
vn -0.4920 0.6312 -0.5996
vn -0.5288 0.5524 -0.6444
vn -0.4309 0.6312 -0.6449
vn -0.4631 0.5524 -0.6931
vn -0.5605 0.4684 -0.6830
vn -0.5868 0.3801 -0.7150
vn -0.4908 0.4684 -0.7346
vn -0.5139 0.3801 -0.7691
vn -0.6075 0.2882 -0.7402
vn -0.5320 0.2882 -0.7962
vn -0.3006 0.7703 -0.5624
vn -0.3348 0.7041 -0.6263
vn -0.2636 0.8291 -0.4931
vn -0.2140 0.8291 -0.5165
vn -0.2440 0.7703 -0.5892
vn -0.2718 0.7041 -0.6561
vn -0.3656 0.6312 -0.6840
vn -0.3929 0.5524 -0.7351
vn -0.2968 0.6312 -0.7166
vn -0.3190 0.5524 -0.7701
vn -0.4165 0.4684 -0.7792
vn -0.4360 0.3801 -0.8157
vn -0.3381 0.4684 -0.8163
vn -0.3540 0.3801 -0.8546
vn -0.4514 0.2882 -0.8445
vn -0.4621 0.1976 -0.8645
vn -0.3664 0.2882 -0.8847
vn -0.3751 0.1976 -0.9057
vn -0.4674 0.1295 -0.8745
vn -0.4688 0.1054 -0.8770
vn -0.3795 0.1295 -0.9161
vn -0.3805 0.1054 -0.9187
vn -0.0724 0.9881 -0.1354
vn -0.1016 0.9765 -0.1900
vn -0.0408 0.9943 -0.0985
vn -0.0812 0.9772 -0.1961
vn -0.1415 0.9539 -0.2647
vn -0.1825 0.9220 -0.3415
vn -0.1148 0.9539 -0.2772
vn -0.1482 0.9220 -0.3578
vn -0.2239 0.8800 -0.4189
vn -0.1817 0.8800 -0.4388
vn -0.2878 0.1295 -0.9489
vn -0.2887 0.1054 -0.9516
vn -0.2846 0.1976 -0.9381
vn -0.1912 0.1976 -0.9615
vn -0.1934 0.1295 -0.9725
vn -0.1940 0.1054 -0.9753
vn -0.0446 0.9881 -0.1469
vn -0.0625 0.9765 -0.2062
vn -0.0208 0.9943 -0.1046
vn -0.0414 0.9772 -0.2081
vn -0.0871 0.9539 -0.2872
vn -0.1124 0.9220 -0.3706
vn -0.0585 0.9539 -0.2942
vn -0.0756 0.9220 -0.3798
vn -0.1379 0.8800 -0.4545
vn -0.1623 0.8291 -0.5350
vn -0.0927 0.8800 -0.4658
vn -0.1091 0.8291 -0.5483
vn -0.1851 0.7703 -0.6103
vn -0.2061 0.7041 -0.6795
vn -0.1244 0.7703 -0.6255
vn -0.1385 0.7041 -0.6965
vn -0.2251 0.6312 -0.7422
vn -0.2420 0.5524 -0.7977
vn -0.1513 0.6312 -0.7607
vn -0.1626 0.5524 -0.8176
vn -0.2565 0.4684 -0.8455
vn -0.2685 0.3801 -0.8851
vn -0.1724 0.4684 -0.8665
vn -0.1805 0.3801 -0.9072
vn -0.2780 0.2882 -0.9163
vn -0.1868 0.2882 -0.9392
vn -0.0760 0.6312 -0.7719
vn -0.0817 0.5524 -0.8296
vn -0.0696 0.7041 -0.7067
vn -0.0866 0.4684 -0.8793
vn -0.0907 0.3801 -0.9205
vn -0.0939 0.2882 -0.9530
vn -0.0961 0.1976 -0.9756
vn -0.0972 0.1295 -0.9868
vn -0.0975 0.1054 -0.9896
vn -0.0150 0.9881 -0.1528
vn -0.0211 0.9765 -0.2144
vn -0.0294 0.9539 -0.2986
vn -0.0380 0.9220 -0.3854
vn -0.0466 0.8800 -0.4726
vn -0.0548 0.8291 -0.5564
vn -0.0625 0.7703 -0.6347
vt 0.750000 0.750000
vt 0.750000 0.781250
vt 0.734375 0.781250
vt 0.734375 0.750000
vt 0.750000 0.812500
vt 0.734375 0.812500
vt 0.718750 0.812500
vt 0.718750 0.781250
vt 0.718750 0.750000
vt 0.750000 0.687500
vt 0.750000 0.718750
vt 0.734375 0.718750
vt 0.734375 0.687500
vt 0.718750 0.718750
vt 0.718750 0.687500
vt 0.750000 0.625000
vt 0.750000 0.656250
vt 0.734375 0.656250
vt 0.734375 0.625000
vt 0.718750 0.656250
vt 0.718750 0.625000
vt 0.750000 0.562500
vt 0.750000 0.593750
vt 0.734375 0.593750
vt 0.734375 0.562500
vt 0.718750 0.593750
vt 0.718750 0.562500
vt 0.750000 0.500000
vt 0.750000 0.531250
vt 0.734375 0.531250
vt 0.734375 0.500000
vt 0.718750 0.531250
vt 0.718750 0.500000
vt 0.750000 0.937500
vt 0.742188 0.968750
vt 0.734375 0.957899
vt 0.734375 0.935185
vt 0.734375 1.000000
vt 0.726563 0.968750
vt 0.718750 0.937500
vt 0.750000 0.875000
vt 0.750000 0.906105
vt 0.734375 0.905961
vt 0.734375 0.875000
vt 0.718750 0.906105
vt 0.718750 0.875000
vt 0.750000 0.843750
vt 0.734375 0.843750
vt 0.718750 0.843750
vt 0.703125 0.843750
vt 0.703125 0.812500
vt 0.703125 0.875000
vt 0.687500 0.875000
vt 0.687500 0.843750
vt 0.687500 0.812500
vt 0.703125 0.781250
vt 0.703125 0.750000
vt 0.687500 0.781250
vt 0.687500 0.750000
vt 0.703125 0.718750
vt 0.703125 0.687500
vt 0.687500 0.718750
vt 0.687500 0.687500
vt 0.703125 0.656250
vt 0.703125 0.625000
vt 0.687500 0.656250
vt 0.687500 0.625000
vt 0.703125 0.593750
vt 0.703125 0.562500
vt 0.687500 0.593750
vt 0.687500 0.562500
vt 0.703125 0.531250
vt 0.703125 0.500000
vt 0.687500 0.531250
vt 0.687500 0.500000
vt 0.710938 0.968750
vt 0.703125 0.957899
vt 0.703125 0.935185
vt 0.703125 1.000000
vt 0.695313 0.968750
vt 0.687500 0.937500
vt 0.703125 0.905961
vt 0.687500 0.906105
vt 0.671875 0.593750
vt 0.671875 0.562500
vt 0.671875 0.625000
vt 0.656250 0.625000
vt 0.656250 0.593750
vt 0.656250 0.562500
vt 0.671875 0.531250
vt 0.671875 0.500000
vt 0.656250 0.531250
vt 0.656250 0.500000
vt 0.679688 0.968750
vt 0.671875 0.957899
vt 0.671875 0.935185
vt 0.671875 1.000000
vt 0.664063 0.968750
vt 0.656250 0.937500
vt 0.671875 0.905961
vt 0.671875 0.875000
vt 0.656250 0.906105
vt 0.656250 0.875000
vt 0.671875 0.843750
vt 0.671875 0.812500
vt 0.656250 0.843750
vt 0.656250 0.812500
vt 0.671875 0.781250
vt 0.671875 0.750000
vt 0.656250 0.781250
vt 0.656250 0.750000
vt 0.671875 0.718750
vt 0.671875 0.687500
vt 0.656250 0.718750
vt 0.656250 0.687500
vt 0.671875 0.656250
vt 0.656250 0.656250
vt 0.640625 0.781250
vt 0.640625 0.750000
vt 0.640625 0.812500
vt 0.625000 0.812500
vt 0.625000 0.781250
vt 0.625000 0.750000
vt 0.640625 0.718750
vt 0.640625 0.687500
vt 0.625000 0.718750
vt 0.625000 0.687500
vt 0.640625 0.656250
vt 0.640625 0.625000
vt 0.625000 0.656250
vt 0.625000 0.625000
vt 0.640625 0.593750
vt 0.640625 0.562500
vt 0.625000 0.593750
vt 0.625000 0.562500
vt 0.640625 0.531250
vt 0.640625 0.500000
vt 0.625000 0.531250
vt 0.625000 0.500000
vt 0.648438 0.968750
vt 0.640625 0.957899
vt 0.640625 0.935185
vt 0.640625 1.000000
vt 0.632813 0.968750
vt 0.625000 0.937500
vt 0.640625 0.905961
vt 0.640625 0.875000
vt 0.625000 0.906105
vt 0.625000 0.875000
vt 0.640625 0.843750
vt 0.625000 0.843750
vt 0.609375 0.531250
vt 0.609375 0.500000
vt 0.609375 0.562500
vt 0.593750 0.562500
vt 0.593750 0.531250
vt 0.593750 0.500000
vt 0.617188 0.968750
vt 0.609375 0.957899
vt 0.609375 0.935185
vt 0.609375 1.000000
vt 0.601563 0.968750
vt 0.593750 0.937500
vt 0.609375 0.905961
vt 0.609375 0.875000
vt 0.593750 0.906105
vt 0.593750 0.875000
vt 0.609375 0.843750
vt 0.609375 0.812500
vt 0.593750 0.843750
vt 0.593750 0.812500
vt 0.609375 0.781250
vt 0.609375 0.750000
vt 0.593750 0.781250
vt 0.593750 0.750000
vt 0.609375 0.718750
vt 0.609375 0.687500
vt 0.593750 0.718750
vt 0.593750 0.687500
vt 0.609375 0.656250
vt 0.609375 0.625000
vt 0.593750 0.656250
vt 0.593750 0.625000
vt 0.609375 0.593750
vt 0.593750 0.593750
vt 0.578123 0.781246
vt 0.578109 0.749971
vt 0.578125 0.812500
vt 0.562500 0.812500
vt 0.562484 0.781221
vt 0.562373 0.749766
vt 0.578134 0.718684
vt 0.578340 0.687472
vt 0.562569 0.718224
vt 0.564220 0.687276
vt 0.578444 0.656259
vt 0.578490 0.625081
vt 0.565048 0.656323
vt 0.565418 0.625644
vt 0.578482 0.593928
vt 0.578480 0.562579
vt 0.565357 0.595177
vt 0.565335 0.563134
vt 0.578418 0.531260
vt 0.578125 0.500000
vt 0.565072 0.531329
vt 0.562500 0.500000
vt 0.585938 0.968750
vt 0.578125 0.957899
vt 0.578125 0.935185
vt 0.578125 1.000000
vt 0.570313 0.968750
vt 0.562500 0.937500
vt 0.578125 0.905961
vt 0.578125 0.875000
vt 0.562500 0.906105
vt 0.562500 0.875000
vt 0.578125 0.843750
vt 0.562500 0.843750
vt 0.547605 0.500000
vt 0.555053 0.500000
vt 0.555573 0.531418
vt 0.548084 0.531250
vt 0.555813 0.563808
vt 0.548562 0.562500
vt 0.554688 0.968750
vt 0.546875 0.957899
vt 0.546875 0.935185
vt 0.546875 1.000000
vt 0.539063 0.968750
vt 0.531250 0.937500
vt 0.546875 0.905961
vt 0.546875 0.875000
vt 0.531250 0.906105
vt 0.531250 0.875000
vt 0.546875 0.843750
vt 0.546875 0.812500
vt 0.531250 0.843750
vt 0.531250 0.812500
vt 0.546839 0.781307
vt 0.546588 0.750454
vt 0.531234 0.781883
vt 0.531123 0.755061
vt 0.549176 0.687500
vt 0.553546 0.686842
vt 0.545621 0.716440
vt 0.549120 0.688111
vt 0.530631 0.737187
vt 0.531250 0.733366
vt 0.534355 0.731182
vt 0.537461 0.728998
vt 0.539776 0.723964
vt 0.542091 0.718930
vt 0.544175 0.711847
vt 0.546260 0.704763
vt 0.547661 0.696743
vt 0.549063 0.688723
vt 0.551546 0.625000
vt 0.556468 0.626532
vt 0.554489 0.656392
vt 0.551952 0.632272
vt 0.550240 0.680329
vt 0.551304 0.673158
vt 0.551843 0.664931
vt 0.552383 0.656703
vt 0.552370 0.648123
vt 0.552358 0.639543
vt 0.555485 0.599810
vt 0.551520 0.623630
vt 0.551494 0.622259
vt 0.550029 0.592380
vt 0.515609 0.757868
vt 0.515591 0.743708
vt 0.500000 0.758439
vt 0.500000 0.745319
vt 0.500000 0.740514
vt 0.515625 0.736941
vt 0.523438 0.968750
vt 0.515625 0.957899
vt 0.515625 0.935185
vt 0.515625 1.000000
vt 0.507813 0.968750
vt 0.500000 0.937500
vt 0.515625 0.905961
vt 0.515625 0.875000
vt 0.500000 0.906105
vt 0.500000 0.875000
vt 0.515625 0.843750
vt 0.515625 0.812500
vt 0.500000 0.843750
vt 0.500000 0.812500
vt 0.515623 0.782233
vt 0.500000 0.782305
vt 0.484375 0.905961
vt 0.484375 0.875000
vt 0.484375 0.935185
vt 0.468750 0.937500
vt 0.468750 0.906105
vt 0.468750 0.875000
vt 0.484375 0.843750
vt 0.484375 0.812500
vt 0.468750 0.843750
vt 0.468750 0.812500
vt 0.484381 0.782236
vt 0.484426 0.757891
vt 0.468801 0.781907
vt 0.469160 0.755252
vt 0.484484 0.743759
vt 0.484375 0.736940
vt 0.470028 0.737635
vt 0.468750 0.733366
vt 0.492188 0.968750
vt 0.484375 0.957899
vt 0.484375 1.000000
vt 0.476563 0.968750
vt 0.453136 0.687500
vt 0.448084 0.687249
vt 0.447136 0.656414
vt 0.452050 0.680329
vt 0.436366 0.687468
vt 0.435457 0.656347
vt 0.435008 0.625644
vt 0.444784 0.626532
vt 0.450535 0.625000
vt 0.450149 0.632272
vt 0.449764 0.639543
vt 0.449787 0.648123
vt 0.449811 0.656704
vt 0.450387 0.664931
vt 0.450963 0.673158
vt 0.435040 0.595177
vt 0.445794 0.599810
vt 0.435017 0.563134
vt 0.445264 0.563808
vt 0.453398 0.562500
vt 0.451991 0.592380
vt 0.450584 0.622259
vt 0.450559 0.623630
vt 0.435228 0.531329
vt 0.445439 0.531418
vt 0.437500 0.500000
vt 0.445909 0.500000
vt 0.454317 0.500000
vt 0.453858 0.531250
vt 0.460938 0.968750
vt 0.453125 0.957899
vt 0.453125 0.935185
vt 0.453125 1.000000
vt 0.445313 0.968750
vt 0.437500 0.937500
vt 0.453125 0.905961
vt 0.453125 0.875000
vt 0.437500 0.906105
vt 0.437500 0.875000
vt 0.453125 0.843750
vt 0.453125 0.812500
vt 0.437500 0.843750
vt 0.437500 0.812500
vt 0.453240 0.781361
vt 0.454048 0.750884
vt 0.437551 0.781245
vt 0.437910 0.749957
vt 0.456975 0.718244
vt 0.467732 0.732651
vt 0.438122 0.718655
vt 0.453194 0.688112
vt 0.453253 0.688723
vt 0.454695 0.696743
vt 0.456137 0.704763
vt 0.458274 0.711847
vt 0.460411 0.718930
vt 0.463218 0.724934
vt 0.466025 0.730938
vt 0.466370 0.731436
vt 0.466714 0.731935
vt 0.421875 0.905961
vt 0.421875 0.875000
vt 0.421875 0.935185
vt 0.406250 0.937500
vt 0.406250 0.906105
vt 0.406250 0.875000
vt 0.421875 0.843750
vt 0.421875 0.812500
vt 0.406250 0.843750
vt 0.406250 0.812500
vt 0.421881 0.781249
vt 0.421926 0.749995
vt 0.406250 0.781250
vt 0.406250 0.750000
vt 0.421953 0.718738
vt 0.421733 0.687496
vt 0.406250 0.718750
vt 0.406250 0.687500
vt 0.421620 0.656262
vt 0.421564 0.625081
vt 0.406250 0.656250
vt 0.406250 0.625000
vt 0.421568 0.593928
vt 0.421565 0.562579
vt 0.406250 0.593750
vt 0.406250 0.562500
vt 0.421616 0.531260
vt 0.421875 0.500000
vt 0.406250 0.531250
vt 0.406250 0.500000
vt 0.429688 0.968750
vt 0.421875 0.957899
vt 0.421875 1.000000
vt 0.414063 0.968750
vt 0.390625 0.656250
vt 0.390625 0.625000
vt 0.390625 0.687500
vt 0.375000 0.687500
vt 0.375000 0.656250
vt 0.375000 0.625000
vt 0.390625 0.593750
vt 0.390625 0.562500
vt 0.375000 0.593750
vt 0.375000 0.562500
vt 0.390625 0.531250
vt 0.390625 0.500000
vt 0.375000 0.531250
vt 0.375000 0.500000
vt 0.398438 0.968750
vt 0.390625 0.957899
vt 0.390625 0.935185
vt 0.390625 1.000000
vt 0.382813 0.968750
vt 0.375000 0.937500
vt 0.390625 0.905961
vt 0.390625 0.875000
vt 0.375000 0.906105
vt 0.375000 0.875000
vt 0.390625 0.843750
vt 0.390625 0.812500
vt 0.375000 0.843750
vt 0.375000 0.812500
vt 0.390625 0.781250
vt 0.390625 0.750000
vt 0.375000 0.781250
vt 0.375000 0.750000
vt 0.390625 0.718750
vt 0.375000 0.718750
vt 0.359375 0.843750
vt 0.359375 0.812500
vt 0.359375 0.875000
vt 0.343750 0.875000
vt 0.343750 0.843750
vt 0.343750 0.812500
vt 0.359375 0.781250
vt 0.359375 0.750000
vt 0.343750 0.781250
vt 0.343750 0.750000
vt 0.359375 0.718750
vt 0.359375 0.687500
vt 0.343750 0.718750
vt 0.343750 0.687500
vt 0.359375 0.656250
vt 0.359375 0.625000
vt 0.343750 0.656250
vt 0.343750 0.625000
vt 0.359375 0.593750
vt 0.359375 0.562500
vt 0.343750 0.593750
vt 0.343750 0.562500
vt 0.359375 0.531250
vt 0.359375 0.500000
vt 0.343750 0.531250
vt 0.343750 0.500000
vt 0.367188 0.968750
vt 0.359375 0.957899
vt 0.359375 0.935185
vt 0.359375 1.000000
vt 0.351563 0.968750
vt 0.343750 0.937500
vt 0.359375 0.905961
vt 0.343750 0.906105
vt 0.328125 0.593750
vt 0.328125 0.562500
vt 0.328125 0.625000
vt 0.312500 0.625000
vt 0.312500 0.593750
vt 0.312500 0.562500
vt 0.328125 0.531250
vt 0.328125 0.500000
vt 0.312500 0.531250
vt 0.312500 0.500000
vt 0.335938 0.968750
vt 0.328125 0.957899
vt 0.328125 0.935185
vt 0.328125 1.000000
vt 0.320313 0.968750
vt 0.312500 0.937500
vt 0.328125 0.905961
vt 0.328125 0.875000
vt 0.312500 0.906105
vt 0.312500 0.875000
vt 0.328125 0.843750
vt 0.328125 0.812500
vt 0.312500 0.843750
vt 0.312500 0.812500
vt 0.328125 0.781250
vt 0.328125 0.750000
vt 0.312500 0.781250
vt 0.312500 0.750000
vt 0.328125 0.718750
vt 0.328125 0.687500
vt 0.312500 0.718750
vt 0.312500 0.687500
vt 0.328125 0.656250
vt 0.312500 0.656250
vt 0.296875 0.843750
vt 0.296875 0.812500
vt 0.296875 0.875000
vt 0.281250 0.875000
vt 0.281250 0.843750
vt 0.281250 0.812500
vt 0.296875 0.781250
vt 0.296875 0.750000
vt 0.281250 0.781250
vt 0.281250 0.750000
vt 0.296875 0.718750
vt 0.296875 0.687500
vt 0.281250 0.718750
vt 0.281250 0.687500
vt 0.296875 0.656250
vt 0.296875 0.625000
vt 0.281250 0.656250
vt 0.281250 0.625000
vt 0.296875 0.593750
vt 0.296875 0.562500
vt 0.281250 0.593750
vt 0.281250 0.562500
vt 0.296875 0.531250
vt 0.296875 0.500000
vt 0.281250 0.531250
vt 0.281250 0.500000
vt 0.304688 0.968750
vt 0.296875 0.957899
vt 0.296875 0.935185
vt 0.296875 1.000000
vt 0.289063 0.968750
vt 0.281250 0.937500
vt 0.296875 0.905961
vt 0.281250 0.906105
vt 0.265625 0.593750
vt 0.265625 0.562500
vt 0.265625 0.625000
vt 0.250000 0.625000
vt 0.250000 0.593750
vt 0.250000 0.562500
vt 0.265625 0.531250
vt 0.265625 0.500000
vt 0.250000 0.531250
vt 0.250000 0.500000
vt 0.273438 0.968750
vt 0.265625 0.957899
vt 0.265625 0.935185
vt 0.265625 1.000000
vt 0.257813 0.968750
vt 0.250000 0.937500
vt 0.265625 0.905961
vt 0.265625 0.875000
vt 0.250000 0.906105
vt 0.250000 0.875000
vt 0.265625 0.843750
vt 0.265625 0.812500
vt 0.250000 0.843750
vt 0.250000 0.812500
vt 0.265625 0.781250
vt 0.265625 0.750000
vt 0.250000 0.781250
vt 0.250000 0.750000
vt 0.265625 0.718750
vt 0.265625 0.687500
vt 0.250000 0.718750
vt 0.250000 0.687500
vt 0.265625 0.656250
vt 0.250000 0.656250
vt 0.234375 0.781250
vt 0.234375 0.750000
vt 0.234375 0.812500
vt 0.218750 0.812500
vt 0.218750 0.781250
vt 0.218750 0.750000
vt 0.234375 0.718750
vt 0.234375 0.687500
vt 0.218750 0.718750
vt 0.218750 0.687500
vt 0.234375 0.656250
vt 0.234375 0.625000
vt 0.218750 0.656250
vt 0.218750 0.625000
vt 0.234375 0.593750
vt 0.234375 0.562500
vt 0.218750 0.593750
vt 0.218750 0.562500
vt 0.234375 0.531250
vt 0.234375 0.500000
vt 0.218750 0.531250
vt 0.218750 0.500000
vt 0.242188 0.968750
vt 0.234375 0.957899
vt 0.234375 0.935185
vt 0.234375 1.000000
vt 0.226563 0.968750
vt 0.218750 0.937500
vt 0.234375 0.905961
vt 0.234375 0.875000
vt 0.218750 0.906105
vt 0.218750 0.875000
vt 0.234375 0.843750
vt 0.218750 0.843750
vt 0.203125 0.531250
vt 0.203125 0.500000
vt 0.203125 0.562500
vt 0.187500 0.562500
vt 0.187500 0.531250
vt 0.187500 0.500000
vt 0.210938 0.968750
vt 0.203125 0.957899
vt 0.203125 0.935185
vt 0.203125 1.000000
vt 0.195313 0.968750
vt 0.187500 0.937500
vt 0.203125 0.905961
vt 0.203125 0.875000
vt 0.187500 0.906105
vt 0.187500 0.875000
vt 0.203125 0.843750
vt 0.203125 0.812500
vt 0.187500 0.843750
vt 0.187500 0.812500
vt 0.203125 0.781250
vt 0.203125 0.750000
vt 0.187500 0.781250
vt 0.187500 0.750000
vt 0.203125 0.718750
vt 0.203125 0.687500
vt 0.187500 0.718750
vt 0.187500 0.687500
vt 0.203125 0.656250
vt 0.203125 0.625000
vt 0.187500 0.656250
vt 0.187500 0.625000
vt 0.203125 0.593750
vt 0.187500 0.593750
vt 0.171875 0.718750
vt 0.171875 0.687500
vt 0.171875 0.750000
vt 0.156250 0.750000
vt 0.156250 0.718750
vt 0.156250 0.687500
vt 0.171875 0.656250
vt 0.171875 0.625000
vt 0.156250 0.656250
vt 0.156250 0.625000
vt 0.171875 0.593750
vt 0.171875 0.562500
vt 0.156250 0.593750
vt 0.156250 0.562500
vt 0.171875 0.531250
vt 0.171875 0.500000
vt 0.156250 0.531250
vt 0.156250 0.500000
vt 0.179688 0.968750
vt 0.171875 0.957899
vt 0.171875 0.935185
vt 0.171875 1.000000
vt 0.164063 0.968750
vt 0.156250 0.937500
vt 0.171875 0.905961
vt 0.171875 0.875000
vt 0.156250 0.906105
vt 0.156250 0.875000
vt 0.171875 0.843750
vt 0.171875 0.812500
vt 0.156250 0.843750
vt 0.156250 0.812500
vt 0.171875 0.781250
vt 0.156250 0.781250
vt 0.148438 0.968750
vt 0.140625 0.957899
vt 0.140625 0.935185
vt 0.140625 1.000000
vt 0.132812 0.968750
vt 0.125000 0.937500
vt 0.140625 0.905961
vt 0.140625 0.875000
vt 0.125000 0.906105
vt 0.125000 0.875000
vt 0.140625 0.843750
vt 0.140625 0.812500
vt 0.125000 0.843750
vt 0.125000 0.812500
vt 0.140625 0.781250
vt 0.140625 0.750000
vt 0.125000 0.781250
vt 0.125000 0.750000
vt 0.140625 0.718750
vt 0.140625 0.687500
vt 0.125000 0.718750
vt 0.125000 0.687500
vt 0.140625 0.656250
vt 0.140625 0.625000
vt 0.125000 0.656250
vt 0.125000 0.625000
vt 0.140625 0.593750
vt 0.140625 0.562500
vt 0.125000 0.593750
vt 0.125000 0.562500
vt 0.140625 0.531250
vt 0.140625 0.500000
vt 0.125000 0.531250
vt 0.125000 0.500000
vt 0.109375 0.718750
vt 0.109375 0.687500
vt 0.109375 0.750000
vt 0.093750 0.750000
vt 0.093750 0.718750
vt 0.093750 0.687500
vt 0.109375 0.656250
vt 0.109375 0.625000
vt 0.093750 0.656250
vt 0.093750 0.625000
vt 0.109375 0.593750
vt 0.109375 0.562500
vt 0.093750 0.593750
vt 0.093750 0.562500
vt 0.109375 0.531250
vt 0.109375 0.500000
vt 0.093750 0.531250
vt 0.093750 0.500000
vt 0.117188 0.968750
vt 0.109375 0.957899
vt 0.109375 0.935185
vt 0.109375 1.000000
vt 0.101563 0.968750
vt 0.093750 0.937500
vt 0.109375 0.905961
vt 0.109375 0.875000
vt 0.093750 0.906105
vt 0.093750 0.875000
vt 0.109375 0.843750
vt 0.109375 0.812500
vt 0.093750 0.843750
vt 0.093750 0.812500
vt 0.109375 0.781250
vt 0.093750 0.781250
vt 0.078125 0.905961
vt 0.078125 0.875000
vt 0.078125 0.935185
vt 0.062500 0.937500
vt 0.062500 0.906105
vt 0.062500 0.875000
vt 0.078125 0.843750
vt 0.078125 0.812500
vt 0.062500 0.843750
vt 0.062500 0.812500
vt 0.078125 0.781250
vt 0.078125 0.750000
vt 0.062500 0.781250
vt 0.062500 0.750000
vt 0.078125 0.718750
vt 0.078125 0.687500
vt 0.062500 0.718750
vt 0.062500 0.687500
vt 0.078125 0.656250
vt 0.078125 0.625000
vt 0.062500 0.656250
vt 0.062500 0.625000
vt 0.078125 0.593750
vt 0.078125 0.562500
vt 0.062500 0.593750
vt 0.062500 0.562500
vt 0.078125 0.531250
vt 0.078125 0.500000
vt 0.062500 0.531250
vt 0.062500 0.500000
vt 0.085938 0.968750
vt 0.078125 0.957899
vt 0.078125 1.000000
vt 0.070313 0.968750
vt 0.046875 0.656250
vt 0.046875 0.625000
vt 0.046875 0.687500
vt 0.031250 0.687500
vt 0.031250 0.656250
vt 0.031250 0.625000
vt 0.046875 0.593750
vt 0.046875 0.562500
vt 0.031250 0.593750
vt 0.031250 0.562500
vt 0.046875 0.531250
vt 0.046875 0.500000
vt 0.031250 0.531250
vt 0.031250 0.500000
vt 0.054688 0.968750
vt 0.046875 0.957899
vt 0.046875 0.935185
vt 0.046875 1.000000
vt 0.039063 0.968750
vt 0.031250 0.937500
vt 0.046875 0.905961
vt 0.046875 0.875000
vt 0.031250 0.906105
vt 0.031250 0.875000
vt 0.046875 0.843750
vt 0.046875 0.812500
vt 0.031250 0.843750
vt 0.031250 0.812500
vt 0.046875 0.781250
vt 0.046875 0.750000
vt 0.031250 0.781250
vt 0.031250 0.750000
vt 0.046875 0.718750
vt 0.031250 0.718750
vt 0.015625 0.905961
vt 0.015625 0.875000
vt 0.015625 0.935185
vt 0.000000 0.937500
vt 0.000000 0.906250
vt 0.000000 0.875000
vt 0.015625 0.843750
vt 0.015625 0.812500
vt 0.000000 0.843750
vt 0.000000 0.812500
vt 0.015625 0.781250
vt 0.015625 0.750000
vt 0.000000 0.781250
vt 0.000000 0.750000
vt 0.015625 0.718750
vt 0.015625 0.687500
vt 0.000000 0.718750
vt 0.000000 0.687500
vt 0.015625 0.656250
vt 0.015625 0.625000
vt 0.000000 0.656250
vt 0.000000 0.625000
vt 0.015625 0.593750
vt 0.015625 0.562500
vt 0.000000 0.593750
vt 0.000000 0.562500
vt 0.015625 0.531250
vt 0.015625 0.500000
vt 0.000000 0.531250
vt 0.000000 0.500000
vt 0.023438 0.968750
vt 0.015625 0.957899
vt 0.015625 1.000000
vt 0.007813 0.968750
vt 1.000000 0.625000
vt 1.000000 0.656250
vt 0.984375 0.656250
vt 0.984375 0.625000
vt 1.000000 0.687500
vt 0.984375 0.687500
vt 0.968750 0.687500
vt 0.968750 0.656250
vt 0.968750 0.625000
vt 1.000000 0.562500
vt 1.000000 0.593750
vt 0.984375 0.593750
vt 0.984375 0.562500
vt 0.968750 0.593750
vt 0.968750 0.562500
vt 1.000000 0.500000
vt 1.000000 0.531250
vt 0.984375 0.531250
vt 0.984375 0.500000
vt 0.968750 0.531250
vt 0.968750 0.500000
vt 1.000000 0.937500
vt 0.992188 0.968750
vt 0.984375 0.957899
vt 0.984375 0.935185
vt 0.984375 1.000000
vt 0.976563 0.968750
vt 0.968750 0.937500
vt 1.000000 0.875000
vt 1.000000 0.906250
vt 0.984375 0.905961
vt 0.984375 0.875000
vt 0.968750 0.906105
vt 0.968750 0.875000
vt 1.000000 0.812500
vt 1.000000 0.843750
vt 0.984375 0.843750
vt 0.984375 0.812500
vt 0.968750 0.843750
vt 0.968750 0.812500
vt 1.000000 0.750000
vt 1.000000 0.781250
vt 0.984375 0.781250
vt 0.984375 0.750000
vt 0.968750 0.781250
vt 0.968750 0.750000
vt 1.000000 0.718750
vt 0.984375 0.718750
vt 0.968750 0.718750
vt 0.953125 0.843750
vt 0.953125 0.812500
vt 0.953125 0.875000
vt 0.937500 0.875000
vt 0.937500 0.843750
vt 0.937500 0.812500
vt 0.953125 0.781250
vt 0.953125 0.750000
vt 0.937500 0.781250
vt 0.937500 0.750000
vt 0.953125 0.718750
vt 0.953125 0.687500
vt 0.937500 0.718750
vt 0.937500 0.687500
vt 0.953125 0.656250
vt 0.953125 0.625000
vt 0.937500 0.656250
vt 0.937500 0.625000
vt 0.953125 0.593750
vt 0.953125 0.562500
vt 0.937500 0.593750
vt 0.937500 0.562500
vt 0.953125 0.531250
vt 0.953125 0.500000
vt 0.937500 0.531250
vt 0.937500 0.500000
vt 0.960938 0.968750
vt 0.953125 0.957899
vt 0.953125 0.935185
vt 0.953125 1.000000
vt 0.945313 0.968750
vt 0.937500 0.937500
vt 0.953125 0.905961
vt 0.937500 0.906105
vt 0.921875 0.593750
vt 0.921875 0.562500
vt 0.921875 0.625000
vt 0.906250 0.625000
vt 0.906250 0.593750
vt 0.906250 0.562500
vt 0.921875 0.531250
vt 0.921875 0.500000
vt 0.906250 0.531250
vt 0.906250 0.500000
vt 0.929688 0.968750
vt 0.921875 0.957899
vt 0.921875 0.935185
vt 0.921875 1.000000
vt 0.914063 0.968750
vt 0.906250 0.937500
vt 0.921875 0.905961
vt 0.921875 0.875000
vt 0.906250 0.906105
vt 0.906250 0.875000
vt 0.921875 0.843750
vt 0.921875 0.812500
vt 0.906250 0.843750
vt 0.906250 0.812500
vt 0.921875 0.781250
vt 0.921875 0.750000
vt 0.906250 0.781250
vt 0.906250 0.750000
vt 0.921875 0.718750
vt 0.921875 0.687500
vt 0.906250 0.718750
vt 0.906250 0.687500
vt 0.921875 0.656250
vt 0.906250 0.656250
vt 0.890625 0.781250
vt 0.890625 0.750000
vt 0.890625 0.812500
vt 0.875000 0.812500
vt 0.875000 0.781250
vt 0.875000 0.750000
vt 0.890625 0.718750
vt 0.890625 0.687500
vt 0.875000 0.718750
vt 0.875000 0.687500
vt 0.890625 0.656250
vt 0.890625 0.625000
vt 0.875000 0.656250
vt 0.875000 0.625000
vt 0.890625 0.593750
vt 0.890625 0.562500
vt 0.875000 0.593750
vt 0.875000 0.562500
vt 0.890625 0.531250
vt 0.890625 0.500000
vt 0.875000 0.531250
vt 0.875000 0.500000
vt 0.898438 0.968750
vt 0.890625 0.957899
vt 0.890625 0.935185
vt 0.890625 1.000000
vt 0.882813 0.968750
vt 0.875000 0.937500
vt 0.890625 0.905961
vt 0.890625 0.875000
vt 0.875000 0.906105
vt 0.875000 0.875000
vt 0.890625 0.843750
vt 0.875000 0.843750
vt 0.859375 0.531250
vt 0.859375 0.500000
vt 0.859375 0.562500
vt 0.843750 0.562500
vt 0.843750 0.531250
vt 0.843750 0.500000
vt 0.867188 0.968750
vt 0.859375 0.957899
vt 0.859375 0.935185
vt 0.859375 1.000000
vt 0.851563 0.968750
vt 0.843750 0.937500
vt 0.859375 0.905961
vt 0.859375 0.875000
vt 0.843750 0.906105
vt 0.843750 0.875000
vt 0.859375 0.843750
vt 0.859375 0.812500
vt 0.843750 0.843750
vt 0.843750 0.812500
vt 0.859375 0.781250
vt 0.859375 0.750000
vt 0.843750 0.781250
vt 0.843750 0.750000
vt 0.859375 0.718750
vt 0.859375 0.687500
vt 0.843750 0.718750
vt 0.843750 0.687500
vt 0.859375 0.656250
vt 0.859375 0.625000
vt 0.843750 0.656250
vt 0.843750 0.625000
vt 0.859375 0.593750
vt 0.843750 0.593750
vt 0.828125 0.781250
vt 0.828125 0.750000
vt 0.828125 0.812500
vt 0.812500 0.812500
vt 0.812500 0.781250
vt 0.812500 0.750000
vt 0.828125 0.718750
vt 0.828125 0.687500
vt 0.812500 0.718750
vt 0.812500 0.687500
vt 0.828125 0.656250
vt 0.828125 0.625000
vt 0.812500 0.656250
vt 0.812500 0.625000
vt 0.828125 0.593750
vt 0.828125 0.562500
vt 0.812500 0.593750
vt 0.812500 0.562500
vt 0.828125 0.531250
vt 0.828125 0.500000
vt 0.812500 0.531250
vt 0.812500 0.500000
vt 0.835938 0.968750
vt 0.828125 0.957899
vt 0.828125 0.935185
vt 0.828125 1.000000
vt 0.820313 0.968750
vt 0.812500 0.937500
vt 0.828125 0.905961
vt 0.828125 0.875000
vt 0.812500 0.906105
vt 0.812500 0.875000
vt 0.828125 0.843750
vt 0.812500 0.843750
vt 0.796875 0.531250
vt 0.796875 0.500000
vt 0.796875 0.562500
vt 0.781250 0.562500
vt 0.781250 0.531250
vt 0.781250 0.500000
vt 0.804688 0.968750
vt 0.796875 0.957899
vt 0.796875 0.935185
vt 0.796875 1.000000
vt 0.789063 0.968750
vt 0.781250 0.937500
vt 0.796875 0.905961
vt 0.796875 0.875000
vt 0.781250 0.906105
vt 0.781250 0.875000
vt 0.796875 0.843750
vt 0.796875 0.812500
vt 0.781250 0.843750
vt 0.781250 0.812500
vt 0.796875 0.781250
vt 0.796875 0.750000
vt 0.781250 0.781250
vt 0.781250 0.750000
vt 0.796875 0.718750
vt 0.796875 0.687500
vt 0.781250 0.718750
vt 0.781250 0.687500
vt 0.796875 0.656250
vt 0.796875 0.625000
vt 0.781250 0.656250
vt 0.781250 0.625000
vt 0.796875 0.593750
vt 0.781250 0.593750
vt 0.765625 0.718750
vt 0.765625 0.687500
vt 0.765625 0.750000
vt 0.765625 0.656250
vt 0.765625 0.625000
vt 0.765625 0.593750
vt 0.765625 0.562500
vt 0.765625 0.531250
vt 0.765625 0.500000
vt 0.773438 0.968750
vt 0.765625 0.957899
vt 0.765625 0.935185
vt 0.765625 1.000000
vt 0.757813 0.968750
vt 0.765625 0.905961
vt 0.765625 0.875000
vt 0.765625 0.843750
vt 0.765625 0.812500
vt 0.765625 0.781250
s 1
usemtl Material.002
f 2228/1955/2294 2259/1956/2295 2780/1957/2296 2258/1958/2297
f 2258/1958/2297 2780/1957/2296 2259/1956/2295 2228/1955/2294
f 2259/1956/2295 1986/1959/2298 2260/1960/2299 2780/1957/2296
f 2780/1957/2296 2260/1960/2299 1986/1959/2298 2259/1956/2295
f 2780/1957/2296 2260/1960/2299 1992/1961/2300 2261/1962/2301
f 2261/1962/2301 1992/1961/2300 2260/1960/2299 2780/1957/2296
f 2258/1958/2297 2780/1957/2296 2261/1962/2301 1993/1963/2302
f 1993/1963/2302 2261/1962/2301 2780/1957/2296 2258/1958/2297
f 1987/1964/2303 2263/1965/2304 2781/1966/2305 2262/1967/2306
f 2262/1967/2306 2781/1966/2305 2263/1965/2304 1987/1964/2303
f 2263/1965/2304 2228/1955/2294 2258/1958/2297 2781/1966/2305
f 2781/1966/2305 2258/1958/2297 2228/1955/2294 2263/1965/2304
f 2781/1966/2305 2258/1958/2297 1993/1963/2302 2264/1968/2307
f 2264/1968/2307 1993/1963/2302 2258/1958/2297 2781/1966/2305
f 2262/1967/2306 2781/1966/2305 2264/1968/2307 1994/1969/2308
f 1994/1969/2308 2264/1968/2307 2781/1966/2305 2262/1967/2306
f 2229/1970/2309 2266/1971/2310 2782/1972/2311 2265/1973/2312
f 2265/1973/2312 2782/1972/2311 2266/1971/2310 2229/1970/2309
f 2266/1971/2310 1987/1964/2303 2262/1967/2306 2782/1972/2311
f 2782/1972/2311 2262/1967/2306 1987/1964/2303 2266/1971/2310
f 2782/1972/2311 2262/1967/2306 1994/1969/2308 2267/1974/2313
f 2267/1974/2313 1994/1969/2308 2262/1967/2306 2782/1972/2311
f 2265/1973/2312 2782/1972/2311 2267/1974/2313 1995/1975/2314
f 1995/1975/2314 2267/1974/2313 2782/1972/2311 2265/1973/2312
f 1988/1976/2315 2269/1977/2316 2783/1978/2317 2268/1979/2318
f 2268/1979/2318 2783/1978/2317 2269/1977/2316 1988/1976/2315
f 2269/1977/2316 2229/1970/2309 2265/1973/2312 2783/1978/2317
f 2783/1978/2317 2265/1973/2312 2229/1970/2309 2269/1977/2316
f 2783/1978/2317 2265/1973/2312 1995/1975/2314 2270/1980/2319
f 2270/1980/2319 1995/1975/2314 2265/1973/2312 2783/1978/2317
f 2268/1979/2318 2783/1978/2317 2270/1980/2319 1996/1981/2320
f 1996/1981/2320 2270/1980/2319 2783/1978/2317 2268/1979/2318
f 1989/1982/2321 2272/1983/2322 2784/1984/2323 2271/1985/2324
f 2271/1985/2324 2784/1984/2323 2272/1983/2322 1989/1982/2321
f 2272/1983/2322 1988/1976/2315 2268/1979/2318 2784/1984/2323
f 2784/1984/2323 2268/1979/2318 1988/1976/2315 2272/1983/2322
f 2784/1984/2323 2268/1979/2318 1996/1981/2320 2273/1986/2325
f 2273/1986/2325 1996/1981/2320 2268/1979/2318 2784/1984/2323
f 2271/1985/2324 2784/1984/2323 2273/1986/2325 1997/1987/2326
f 1997/1987/2326 2273/1986/2325 2784/1984/2323 2271/1985/2324
f 2226/1988/2327 2275/1989/2328 2785/1990/2329 2274/1991/2330
f 2274/1991/2330 2785/1990/2329 2275/1989/2328 2226/1988/2327
f 1985/1992/2331 2276/1993/2332 2785/1990/2329 2275/1989/2328
f 2275/1989/2328 2785/1990/2329 2276/1993/2332 1985/1992/2331
f 1990/1994/2333 2274/1991/2330 2785/1990/2329 2276/1993/2332
f 2276/1993/2332 2785/1990/2329 2274/1991/2330 1990/1994/2333
f 2227/1995/2334 2278/1996/2335 2786/1997/2336 2277/1998/2337
f 2277/1998/2337 2786/1997/2336 2278/1996/2335 2227/1995/2334
f 2278/1996/2335 2226/1988/2327 2274/1991/2330 2786/1997/2336
f 2786/1997/2336 2274/1991/2330 2226/1988/2327 2278/1996/2335
f 2786/1997/2336 2274/1991/2330 1990/1994/2333 2279/1999/2338
f 2279/1999/2338 1990/1994/2333 2274/1991/2330 2786/1997/2336
f 2277/1998/2337 2786/1997/2336 2279/1999/2338 1991/2000/2339
f 1991/2000/2339 2279/1999/2338 2786/1997/2336 2277/1998/2337
f 1986/1959/2298 2280/2001/2340 2787/2002/2341 2260/1960/2299
f 2260/1960/2299 2787/2002/2341 2280/2001/2340 1986/1959/2298
f 2280/2001/2340 2227/1995/2334 2277/1998/2337 2787/2002/2341
f 2787/2002/2341 2277/1998/2337 2227/1995/2334 2280/2001/2340
f 2787/2002/2341 2277/1998/2337 1991/2000/2339 2281/2003/2342
f 2281/2003/2342 1991/2000/2339 2277/1998/2337 2787/2002/2341
f 2260/1960/2299 2787/2002/2341 2281/2003/2342 1992/1961/2300
f 1992/1961/2300 2281/2003/2342 2787/2002/2341 2260/1960/2299
f 1992/1961/2300 2281/2003/2342 2788/2004/2343 2282/2005/2344
f 2282/2005/2344 2788/2004/2343 2281/2003/2342 1992/1961/2300
f 2281/2003/2342 1991/2000/2339 2283/2006/2345 2788/2004/2343
f 2788/2004/2343 2283/2006/2345 1991/2000/2339 2281/2003/2342
f 2788/2004/2343 2283/2006/2345 1999/2007/2346 2284/2008/2347
f 2284/2008/2347 1999/2007/2346 2283/2006/2345 2788/2004/2343
f 2282/2005/2344 2788/2004/2343 2284/2008/2347 2000/2009/2348
f 2000/2009/2348 2284/2008/2347 2788/2004/2343 2282/2005/2344
f 1993/1963/2302 2261/1962/2301 2789/2010/2349 2285/2011/2350
f 2285/2011/2350 2789/2010/2349 2261/1962/2301 1993/1963/2302
f 2261/1962/2301 1992/1961/2300 2282/2005/2344 2789/2010/2349
f 2789/2010/2349 2282/2005/2344 1992/1961/2300 2261/1962/2301
f 2789/2010/2349 2282/2005/2344 2000/2009/2348 2286/2012/2351
f 2286/2012/2351 2000/2009/2348 2282/2005/2344 2789/2010/2349
f 2285/2011/2350 2789/2010/2349 2286/2012/2351 2001/2013/2352
f 2001/2013/2352 2286/2012/2351 2789/2010/2349 2285/2011/2350
f 1994/1969/2308 2264/1968/2307 2790/2014/2353 2287/2015/2354
f 2287/2015/2354 2790/2014/2353 2264/1968/2307 1994/1969/2308
f 2264/1968/2307 1993/1963/2302 2285/2011/2350 2790/2014/2353
f 2790/2014/2353 2285/2011/2350 1993/1963/2302 2264/1968/2307
f 2790/2014/2353 2285/2011/2350 2001/2013/2352 2288/2016/2355
f 2288/2016/2355 2001/2013/2352 2285/2011/2350 2790/2014/2353
f 2287/2015/2354 2790/2014/2353 2288/2016/2355 2002/2017/2356
f 2002/2017/2356 2288/2016/2355 2790/2014/2353 2287/2015/2354
f 1995/1975/2314 2267/1974/2313 2791/2018/2357 2289/2019/2358
f 2289/2019/2358 2791/2018/2357 2267/1974/2313 1995/1975/2314
f 2267/1974/2313 1994/1969/2308 2287/2015/2354 2791/2018/2357
f 2791/2018/2357 2287/2015/2354 1994/1969/2308 2267/1974/2313
f 2791/2018/2357 2287/2015/2354 2002/2017/2356 2290/2020/2359
f 2290/2020/2359 2002/2017/2356 2287/2015/2354 2791/2018/2357
f 2289/2019/2358 2791/2018/2357 2290/2020/2359 2003/2021/2360
f 2003/2021/2360 2290/2020/2359 2791/2018/2357 2289/2019/2358
f 1996/1981/2320 2270/1980/2319 2792/2022/2361 2291/2023/2362
f 2291/2023/2362 2792/2022/2361 2270/1980/2319 1996/1981/2320
f 2270/1980/2319 1995/1975/2314 2289/2019/2358 2792/2022/2361
f 2792/2022/2361 2289/2019/2358 1995/1975/2314 2270/1980/2319
f 2792/2022/2361 2289/2019/2358 2003/2021/2360 2292/2024/2363
f 2292/2024/2363 2003/2021/2360 2289/2019/2358 2792/2022/2361
f 2291/2023/2362 2792/2022/2361 2292/2024/2363 2004/2025/2364
f 2004/2025/2364 2292/2024/2363 2792/2022/2361 2291/2023/2362
f 1997/1987/2326 2273/1986/2325 2793/2026/2365 2293/2027/2366
f 2293/2027/2366 2793/2026/2365 2273/1986/2325 1997/1987/2326
f 2273/1986/2325 1996/1981/2320 2291/2023/2362 2793/2026/2365
f 2793/2026/2365 2291/2023/2362 1996/1981/2320 2273/1986/2325
f 2793/2026/2365 2291/2023/2362 2004/2025/2364 2294/2028/2367
f 2294/2028/2367 2004/2025/2364 2291/2023/2362 2793/2026/2365
f 2293/2027/2366 2793/2026/2365 2294/2028/2367 2005/2029/2368
f 2005/2029/2368 2294/2028/2367 2793/2026/2365 2293/2027/2366
f 1990/1994/2333 2276/2030/2332 2794/2031/2369 2295/2032/2370
f 2295/2032/2370 2794/2031/2369 2276/2030/2332 1990/1994/2333
f 1985/2033/2331 2296/2034/2371 2794/2031/2369 2276/2030/2332
f 2276/2030/2332 2794/2031/2369 2296/2034/2371 1985/2033/2331
f 1998/2035/2372 2295/2032/2370 2794/2031/2369 2296/2034/2371
f 2296/2034/2371 2794/2031/2369 2295/2032/2370 1998/2035/2372
f 1991/2000/2339 2279/1999/2338 2795/2036/2373 2283/2006/2345
f 2283/2006/2345 2795/2036/2373 2279/1999/2338 1991/2000/2339
f 2279/1999/2338 1990/1994/2333 2295/2032/2370 2795/2036/2373
f 2795/2036/2373 2295/2032/2370 1990/1994/2333 2279/1999/2338
f 2795/2036/2373 2295/2032/2370 1998/2035/2372 2297/2037/2374
f 2297/2037/2374 1998/2035/2372 2295/2032/2370 2795/2036/2373
f 2283/2006/2345 2795/2036/2373 2297/2037/2374 1999/2007/2346
f 1999/2007/2346 2297/2037/2374 2795/2036/2373 2283/2006/2345
f 2004/2025/2364 2292/2024/2363 2796/2038/2375 2298/2039/2376
f 2298/2039/2376 2796/2038/2375 2292/2024/2363 2004/2025/2364
f 2292/2024/2363 2003/2021/2360 2299/2040/2377 2796/2038/2375
f 2796/2038/2375 2299/2040/2377 2003/2021/2360 2292/2024/2363
f 2796/2038/2375 2299/2040/2377 2011/2041/2378 2300/2042/2379
f 2300/2042/2379 2011/2041/2378 2299/2040/2377 2796/2038/2375
f 2298/2039/2376 2796/2038/2375 2300/2042/2379 2012/2043/2380
f 2012/2043/2380 2300/2042/2379 2796/2038/2375 2298/2039/2376
f 2005/2029/2368 2294/2028/2367 2797/2044/2381 2301/2045/2382
f 2301/2045/2382 2797/2044/2381 2294/2028/2367 2005/2029/2368
f 2294/2028/2367 2004/2025/2364 2298/2039/2376 2797/2044/2381
f 2797/2044/2381 2298/2039/2376 2004/2025/2364 2294/2028/2367
f 2797/2044/2381 2298/2039/2376 2012/2043/2380 2302/2046/2383
f 2302/2046/2383 2012/2043/2380 2298/2039/2376 2797/2044/2381
f 2301/2045/2382 2797/2044/2381 2302/2046/2383 2013/2047/2384
f 2013/2047/2384 2302/2046/2383 2797/2044/2381 2301/2045/2382
f 1998/2035/2372 2296/2048/2371 2798/2049/2385 2303/2050/2386
f 2303/2050/2386 2798/2049/2385 2296/2048/2371 1998/2035/2372
f 1985/2051/2331 2304/2052/2387 2798/2049/2385 2296/2048/2371
f 2296/2048/2371 2798/2049/2385 2304/2052/2387 1985/2051/2331
f 2006/2053/2388 2303/2050/2386 2798/2049/2385 2304/2052/2387
f 2304/2052/2387 2798/2049/2385 2303/2050/2386 2006/2053/2388
f 1999/2007/2346 2297/2037/2374 2799/2054/2389 2305/2055/2390
f 2305/2055/2390 2799/2054/2389 2297/2037/2374 1999/2007/2346
f 2297/2037/2374 1998/2035/2372 2303/2050/2386 2799/2054/2389
f 2799/2054/2389 2303/2050/2386 1998/2035/2372 2297/2037/2374
f 2799/2054/2389 2303/2050/2386 2006/2053/2388 2306/2056/2391
f 2306/2056/2391 2006/2053/2388 2303/2050/2386 2799/2054/2389
f 2305/2055/2390 2799/2054/2389 2306/2056/2391 2007/2057/2392
f 2007/2057/2392 2306/2056/2391 2799/2054/2389 2305/2055/2390
f 2000/2009/2348 2284/2008/2347 2800/2058/2393 2307/2059/2394
f 2307/2059/2394 2800/2058/2393 2284/2008/2347 2000/2009/2348
f 2284/2008/2347 1999/2007/2346 2305/2055/2390 2800/2058/2393
f 2800/2058/2393 2305/2055/2390 1999/2007/2346 2284/2008/2347
f 2800/2058/2393 2305/2055/2390 2007/2057/2392 2308/2060/2395
f 2308/2060/2395 2007/2057/2392 2305/2055/2390 2800/2058/2393
f 2307/2059/2394 2800/2058/2393 2308/2060/2395 2008/2061/2396
f 2008/2061/2396 2308/2060/2395 2800/2058/2393 2307/2059/2394
f 2001/2013/2352 2286/2012/2351 2801/2062/2397 2309/2063/2398
f 2309/2063/2398 2801/2062/2397 2286/2012/2351 2001/2013/2352
f 2286/2012/2351 2000/2009/2348 2307/2059/2394 2801/2062/2397
f 2801/2062/2397 2307/2059/2394 2000/2009/2348 2286/2012/2351
f 2801/2062/2397 2307/2059/2394 2008/2061/2396 2310/2064/2399
f 2310/2064/2399 2008/2061/2396 2307/2059/2394 2801/2062/2397
f 2309/2063/2398 2801/2062/2397 2310/2064/2399 2009/2065/2400
f 2009/2065/2400 2310/2064/2399 2801/2062/2397 2309/2063/2398
f 2002/2017/2356 2288/2016/2355 2802/2066/2401 2311/2067/2402
f 2311/2067/2402 2802/2066/2401 2288/2016/2355 2002/2017/2356
f 2288/2016/2355 2001/2013/2352 2309/2063/2398 2802/2066/2401
f 2802/2066/2401 2309/2063/2398 2001/2013/2352 2288/2016/2355
f 2802/2066/2401 2309/2063/2398 2009/2065/2400 2312/2068/2403
f 2312/2068/2403 2009/2065/2400 2309/2063/2398 2802/2066/2401
f 2311/2067/2402 2802/2066/2401 2312/2068/2403 2010/2069/2404
f 2010/2069/2404 2312/2068/2403 2802/2066/2401 2311/2067/2402
f 2003/2021/2360 2290/2020/2359 2803/2070/2405 2299/2040/2377
f 2299/2040/2377 2803/2070/2405 2290/2020/2359 2003/2021/2360
f 2290/2020/2359 2002/2017/2356 2311/2067/2402 2803/2070/2405
f 2803/2070/2405 2311/2067/2402 2002/2017/2356 2290/2020/2359
f 2803/2070/2405 2311/2067/2402 2010/2069/2404 2313/2071/2406
f 2313/2071/2406 2010/2069/2404 2311/2067/2402 2803/2070/2405
f 2299/2040/2377 2803/2070/2405 2313/2071/2406 2011/2041/2378
f 2011/2041/2378 2313/2071/2406 2803/2070/2405 2299/2040/2377
f 2009/2065/2400 2310/2064/2399 2804/2072/2407 2314/2073/2408
f 2314/2073/2408 2804/2072/2407 2310/2064/2399 2009/2065/2400
f 2310/2064/2399 2008/2061/2396 2315/2074/2409 2804/2072/2407
f 2804/2072/2407 2315/2074/2409 2008/2061/2396 2310/2064/2399
f 2804/2072/2407 2315/2074/2409 2016/2075/2410 2316/2076/2411
f 2316/2076/2411 2016/2075/2410 2315/2074/2409 2804/2072/2407
f 2314/2073/2408 2804/2072/2407 2316/2076/2411 2017/2077/2412
f 2017/2077/2412 2316/2076/2411 2804/2072/2407 2314/2073/2408
f 2010/2069/2404 2312/2068/2403 2805/2078/2413 2317/2079/2414
f 2317/2079/2414 2805/2078/2413 2312/2068/2403 2010/2069/2404
f 2312/2068/2403 2009/2065/2400 2314/2073/2408 2805/2078/2413
f 2805/2078/2413 2314/2073/2408 2009/2065/2400 2312/2068/2403
f 2805/2078/2413 2314/2073/2408 2017/2077/2412 2318/2080/2415
f 2318/2080/2415 2017/2077/2412 2314/2073/2408 2805/2078/2413
f 2317/2079/2414 2805/2078/2413 2318/2080/2415 2018/2081/2416
f 2018/2081/2416 2318/2080/2415 2805/2078/2413 2317/2079/2414
f 2011/2041/2378 2313/2071/2406 2806/2082/2417 2319/2083/2418
f 2319/2083/2418 2806/2082/2417 2313/2071/2406 2011/2041/2378
f 2313/2071/2406 2010/2069/2404 2317/2079/2414 2806/2082/2417
f 2806/2082/2417 2317/2079/2414 2010/2069/2404 2313/2071/2406
f 2806/2082/2417 2317/2079/2414 2018/2081/2416 2320/2084/2419
f 2320/2084/2419 2018/2081/2416 2317/2079/2414 2806/2082/2417
f 2319/2083/2418 2806/2082/2417 2320/2084/2419 2019/2085/2420
f 2019/2085/2420 2320/2084/2419 2806/2082/2417 2319/2083/2418
f 2012/2043/2380 2300/2042/2379 2807/2086/2421 2321/2087/2422
f 2321/2087/2422 2807/2086/2421 2300/2042/2379 2012/2043/2380
f 2300/2042/2379 2011/2041/2378 2319/2083/2418 2807/2086/2421
f 2807/2086/2421 2319/2083/2418 2011/2041/2378 2300/2042/2379
f 2807/2086/2421 2319/2083/2418 2019/2085/2420 2322/2088/2423
f 2322/2088/2423 2019/2085/2420 2319/2083/2418 2807/2086/2421
f 2321/2087/2422 2807/2086/2421 2322/2088/2423 2020/2089/2424
f 2020/2089/2424 2322/2088/2423 2807/2086/2421 2321/2087/2422
f 2013/2047/2384 2302/2046/2383 2808/2090/2425 2323/2091/2426
f 2323/2091/2426 2808/2090/2425 2302/2046/2383 2013/2047/2384
f 2302/2046/2383 2012/2043/2380 2321/2087/2422 2808/2090/2425
f 2808/2090/2425 2321/2087/2422 2012/2043/2380 2302/2046/2383
f 2808/2090/2425 2321/2087/2422 2020/2089/2424 2324/2092/2427
f 2324/2092/2427 2020/2089/2424 2321/2087/2422 2808/2090/2425
f 2323/2091/2426 2808/2090/2425 2324/2092/2427 2021/2093/2428
f 2021/2093/2428 2324/2092/2427 2808/2090/2425 2323/2091/2426
f 2006/2053/2388 2304/2094/2387 2809/2095/2429 2325/2096/2430
f 2325/2096/2430 2809/2095/2429 2304/2094/2387 2006/2053/2388
f 1985/2097/2331 2326/2098/2431 2809/2095/2429 2304/2094/2387
f 2304/2094/2387 2809/2095/2429 2326/2098/2431 1985/2097/2331
f 2014/2099/2432 2325/2096/2430 2809/2095/2429 2326/2098/2431
f 2326/2098/2431 2809/2095/2429 2325/2096/2430 2014/2099/2432
f 2007/2057/2392 2306/2056/2391 2810/2100/2433 2327/2101/2434
f 2327/2101/2434 2810/2100/2433 2306/2056/2391 2007/2057/2392
f 2306/2056/2391 2006/2053/2388 2325/2096/2430 2810/2100/2433
f 2810/2100/2433 2325/2096/2430 2006/2053/2388 2306/2056/2391
f 2810/2100/2433 2325/2096/2430 2014/2099/2432 2328/2102/2435
f 2328/2102/2435 2014/2099/2432 2325/2096/2430 2810/2100/2433
f 2327/2101/2434 2810/2100/2433 2328/2102/2435 2015/2103/2436
f 2015/2103/2436 2328/2102/2435 2810/2100/2433 2327/2101/2434
f 2008/2061/2396 2308/2060/2395 2811/2104/2437 2315/2074/2409
f 2315/2074/2409 2811/2104/2437 2308/2060/2395 2008/2061/2396
f 2308/2060/2395 2007/2057/2392 2327/2101/2434 2811/2104/2437
f 2811/2104/2437 2327/2101/2434 2007/2057/2392 2308/2060/2395
f 2811/2104/2437 2327/2101/2434 2015/2103/2436 2329/2105/2438
f 2329/2105/2438 2015/2103/2436 2327/2101/2434 2811/2104/2437
f 2315/2074/2409 2811/2104/2437 2329/2105/2438 2016/2075/2410
f 2016/2075/2410 2329/2105/2438 2811/2104/2437 2315/2074/2409
f 2021/2093/2428 2324/2092/2427 2812/2106/2439 2330/2107/2440
f 2330/2107/2440 2812/2106/2439 2324/2092/2427 2021/2093/2428
f 2324/2092/2427 2020/2089/2424 2331/2108/2441 2812/2106/2439
f 2812/2106/2439 2331/2108/2441 2020/2089/2424 2324/2092/2427
f 2812/2106/2439 2331/2108/2441 2028/2109/2442 2332/2110/2443
f 2332/2110/2443 2028/2109/2442 2331/2108/2441 2812/2106/2439
f 2330/2107/2440 2812/2106/2439 2332/2110/2443 2029/2111/2444
f 2029/2111/2444 2332/2110/2443 2812/2106/2439 2330/2107/2440
f 2014/2099/2432 2326/2112/2431 2813/2113/2445 2333/2114/2446
f 2333/2114/2446 2813/2113/2445 2326/2112/2431 2014/2099/2432
f 1985/2115/2331 2334/2116/2447 2813/2113/2445 2326/2112/2431
f 2326/2112/2431 2813/2113/2445 2334/2116/2447 1985/2115/2331
f 2022/2117/2448 2333/2114/2446 2813/2113/2445 2334/2116/2447
f 2334/2116/2447 2813/2113/2445 2333/2114/2446 2022/2117/2448
f 2015/2103/2436 2328/2102/2435 2814/2118/2449 2335/2119/2450
f 2335/2119/2450 2814/2118/2449 2328/2102/2435 2015/2103/2436
f 2328/2102/2435 2014/2099/2432 2333/2114/2446 2814/2118/2449
f 2814/2118/2449 2333/2114/2446 2014/2099/2432 2328/2102/2435
f 2814/2118/2449 2333/2114/2446 2022/2117/2448 2336/2120/2451
f 2336/2120/2451 2022/2117/2448 2333/2114/2446 2814/2118/2449
f 2335/2119/2450 2814/2118/2449 2336/2120/2451 2023/2121/2452
f 2023/2121/2452 2336/2120/2451 2814/2118/2449 2335/2119/2450
f 2016/2075/2410 2329/2105/2438 2815/2122/2453 2337/2123/2454
f 2337/2123/2454 2815/2122/2453 2329/2105/2438 2016/2075/2410
f 2329/2105/2438 2015/2103/2436 2335/2119/2450 2815/2122/2453
f 2815/2122/2453 2335/2119/2450 2015/2103/2436 2329/2105/2438
f 2815/2122/2453 2335/2119/2450 2023/2121/2452 2338/2124/2455
f 2338/2124/2455 2023/2121/2452 2335/2119/2450 2815/2122/2453
f 2337/2123/2454 2815/2122/2453 2338/2124/2455 2024/2125/2456
f 2024/2125/2456 2338/2124/2455 2815/2122/2453 2337/2123/2454
f 2017/2077/2412 2316/2076/2411 2816/2126/2457 2339/2127/2458
f 2339/2127/2458 2816/2126/2457 2316/2076/2411 2017/2077/2412
f 2316/2076/2411 2016/2075/2410 2337/2123/2454 2816/2126/2457
f 2816/2126/2457 2337/2123/2454 2016/2075/2410 2316/2076/2411
f 2816/2126/2457 2337/2123/2454 2024/2125/2456 2340/2128/2459
f 2340/2128/2459 2024/2125/2456 2337/2123/2454 2816/2126/2457
f 2339/2127/2458 2816/2126/2457 2340/2128/2459 2025/2129/2460
f 2025/2129/2460 2340/2128/2459 2816/2126/2457 2339/2127/2458
f 2018/2081/2416 2318/2080/2415 2817/2130/2461 2341/2131/2462
f 2341/2131/2462 2817/2130/2461 2318/2080/2415 2018/2081/2416
f 2318/2080/2415 2017/2077/2412 2339/2127/2458 2817/2130/2461
f 2817/2130/2461 2339/2127/2458 2017/2077/2412 2318/2080/2415
f 2817/2130/2461 2339/2127/2458 2025/2129/2460 2342/2132/2463
f 2342/2132/2463 2025/2129/2460 2339/2127/2458 2817/2130/2461
f 2341/2131/2462 2817/2130/2461 2342/2132/2463 2026/2133/2464
f 2026/2133/2464 2342/2132/2463 2817/2130/2461 2341/2131/2462
f 2019/2085/2420 2320/2084/2419 2818/2134/2465 2343/2135/2466
f 2343/2135/2466 2818/2134/2465 2320/2084/2419 2019/2085/2420
f 2320/2084/2419 2018/2081/2416 2341/2131/2462 2818/2134/2465
f 2818/2134/2465 2341/2131/2462 2018/2081/2416 2320/2084/2419
f 2818/2134/2465 2341/2131/2462 2026/2133/2464 2344/2136/2467
f 2344/2136/2467 2026/2133/2464 2341/2131/2462 2818/2134/2465
f 2343/2135/2466 2818/2134/2465 2344/2136/2467 2027/2137/2468
f 2027/2137/2468 2344/2136/2467 2818/2134/2465 2343/2135/2466
f 2020/2089/2424 2322/2088/2423 2819/2138/2469 2331/2108/2441
f 2331/2108/2441 2819/2138/2469 2322/2088/2423 2020/2089/2424
f 2322/2088/2423 2019/2085/2420 2343/2135/2466 2819/2138/2469
f 2819/2138/2469 2343/2135/2466 2019/2085/2420 2322/2088/2423
f 2819/2138/2469 2343/2135/2466 2027/2137/2468 2345/2139/2470
f 2345/2139/2470 2027/2137/2468 2343/2135/2466 2819/2138/2469
f 2331/2108/2441 2819/2138/2469 2345/2139/2470 2028/2109/2442
f 2028/2109/2442 2345/2139/2470 2819/2138/2469 2331/2108/2441
f 2025/2129/2460 2340/2128/2459 2820/2140/2471 2346/2141/2472
f 2346/2141/2472 2820/2140/2471 2340/2128/2459 2025/2129/2460
f 2340/2128/2459 2024/2125/2456 2347/2142/2473 2820/2140/2471
f 2820/2140/2471 2347/2142/2473 2024/2125/2456 2340/2128/2459
f 2820/2140/2471 2347/2142/2473 2032/2143/2474 2348/2144/2475
f 2348/2144/2475 2032/2143/2474 2347/2142/2473 2820/2140/2471
f 2346/2141/2472 2820/2140/2471 2348/2144/2475 2033/2145/2476
f 2033/2145/2476 2348/2144/2475 2820/2140/2471 2346/2141/2472
f 2026/2133/2464 2342/2132/2463 2821/2146/2477 2349/2147/2478
f 2349/2147/2478 2821/2146/2477 2342/2132/2463 2026/2133/2464
f 2342/2132/2463 2025/2129/2460 2346/2141/2472 2821/2146/2477
f 2821/2146/2477 2346/2141/2472 2025/2129/2460 2342/2132/2463
f 2821/2146/2477 2346/2141/2472 2033/2145/2476 2350/2148/2479
f 2350/2148/2479 2033/2145/2476 2346/2141/2472 2821/2146/2477
f 2349/2147/2478 2821/2146/2477 2350/2148/2479 2034/2149/2480
f 2034/2149/2480 2350/2148/2479 2821/2146/2477 2349/2147/2478
f 2027/2137/2468 2344/2136/2467 2822/2150/2481 2351/2151/2482
f 2351/2151/2482 2822/2150/2481 2344/2136/2467 2027/2137/2468
f 2344/2136/2467 2026/2133/2464 2349/2147/2478 2822/2150/2481
f 2822/2150/2481 2349/2147/2478 2026/2133/2464 2344/2136/2467
f 2822/2150/2481 2349/2147/2478 2034/2149/2480 2352/2152/2483
f 2352/2152/2483 2034/2149/2480 2349/2147/2478 2822/2150/2481
f 2351/2151/2482 2822/2150/2481 2352/2152/2483 2035/2153/2484
f 2035/2153/2484 2352/2152/2483 2822/2150/2481 2351/2151/2482
f 2028/2109/2442 2345/2139/2470 2823/2154/2485 2353/2155/2486
f 2353/2155/2486 2823/2154/2485 2345/2139/2470 2028/2109/2442
f 2345/2139/2470 2027/2137/2468 2351/2151/2482 2823/2154/2485
f 2823/2154/2485 2351/2151/2482 2027/2137/2468 2345/2139/2470
f 2823/2154/2485 2351/2151/2482 2035/2153/2484 2354/2156/2487
f 2354/2156/2487 2035/2153/2484 2351/2151/2482 2823/2154/2485
f 2353/2155/2486 2823/2154/2485 2354/2156/2487 2036/2157/2488
f 2036/2157/2488 2354/2156/2487 2823/2154/2485 2353/2155/2486
f 2029/2111/2444 2332/2110/2443 2824/2158/2489 2355/2159/2490
f 2355/2159/2490 2824/2158/2489 2332/2110/2443 2029/2111/2444
f 2332/2110/2443 2028/2109/2442 2353/2155/2486 2824/2158/2489
f 2824/2158/2489 2353/2155/2486 2028/2109/2442 2332/2110/2443
f 2824/2158/2489 2353/2155/2486 2036/2157/2488 2356/2160/2491
f 2356/2160/2491 2036/2157/2488 2353/2155/2486 2824/2158/2489
f 2355/2159/2490 2824/2158/2489 2356/2160/2491 2037/2161/2492
f 2037/2161/2492 2356/2160/2491 2824/2158/2489 2355/2159/2490
f 2022/2117/2448 2334/2162/2447 2825/2163/2493 2357/2164/2494
f 2357/2164/2494 2825/2163/2493 2334/2162/2447 2022/2117/2448
f 1985/2165/2331 2358/2166/2495 2825/2163/2493 2334/2162/2447
f 2334/2162/2447 2825/2163/2493 2358/2166/2495 1985/2165/2331
f 2030/2167/2496 2357/2164/2494 2825/2163/2493 2358/2166/2495
f 2358/2166/2495 2825/2163/2493 2357/2164/2494 2030/2167/2496
f 2023/2121/2452 2336/2120/2451 2826/2168/2497 2359/2169/2498
f 2359/2169/2498 2826/2168/2497 2336/2120/2451 2023/2121/2452
f 2336/2120/2451 2022/2117/2448 2357/2164/2494 2826/2168/2497
f 2826/2168/2497 2357/2164/2494 2022/2117/2448 2336/2120/2451
f 2826/2168/2497 2357/2164/2494 2030/2167/2496 2360/2170/2499
f 2360/2170/2499 2030/2167/2496 2357/2164/2494 2826/2168/2497
f 2359/2169/2498 2826/2168/2497 2360/2170/2499 2031/2171/2500
f 2031/2171/2500 2360/2170/2499 2826/2168/2497 2359/2169/2498
f 2024/2125/2456 2338/2124/2455 2827/2172/2501 2347/2142/2473
f 2347/2142/2473 2827/2172/2501 2338/2124/2455 2024/2125/2456
f 2338/2124/2455 2023/2121/2452 2359/2169/2498 2827/2172/2501
f 2827/2172/2501 2359/2169/2498 2023/2121/2452 2338/2124/2455
f 2827/2172/2501 2359/2169/2498 2031/2171/2500 2361/2173/2502
f 2361/2173/2502 2031/2171/2500 2359/2169/2498 2827/2172/2501
f 2347/2142/2473 2827/2172/2501 2361/2173/2502 2032/2143/2474
f 2032/2143/2474 2361/2173/2502 2827/2172/2501 2347/2142/2473
f 2231/2174/2503 2363/2175/2504 2828/2176/2505 2362/2177/2506
f 2362/2177/2506 2828/2176/2505 2363/2175/2504 2231/2174/2503
f 2363/2175/2504 2037/2161/2492 2356/2160/2491 2828/2176/2505
f 2828/2176/2505 2356/2160/2491 2037/2161/2492 2363/2175/2504
f 2828/2176/2505 2356/2160/2491 2036/2157/2488 2364/2178/2507
f 2364/2178/2507 2036/2157/2488 2356/2160/2491 2828/2176/2505
f 2362/2177/2506 2828/2176/2505 2364/2178/2507 2230/2179/2508
f 2230/2179/2508 2364/2178/2507 2828/2176/2505 2362/2177/2506
f 2030/2167/2496 2358/2180/2495 2829/2181/2509 2365/2182/2510
f 2365/2182/2510 2829/2181/2509 2358/2180/2495 2030/2167/2496
f 1985/2183/2331 2366/2184/2511 2829/2181/2509 2358/2180/2495
f 2358/2180/2495 2829/2181/2509 2366/2184/2511 1985/2183/2331
f 2038/2185/2512 2365/2182/2510 2829/2181/2509 2366/2184/2511
f 2366/2184/2511 2829/2181/2509 2365/2182/2510 2038/2185/2512
f 2031/2171/2500 2360/2170/2499 2830/2186/2513 2367/2187/2514
f 2367/2187/2514 2830/2186/2513 2360/2170/2499 2031/2171/2500
f 2360/2170/2499 2030/2167/2496 2365/2182/2510 2830/2186/2513
f 2830/2186/2513 2365/2182/2510 2030/2167/2496 2360/2170/2499
f 2830/2186/2513 2365/2182/2510 2038/2185/2512 2368/2188/2515
f 2368/2188/2515 2038/2185/2512 2365/2182/2510 2830/2186/2513
f 2367/2187/2514 2830/2186/2513 2368/2188/2515 2039/2189/2516
f 2039/2189/2516 2368/2188/2515 2830/2186/2513 2367/2187/2514
f 2032/2143/2474 2361/2173/2502 2831/2190/2517 2369/2191/2518
f 2369/2191/2518 2831/2190/2517 2361/2173/2502 2032/2143/2474
f 2361/2173/2502 2031/2171/2500 2367/2187/2514 2831/2190/2517
f 2831/2190/2517 2367/2187/2514 2031/2171/2500 2361/2173/2502
f 2831/2190/2517 2367/2187/2514 2039/2189/2516 2370/2192/2519
f 2370/2192/2519 2039/2189/2516 2367/2187/2514 2831/2190/2517
f 2369/2191/2518 2831/2190/2517 2370/2192/2519 2040/2193/2520
f 2040/2193/2520 2370/2192/2519 2831/2190/2517 2369/2191/2518
f 2033/2145/2476 2348/2144/2475 2832/2194/2521 2371/2195/2522
f 2371/2195/2522 2832/2194/2521 2348/2144/2475 2033/2145/2476
f 2348/2144/2475 2032/2143/2474 2369/2191/2518 2832/2194/2521
f 2832/2194/2521 2369/2191/2518 2032/2143/2474 2348/2144/2475
f 2832/2194/2521 2369/2191/2518 2040/2193/2520 2372/2196/2523
f 2372/2196/2523 2040/2193/2520 2369/2191/2518 2832/2194/2521
f 2371/2195/2522 2832/2194/2521 2372/2196/2523 2041/2197/2524
f 2041/2197/2524 2372/2196/2523 2832/2194/2521 2371/2195/2522
f 2234/2198/2525 2374/2199/2526 2833/2200/2527 2373/2201/2528
f 2373/2201/2528 2833/2200/2527 2374/2199/2526 2234/2198/2525
f 2034/2149/2480 2350/2148/2479 2833/2200/2527 2374/2199/2526
f 2374/2199/2526 2833/2200/2527 2350/2148/2479 2034/2149/2480
f 2033/2145/2476 2371/2195/2522 2833/2200/2527 2350/2148/2479
f 2350/2148/2479 2833/2200/2527 2371/2195/2522 2033/2145/2476
f 2041/2197/2524 2375/2202/2529 2833/2200/2527 2371/2195/2522
f 2371/2195/2522 2833/2200/2527 2375/2202/2529 2041/2197/2524
f 2232/2203/2530 2376/2204/2531 2833/2200/2527 2375/2202/2529
f 2375/2202/2529 2833/2200/2527 2376/2204/2531 2232/2203/2530
f 2233/2205/2532 2377/2206/2533 2833/2200/2527 2376/2204/2531
f 2376/2204/2531 2833/2200/2527 2377/2206/2533 2233/2205/2532
f 2237/2207/2534 2378/2208/2535 2833/2200/2527 2377/2206/2533
f 2377/2206/2533 2833/2200/2527 2378/2208/2535 2237/2207/2534
f 2236/2209/2536 2379/2210/2537 2833/2200/2527 2378/2208/2535
f 2378/2208/2535 2833/2200/2527 2379/2210/2537 2236/2209/2536
f 2235/2211/2538 2373/2201/2528 2833/2200/2527 2379/2210/2537
f 2379/2210/2537 2833/2200/2527 2373/2201/2528 2235/2211/2538
f 2240/2212/2539 2381/2213/2540 2834/2214/2541 2380/2215/2542
f 2380/2215/2542 2834/2214/2541 2381/2213/2540 2240/2212/2539
f 2035/2153/2484 2352/2152/2483 2834/2214/2541 2381/2213/2540
f 2381/2213/2540 2834/2214/2541 2352/2152/2483 2035/2153/2484
f 2034/2149/2480 2374/2199/2526 2834/2214/2541 2352/2152/2483
f 2352/2152/2483 2834/2214/2541 2374/2199/2526 2034/2149/2480
f 2234/2198/2525 2382/2216/2543 2834/2214/2541 2374/2199/2526
f 2374/2199/2526 2834/2214/2541 2382/2216/2543 2234/2198/2525
f 2238/2217/2544 2383/2218/2545 2834/2214/2541 2382/2216/2543
f 2382/2216/2543 2834/2214/2541 2383/2218/2545 2238/2217/2544
f 2239/2219/2546 2384/2220/2547 2834/2214/2541 2383/2218/2545
f 2383/2218/2545 2834/2214/2541 2384/2220/2547 2239/2219/2546
f 2241/2221/2548 2380/2215/2542 2834/2214/2541 2384/2220/2547
f 2384/2220/2547 2834/2214/2541 2380/2215/2542 2241/2221/2548
f 2036/2157/2488 2354/2156/2487 2835/2222/2549 2364/2178/2507
f 2364/2178/2507 2835/2222/2549 2354/2156/2487 2036/2157/2488
f 2035/2153/2484 2381/2213/2540 2835/2222/2549 2354/2156/2487
f 2354/2156/2487 2835/2222/2549 2381/2213/2540 2035/2153/2484
f 2240/2212/2539 2385/2223/2550 2835/2222/2549 2381/2213/2540
f 2381/2213/2540 2835/2222/2549 2385/2223/2550 2240/2212/2539
f 2242/2224/2551 2386/2225/2552 2835/2222/2549 2385/2223/2550
f 2385/2223/2550 2835/2222/2549 2386/2225/2552 2242/2224/2551
f 2230/2179/2508 2364/2178/2507 2835/2222/2549 2386/2225/2552
f 2386/2225/2552 2835/2222/2549 2364/2178/2507 2230/2179/2508
f 2041/2197/2524 2387/2226/2553 2836/2227/2554 2375/2202/2529
f 2375/2202/2529 2836/2227/2554 2387/2226/2553 2041/2197/2524
f 2387/2226/2553 2045/2228/2555 2388/2229/2556 2836/2227/2554
f 2836/2227/2554 2388/2229/2556 2045/2228/2555 2387/2226/2553
f 2836/2227/2554 2388/2229/2556 2243/2230/2557 2389/2231/2558
f 2389/2231/2558 2243/2230/2557 2388/2229/2556 2836/2227/2554
f 2375/2202/2529 2836/2227/2554 2389/2231/2558 2232/2203/2530
f 2232/2203/2530 2389/2231/2558 2836/2227/2554 2375/2202/2529
f 2038/2185/2512 2366/2232/2511 2837/2233/2559 2390/2234/2560
f 2390/2234/2560 2837/2233/2559 2366/2232/2511 2038/2185/2512
f 1985/2235/2331 2391/2236/2561 2837/2233/2559 2366/2232/2511
f 2366/2232/2511 2837/2233/2559 2391/2236/2561 1985/2235/2331
f 2042/2237/2562 2390/2234/2560 2837/2233/2559 2391/2236/2561
f 2391/2236/2561 2837/2233/2559 2390/2234/2560 2042/2237/2562
f 2039/2189/2516 2368/2188/2515 2838/2238/2563 2392/2239/2564
f 2392/2239/2564 2838/2238/2563 2368/2188/2515 2039/2189/2516
f 2368/2188/2515 2038/2185/2512 2390/2234/2560 2838/2238/2563
f 2838/2238/2563 2390/2234/2560 2038/2185/2512 2368/2188/2515
f 2838/2238/2563 2390/2234/2560 2042/2237/2562 2393/2240/2565
f 2393/2240/2565 2042/2237/2562 2390/2234/2560 2838/2238/2563
f 2392/2239/2564 2838/2238/2563 2393/2240/2565 2043/2241/2566
f 2043/2241/2566 2393/2240/2565 2838/2238/2563 2392/2239/2564
f 2040/2193/2520 2370/2192/2519 2839/2242/2567 2394/2243/2568
f 2394/2243/2568 2839/2242/2567 2370/2192/2519 2040/2193/2520
f 2370/2192/2519 2039/2189/2516 2392/2239/2564 2839/2242/2567
f 2839/2242/2567 2392/2239/2564 2039/2189/2516 2370/2192/2519
f 2839/2242/2567 2392/2239/2564 2043/2241/2566 2395/2244/2569
f 2395/2244/2569 2043/2241/2566 2392/2239/2564 2839/2242/2567
f 2394/2243/2568 2839/2242/2567 2395/2244/2569 2044/2245/2570
f 2044/2245/2570 2395/2244/2569 2839/2242/2567 2394/2243/2568
f 2041/2197/2524 2372/2196/2523 2840/2246/2571 2387/2226/2553
f 2387/2226/2553 2840/2246/2571 2372/2196/2523 2041/2197/2524
f 2372/2196/2523 2040/2193/2520 2394/2243/2568 2840/2246/2571
f 2840/2246/2571 2394/2243/2568 2040/2193/2520 2372/2196/2523
f 2840/2246/2571 2394/2243/2568 2044/2245/2570 2396/2247/2572
f 2396/2247/2572 2044/2245/2570 2394/2243/2568 2840/2246/2571
f 2387/2226/2553 2840/2246/2571 2396/2247/2572 2045/2228/2555
f 2045/2228/2555 2396/2247/2572 2840/2246/2571 2387/2226/2553
f 2043/2241/2566 2393/2240/2565 2841/2248/2573 2397/2249/2574
f 2397/2249/2574 2841/2248/2573 2393/2240/2565 2043/2241/2566
f 2393/2240/2565 2042/2237/2562 2398/2250/2575 2841/2248/2573
f 2841/2248/2573 2398/2250/2575 2042/2237/2562 2393/2240/2565
f 2841/2248/2573 2398/2250/2575 2046/2251/2576 2399/2252/2577
f 2399/2252/2577 2046/2251/2576 2398/2250/2575 2841/2248/2573
f 2397/2249/2574 2841/2248/2573 2399/2252/2577 2047/2253/2578
f 2047/2253/2578 2399/2252/2577 2841/2248/2573 2397/2249/2574
f 2044/2245/2570 2395/2244/2569 2842/2254/2579 2400/2255/2580
f 2400/2255/2580 2842/2254/2579 2395/2244/2569 2044/2245/2570
f 2395/2244/2569 2043/2241/2566 2397/2249/2574 2842/2254/2579
f 2842/2254/2579 2397/2249/2574 2043/2241/2566 2395/2244/2569
f 2842/2254/2579 2397/2249/2574 2047/2253/2578 2401/2256/2581
f 2401/2256/2581 2047/2253/2578 2397/2249/2574 2842/2254/2579
f 2400/2255/2580 2842/2254/2579 2401/2256/2581 2048/2257/2582
f 2048/2257/2582 2401/2256/2581 2842/2254/2579 2400/2255/2580
f 2045/2228/2555 2396/2247/2572 2843/2258/2583 2402/2259/2584
f 2402/2259/2584 2843/2258/2583 2396/2247/2572 2045/2228/2555
f 2396/2247/2572 2044/2245/2570 2400/2255/2580 2843/2258/2583
f 2843/2258/2583 2400/2255/2580 2044/2245/2570 2396/2247/2572
f 2843/2258/2583 2400/2255/2580 2048/2257/2582 2403/2260/2585
f 2403/2260/2585 2048/2257/2582 2400/2255/2580 2843/2258/2583
f 2402/2259/2584 2843/2258/2583 2403/2260/2585 2049/2261/2586
f 2049/2261/2586 2403/2260/2585 2843/2258/2583 2402/2259/2584
f 2243/2230/2557 2388/2229/2556 2844/2262/2587 2404/2263/2588
f 2404/2263/2588 2844/2262/2587 2388/2229/2556 2243/2230/2557
f 2388/2229/2556 2045/2228/2555 2402/2259/2584 2844/2262/2587
f 2844/2262/2587 2402/2259/2584 2045/2228/2555 2388/2229/2556
f 2844/2262/2587 2402/2259/2584 2049/2261/2586 2405/2264/2589
f 2405/2264/2589 2049/2261/2586 2402/2259/2584 2844/2262/2587
f 2404/2263/2588 2844/2262/2587 2405/2264/2589 2244/2265/2590
f 2244/2265/2590 2405/2264/2589 2844/2262/2587 2404/2263/2588
f 2042/2237/2562 2391/2266/2561 2845/2267/2591 2398/2250/2575
f 2398/2250/2575 2845/2267/2591 2391/2266/2561 2042/2237/2562
f 1985/2268/2331 2406/2269/2592 2845/2267/2591 2391/2266/2561
f 2391/2266/2561 2845/2267/2591 2406/2269/2592 1985/2268/2331
f 2046/2251/2576 2398/2250/2575 2845/2267/2591 2406/2269/2592
f 2406/2269/2592 2845/2267/2591 2398/2250/2575 2046/2251/2576
f 2246/2270/2593 2408/2271/2594 2846/2272/2595 2407/2273/2596
f 2407/2273/2596 2846/2272/2595 2408/2271/2594 2246/2270/2593
f 2054/2274/2597 2409/2275/2598 2846/2272/2595 2408/2271/2594
f 2408/2271/2594 2846/2272/2595 2409/2275/2598 2054/2274/2597
f 2055/2276/2599 2410/2277/2600 2846/2272/2595 2409/2275/2598
f 2409/2275/2598 2846/2272/2595 2410/2277/2600 2055/2276/2599
f 2247/2278/2601 2411/2279/2602 2846/2272/2595 2410/2277/2600
f 2410/2277/2600 2846/2272/2595 2411/2279/2602 2247/2278/2601
f 2249/2280/2603 2412/2281/2604 2846/2272/2595 2411/2279/2602
f 2411/2279/2602 2846/2272/2595 2412/2281/2604 2249/2280/2603
f 2248/2282/2605 2413/2283/2606 2846/2272/2595 2412/2281/2604
f 2412/2281/2604 2846/2272/2595 2413/2283/2606 2248/2282/2605
f 2245/2284/2607 2407/2273/2596 2846/2272/2595 2413/2283/2606
f 2413/2283/2606 2846/2272/2595 2407/2273/2596 2245/2284/2607
f 2055/2276/2599 2414/2285/2608 2847/2286/2609 2410/2277/2600
f 2410/2277/2600 2847/2286/2609 2414/2285/2608 2055/2276/2599
f 2056/2287/2610 2415/2288/2611 2847/2286/2609 2414/2285/2608
f 2414/2285/2608 2847/2286/2609 2415/2288/2611 2056/2287/2610
f 2251/2289/2612 2416/2290/2613 2847/2286/2609 2415/2288/2611
f 2415/2288/2611 2847/2286/2609 2416/2290/2613 2251/2289/2612
f 2250/2291/2614 2417/2292/2615 2847/2286/2609 2416/2290/2613
f 2416/2290/2613 2847/2286/2609 2417/2292/2615 2250/2291/2614
f 2247/2278/2601 2410/2277/2600 2847/2286/2609 2417/2292/2615
f 2417/2292/2615 2847/2286/2609 2410/2277/2600 2247/2278/2601
f 2056/2287/2610 2418/2293/2616 2848/2294/2617 2415/2288/2611
f 2415/2288/2611 2848/2294/2617 2418/2293/2616 2056/2287/2610
f 2418/2293/2616 2057/2295/2618 2419/2296/2619 2848/2294/2617
f 2848/2294/2617 2419/2296/2619 2057/2295/2618 2418/2293/2616
f 2848/2294/2617 2419/2296/2619 2252/2297/2620 2420/2298/2621
f 2420/2298/2621 2252/2297/2620 2419/2296/2619 2848/2294/2617
f 2415/2288/2611 2848/2294/2617 2420/2298/2621 2251/2289/2612
f 2251/2289/2612 2420/2298/2621 2848/2294/2617 2415/2288/2611
f 2046/2251/2576 2406/2299/2592 2849/2300/2622 2421/2301/2623
f 2421/2301/2623 2849/2300/2622 2406/2299/2592 2046/2251/2576
f 1985/2302/2331 2422/2303/2624 2849/2300/2622 2406/2299/2592
f 2406/2299/2592 2849/2300/2622 2422/2303/2624 1985/2302/2331
f 2050/2304/2625 2421/2301/2623 2849/2300/2622 2422/2303/2624
f 2422/2303/2624 2849/2300/2622 2421/2301/2623 2050/2304/2625
f 2047/2253/2578 2399/2252/2577 2850/2305/2626 2423/2306/2627
f 2423/2306/2627 2850/2305/2626 2399/2252/2577 2047/2253/2578
f 2399/2252/2577 2046/2251/2576 2421/2301/2623 2850/2305/2626
f 2850/2305/2626 2421/2301/2623 2046/2251/2576 2399/2252/2577
f 2850/2305/2626 2421/2301/2623 2050/2304/2625 2424/2307/2628
f 2424/2307/2628 2050/2304/2625 2421/2301/2623 2850/2305/2626
f 2423/2306/2627 2850/2305/2626 2424/2307/2628 2051/2308/2629
f 2051/2308/2629 2424/2307/2628 2850/2305/2626 2423/2306/2627
f 2048/2257/2582 2401/2256/2581 2851/2309/2630 2425/2310/2631
f 2425/2310/2631 2851/2309/2630 2401/2256/2581 2048/2257/2582
f 2401/2256/2581 2047/2253/2578 2423/2306/2627 2851/2309/2630
f 2851/2309/2630 2423/2306/2627 2047/2253/2578 2401/2256/2581
f 2851/2309/2630 2423/2306/2627 2051/2308/2629 2426/2311/2632
f 2426/2311/2632 2051/2308/2629 2423/2306/2627 2851/2309/2630
f 2425/2310/2631 2851/2309/2630 2426/2311/2632 2052/2312/2633
f 2052/2312/2633 2426/2311/2632 2851/2309/2630 2425/2310/2631
f 2049/2261/2586 2403/2260/2585 2852/2313/2634 2427/2314/2635
f 2427/2314/2635 2852/2313/2634 2403/2260/2585 2049/2261/2586
f 2403/2260/2585 2048/2257/2582 2425/2310/2631 2852/2313/2634
f 2852/2313/2634 2425/2310/2631 2048/2257/2582 2403/2260/2585
f 2852/2313/2634 2425/2310/2631 2052/2312/2633 2428/2315/2636
f 2428/2315/2636 2052/2312/2633 2425/2310/2631 2852/2313/2634
f 2427/2314/2635 2852/2313/2634 2428/2315/2636 2053/2316/2637
f 2053/2316/2637 2428/2315/2636 2852/2313/2634 2427/2314/2635
f 2244/2265/2590 2405/2264/2589 2853/2317/2638 2429/2318/2639
f 2429/2318/2639 2853/2317/2638 2405/2264/2589 2244/2265/2590
f 2049/2261/2586 2427/2314/2635 2853/2317/2638 2405/2264/2589
f 2405/2264/2589 2853/2317/2638 2427/2314/2635 2049/2261/2586
f 2053/2316/2637 2430/2319/2640 2853/2317/2638 2427/2314/2635
f 2427/2314/2635 2853/2317/2638 2430/2319/2640 2053/2316/2637
f 2054/2274/2597 2408/2271/2594 2853/2317/2638 2430/2319/2640
f 2430/2319/2640 2853/2317/2638 2408/2271/2594 2054/2274/2597
f 2246/2270/2593 2431/2320/2641 2853/2317/2638 2408/2271/2594
f 2408/2271/2594 2853/2317/2638 2431/2320/2641 2246/2270/2593
f 2256/2321/2642 2432/2322/2643 2853/2317/2638 2431/2320/2641
f 2431/2320/2641 2853/2317/2638 2432/2322/2643 2256/2321/2642
f 2257/2323/2644 2433/2324/2645 2853/2317/2638 2432/2322/2643
f 2432/2322/2643 2853/2317/2638 2433/2324/2645 2257/2323/2644
f 2253/2325/2646 2434/2326/2647 2853/2317/2638 2433/2324/2645
f 2433/2324/2645 2853/2317/2638 2434/2326/2647 2253/2325/2646
f 2254/2327/2648 2435/2328/2649 2853/2317/2638 2434/2326/2647
f 2434/2326/2647 2853/2317/2638 2435/2328/2649 2254/2327/2648
f 2255/2329/2650 2429/2318/2639 2853/2317/2638 2435/2328/2649
f 2435/2328/2649 2853/2317/2638 2429/2318/2639 2255/2329/2650
f 2051/2308/2629 2424/2307/2628 2854/2330/2651 2436/2331/2652
f 2436/2331/2652 2854/2330/2651 2424/2307/2628 2051/2308/2629
f 2424/2307/2628 2050/2304/2625 2437/2332/2653 2854/2330/2651
f 2854/2330/2651 2437/2332/2653 2050/2304/2625 2424/2307/2628
f 2854/2330/2651 2437/2332/2653 2058/2333/2654 2438/2334/2655
f 2438/2334/2655 2058/2333/2654 2437/2332/2653 2854/2330/2651
f 2436/2331/2652 2854/2330/2651 2438/2334/2655 2059/2335/2656
f 2059/2335/2656 2438/2334/2655 2854/2330/2651 2436/2331/2652
f 2052/2312/2633 2426/2311/2632 2855/2336/2657 2439/2337/2658
f 2439/2337/2658 2855/2336/2657 2426/2311/2632 2052/2312/2633
f 2426/2311/2632 2051/2308/2629 2436/2331/2652 2855/2336/2657
f 2855/2336/2657 2436/2331/2652 2051/2308/2629 2426/2311/2632
f 2855/2336/2657 2436/2331/2652 2059/2335/2656 2440/2338/2659
f 2440/2338/2659 2059/2335/2656 2436/2331/2652 2855/2336/2657
f 2439/2337/2658 2855/2336/2657 2440/2338/2659 2060/2339/2660
f 2060/2339/2660 2440/2338/2659 2855/2336/2657 2439/2337/2658
f 2053/2316/2637 2428/2315/2636 2856/2340/2661 2441/2341/2662
f 2441/2341/2662 2856/2340/2661 2428/2315/2636 2053/2316/2637
f 2428/2315/2636 2052/2312/2633 2439/2337/2658 2856/2340/2661
f 2856/2340/2661 2439/2337/2658 2052/2312/2633 2428/2315/2636
f 2856/2340/2661 2439/2337/2658 2060/2339/2660 2442/2342/2663
f 2442/2342/2663 2060/2339/2660 2439/2337/2658 2856/2340/2661
f 2441/2341/2662 2856/2340/2661 2442/2342/2663 2061/2343/2664
f 2061/2343/2664 2442/2342/2663 2856/2340/2661 2441/2341/2662
f 2054/2274/2597 2430/2319/2640 2857/2344/2665 2443/2345/2666
f 2443/2345/2666 2857/2344/2665 2430/2319/2640 2054/2274/2597
f 2430/2319/2640 2053/2316/2637 2441/2341/2662 2857/2344/2665
f 2857/2344/2665 2441/2341/2662 2053/2316/2637 2430/2319/2640
f 2857/2344/2665 2441/2341/2662 2061/2343/2664 2444/2346/2667
f 2444/2346/2667 2061/2343/2664 2441/2341/2662 2857/2344/2665
f 2443/2345/2666 2857/2344/2665 2444/2346/2667 2062/2347/2668
f 2062/2347/2668 2444/2346/2667 2857/2344/2665 2443/2345/2666
f 2055/2276/2599 2409/2275/2598 2858/2348/2669 2445/2349/2670
f 2445/2349/2670 2858/2348/2669 2409/2275/2598 2055/2276/2599
f 2409/2275/2598 2054/2274/2597 2443/2345/2666 2858/2348/2669
f 2858/2348/2669 2443/2345/2666 2054/2274/2597 2409/2275/2598
f 2858/2348/2669 2443/2345/2666 2062/2347/2668 2446/2350/2671
f 2446/2350/2671 2062/2347/2668 2443/2345/2666 2858/2348/2669
f 2445/2349/2670 2858/2348/2669 2446/2350/2671 2063/2351/2672
f 2063/2351/2672 2446/2350/2671 2858/2348/2669 2445/2349/2670
f 2056/2287/2610 2414/2285/2608 2859/2352/2673 2447/2353/2674
f 2447/2353/2674 2859/2352/2673 2414/2285/2608 2056/2287/2610
f 2414/2285/2608 2055/2276/2599 2445/2349/2670 2859/2352/2673
f 2859/2352/2673 2445/2349/2670 2055/2276/2599 2414/2285/2608
f 2859/2352/2673 2445/2349/2670 2063/2351/2672 2448/2354/2675
f 2448/2354/2675 2063/2351/2672 2445/2349/2670 2859/2352/2673
f 2447/2353/2674 2859/2352/2673 2448/2354/2675 2064/2355/2676
f 2064/2355/2676 2448/2354/2675 2859/2352/2673 2447/2353/2674
f 2057/2295/2618 2418/2293/2616 2860/2356/2677 2449/2357/2678
f 2449/2357/2678 2860/2356/2677 2418/2293/2616 2057/2295/2618
f 2418/2293/2616 2056/2287/2610 2447/2353/2674 2860/2356/2677
f 2860/2356/2677 2447/2353/2674 2056/2287/2610 2418/2293/2616
f 2860/2356/2677 2447/2353/2674 2064/2355/2676 2450/2358/2679
f 2450/2358/2679 2064/2355/2676 2447/2353/2674 2860/2356/2677
f 2449/2357/2678 2860/2356/2677 2450/2358/2679 2065/2359/2680
f 2065/2359/2680 2450/2358/2679 2860/2356/2677 2449/2357/2678
f 2050/2304/2625 2422/2360/2624 2861/2361/2681 2437/2332/2653
f 2437/2332/2653 2861/2361/2681 2422/2360/2624 2050/2304/2625
f 1985/2362/2331 2451/2363/2682 2861/2361/2681 2422/2360/2624
f 2422/2360/2624 2861/2361/2681 2451/2363/2682 1985/2362/2331
f 2058/2333/2654 2437/2332/2653 2861/2361/2681 2451/2363/2682
f 2451/2363/2682 2861/2361/2681 2437/2332/2653 2058/2333/2654
f 2063/2351/2672 2446/2350/2671 2862/2364/2683 2452/2365/2684
f 2452/2365/2684 2862/2364/2683 2446/2350/2671 2063/2351/2672
f 2446/2350/2671 2062/2347/2668 2453/2366/2685 2862/2364/2683
f 2862/2364/2683 2453/2366/2685 2062/2347/2668 2446/2350/2671
f 2862/2364/2683 2453/2366/2685 2070/2367/2686 2454/2368/2687
f 2454/2368/2687 2070/2367/2686 2453/2366/2685 2862/2364/2683
f 2452/2365/2684 2862/2364/2683 2454/2368/2687 2071/2369/2688
f 2071/2369/2688 2454/2368/2687 2862/2364/2683 2452/2365/2684
f 2064/2355/2676 2448/2354/2675 2863/2370/2689 2455/2371/2690
f 2455/2371/2690 2863/2370/2689 2448/2354/2675 2064/2355/2676
f 2448/2354/2675 2063/2351/2672 2452/2365/2684 2863/2370/2689
f 2863/2370/2689 2452/2365/2684 2063/2351/2672 2448/2354/2675
f 2863/2370/2689 2452/2365/2684 2071/2369/2688 2456/2372/2691
f 2456/2372/2691 2071/2369/2688 2452/2365/2684 2863/2370/2689
f 2455/2371/2690 2863/2370/2689 2456/2372/2691 2072/2373/2692
f 2072/2373/2692 2456/2372/2691 2863/2370/2689 2455/2371/2690
f 2065/2359/2680 2450/2358/2679 2864/2374/2693 2457/2375/2694
f 2457/2375/2694 2864/2374/2693 2450/2358/2679 2065/2359/2680
f 2450/2358/2679 2064/2355/2676 2455/2371/2690 2864/2374/2693
f 2864/2374/2693 2455/2371/2690 2064/2355/2676 2450/2358/2679
f 2864/2374/2693 2455/2371/2690 2072/2373/2692 2458/2376/2695
f 2458/2376/2695 2072/2373/2692 2455/2371/2690 2864/2374/2693
f 2457/2375/2694 2864/2374/2693 2458/2376/2695 2073/2377/2696
f 2073/2377/2696 2458/2376/2695 2864/2374/2693 2457/2375/2694
f 2058/2333/2654 2451/2378/2682 2865/2379/2697 2459/2380/2698
f 2459/2380/2698 2865/2379/2697 2451/2378/2682 2058/2333/2654
f 1985/2381/2331 2460/2382/2699 2865/2379/2697 2451/2378/2682
f 2451/2378/2682 2865/2379/2697 2460/2382/2699 1985/2381/2331
f 2066/2383/2700 2459/2380/2698 2865/2379/2697 2460/2382/2699
f 2460/2382/2699 2865/2379/2697 2459/2380/2698 2066/2383/2700
f 2059/2335/2656 2438/2334/2655 2866/2384/2701 2461/2385/2702
f 2461/2385/2702 2866/2384/2701 2438/2334/2655 2059/2335/2656
f 2438/2334/2655 2058/2333/2654 2459/2380/2698 2866/2384/2701
f 2866/2384/2701 2459/2380/2698 2058/2333/2654 2438/2334/2655
f 2866/2384/2701 2459/2380/2698 2066/2383/2700 2462/2386/2703
f 2462/2386/2703 2066/2383/2700 2459/2380/2698 2866/2384/2701
f 2461/2385/2702 2866/2384/2701 2462/2386/2703 2067/2387/2704
f 2067/2387/2704 2462/2386/2703 2866/2384/2701 2461/2385/2702
f 2060/2339/2660 2440/2338/2659 2867/2388/2705 2463/2389/2706
f 2463/2389/2706 2867/2388/2705 2440/2338/2659 2060/2339/2660
f 2440/2338/2659 2059/2335/2656 2461/2385/2702 2867/2388/2705
f 2867/2388/2705 2461/2385/2702 2059/2335/2656 2440/2338/2659
f 2867/2388/2705 2461/2385/2702 2067/2387/2704 2464/2390/2707
f 2464/2390/2707 2067/2387/2704 2461/2385/2702 2867/2388/2705
f 2463/2389/2706 2867/2388/2705 2464/2390/2707 2068/2391/2708
f 2068/2391/2708 2464/2390/2707 2867/2388/2705 2463/2389/2706
f 2061/2343/2664 2442/2342/2663 2868/2392/2709 2465/2393/2710
f 2465/2393/2710 2868/2392/2709 2442/2342/2663 2061/2343/2664
f 2442/2342/2663 2060/2339/2660 2463/2389/2706 2868/2392/2709
f 2868/2392/2709 2463/2389/2706 2060/2339/2660 2442/2342/2663
f 2868/2392/2709 2463/2389/2706 2068/2391/2708 2466/2394/2711
f 2466/2394/2711 2068/2391/2708 2463/2389/2706 2868/2392/2709
f 2465/2393/2710 2868/2392/2709 2466/2394/2711 2069/2395/2712
f 2069/2395/2712 2466/2394/2711 2868/2392/2709 2465/2393/2710
f 2062/2347/2668 2444/2346/2667 2869/2396/2713 2453/2366/2685
f 2453/2366/2685 2869/2396/2713 2444/2346/2667 2062/2347/2668
f 2444/2346/2667 2061/2343/2664 2465/2393/2710 2869/2396/2713
f 2869/2396/2713 2465/2393/2710 2061/2343/2664 2444/2346/2667
f 2869/2396/2713 2465/2393/2710 2069/2395/2712 2467/2397/2714
f 2467/2397/2714 2069/2395/2712 2465/2393/2710 2869/2396/2713
f 2453/2366/2685 2869/2396/2713 2467/2397/2714 2070/2367/2686
f 2070/2367/2686 2467/2397/2714 2869/2396/2713 2453/2366/2685
f 2068/2391/2708 2464/2390/2707 2870/2398/2715 2468/2399/2716
f 2468/2399/2716 2870/2398/2715 2464/2390/2707 2068/2391/2708
f 2464/2390/2707 2067/2387/2704 2469/2400/2717 2870/2398/2715
f 2870/2398/2715 2469/2400/2717 2067/2387/2704 2464/2390/2707
f 2870/2398/2715 2469/2400/2717 2075/2401/2718 2470/2402/2719
f 2470/2402/2719 2075/2401/2718 2469/2400/2717 2870/2398/2715
f 2468/2399/2716 2870/2398/2715 2470/2402/2719 2076/2403/2720
f 2076/2403/2720 2470/2402/2719 2870/2398/2715 2468/2399/2716
f 2069/2395/2712 2466/2394/2711 2871/2404/2721 2471/2405/2722
f 2471/2405/2722 2871/2404/2721 2466/2394/2711 2069/2395/2712
f 2466/2394/2711 2068/2391/2708 2468/2399/2716 2871/2404/2721
f 2871/2404/2721 2468/2399/2716 2068/2391/2708 2466/2394/2711
f 2871/2404/2721 2468/2399/2716 2076/2403/2720 2472/2406/2723
f 2472/2406/2723 2076/2403/2720 2468/2399/2716 2871/2404/2721
f 2471/2405/2722 2871/2404/2721 2472/2406/2723 2077/2407/2724
f 2077/2407/2724 2472/2406/2723 2871/2404/2721 2471/2405/2722
f 2070/2367/2686 2467/2397/2714 2872/2408/2725 2473/2409/2726
f 2473/2409/2726 2872/2408/2725 2467/2397/2714 2070/2367/2686
f 2467/2397/2714 2069/2395/2712 2471/2405/2722 2872/2408/2725
f 2872/2408/2725 2471/2405/2722 2069/2395/2712 2467/2397/2714
f 2872/2408/2725 2471/2405/2722 2077/2407/2724 2474/2410/2727
f 2474/2410/2727 2077/2407/2724 2471/2405/2722 2872/2408/2725
f 2473/2409/2726 2872/2408/2725 2474/2410/2727 2078/2411/2728
f 2078/2411/2728 2474/2410/2727 2872/2408/2725 2473/2409/2726
f 2071/2369/2688 2454/2368/2687 2873/2412/2729 2475/2413/2730
f 2475/2413/2730 2873/2412/2729 2454/2368/2687 2071/2369/2688
f 2454/2368/2687 2070/2367/2686 2473/2409/2726 2873/2412/2729
f 2873/2412/2729 2473/2409/2726 2070/2367/2686 2454/2368/2687
f 2873/2412/2729 2473/2409/2726 2078/2411/2728 2476/2414/2731
f 2476/2414/2731 2078/2411/2728 2473/2409/2726 2873/2412/2729
f 2475/2413/2730 2873/2412/2729 2476/2414/2731 2079/2415/2732
f 2079/2415/2732 2476/2414/2731 2873/2412/2729 2475/2413/2730
f 2072/2373/2692 2456/2372/2691 2874/2416/2733 2477/2417/2734
f 2477/2417/2734 2874/2416/2733 2456/2372/2691 2072/2373/2692
f 2456/2372/2691 2071/2369/2688 2475/2413/2730 2874/2416/2733
f 2874/2416/2733 2475/2413/2730 2071/2369/2688 2456/2372/2691
f 2874/2416/2733 2475/2413/2730 2079/2415/2732 2478/2418/2735
f 2478/2418/2735 2079/2415/2732 2475/2413/2730 2874/2416/2733
f 2477/2417/2734 2874/2416/2733 2478/2418/2735 2080/2419/2736
f 2080/2419/2736 2478/2418/2735 2874/2416/2733 2477/2417/2734
f 2073/2377/2696 2458/2376/2695 2875/2420/2737 2479/2421/2738
f 2479/2421/2738 2875/2420/2737 2458/2376/2695 2073/2377/2696
f 2458/2376/2695 2072/2373/2692 2477/2417/2734 2875/2420/2737
f 2875/2420/2737 2477/2417/2734 2072/2373/2692 2458/2376/2695
f 2875/2420/2737 2477/2417/2734 2080/2419/2736 2480/2422/2739
f 2480/2422/2739 2080/2419/2736 2477/2417/2734 2875/2420/2737
f 2479/2421/2738 2875/2420/2737 2480/2422/2739 2081/2423/2740
f 2081/2423/2740 2480/2422/2739 2875/2420/2737 2479/2421/2738
f 2066/2383/2700 2460/2424/2699 2876/2425/2741 2481/2426/2742
f 2481/2426/2742 2876/2425/2741 2460/2424/2699 2066/2383/2700
f 1985/2427/2331 2482/2428/2743 2876/2425/2741 2460/2424/2699
f 2460/2424/2699 2876/2425/2741 2482/2428/2743 1985/2427/2331
f 2074/2429/2744 2481/2426/2742 2876/2425/2741 2482/2428/2743
f 2482/2428/2743 2876/2425/2741 2481/2426/2742 2074/2429/2744
f 2067/2387/2704 2462/2386/2703 2877/2430/2745 2469/2400/2717
f 2469/2400/2717 2877/2430/2745 2462/2386/2703 2067/2387/2704
f 2462/2386/2703 2066/2383/2700 2481/2426/2742 2877/2430/2745
f 2877/2430/2745 2481/2426/2742 2066/2383/2700 2462/2386/2703
f 2877/2430/2745 2481/2426/2742 2074/2429/2744 2483/2431/2746
f 2483/2431/2746 2074/2429/2744 2481/2426/2742 2877/2430/2745
f 2469/2400/2717 2877/2430/2745 2483/2431/2746 2075/2401/2718
f 2075/2401/2718 2483/2431/2746 2877/2430/2745 2469/2400/2717
f 2080/2419/2736 2478/2418/2735 2878/2432/2747 2484/2433/2748
f 2484/2433/2748 2878/2432/2747 2478/2418/2735 2080/2419/2736
f 2478/2418/2735 2079/2415/2732 2485/2434/2749 2878/2432/2747
f 2878/2432/2747 2485/2434/2749 2079/2415/2732 2478/2418/2735
f 2878/2432/2747 2485/2434/2749 2087/2435/2750 2486/2436/2751
f 2486/2436/2751 2087/2435/2750 2485/2434/2749 2878/2432/2747
f 2484/2433/2748 2878/2432/2747 2486/2436/2751 2088/2437/2752
f 2088/2437/2752 2486/2436/2751 2878/2432/2747 2484/2433/2748
f 2081/2423/2740 2480/2422/2739 2879/2438/2753 2487/2439/2754
f 2487/2439/2754 2879/2438/2753 2480/2422/2739 2081/2423/2740
f 2480/2422/2739 2080/2419/2736 2484/2433/2748 2879/2438/2753
f 2879/2438/2753 2484/2433/2748 2080/2419/2736 2480/2422/2739
f 2879/2438/2753 2484/2433/2748 2088/2437/2752 2488/2440/2755
f 2488/2440/2755 2088/2437/2752 2484/2433/2748 2879/2438/2753
f 2487/2439/2754 2879/2438/2753 2488/2440/2755 2089/2441/2756
f 2089/2441/2756 2488/2440/2755 2879/2438/2753 2487/2439/2754
f 2074/2429/2744 2482/2442/2743 2880/2443/2757 2489/2444/2758
f 2489/2444/2758 2880/2443/2757 2482/2442/2743 2074/2429/2744
f 1985/2445/2331 2490/2446/2759 2880/2443/2757 2482/2442/2743
f 2482/2442/2743 2880/2443/2757 2490/2446/2759 1985/2445/2331
f 2082/2447/2760 2489/2444/2758 2880/2443/2757 2490/2446/2759
f 2490/2446/2759 2880/2443/2757 2489/2444/2758 2082/2447/2760
f 2075/2401/2718 2483/2431/2746 2881/2448/2761 2491/2449/2762
f 2491/2449/2762 2881/2448/2761 2483/2431/2746 2075/2401/2718
f 2483/2431/2746 2074/2429/2744 2489/2444/2758 2881/2448/2761
f 2881/2448/2761 2489/2444/2758 2074/2429/2744 2483/2431/2746
f 2881/2448/2761 2489/2444/2758 2082/2447/2760 2492/2450/2763
f 2492/2450/2763 2082/2447/2760 2489/2444/2758 2881/2448/2761
f 2491/2449/2762 2881/2448/2761 2492/2450/2763 2083/2451/2764
f 2083/2451/2764 2492/2450/2763 2881/2448/2761 2491/2449/2762
f 2076/2403/2720 2470/2402/2719 2882/2452/2765 2493/2453/2766
f 2493/2453/2766 2882/2452/2765 2470/2402/2719 2076/2403/2720
f 2470/2402/2719 2075/2401/2718 2491/2449/2762 2882/2452/2765
f 2882/2452/2765 2491/2449/2762 2075/2401/2718 2470/2402/2719
f 2882/2452/2765 2491/2449/2762 2083/2451/2764 2494/2454/2767
f 2494/2454/2767 2083/2451/2764 2491/2449/2762 2882/2452/2765
f 2493/2453/2766 2882/2452/2765 2494/2454/2767 2084/2455/2768
f 2084/2455/2768 2494/2454/2767 2882/2452/2765 2493/2453/2766
f 2077/2407/2724 2472/2406/2723 2883/2456/2769 2495/2457/2770
f 2495/2457/2770 2883/2456/2769 2472/2406/2723 2077/2407/2724
f 2472/2406/2723 2076/2403/2720 2493/2453/2766 2883/2456/2769
f 2883/2456/2769 2493/2453/2766 2076/2403/2720 2472/2406/2723
f 2883/2456/2769 2493/2453/2766 2084/2455/2768 2496/2458/2771
f 2496/2458/2771 2084/2455/2768 2493/2453/2766 2883/2456/2769
f 2495/2457/2770 2883/2456/2769 2496/2458/2771 2085/2459/2772
f 2085/2459/2772 2496/2458/2771 2883/2456/2769 2495/2457/2770
f 2078/2411/2728 2474/2410/2727 2884/2460/2773 2497/2461/2774
f 2497/2461/2774 2884/2460/2773 2474/2410/2727 2078/2411/2728
f 2474/2410/2727 2077/2407/2724 2495/2457/2770 2884/2460/2773
f 2884/2460/2773 2495/2457/2770 2077/2407/2724 2474/2410/2727
f 2884/2460/2773 2495/2457/2770 2085/2459/2772 2498/2462/2775
f 2498/2462/2775 2085/2459/2772 2495/2457/2770 2884/2460/2773
f 2497/2461/2774 2884/2460/2773 2498/2462/2775 2086/2463/2776
f 2086/2463/2776 2498/2462/2775 2884/2460/2773 2497/2461/2774
f 2079/2415/2732 2476/2414/2731 2885/2464/2777 2485/2434/2749
f 2485/2434/2749 2885/2464/2777 2476/2414/2731 2079/2415/2732
f 2476/2414/2731 2078/2411/2728 2497/2461/2774 2885/2464/2777
f 2885/2464/2777 2497/2461/2774 2078/2411/2728 2476/2414/2731
f 2885/2464/2777 2497/2461/2774 2086/2463/2776 2499/2465/2778
f 2499/2465/2778 2086/2463/2776 2497/2461/2774 2885/2464/2777
f 2485/2434/2749 2885/2464/2777 2499/2465/2778 2087/2435/2750
f 2087/2435/2750 2499/2465/2778 2885/2464/2777 2485/2434/2749
f 2084/2455/2768 2494/2454/2767 2886/2466/2779 2500/2467/2780
f 2500/2467/2780 2886/2466/2779 2494/2454/2767 2084/2455/2768
f 2494/2454/2767 2083/2451/2764 2501/2468/2781 2886/2466/2779
f 2886/2466/2779 2501/2468/2781 2083/2451/2764 2494/2454/2767
f 2886/2466/2779 2501/2468/2781 2091/2469/2782 2502/2470/2783
f 2502/2470/2783 2091/2469/2782 2501/2468/2781 2886/2466/2779
f 2500/2467/2780 2886/2466/2779 2502/2470/2783 2092/2471/2784
f 2092/2471/2784 2502/2470/2783 2886/2466/2779 2500/2467/2780
f 2085/2459/2772 2496/2458/2771 2887/2472/2785 2503/2473/2786
f 2503/2473/2786 2887/2472/2785 2496/2458/2771 2085/2459/2772
f 2496/2458/2771 2084/2455/2768 2500/2467/2780 2887/2472/2785
f 2887/2472/2785 2500/2467/2780 2084/2455/2768 2496/2458/2771
f 2887/2472/2785 2500/2467/2780 2092/2471/2784 2504/2474/2787
f 2504/2474/2787 2092/2471/2784 2500/2467/2780 2887/2472/2785
f 2503/2473/2786 2887/2472/2785 2504/2474/2787 2093/2475/2788
f 2093/2475/2788 2504/2474/2787 2887/2472/2785 2503/2473/2786
f 2086/2463/2776 2498/2462/2775 2888/2476/2789 2505/2477/2790
f 2505/2477/2790 2888/2476/2789 2498/2462/2775 2086/2463/2776
f 2498/2462/2775 2085/2459/2772 2503/2473/2786 2888/2476/2789
f 2888/2476/2789 2503/2473/2786 2085/2459/2772 2498/2462/2775
f 2888/2476/2789 2503/2473/2786 2093/2475/2788 2506/2478/2791
f 2506/2478/2791 2093/2475/2788 2503/2473/2786 2888/2476/2789
f 2505/2477/2790 2888/2476/2789 2506/2478/2791 2094/2479/2792
f 2094/2479/2792 2506/2478/2791 2888/2476/2789 2505/2477/2790
f 2087/2435/2750 2499/2465/2778 2889/2480/2793 2507/2481/2794
f 2507/2481/2794 2889/2480/2793 2499/2465/2778 2087/2435/2750
f 2499/2465/2778 2086/2463/2776 2505/2477/2790 2889/2480/2793
f 2889/2480/2793 2505/2477/2790 2086/2463/2776 2499/2465/2778
f 2889/2480/2793 2505/2477/2790 2094/2479/2792 2508/2482/2795
f 2508/2482/2795 2094/2479/2792 2505/2477/2790 2889/2480/2793
f 2507/2481/2794 2889/2480/2793 2508/2482/2795 2095/2483/2796
f 2095/2483/2796 2508/2482/2795 2889/2480/2793 2507/2481/2794
f 2088/2437/2752 2486/2436/2751 2890/2484/2797 2509/2485/2798
f 2509/2485/2798 2890/2484/2797 2486/2436/2751 2088/2437/2752
f 2486/2436/2751 2087/2435/2750 2507/2481/2794 2890/2484/2797
f 2890/2484/2797 2507/2481/2794 2087/2435/2750 2486/2436/2751
f 2890/2484/2797 2507/2481/2794 2095/2483/2796 2510/2486/2799
f 2510/2486/2799 2095/2483/2796 2507/2481/2794 2890/2484/2797
f 2509/2485/2798 2890/2484/2797 2510/2486/2799 2096/2487/2800
f 2096/2487/2800 2510/2486/2799 2890/2484/2797 2509/2485/2798
f 2089/2441/2756 2488/2440/2755 2891/2488/2801 2511/2489/2802
f 2511/2489/2802 2891/2488/2801 2488/2440/2755 2089/2441/2756
f 2488/2440/2755 2088/2437/2752 2509/2485/2798 2891/2488/2801
f 2891/2488/2801 2509/2485/2798 2088/2437/2752 2488/2440/2755
f 2891/2488/2801 2509/2485/2798 2096/2487/2800 2512/2490/2803
f 2512/2490/2803 2096/2487/2800 2509/2485/2798 2891/2488/2801
f 2511/2489/2802 2891/2488/2801 2512/2490/2803 2097/2491/2804
f 2097/2491/2804 2512/2490/2803 2891/2488/2801 2511/2489/2802
f 2082/2447/2760 2490/2492/2759 2892/2493/2805 2513/2494/2806
f 2513/2494/2806 2892/2493/2805 2490/2492/2759 2082/2447/2760
f 1985/2495/2331 2514/2496/2807 2892/2493/2805 2490/2492/2759
f 2490/2492/2759 2892/2493/2805 2514/2496/2807 1985/2495/2331
f 2090/2497/2808 2513/2494/2806 2892/2493/2805 2514/2496/2807
f 2514/2496/2807 2892/2493/2805 2513/2494/2806 2090/2497/2808
f 2083/2451/2764 2492/2450/2763 2893/2498/2809 2501/2468/2781
f 2501/2468/2781 2893/2498/2809 2492/2450/2763 2083/2451/2764
f 2492/2450/2763 2082/2447/2760 2513/2494/2806 2893/2498/2809
f 2893/2498/2809 2513/2494/2806 2082/2447/2760 2492/2450/2763
f 2893/2498/2809 2513/2494/2806 2090/2497/2808 2515/2499/2810
f 2515/2499/2810 2090/2497/2808 2513/2494/2806 2893/2498/2809
f 2501/2468/2781 2893/2498/2809 2515/2499/2810 2091/2469/2782
f 2091/2469/2782 2515/2499/2810 2893/2498/2809 2501/2468/2781
f 2096/2487/2800 2510/2486/2799 2894/2500/2811 2516/2501/2812
f 2516/2501/2812 2894/2500/2811 2510/2486/2799 2096/2487/2800
f 2510/2486/2799 2095/2483/2796 2517/2502/2813 2894/2500/2811
f 2894/2500/2811 2517/2502/2813 2095/2483/2796 2510/2486/2799
f 2894/2500/2811 2517/2502/2813 2103/2503/2814 2518/2504/2815
f 2518/2504/2815 2103/2503/2814 2517/2502/2813 2894/2500/2811
f 2516/2501/2812 2894/2500/2811 2518/2504/2815 2104/2505/2816
f 2104/2505/2816 2518/2504/2815 2894/2500/2811 2516/2501/2812
f 2097/2491/2804 2512/2490/2803 2895/2506/2817 2519/2507/2818
f 2519/2507/2818 2895/2506/2817 2512/2490/2803 2097/2491/2804
f 2512/2490/2803 2096/2487/2800 2516/2501/2812 2895/2506/2817
f 2895/2506/2817 2516/2501/2812 2096/2487/2800 2512/2490/2803
f 2895/2506/2817 2516/2501/2812 2104/2505/2816 2520/2508/2819
f 2520/2508/2819 2104/2505/2816 2516/2501/2812 2895/2506/2817
f 2519/2507/2818 2895/2506/2817 2520/2508/2819 2105/2509/2820
f 2105/2509/2820 2520/2508/2819 2895/2506/2817 2519/2507/2818
f 2090/2497/2808 2514/2510/2807 2896/2511/2821 2521/2512/2822
f 2521/2512/2822 2896/2511/2821 2514/2510/2807 2090/2497/2808
f 1985/2513/2331 2522/2514/2823 2896/2511/2821 2514/2510/2807
f 2514/2510/2807 2896/2511/2821 2522/2514/2823 1985/2513/2331
f 2098/2515/2824 2521/2512/2822 2896/2511/2821 2522/2514/2823
f 2522/2514/2823 2896/2511/2821 2521/2512/2822 2098/2515/2824
f 2091/2469/2782 2515/2499/2810 2897/2516/2825 2523/2517/2826
f 2523/2517/2826 2897/2516/2825 2515/2499/2810 2091/2469/2782
f 2515/2499/2810 2090/2497/2808 2521/2512/2822 2897/2516/2825
f 2897/2516/2825 2521/2512/2822 2090/2497/2808 2515/2499/2810
f 2897/2516/2825 2521/2512/2822 2098/2515/2824 2524/2518/2827
f 2524/2518/2827 2098/2515/2824 2521/2512/2822 2897/2516/2825
f 2523/2517/2826 2897/2516/2825 2524/2518/2827 2099/2519/2828
f 2099/2519/2828 2524/2518/2827 2897/2516/2825 2523/2517/2826
f 2092/2471/2784 2502/2470/2783 2898/2520/2829 2525/2521/2830
f 2525/2521/2830 2898/2520/2829 2502/2470/2783 2092/2471/2784
f 2502/2470/2783 2091/2469/2782 2523/2517/2826 2898/2520/2829
f 2898/2520/2829 2523/2517/2826 2091/2469/2782 2502/2470/2783
f 2898/2520/2829 2523/2517/2826 2099/2519/2828 2526/2522/2831
f 2526/2522/2831 2099/2519/2828 2523/2517/2826 2898/2520/2829
f 2525/2521/2830 2898/2520/2829 2526/2522/2831 2100/2523/2832
f 2100/2523/2832 2526/2522/2831 2898/2520/2829 2525/2521/2830
f 2093/2475/2788 2504/2474/2787 2899/2524/2833 2527/2525/2834
f 2527/2525/2834 2899/2524/2833 2504/2474/2787 2093/2475/2788
f 2504/2474/2787 2092/2471/2784 2525/2521/2830 2899/2524/2833
f 2899/2524/2833 2525/2521/2830 2092/2471/2784 2504/2474/2787
f 2899/2524/2833 2525/2521/2830 2100/2523/2832 2528/2526/2835
f 2528/2526/2835 2100/2523/2832 2525/2521/2830 2899/2524/2833
f 2527/2525/2834 2899/2524/2833 2528/2526/2835 2101/2527/2836
f 2101/2527/2836 2528/2526/2835 2899/2524/2833 2527/2525/2834
f 2094/2479/2792 2506/2478/2791 2900/2528/2837 2529/2529/2838
f 2529/2529/2838 2900/2528/2837 2506/2478/2791 2094/2479/2792
f 2506/2478/2791 2093/2475/2788 2527/2525/2834 2900/2528/2837
f 2900/2528/2837 2527/2525/2834 2093/2475/2788 2506/2478/2791
f 2900/2528/2837 2527/2525/2834 2101/2527/2836 2530/2530/2839
f 2530/2530/2839 2101/2527/2836 2527/2525/2834 2900/2528/2837
f 2529/2529/2838 2900/2528/2837 2530/2530/2839 2102/2531/2840
f 2102/2531/2840 2530/2530/2839 2900/2528/2837 2529/2529/2838
f 2095/2483/2796 2508/2482/2795 2901/2532/2841 2517/2502/2813
f 2517/2502/2813 2901/2532/2841 2508/2482/2795 2095/2483/2796
f 2508/2482/2795 2094/2479/2792 2529/2529/2838 2901/2532/2841
f 2901/2532/2841 2529/2529/2838 2094/2479/2792 2508/2482/2795
f 2901/2532/2841 2529/2529/2838 2102/2531/2840 2531/2533/2842
f 2531/2533/2842 2102/2531/2840 2529/2529/2838 2901/2532/2841
f 2517/2502/2813 2901/2532/2841 2531/2533/2842 2103/2503/2814
f 2103/2503/2814 2531/2533/2842 2901/2532/2841 2517/2502/2813
f 2101/2527/2836 2528/2526/2835 2902/2534/2843 2532/2535/2844
f 2532/2535/2844 2902/2534/2843 2528/2526/2835 2101/2527/2836
f 2528/2526/2835 2100/2523/2832 2533/2536/2845 2902/2534/2843
f 2902/2534/2843 2533/2536/2845 2100/2523/2832 2528/2526/2835
f 2902/2534/2843 2533/2536/2845 2108/2537/2846 2534/2538/2847
f 2534/2538/2847 2108/2537/2846 2533/2536/2845 2902/2534/2843
f 2532/2535/2844 2902/2534/2843 2534/2538/2847 2109/2539/2848
f 2109/2539/2848 2534/2538/2847 2902/2534/2843 2532/2535/2844
f 2102/2531/2840 2530/2530/2839 2903/2540/2849 2535/2541/2850
f 2535/2541/2850 2903/2540/2849 2530/2530/2839 2102/2531/2840
f 2530/2530/2839 2101/2527/2836 2532/2535/2844 2903/2540/2849
f 2903/2540/2849 2532/2535/2844 2101/2527/2836 2530/2530/2839
f 2903/2540/2849 2532/2535/2844 2109/2539/2848 2536/2542/2851
f 2536/2542/2851 2109/2539/2848 2532/2535/2844 2903/2540/2849
f 2535/2541/2850 2903/2540/2849 2536/2542/2851 2110/2543/2852
f 2110/2543/2852 2536/2542/2851 2903/2540/2849 2535/2541/2850
f 2103/2503/2814 2531/2533/2842 2904/2544/2853 2537/2545/2854
f 2537/2545/2854 2904/2544/2853 2531/2533/2842 2103/2503/2814
f 2531/2533/2842 2102/2531/2840 2535/2541/2850 2904/2544/2853
f 2904/2544/2853 2535/2541/2850 2102/2531/2840 2531/2533/2842
f 2904/2544/2853 2535/2541/2850 2110/2543/2852 2538/2546/2855
f 2538/2546/2855 2110/2543/2852 2535/2541/2850 2904/2544/2853
f 2537/2545/2854 2904/2544/2853 2538/2546/2855 2111/2547/2856
f 2111/2547/2856 2538/2546/2855 2904/2544/2853 2537/2545/2854
f 2104/2505/2816 2518/2504/2815 2905/2548/2857 2539/2549/2858
f 2539/2549/2858 2905/2548/2857 2518/2504/2815 2104/2505/2816
f 2518/2504/2815 2103/2503/2814 2537/2545/2854 2905/2548/2857
f 2905/2548/2857 2537/2545/2854 2103/2503/2814 2518/2504/2815
f 2905/2548/2857 2537/2545/2854 2111/2547/2856 2540/2550/2859
f 2540/2550/2859 2111/2547/2856 2537/2545/2854 2905/2548/2857
f 2539/2549/2858 2905/2548/2857 2540/2550/2859 2112/2551/2860
f 2112/2551/2860 2540/2550/2859 2905/2548/2857 2539/2549/2858
f 2105/2509/2820 2520/2508/2819 2906/2552/2861 2541/2553/2862
f 2541/2553/2862 2906/2552/2861 2520/2508/2819 2105/2509/2820
f 2520/2508/2819 2104/2505/2816 2539/2549/2858 2906/2552/2861
f 2906/2552/2861 2539/2549/2858 2104/2505/2816 2520/2508/2819
f 2906/2552/2861 2539/2549/2858 2112/2551/2860 2542/2554/2863
f 2542/2554/2863 2112/2551/2860 2539/2549/2858 2906/2552/2861
f 2541/2553/2862 2906/2552/2861 2542/2554/2863 2113/2555/2864
f 2113/2555/2864 2542/2554/2863 2906/2552/2861 2541/2553/2862
f 2098/2515/2824 2522/2556/2823 2907/2557/2865 2543/2558/2866
f 2543/2558/2866 2907/2557/2865 2522/2556/2823 2098/2515/2824
f 1985/2559/2331 2544/2560/2867 2907/2557/2865 2522/2556/2823
f 2522/2556/2823 2907/2557/2865 2544/2560/2867 1985/2559/2331
f 2106/2561/2868 2543/2558/2866 2907/2557/2865 2544/2560/2867
f 2544/2560/2867 2907/2557/2865 2543/2558/2866 2106/2561/2868
f 2099/2519/2828 2524/2518/2827 2908/2562/2869 2545/2563/2870
f 2545/2563/2870 2908/2562/2869 2524/2518/2827 2099/2519/2828
f 2524/2518/2827 2098/2515/2824 2543/2558/2866 2908/2562/2869
f 2908/2562/2869 2543/2558/2866 2098/2515/2824 2524/2518/2827
f 2908/2562/2869 2543/2558/2866 2106/2561/2868 2546/2564/2871
f 2546/2564/2871 2106/2561/2868 2543/2558/2866 2908/2562/2869
f 2545/2563/2870 2908/2562/2869 2546/2564/2871 2107/2565/2872
f 2107/2565/2872 2546/2564/2871 2908/2562/2869 2545/2563/2870
f 2100/2523/2832 2526/2522/2831 2909/2566/2873 2533/2536/2845
f 2533/2536/2845 2909/2566/2873 2526/2522/2831 2100/2523/2832
f 2526/2522/2831 2099/2519/2828 2545/2563/2870 2909/2566/2873
f 2909/2566/2873 2545/2563/2870 2099/2519/2828 2526/2522/2831
f 2909/2566/2873 2545/2563/2870 2107/2565/2872 2547/2567/2874
f 2547/2567/2874 2107/2565/2872 2545/2563/2870 2909/2566/2873
f 2533/2536/2845 2909/2566/2873 2547/2567/2874 2108/2537/2846
f 2108/2537/2846 2547/2567/2874 2909/2566/2873 2533/2536/2845
f 2113/2555/2864 2542/2554/2863 2910/2568/2875 2548/2569/2876
f 2548/2569/2876 2910/2568/2875 2542/2554/2863 2113/2555/2864
f 2542/2554/2863 2112/2551/2860 2549/2570/2877 2910/2568/2875
f 2910/2568/2875 2549/2570/2877 2112/2551/2860 2542/2554/2863
f 2910/2568/2875 2549/2570/2877 2120/2571/2878 2550/2572/2879
f 2550/2572/2879 2120/2571/2878 2549/2570/2877 2910/2568/2875
f 2548/2569/2876 2910/2568/2875 2550/2572/2879 2121/2573/2880
f 2121/2573/2880 2550/2572/2879 2910/2568/2875 2548/2569/2876
f 2106/2561/2868 2544/2574/2867 2911/2575/2881 2551/2576/2882
f 2551/2576/2882 2911/2575/2881 2544/2574/2867 2106/2561/2868
f 1985/2577/2331 2552/2578/2883 2911/2575/2881 2544/2574/2867
f 2544/2574/2867 2911/2575/2881 2552/2578/2883 1985/2577/2331
f 2114/2579/2884 2551/2576/2882 2911/2575/2881 2552/2578/2883
f 2552/2578/2883 2911/2575/2881 2551/2576/2882 2114/2579/2884
f 2107/2565/2872 2546/2564/2871 2912/2580/2885 2553/2581/2886
f 2553/2581/2886 2912/2580/2885 2546/2564/2871 2107/2565/2872
f 2546/2564/2871 2106/2561/2868 2551/2576/2882 2912/2580/2885
f 2912/2580/2885 2551/2576/2882 2106/2561/2868 2546/2564/2871
f 2912/2580/2885 2551/2576/2882 2114/2579/2884 2554/2582/2887
f 2554/2582/2887 2114/2579/2884 2551/2576/2882 2912/2580/2885
f 2553/2581/2886 2912/2580/2885 2554/2582/2887 2115/2583/2888
f 2115/2583/2888 2554/2582/2887 2912/2580/2885 2553/2581/2886
f 2108/2537/2846 2547/2567/2874 2913/2584/2889 2555/2585/2890
f 2555/2585/2890 2913/2584/2889 2547/2567/2874 2108/2537/2846
f 2547/2567/2874 2107/2565/2872 2553/2581/2886 2913/2584/2889
f 2913/2584/2889 2553/2581/2886 2107/2565/2872 2547/2567/2874
f 2913/2584/2889 2553/2581/2886 2115/2583/2888 2556/2586/2891
f 2556/2586/2891 2115/2583/2888 2553/2581/2886 2913/2584/2889
f 2555/2585/2890 2913/2584/2889 2556/2586/2891 2116/2587/2892
f 2116/2587/2892 2556/2586/2891 2913/2584/2889 2555/2585/2890
f 2109/2539/2848 2534/2538/2847 2914/2588/2893 2557/2589/2894
f 2557/2589/2894 2914/2588/2893 2534/2538/2847 2109/2539/2848
f 2534/2538/2847 2108/2537/2846 2555/2585/2890 2914/2588/2893
f 2914/2588/2893 2555/2585/2890 2108/2537/2846 2534/2538/2847
f 2914/2588/2893 2555/2585/2890 2116/2587/2892 2558/2590/2895
f 2558/2590/2895 2116/2587/2892 2555/2585/2890 2914/2588/2893
f 2557/2589/2894 2914/2588/2893 2558/2590/2895 2117/2591/2896
f 2117/2591/2896 2558/2590/2895 2914/2588/2893 2557/2589/2894
f 2110/2543/2852 2536/2542/2851 2915/2592/2897 2559/2593/2898
f 2559/2593/2898 2915/2592/2897 2536/2542/2851 2110/2543/2852
f 2536/2542/2851 2109/2539/2848 2557/2589/2894 2915/2592/2897
f 2915/2592/2897 2557/2589/2894 2109/2539/2848 2536/2542/2851
f 2915/2592/2897 2557/2589/2894 2117/2591/2896 2560/2594/2899
f 2560/2594/2899 2117/2591/2896 2557/2589/2894 2915/2592/2897
f 2559/2593/2898 2915/2592/2897 2560/2594/2899 2118/2595/2900
f 2118/2595/2900 2560/2594/2899 2915/2592/2897 2559/2593/2898
f 2111/2547/2856 2538/2546/2855 2916/2596/2901 2561/2597/2902
f 2561/2597/2902 2916/2596/2901 2538/2546/2855 2111/2547/2856
f 2538/2546/2855 2110/2543/2852 2559/2593/2898 2916/2596/2901
f 2916/2596/2901 2559/2593/2898 2110/2543/2852 2538/2546/2855
f 2916/2596/2901 2559/2593/2898 2118/2595/2900 2562/2598/2903
f 2562/2598/2903 2118/2595/2900 2559/2593/2898 2916/2596/2901
f 2561/2597/2902 2916/2596/2901 2562/2598/2903 2119/2599/2904
f 2119/2599/2904 2562/2598/2903 2916/2596/2901 2561/2597/2902
f 2112/2551/2860 2540/2550/2859 2917/2600/2905 2549/2570/2877
f 2549/2570/2877 2917/2600/2905 2540/2550/2859 2112/2551/2860
f 2540/2550/2859 2111/2547/2856 2561/2597/2902 2917/2600/2905
f 2917/2600/2905 2561/2597/2902 2111/2547/2856 2540/2550/2859
f 2917/2600/2905 2561/2597/2902 2119/2599/2904 2563/2601/2906
f 2563/2601/2906 2119/2599/2904 2561/2597/2902 2917/2600/2905
f 2549/2570/2877 2917/2600/2905 2563/2601/2906 2120/2571/2878
f 2120/2571/2878 2563/2601/2906 2917/2600/2905 2549/2570/2877
f 2118/2595/2900 2560/2594/2899 2918/2602/2907 2564/2603/2908
f 2564/2603/2908 2918/2602/2907 2560/2594/2899 2118/2595/2900
f 2560/2594/2899 2117/2591/2896 2565/2604/2909 2918/2602/2907
f 2918/2602/2907 2565/2604/2909 2117/2591/2896 2560/2594/2899
f 2918/2602/2907 2565/2604/2909 2125/2605/2910 2566/2606/2911
f 2566/2606/2911 2125/2605/2910 2565/2604/2909 2918/2602/2907
f 2564/2603/2908 2918/2602/2907 2566/2606/2911 2126/2607/2912
f 2126/2607/2912 2566/2606/2911 2918/2602/2907 2564/2603/2908
f 2119/2599/2904 2562/2598/2903 2919/2608/2913 2567/2609/2914
f 2567/2609/2914 2919/2608/2913 2562/2598/2903 2119/2599/2904
f 2562/2598/2903 2118/2595/2900 2564/2603/2908 2919/2608/2913
f 2919/2608/2913 2564/2603/2908 2118/2595/2900 2562/2598/2903
f 2919/2608/2913 2564/2603/2908 2126/2607/2912 2568/2610/2915
f 2568/2610/2915 2126/2607/2912 2564/2603/2908 2919/2608/2913
f 2567/2609/2914 2919/2608/2913 2568/2610/2915 2127/2611/2916
f 2127/2611/2916 2568/2610/2915 2919/2608/2913 2567/2609/2914
f 2120/2571/2878 2563/2601/2906 2920/2612/2917 2569/2613/2918
f 2569/2613/2918 2920/2612/2917 2563/2601/2906 2120/2571/2878
f 2563/2601/2906 2119/2599/2904 2567/2609/2914 2920/2612/2917
f 2920/2612/2917 2567/2609/2914 2119/2599/2904 2563/2601/2906
f 2920/2612/2917 2567/2609/2914 2127/2611/2916 2570/2614/2919
f 2570/2614/2919 2127/2611/2916 2567/2609/2914 2920/2612/2917
f 2569/2613/2918 2920/2612/2917 2570/2614/2919 2128/2615/2920
f 2128/2615/2920 2570/2614/2919 2920/2612/2917 2569/2613/2918
f 2121/2573/2880 2550/2572/2879 2921/2616/2921 2571/2617/2922
f 2571/2617/2922 2921/2616/2921 2550/2572/2879 2121/2573/2880
f 2550/2572/2879 2120/2571/2878 2569/2613/2918 2921/2616/2921
f 2921/2616/2921 2569/2613/2918 2120/2571/2878 2550/2572/2879
f 2921/2616/2921 2569/2613/2918 2128/2615/2920 2572/2618/2923
f 2572/2618/2923 2128/2615/2920 2569/2613/2918 2921/2616/2921
f 2571/2617/2922 2921/2616/2921 2572/2618/2923 2129/2619/2924
f 2129/2619/2924 2572/2618/2923 2921/2616/2921 2571/2617/2922
f 2114/2579/2884 2552/2620/2883 2922/2621/2925 2573/2622/2926
f 2573/2622/2926 2922/2621/2925 2552/2620/2883 2114/2579/2884
f 1985/2623/2331 2574/2624/2927 2922/2621/2925 2552/2620/2883
f 2552/2620/2883 2922/2621/2925 2574/2624/2927 1985/2623/2331
f 2122/2625/2928 2573/2622/2926 2922/2621/2925 2574/2624/2927
f 2574/2624/2927 2922/2621/2925 2573/2622/2926 2122/2625/2928
f 2115/2583/2888 2554/2582/2887 2923/2626/2929 2575/2627/2930
f 2575/2627/2930 2923/2626/2929 2554/2582/2887 2115/2583/2888
f 2554/2582/2887 2114/2579/2884 2573/2622/2926 2923/2626/2929
f 2923/2626/2929 2573/2622/2926 2114/2579/2884 2554/2582/2887
f 2923/2626/2929 2573/2622/2926 2122/2625/2928 2576/2628/2931
f 2576/2628/2931 2122/2625/2928 2573/2622/2926 2923/2626/2929
f 2575/2627/2930 2923/2626/2929 2576/2628/2931 2123/2629/2932
f 2123/2629/2932 2576/2628/2931 2923/2626/2929 2575/2627/2930
f 2116/2587/2892 2556/2586/2891 2924/2630/2933 2577/2631/2934
f 2577/2631/2934 2924/2630/2933 2556/2586/2891 2116/2587/2892
f 2556/2586/2891 2115/2583/2888 2575/2627/2930 2924/2630/2933
f 2924/2630/2933 2575/2627/2930 2115/2583/2888 2556/2586/2891
f 2924/2630/2933 2575/2627/2930 2123/2629/2932 2578/2632/2935
f 2578/2632/2935 2123/2629/2932 2575/2627/2930 2924/2630/2933
f 2577/2631/2934 2924/2630/2933 2578/2632/2935 2124/2633/2936
f 2124/2633/2936 2578/2632/2935 2924/2630/2933 2577/2631/2934
f 2117/2591/2896 2558/2590/2895 2925/2634/2937 2565/2604/2909
f 2565/2604/2909 2925/2634/2937 2558/2590/2895 2117/2591/2896
f 2558/2590/2895 2116/2587/2892 2577/2631/2934 2925/2634/2937
f 2925/2634/2937 2577/2631/2934 2116/2587/2892 2558/2590/2895
f 2925/2634/2937 2577/2631/2934 2124/2633/2936 2579/2635/2938
f 2579/2635/2938 2124/2633/2936 2577/2631/2934 2925/2634/2937
f 2565/2604/2909 2925/2634/2937 2579/2635/2938 2125/2605/2910
f 2125/2605/2910 2579/2635/2938 2925/2634/2937 2565/2604/2909
f 2122/2625/2928 2574/2636/2927 2926/2637/2939 2580/2638/2940
f 2580/2638/2940 2926/2637/2939 2574/2636/2927 2122/2625/2928
f 1985/2639/2331 2581/2640/2941 2926/2637/2939 2574/2636/2927
f 2574/2636/2927 2926/2637/2939 2581/2640/2941 1985/2639/2331
f 2130/2641/2942 2580/2638/2940 2926/2637/2939 2581/2640/2941
f 2581/2640/2941 2926/2637/2939 2580/2638/2940 2130/2641/2942
f 2123/2629/2932 2576/2628/2931 2927/2642/2943 2582/2643/2944
f 2582/2643/2944 2927/2642/2943 2576/2628/2931 2123/2629/2932
f 2576/2628/2931 2122/2625/2928 2580/2638/2940 2927/2642/2943
f 2927/2642/2943 2580/2638/2940 2122/2625/2928 2576/2628/2931
f 2927/2642/2943 2580/2638/2940 2130/2641/2942 2583/2644/2945
f 2583/2644/2945 2130/2641/2942 2580/2638/2940 2927/2642/2943
f 2582/2643/2944 2927/2642/2943 2583/2644/2945 2131/2645/2946
f 2131/2645/2946 2583/2644/2945 2927/2642/2943 2582/2643/2944
f 2124/2633/2936 2578/2632/2935 2928/2646/2947 2584/2647/2948
f 2584/2647/2948 2928/2646/2947 2578/2632/2935 2124/2633/2936
f 2578/2632/2935 2123/2629/2932 2582/2643/2944 2928/2646/2947
f 2928/2646/2947 2582/2643/2944 2123/2629/2932 2578/2632/2935
f 2928/2646/2947 2582/2643/2944 2131/2645/2946 2585/2648/2949
f 2585/2648/2949 2131/2645/2946 2582/2643/2944 2928/2646/2947
f 2584/2647/2948 2928/2646/2947 2585/2648/2949 2132/2649/2950
f 2132/2649/2950 2585/2648/2949 2928/2646/2947 2584/2647/2948
f 2125/2605/2910 2579/2635/2938 2929/2650/2951 2586/2651/2952
f 2586/2651/2952 2929/2650/2951 2579/2635/2938 2125/2605/2910
f 2579/2635/2938 2124/2633/2936 2584/2647/2948 2929/2650/2951
f 2929/2650/2951 2584/2647/2948 2124/2633/2936 2579/2635/2938
f 2929/2650/2951 2584/2647/2948 2132/2649/2950 2587/2652/2953
f 2587/2652/2953 2132/2649/2950 2584/2647/2948 2929/2650/2951
f 2586/2651/2952 2929/2650/2951 2587/2652/2953 2133/2653/2954
f 2133/2653/2954 2587/2652/2953 2929/2650/2951 2586/2651/2952
f 2126/2607/2912 2566/2606/2911 2930/2654/2955 2588/2655/2956
f 2588/2655/2956 2930/2654/2955 2566/2606/2911 2126/2607/2912
f 2566/2606/2911 2125/2605/2910 2586/2651/2952 2930/2654/2955
f 2930/2654/2955 2586/2651/2952 2125/2605/2910 2566/2606/2911
f 2930/2654/2955 2586/2651/2952 2133/2653/2954 2589/2656/2957
f 2589/2656/2957 2133/2653/2954 2586/2651/2952 2930/2654/2955
f 2588/2655/2956 2930/2654/2955 2589/2656/2957 2134/2657/2958
f 2134/2657/2958 2589/2656/2957 2930/2654/2955 2588/2655/2956
f 2127/2611/2916 2568/2610/2915 2931/2658/2959 2590/2659/2960
f 2590/2659/2960 2931/2658/2959 2568/2610/2915 2127/2611/2916
f 2568/2610/2915 2126/2607/2912 2588/2655/2956 2931/2658/2959
f 2931/2658/2959 2588/2655/2956 2126/2607/2912 2568/2610/2915
f 2931/2658/2959 2588/2655/2956 2134/2657/2958 2591/2660/2961
f 2591/2660/2961 2134/2657/2958 2588/2655/2956 2931/2658/2959
f 2590/2659/2960 2931/2658/2959 2591/2660/2961 2135/2661/2962
f 2135/2661/2962 2591/2660/2961 2931/2658/2959 2590/2659/2960
f 2128/2615/2920 2570/2614/2919 2932/2662/2963 2592/2663/2964
f 2592/2663/2964 2932/2662/2963 2570/2614/2919 2128/2615/2920
f 2570/2614/2919 2127/2611/2916 2590/2659/2960 2932/2662/2963
f 2932/2662/2963 2590/2659/2960 2127/2611/2916 2570/2614/2919
f 2932/2662/2963 2590/2659/2960 2135/2661/2962 2593/2664/2965
f 2593/2664/2965 2135/2661/2962 2590/2659/2960 2932/2662/2963
f 2592/2663/2964 2932/2662/2963 2593/2664/2965 2136/2665/2966
f 2136/2665/2966 2593/2664/2965 2932/2662/2963 2592/2663/2964
f 2129/2619/2924 2572/2618/2923 2933/2666/2967 2594/2667/2968
f 2594/2667/2968 2933/2666/2967 2572/2618/2923 2129/2619/2924
f 2572/2618/2923 2128/2615/2920 2592/2663/2964 2933/2666/2967
f 2933/2666/2967 2592/2663/2964 2128/2615/2920 2572/2618/2923
f 2933/2666/2967 2592/2663/2964 2136/2665/2966 2595/2668/2969
f 2595/2668/2969 2136/2665/2966 2592/2663/2964 2933/2666/2967
f 2594/2667/2968 2933/2666/2967 2595/2668/2969 2137/2669/2970
f 2137/2669/2970 2595/2668/2969 2933/2666/2967 2594/2667/2968
f 2134/2657/2958 2589/2656/2957 2934/2670/2971 2596/2671/2972
f 2596/2671/2972 2934/2670/2971 2589/2656/2957 2134/2657/2958
f 2589/2656/2957 2133/2653/2954 2597/2672/2973 2934/2670/2971
f 2934/2670/2971 2597/2672/2973 2133/2653/2954 2589/2656/2957
f 2934/2670/2971 2597/2672/2973 2141/2673/2974 2598/2674/2975
f 2598/2674/2975 2141/2673/2974 2597/2672/2973 2934/2670/2971
f 2596/2671/2972 2934/2670/2971 2598/2674/2975 2142/2675/2976
f 2142/2675/2976 2598/2674/2975 2934/2670/2971 2596/2671/2972
f 2135/2661/2962 2591/2660/2961 2935/2676/2977 2599/2677/2978
f 2599/2677/2978 2935/2676/2977 2591/2660/2961 2135/2661/2962
f 2591/2660/2961 2134/2657/2958 2596/2671/2972 2935/2676/2977
f 2935/2676/2977 2596/2671/2972 2134/2657/2958 2591/2660/2961
f 2935/2676/2977 2596/2671/2972 2142/2675/2976 2600/2678/2979
f 2600/2678/2979 2142/2675/2976 2596/2671/2972 2935/2676/2977
f 2599/2677/2978 2935/2676/2977 2600/2678/2979 2143/2679/2980
f 2143/2679/2980 2600/2678/2979 2935/2676/2977 2599/2677/2978
f 2136/2665/2966 2593/2664/2965 2936/2680/2981 2601/2681/2982
f 2601/2681/2982 2936/2680/2981 2593/2664/2965 2136/2665/2966
f 2593/2664/2965 2135/2661/2962 2599/2677/2978 2936/2680/2981
f 2936/2680/2981 2599/2677/2978 2135/2661/2962 2593/2664/2965
f 2936/2680/2981 2599/2677/2978 2143/2679/2980 2602/2682/2983
f 2602/2682/2983 2143/2679/2980 2599/2677/2978 2936/2680/2981
f 2601/2681/2982 2936/2680/2981 2602/2682/2983 2144/2683/2984
f 2144/2683/2984 2602/2682/2983 2936/2680/2981 2601/2681/2982
f 2137/2669/2970 2595/2668/2969 2937/2684/2985 2603/2685/2986
f 2603/2685/2986 2937/2684/2985 2595/2668/2969 2137/2669/2970
f 2595/2668/2969 2136/2665/2966 2601/2681/2982 2937/2684/2985
f 2937/2684/2985 2601/2681/2982 2136/2665/2966 2595/2668/2969
f 2937/2684/2985 2601/2681/2982 2144/2683/2984 2604/2686/2987
f 2604/2686/2987 2144/2683/2984 2601/2681/2982 2937/2684/2985
f 2603/2685/2986 2937/2684/2985 2604/2686/2987 2145/2687/2988
f 2145/2687/2988 2604/2686/2987 2937/2684/2985 2603/2685/2986
f 2130/2641/2942 2581/2688/2941 2938/2689/2989 2605/2690/2990
f 2605/2690/2990 2938/2689/2989 2581/2688/2941 2130/2641/2942
f 1985/2691/2331 2606/2692/2991 2938/2689/2989 2581/2688/2941
f 2581/2688/2941 2938/2689/2989 2606/2692/2991 1985/2691/2331
f 2138/2693/2992 2605/2690/2990 2938/2689/2989 2606/2692/2991
f 2606/2692/2991 2938/2689/2989 2605/2690/2990 2138/2693/2992
f 2131/2645/2946 2583/2644/2945 2939/2694/2993 2607/2695/2994
f 2607/2695/2994 2939/2694/2993 2583/2644/2945 2131/2645/2946
f 2583/2644/2945 2130/2641/2942 2605/2690/2990 2939/2694/2993
f 2939/2694/2993 2605/2690/2990 2130/2641/2942 2583/2644/2945
f 2939/2694/2993 2605/2690/2990 2138/2693/2992 2608/2696/2995
f 2608/2696/2995 2138/2693/2992 2605/2690/2990 2939/2694/2993
f 2607/2695/2994 2939/2694/2993 2608/2696/2995 2139/2697/2996
f 2139/2697/2996 2608/2696/2995 2939/2694/2993 2607/2695/2994
f 2132/2649/2950 2585/2648/2949 2940/2698/2997 2609/2699/2998
f 2609/2699/2998 2940/2698/2997 2585/2648/2949 2132/2649/2950
f 2585/2648/2949 2131/2645/2946 2607/2695/2994 2940/2698/2997
f 2940/2698/2997 2607/2695/2994 2131/2645/2946 2585/2648/2949
f 2940/2698/2997 2607/2695/2994 2139/2697/2996 2610/2700/2999
f 2610/2700/2999 2139/2697/2996 2607/2695/2994 2940/2698/2997
f 2609/2699/2998 2940/2698/2997 2610/2700/2999 2140/2701/3000
f 2140/2701/3000 2610/2700/2999 2940/2698/2997 2609/2699/2998
f 2133/2653/2954 2587/2652/2953 2941/2702/3001 2597/2672/2973
f 2597/2672/2973 2941/2702/3001 2587/2652/2953 2133/2653/2954
f 2587/2652/2953 2132/2649/2950 2609/2699/2998 2941/2702/3001
f 2941/2702/3001 2609/2699/2998 2132/2649/2950 2587/2652/2953
f 2941/2702/3001 2609/2699/2998 2140/2701/3000 2611/2703/3002
f 2611/2703/3002 2140/2701/3000 2609/2699/2998 2941/2702/3001
f 2597/2672/2973 2941/2702/3001 2611/2703/3002 2141/2673/2974
f 2141/2673/2974 2611/2703/3002 2941/2702/3001 2597/2672/2973
f 2139/2697/2996 2608/2696/2995 2942/2704/3003 2612/2705/3004
f 2612/2705/3004 2942/2704/3003 2608/2696/2995 2139/2697/2996
f 2608/2696/2995 2138/2693/2992 2613/2706/3005 2942/2704/3003
f 2942/2704/3003 2613/2706/3005 2138/2693/2992 2608/2696/2995
f 2942/2704/3003 2613/2706/3005 2146/2707/3006 2614/2708/3007
f 2614/2708/3007 2146/2707/3006 2613/2706/3005 2942/2704/3003
f 2612/2705/3004 2942/2704/3003 2614/2708/3007 2147/2709/3008
f 2147/2709/3008 2614/2708/3007 2942/2704/3003 2612/2705/3004
f 2140/2701/3000 2610/2700/2999 2943/2710/3009 2615/2711/3010
f 2615/2711/3010 2943/2710/3009 2610/2700/2999 2140/2701/3000
f 2610/2700/2999 2139/2697/2996 2612/2705/3004 2943/2710/3009
f 2943/2710/3009 2612/2705/3004 2139/2697/2996 2610/2700/2999
f 2943/2710/3009 2612/2705/3004 2147/2709/3008 2616/2712/3011
f 2616/2712/3011 2147/2709/3008 2612/2705/3004 2943/2710/3009
f 2615/2711/3010 2943/2710/3009 2616/2712/3011 2148/2713/3012
f 2148/2713/3012 2616/2712/3011 2943/2710/3009 2615/2711/3010
f 2141/2673/2974 2611/2703/3002 2944/2714/3013 2617/2715/3014
f 2617/2715/3014 2944/2714/3013 2611/2703/3002 2141/2673/2974
f 2611/2703/3002 2140/2701/3000 2615/2711/3010 2944/2714/3013
f 2944/2714/3013 2615/2711/3010 2140/2701/3000 2611/2703/3002
f 2944/2714/3013 2615/2711/3010 2148/2713/3012 2618/2716/3015
f 2618/2716/3015 2148/2713/3012 2615/2711/3010 2944/2714/3013
f 2617/2715/3014 2944/2714/3013 2618/2716/3015 2149/2717/3016
f 2149/2717/3016 2618/2716/3015 2944/2714/3013 2617/2715/3014
f 2142/2675/2976 2598/2674/2975 2945/2718/3017 2619/2719/3018
f 2619/2719/3018 2945/2718/3017 2598/2674/2975 2142/2675/2976
f 2598/2674/2975 2141/2673/2974 2617/2715/3014 2945/2718/3017
f 2945/2718/3017 2617/2715/3014 2141/2673/2974 2598/2674/2975
f 2945/2718/3017 2617/2715/3014 2149/2717/3016 2620/2720/3019
f 2620/2720/3019 2149/2717/3016 2617/2715/3014 2945/2718/3017
f 2619/2719/3018 2945/2718/3017 2620/2720/3019 2150/2721/3020
f 2150/2721/3020 2620/2720/3019 2945/2718/3017 2619/2719/3018
f 2143/2679/2980 2600/2678/2979 2946/2722/3021 2621/2723/3022
f 2621/2723/3022 2946/2722/3021 2600/2678/2979 2143/2679/2980
f 2600/2678/2979 2142/2675/2976 2619/2719/3018 2946/2722/3021
f 2946/2722/3021 2619/2719/3018 2142/2675/2976 2600/2678/2979
f 2946/2722/3021 2619/2719/3018 2150/2721/3020 2622/2724/3023
f 2622/2724/3023 2150/2721/3020 2619/2719/3018 2946/2722/3021
f 2621/2723/3022 2946/2722/3021 2622/2724/3023 2151/2725/3024
f 2151/2725/3024 2622/2724/3023 2946/2722/3021 2621/2723/3022
f 2144/2683/2984 2602/2682/2983 2947/2726/3025 2623/2727/3026
f 2623/2727/3026 2947/2726/3025 2602/2682/2983 2144/2683/2984
f 2602/2682/2983 2143/2679/2980 2621/2723/3022 2947/2726/3025
f 2947/2726/3025 2621/2723/3022 2143/2679/2980 2602/2682/2983
f 2947/2726/3025 2621/2723/3022 2151/2725/3024 2624/2728/3027
f 2624/2728/3027 2151/2725/3024 2621/2723/3022 2947/2726/3025
f 2623/2727/3026 2947/2726/3025 2624/2728/3027 2152/2729/3028
f 2152/2729/3028 2624/2728/3027 2947/2726/3025 2623/2727/3026
f 2145/2687/2988 2604/2686/2987 2948/2730/3029 2625/2731/3030
f 2625/2731/3030 2948/2730/3029 2604/2686/2987 2145/2687/2988
f 2604/2686/2987 2144/2683/2984 2623/2727/3026 2948/2730/3029
f 2948/2730/3029 2623/2727/3026 2144/2683/2984 2604/2686/2987
f 2948/2730/3029 2623/2727/3026 2152/2729/3028 2626/2732/3031
f 2626/2732/3031 2152/2729/3028 2623/2727/3026 2948/2730/3029
f 2625/2731/3030 2948/2730/3029 2626/2732/3031 2153/2733/3032
f 2153/2733/3032 2626/2732/3031 2948/2730/3029 2625/2731/3030
f 2138/2693/2992 2606/2734/2991 2949/2735/3033 2613/2706/3005
f 2613/2706/3005 2949/2735/3033 2606/2734/2991 2138/2693/2992
f 1985/2736/2331 2627/2737/3034 2949/2735/3033 2606/2734/2991
f 2606/2734/2991 2949/2735/3033 2627/2737/3034 1985/2736/2331
f 2146/2707/3006 2613/2706/3005 2949/2735/3033 2627/2737/3034
f 2627/2737/3034 2949/2735/3033 2613/2706/3005 2146/2707/3006
f 2151/2725/3024 2622/2724/3023 2950/2738/3035 2628/2739/3036
f 2628/2739/3036 2950/2738/3035 2622/2724/3023 2151/2725/3024
f 2622/2724/3023 2150/2721/3020 2629/2740/3037 2950/2738/3035
f 2950/2738/3035 2629/2740/3037 2150/2721/3020 2622/2724/3023
f 2950/2738/3035 2629/2740/3037 2158/2741/3038 2630/2742/3039
f 2630/2742/3039 2158/2741/3038 2629/2740/3037 2950/2738/3035
f 2628/2739/3036 2950/2738/3035 2630/2742/3039 2159/2743/3040
f 2159/2743/3040 2630/2742/3039 2950/2738/3035 2628/2739/3036
f 2152/2729/3028 2624/2728/3027 2951/2744/3041 2631/2745/3042
f 2631/2745/3042 2951/2744/3041 2624/2728/3027 2152/2729/3028
f 2624/2728/3027 2151/2725/3024 2628/2739/3036 2951/2744/3041
f 2951/2744/3041 2628/2739/3036 2151/2725/3024 2624/2728/3027
f 2951/2744/3041 2628/2739/3036 2159/2743/3040 2632/2746/3043
f 2632/2746/3043 2159/2743/3040 2628/2739/3036 2951/2744/3041
f 2631/2745/3042 2951/2744/3041 2632/2746/3043 2160/2747/3044
f 2160/2747/3044 2632/2746/3043 2951/2744/3041 2631/2745/3042
f 2153/2733/3032 2626/2732/3031 2952/2748/3045 2633/2749/3046
f 2633/2749/3046 2952/2748/3045 2626/2732/3031 2153/2733/3032
f 2626/2732/3031 2152/2729/3028 2631/2745/3042 2952/2748/3045
f 2952/2748/3045 2631/2745/3042 2152/2729/3028 2626/2732/3031
f 2952/2748/3045 2631/2745/3042 2160/2747/3044 2634/2750/3047
f 2634/2750/3047 2160/2747/3044 2631/2745/3042 2952/2748/3045
f 2633/2749/3046 2952/2748/3045 2634/2750/3047 2161/2751/3048
f 2161/2751/3048 2634/2750/3047 2952/2748/3045 2633/2749/3046
f 2146/2707/3006 2627/2752/3034 2953/2753/3049 2635/2754/3050
f 2635/2754/3050 2953/2753/3049 2627/2752/3034 2146/2707/3006
f 1985/2755/2331 2636/2756/3051 2953/2753/3049 2627/2752/3034
f 2627/2752/3034 2953/2753/3049 2636/2756/3051 1985/2755/2331
f 2154/2757/3052 2635/2754/3050 2953/2753/3049 2636/2756/3051
f 2636/2756/3051 2953/2753/3049 2635/2754/3050 2154/2757/3052
f 2147/2709/3008 2614/2708/3007 2954/2758/3053 2637/2759/3054
f 2637/2759/3054 2954/2758/3053 2614/2708/3007 2147/2709/3008
f 2614/2708/3007 2146/2707/3006 2635/2754/3050 2954/2758/3053
f 2954/2758/3053 2635/2754/3050 2146/2707/3006 2614/2708/3007
f 2954/2758/3053 2635/2754/3050 2154/2757/3052 2638/2760/3055
f 2638/2760/3055 2154/2757/3052 2635/2754/3050 2954/2758/3053
f 2637/2759/3054 2954/2758/3053 2638/2760/3055 2155/2761/3056
f 2155/2761/3056 2638/2760/3055 2954/2758/3053 2637/2759/3054
f 2148/2713/3012 2616/2712/3011 2955/2762/3057 2639/2763/3058
f 2639/2763/3058 2955/2762/3057 2616/2712/3011 2148/2713/3012
f 2616/2712/3011 2147/2709/3008 2637/2759/3054 2955/2762/3057
f 2955/2762/3057 2637/2759/3054 2147/2709/3008 2616/2712/3011
f 2955/2762/3057 2637/2759/3054 2155/2761/3056 2640/2764/3059
f 2640/2764/3059 2155/2761/3056 2637/2759/3054 2955/2762/3057
f 2639/2763/3058 2955/2762/3057 2640/2764/3059 2156/2765/3060
f 2156/2765/3060 2640/2764/3059 2955/2762/3057 2639/2763/3058
f 2149/2717/3016 2618/2716/3015 2956/2766/3061 2641/2767/3062
f 2641/2767/3062 2956/2766/3061 2618/2716/3015 2149/2717/3016
f 2618/2716/3015 2148/2713/3012 2639/2763/3058 2956/2766/3061
f 2956/2766/3061 2639/2763/3058 2148/2713/3012 2618/2716/3015
f 2956/2766/3061 2639/2763/3058 2156/2765/3060 2642/2768/3063
f 2642/2768/3063 2156/2765/3060 2639/2763/3058 2956/2766/3061
f 2641/2767/3062 2956/2766/3061 2642/2768/3063 2157/2769/3064
f 2157/2769/3064 2642/2768/3063 2956/2766/3061 2641/2767/3062
f 2150/2721/3020 2620/2720/3019 2957/2770/3065 2629/2740/3037
f 2629/2740/3037 2957/2770/3065 2620/2720/3019 2150/2721/3020
f 2620/2720/3019 2149/2717/3016 2641/2767/3062 2957/2770/3065
f 2957/2770/3065 2641/2767/3062 2149/2717/3016 2620/2720/3019
f 2957/2770/3065 2641/2767/3062 2157/2769/3064 2643/2771/3066
f 2643/2771/3066 2157/2769/3064 2641/2767/3062 2957/2770/3065
f 2629/2740/3037 2957/2770/3065 2643/2771/3066 2158/2741/3038
f 2158/2741/3038 2643/2771/3066 2957/2770/3065 2629/2740/3037
f 2155/2761/3056 2638/2760/3055 2958/2772/3067 2644/2773/3068
f 2644/2773/3068 2958/2772/3067 2638/2760/3055 2155/2761/3056
f 2638/2760/3055 2154/2757/3052 2645/2774/3069 2958/2772/3067
f 2958/2772/3067 2645/2774/3069 2154/2757/3052 2638/2760/3055
f 2958/2772/3067 2645/2774/3069 2162/2775/3070 2646/2776/3071
f 2646/2776/3071 2162/2775/3070 2645/2774/3069 2958/2772/3067
f 2644/2773/3068 2958/2772/3067 2646/2776/3071 2163/2777/3072
f 2163/2777/3072 2646/2776/3071 2958/2772/3067 2644/2773/3068
f 2156/2765/3060 2640/2764/3059 2959/2778/3073 2647/2779/3074
f 2647/2779/3074 2959/2778/3073 2640/2764/3059 2156/2765/3060
f 2640/2764/3059 2155/2761/3056 2644/2773/3068 2959/2778/3073
f 2959/2778/3073 2644/2773/3068 2155/2761/3056 2640/2764/3059
f 2959/2778/3073 2644/2773/3068 2163/2777/3072 2648/2780/3075
f 2648/2780/3075 2163/2777/3072 2644/2773/3068 2959/2778/3073
f 2647/2779/3074 2959/2778/3073 2648/2780/3075 2164/2781/3076
f 2164/2781/3076 2648/2780/3075 2959/2778/3073 2647/2779/3074
f 2157/2769/3064 2642/2768/3063 2960/2782/3077 2649/2783/3078
f 2649/2783/3078 2960/2782/3077 2642/2768/3063 2157/2769/3064
f 2642/2768/3063 2156/2765/3060 2647/2779/3074 2960/2782/3077
f 2960/2782/3077 2647/2779/3074 2156/2765/3060 2642/2768/3063
f 2960/2782/3077 2647/2779/3074 2164/2781/3076 2650/2784/3079
f 2650/2784/3079 2164/2781/3076 2647/2779/3074 2960/2782/3077
f 2649/2783/3078 2960/2782/3077 2650/2784/3079 2165/2785/3080
f 2165/2785/3080 2650/2784/3079 2960/2782/3077 2649/2783/3078
f 2158/2741/3038 2643/2771/3066 2961/2786/3081 2651/2787/3082
f 2651/2787/3082 2961/2786/3081 2643/2771/3066 2158/2741/3038
f 2643/2771/3066 2157/2769/3064 2649/2783/3078 2961/2786/3081
f 2961/2786/3081 2649/2783/3078 2157/2769/3064 2643/2771/3066
f 2961/2786/3081 2649/2783/3078 2165/2785/3080 2652/2788/3083
f 2652/2788/3083 2165/2785/3080 2649/2783/3078 2961/2786/3081
f 2651/2787/3082 2961/2786/3081 2652/2788/3083 2166/2789/3084
f 2166/2789/3084 2652/2788/3083 2961/2786/3081 2651/2787/3082
f 2159/2743/3040 2630/2742/3039 2962/2790/3085 2653/2791/3086
f 2653/2791/3086 2962/2790/3085 2630/2742/3039 2159/2743/3040
f 2630/2742/3039 2158/2741/3038 2651/2787/3082 2962/2790/3085
f 2962/2790/3085 2651/2787/3082 2158/2741/3038 2630/2742/3039
f 2962/2790/3085 2651/2787/3082 2166/2789/3084 2654/2792/3087
f 2654/2792/3087 2166/2789/3084 2651/2787/3082 2962/2790/3085
f 2653/2791/3086 2962/2790/3085 2654/2792/3087 2167/2793/3088
f 2167/2793/3088 2654/2792/3087 2962/2790/3085 2653/2791/3086
f 2160/2747/3044 2632/2746/3043 2963/2794/3089 2655/2795/3090
f 2655/2795/3090 2963/2794/3089 2632/2746/3043 2160/2747/3044
f 2632/2746/3043 2159/2743/3040 2653/2791/3086 2963/2794/3089
f 2963/2794/3089 2653/2791/3086 2159/2743/3040 2632/2746/3043
f 2963/2794/3089 2653/2791/3086 2167/2793/3088 2656/2796/3091
f 2656/2796/3091 2167/2793/3088 2653/2791/3086 2963/2794/3089
f 2655/2795/3090 2963/2794/3089 2656/2796/3091 2168/2797/3092
f 2168/2797/3092 2656/2796/3091 2963/2794/3089 2655/2795/3090
f 2161/2751/3048 2634/2750/3047 2964/2798/3093 2657/2799/3094
f 2657/2799/3094 2964/2798/3093 2634/2750/3047 2161/2751/3048
f 2634/2750/3047 2160/2747/3044 2655/2795/3090 2964/2798/3093
f 2964/2798/3093 2655/2795/3090 2160/2747/3044 2634/2750/3047
f 2964/2798/3093 2655/2795/3090 2168/2797/3092 2658/2800/3095
f 2658/2800/3095 2168/2797/3092 2655/2795/3090 2964/2798/3093
f 2657/2799/3094 2964/2798/3093 2658/2800/3095 2169/2801/3096
f 2169/2801/3096 2658/2800/3095 2964/2798/3093 2657/2799/3094
f 2154/2757/3052 2636/2802/3051 2965/2803/3097 2645/2774/3069
f 2645/2774/3069 2965/2803/3097 2636/2802/3051 2154/2757/3052
f 1985/2804/2331 2659/2805/3098 2965/2803/3097 2636/2802/3051
f 2636/2802/3051 2965/2803/3097 2659/2805/3098 1985/2804/2331
f 2162/2775/3070 2645/2774/3069 2965/2803/3097 2659/2805/3098
f 2659/2805/3098 2965/2803/3097 2645/2774/3069 2162/2775/3070
f 2167/2806/3088 2654/2807/3087 2966/2808/3099 2660/2809/3100
f 2660/2809/3100 2966/2808/3099 2654/2807/3087 2167/2806/3088
f 2654/2807/3087 2166/2810/3084 2661/2811/3101 2966/2808/3099
f 2966/2808/3099 2661/2811/3101 2166/2810/3084 2654/2807/3087
f 2966/2808/3099 2661/2811/3101 2174/2812/3102 2662/2813/3103
f 2662/2813/3103 2174/2812/3102 2661/2811/3101 2966/2808/3099
f 2660/2809/3100 2966/2808/3099 2662/2813/3103 2175/2814/3104
f 2175/2814/3104 2662/2813/3103 2966/2808/3099 2660/2809/3100
f 2168/2815/3092 2656/2816/3091 2967/2817/3105 2663/2818/3106
f 2663/2818/3106 2967/2817/3105 2656/2816/3091 2168/2815/3092
f 2656/2816/3091 2167/2806/3088 2660/2809/3100 2967/2817/3105
f 2967/2817/3105 2660/2809/3100 2167/2806/3088 2656/2816/3091
f 2967/2817/3105 2660/2809/3100 2175/2814/3104 2664/2819/3107
f 2664/2819/3107 2175/2814/3104 2660/2809/3100 2967/2817/3105
f 2663/2818/3106 2967/2817/3105 2664/2819/3107 2176/2820/3108
f 2176/2820/3108 2664/2819/3107 2967/2817/3105 2663/2818/3106
f 2169/2821/3096 2658/2822/3095 2968/2823/3109 2665/2824/3110
f 2665/2824/3110 2968/2823/3109 2658/2822/3095 2169/2821/3096
f 2658/2822/3095 2168/2815/3092 2663/2818/3106 2968/2823/3109
f 2968/2823/3109 2663/2818/3106 2168/2815/3092 2658/2822/3095
f 2968/2823/3109 2663/2818/3106 2176/2820/3108 2666/2825/3111
f 2666/2825/3111 2176/2820/3108 2663/2818/3106 2968/2823/3109
f 2665/2824/3110 2968/2823/3109 2666/2825/3111 2177/2826/3112
f 2177/2826/3112 2666/2825/3111 2968/2823/3109 2665/2824/3110
f 2162/2827/3070 2659/2828/3098 2969/2829/3113 2667/2830/3114
f 2667/2830/3114 2969/2829/3113 2659/2828/3098 2162/2827/3070
f 1985/2831/2331 2668/2832/3115 2969/2829/3113 2659/2828/3098
f 2659/2828/3098 2969/2829/3113 2668/2832/3115 1985/2831/2331
f 2170/2833/3116 2667/2830/3114 2969/2829/3113 2668/2832/3115
f 2668/2832/3115 2969/2829/3113 2667/2830/3114 2170/2833/3116
f 2163/2834/3072 2646/2835/3071 2970/2836/3117 2669/2837/3118
f 2669/2837/3118 2970/2836/3117 2646/2835/3071 2163/2834/3072
f 2646/2835/3071 2162/2827/3070 2667/2830/3114 2970/2836/3117
f 2970/2836/3117 2667/2830/3114 2162/2827/3070 2646/2835/3071
f 2970/2836/3117 2667/2830/3114 2170/2833/3116 2670/2838/3119
f 2670/2838/3119 2170/2833/3116 2667/2830/3114 2970/2836/3117
f 2669/2837/3118 2970/2836/3117 2670/2838/3119 2171/2839/3120
f 2171/2839/3120 2670/2838/3119 2970/2836/3117 2669/2837/3118
f 2164/2840/3076 2648/2841/3075 2971/2842/3121 2671/2843/3122
f 2671/2843/3122 2971/2842/3121 2648/2841/3075 2164/2840/3076
f 2648/2841/3075 2163/2834/3072 2669/2837/3118 2971/2842/3121
f 2971/2842/3121 2669/2837/3118 2163/2834/3072 2648/2841/3075
f 2971/2842/3121 2669/2837/3118 2171/2839/3120 2672/2844/3123
f 2672/2844/3123 2171/2839/3120 2669/2837/3118 2971/2842/3121
f 2671/2843/3122 2971/2842/3121 2672/2844/3123 2172/2845/3124
f 2172/2845/3124 2672/2844/3123 2971/2842/3121 2671/2843/3122
f 2165/2846/3080 2650/2847/3079 2972/2848/3125 2673/2849/3126
f 2673/2849/3126 2972/2848/3125 2650/2847/3079 2165/2846/3080
f 2650/2847/3079 2164/2840/3076 2671/2843/3122 2972/2848/3125
f 2972/2848/3125 2671/2843/3122 2164/2840/3076 2650/2847/3079
f 2972/2848/3125 2671/2843/3122 2172/2845/3124 2674/2850/3127
f 2674/2850/3127 2172/2845/3124 2671/2843/3122 2972/2848/3125
f 2673/2849/3126 2972/2848/3125 2674/2850/3127 2173/2851/3128
f 2173/2851/3128 2674/2850/3127 2972/2848/3125 2673/2849/3126
f 2166/2810/3084 2652/2852/3083 2973/2853/3129 2661/2811/3101
f 2661/2811/3101 2973/2853/3129 2652/2852/3083 2166/2810/3084
f 2652/2852/3083 2165/2846/3080 2673/2849/3126 2973/2853/3129
f 2973/2853/3129 2673/2849/3126 2165/2846/3080 2652/2852/3083
f 2973/2853/3129 2673/2849/3126 2173/2851/3128 2675/2854/3130
f 2675/2854/3130 2173/2851/3128 2673/2849/3126 2973/2853/3129
f 2661/2811/3101 2973/2853/3129 2675/2854/3130 2174/2812/3102
f 2174/2812/3102 2675/2854/3130 2973/2853/3129 2661/2811/3101
f 2172/2845/3124 2672/2844/3123 2974/2855/3131 2676/2856/3132
f 2676/2856/3132 2974/2855/3131 2672/2844/3123 2172/2845/3124
f 2672/2844/3123 2171/2839/3120 2677/2857/3133 2974/2855/3131
f 2974/2855/3131 2677/2857/3133 2171/2839/3120 2672/2844/3123
f 2974/2855/3131 2677/2857/3133 2179/2858/3134 2678/2859/3135
f 2678/2859/3135 2179/2858/3134 2677/2857/3133 2974/2855/3131
f 2676/2856/3132 2974/2855/3131 2678/2859/3135 2180/2860/3136
f 2180/2860/3136 2678/2859/3135 2974/2855/3131 2676/2856/3132
f 2173/2851/3128 2674/2850/3127 2975/2861/3137 2679/2862/3138
f 2679/2862/3138 2975/2861/3137 2674/2850/3127 2173/2851/3128
f 2674/2850/3127 2172/2845/3124 2676/2856/3132 2975/2861/3137
f 2975/2861/3137 2676/2856/3132 2172/2845/3124 2674/2850/3127
f 2975/2861/3137 2676/2856/3132 2180/2860/3136 2680/2863/3139
f 2680/2863/3139 2180/2860/3136 2676/2856/3132 2975/2861/3137
f 2679/2862/3138 2975/2861/3137 2680/2863/3139 2181/2864/3140
f 2181/2864/3140 2680/2863/3139 2975/2861/3137 2679/2862/3138
f 2174/2812/3102 2675/2854/3130 2976/2865/3141 2681/2866/3142
f 2681/2866/3142 2976/2865/3141 2675/2854/3130 2174/2812/3102
f 2675/2854/3130 2173/2851/3128 2679/2862/3138 2976/2865/3141
f 2976/2865/3141 2679/2862/3138 2173/2851/3128 2675/2854/3130
f 2976/2865/3141 2679/2862/3138 2181/2864/3140 2682/2867/3143
f 2682/2867/3143 2181/2864/3140 2679/2862/3138 2976/2865/3141
f 2681/2866/3142 2976/2865/3141 2682/2867/3143 2182/2868/3144
f 2182/2868/3144 2682/2867/3143 2976/2865/3141 2681/2866/3142
f 2175/2814/3104 2662/2813/3103 2977/2869/3145 2683/2870/3146
f 2683/2870/3146 2977/2869/3145 2662/2813/3103 2175/2814/3104
f 2662/2813/3103 2174/2812/3102 2681/2866/3142 2977/2869/3145
f 2977/2869/3145 2681/2866/3142 2174/2812/3102 2662/2813/3103
f 2977/2869/3145 2681/2866/3142 2182/2868/3144 2684/2871/3147
f 2684/2871/3147 2182/2868/3144 2681/2866/3142 2977/2869/3145
f 2683/2870/3146 2977/2869/3145 2684/2871/3147 2183/2872/3148
f 2183/2872/3148 2684/2871/3147 2977/2869/3145 2683/2870/3146
f 2176/2820/3108 2664/2819/3107 2978/2873/3149 2685/2874/3150
f 2685/2874/3150 2978/2873/3149 2664/2819/3107 2176/2820/3108
f 2664/2819/3107 2175/2814/3104 2683/2870/3146 2978/2873/3149
f 2978/2873/3149 2683/2870/3146 2175/2814/3104 2664/2819/3107
f 2978/2873/3149 2683/2870/3146 2183/2872/3148 2686/2875/3151
f 2686/2875/3151 2183/2872/3148 2683/2870/3146 2978/2873/3149
f 2685/2874/3150 2978/2873/3149 2686/2875/3151 2184/2876/3152
f 2184/2876/3152 2686/2875/3151 2978/2873/3149 2685/2874/3150
f 2177/2826/3112 2666/2825/3111 2979/2877/3153 2687/2878/3154
f 2687/2878/3154 2979/2877/3153 2666/2825/3111 2177/2826/3112
f 2666/2825/3111 2176/2820/3108 2685/2874/3150 2979/2877/3153
f 2979/2877/3153 2685/2874/3150 2176/2820/3108 2666/2825/3111
f 2979/2877/3153 2685/2874/3150 2184/2876/3152 2688/2879/3155
f 2688/2879/3155 2184/2876/3152 2685/2874/3150 2979/2877/3153
f 2687/2878/3154 2979/2877/3153 2688/2879/3155 2185/2880/3156
f 2185/2880/3156 2688/2879/3155 2979/2877/3153 2687/2878/3154
f 2170/2833/3116 2668/2881/3115 2980/2882/3157 2689/2883/3158
f 2689/2883/3158 2980/2882/3157 2668/2881/3115 2170/2833/3116
f 1985/2884/2331 2690/2885/3159 2980/2882/3157 2668/2881/3115
f 2668/2881/3115 2980/2882/3157 2690/2885/3159 1985/2884/2331
f 2178/2886/3160 2689/2883/3158 2980/2882/3157 2690/2885/3159
f 2690/2885/3159 2980/2882/3157 2689/2883/3158 2178/2886/3160
f 2171/2839/3120 2670/2838/3119 2981/2887/3161 2677/2857/3133
f 2677/2857/3133 2981/2887/3161 2670/2838/3119 2171/2839/3120
f 2670/2838/3119 2170/2833/3116 2689/2883/3158 2981/2887/3161
f 2981/2887/3161 2689/2883/3158 2170/2833/3116 2670/2838/3119
f 2981/2887/3161 2689/2883/3158 2178/2886/3160 2691/2888/3162
f 2691/2888/3162 2178/2886/3160 2689/2883/3158 2981/2887/3161
f 2677/2857/3133 2981/2887/3161 2691/2888/3162 2179/2858/3134
f 2179/2858/3134 2691/2888/3162 2981/2887/3161 2677/2857/3133
f 2184/2876/3152 2686/2875/3151 2982/2889/3163 2692/2890/3164
f 2692/2890/3164 2982/2889/3163 2686/2875/3151 2184/2876/3152
f 2686/2875/3151 2183/2872/3148 2693/2891/3165 2982/2889/3163
f 2982/2889/3163 2693/2891/3165 2183/2872/3148 2686/2875/3151
f 2982/2889/3163 2693/2891/3165 2191/2892/3166 2694/2893/3167
f 2694/2893/3167 2191/2892/3166 2693/2891/3165 2982/2889/3163
f 2692/2890/3164 2982/2889/3163 2694/2893/3167 2192/2894/3168
f 2192/2894/3168 2694/2893/3167 2982/2889/3163 2692/2890/3164
f 2185/2880/3156 2688/2879/3155 2983/2895/3169 2695/2896/3170
f 2695/2896/3170 2983/2895/3169 2688/2879/3155 2185/2880/3156
f 2688/2879/3155 2184/2876/3152 2692/2890/3164 2983/2895/3169
f 2983/2895/3169 2692/2890/3164 2184/2876/3152 2688/2879/3155
f 2983/2895/3169 2692/2890/3164 2192/2894/3168 2696/2897/3171
f 2696/2897/3171 2192/2894/3168 2692/2890/3164 2983/2895/3169
f 2695/2896/3170 2983/2895/3169 2696/2897/3171 2193/2898/3172
f 2193/2898/3172 2696/2897/3171 2983/2895/3169 2695/2896/3170
f 2178/2886/3160 2690/2899/3159 2984/2900/3173 2697/2901/3174
f 2697/2901/3174 2984/2900/3173 2690/2899/3159 2178/2886/3160
f 1985/2902/2331 2698/2903/3175 2984/2900/3173 2690/2899/3159
f 2690/2899/3159 2984/2900/3173 2698/2903/3175 1985/2902/2331
f 2186/2904/3176 2697/2901/3174 2984/2900/3173 2698/2903/3175
f 2698/2903/3175 2984/2900/3173 2697/2901/3174 2186/2904/3176
f 2179/2858/3134 2691/2888/3162 2985/2905/3177 2699/2906/3178
f 2699/2906/3178 2985/2905/3177 2691/2888/3162 2179/2858/3134
f 2691/2888/3162 2178/2886/3160 2697/2901/3174 2985/2905/3177
f 2985/2905/3177 2697/2901/3174 2178/2886/3160 2691/2888/3162
f 2985/2905/3177 2697/2901/3174 2186/2904/3176 2700/2907/3179
f 2700/2907/3179 2186/2904/3176 2697/2901/3174 2985/2905/3177
f 2699/2906/3178 2985/2905/3177 2700/2907/3179 2187/2908/3180
f 2187/2908/3180 2700/2907/3179 2985/2905/3177 2699/2906/3178
f 2180/2860/3136 2678/2859/3135 2986/2909/3181 2701/2910/3182
f 2701/2910/3182 2986/2909/3181 2678/2859/3135 2180/2860/3136
f 2678/2859/3135 2179/2858/3134 2699/2906/3178 2986/2909/3181
f 2986/2909/3181 2699/2906/3178 2179/2858/3134 2678/2859/3135
f 2986/2909/3181 2699/2906/3178 2187/2908/3180 2702/2911/3183
f 2702/2911/3183 2187/2908/3180 2699/2906/3178 2986/2909/3181
f 2701/2910/3182 2986/2909/3181 2702/2911/3183 2188/2912/3184
f 2188/2912/3184 2702/2911/3183 2986/2909/3181 2701/2910/3182
f 2181/2864/3140 2680/2863/3139 2987/2913/3185 2703/2914/3186
f 2703/2914/3186 2987/2913/3185 2680/2863/3139 2181/2864/3140
f 2680/2863/3139 2180/2860/3136 2701/2910/3182 2987/2913/3185
f 2987/2913/3185 2701/2910/3182 2180/2860/3136 2680/2863/3139
f 2987/2913/3185 2701/2910/3182 2188/2912/3184 2704/2915/3187
f 2704/2915/3187 2188/2912/3184 2701/2910/3182 2987/2913/3185
f 2703/2914/3186 2987/2913/3185 2704/2915/3187 2189/2916/3188
f 2189/2916/3188 2704/2915/3187 2987/2913/3185 2703/2914/3186
f 2182/2868/3144 2682/2867/3143 2988/2917/3189 2705/2918/3190
f 2705/2918/3190 2988/2917/3189 2682/2867/3143 2182/2868/3144
f 2682/2867/3143 2181/2864/3140 2703/2914/3186 2988/2917/3189
f 2988/2917/3189 2703/2914/3186 2181/2864/3140 2682/2867/3143
f 2988/2917/3189 2703/2914/3186 2189/2916/3188 2706/2919/3191
f 2706/2919/3191 2189/2916/3188 2703/2914/3186 2988/2917/3189
f 2705/2918/3190 2988/2917/3189 2706/2919/3191 2190/2920/3192
f 2190/2920/3192 2706/2919/3191 2988/2917/3189 2705/2918/3190
f 2183/2872/3148 2684/2871/3147 2989/2921/3193 2693/2891/3165
f 2693/2891/3165 2989/2921/3193 2684/2871/3147 2183/2872/3148
f 2684/2871/3147 2182/2868/3144 2705/2918/3190 2989/2921/3193
f 2989/2921/3193 2705/2918/3190 2182/2868/3144 2684/2871/3147
f 2989/2921/3193 2705/2918/3190 2190/2920/3192 2707/2922/3194
f 2707/2922/3194 2190/2920/3192 2705/2918/3190 2989/2921/3193
f 2693/2891/3165 2989/2921/3193 2707/2922/3194 2191/2892/3166
f 2191/2892/3166 2707/2922/3194 2989/2921/3193 2693/2891/3165
f 2189/2916/3188 2704/2915/3187 2990/2923/3195 2708/2924/3196
f 2708/2924/3196 2990/2923/3195 2704/2915/3187 2189/2916/3188
f 2704/2915/3187 2188/2912/3184 2709/2925/3197 2990/2923/3195
f 2990/2923/3195 2709/2925/3197 2188/2912/3184 2704/2915/3187
f 2990/2923/3195 2709/2925/3197 2196/2926/3198 2710/2927/3199
f 2710/2927/3199 2196/2926/3198 2709/2925/3197 2990/2923/3195
f 2708/2924/3196 2990/2923/3195 2710/2927/3199 2197/2928/3200
f 2197/2928/3200 2710/2927/3199 2990/2923/3195 2708/2924/3196
f 2190/2920/3192 2706/2919/3191 2991/2929/3201 2711/2930/3202
f 2711/2930/3202 2991/2929/3201 2706/2919/3191 2190/2920/3192
f 2706/2919/3191 2189/2916/3188 2708/2924/3196 2991/2929/3201
f 2991/2929/3201 2708/2924/3196 2189/2916/3188 2706/2919/3191
f 2991/2929/3201 2708/2924/3196 2197/2928/3200 2712/2931/3203
f 2712/2931/3203 2197/2928/3200 2708/2924/3196 2991/2929/3201
f 2711/2930/3202 2991/2929/3201 2712/2931/3203 2198/2932/3204
f 2198/2932/3204 2712/2931/3203 2991/2929/3201 2711/2930/3202
f 2191/2892/3166 2707/2922/3194 2992/2933/3205 2713/2934/3206
f 2713/2934/3206 2992/2933/3205 2707/2922/3194 2191/2892/3166
f 2707/2922/3194 2190/2920/3192 2711/2930/3202 2992/2933/3205
f 2992/2933/3205 2711/2930/3202 2190/2920/3192 2707/2922/3194
f 2992/2933/3205 2711/2930/3202 2198/2932/3204 2714/2935/3207
f 2714/2935/3207 2198/2932/3204 2711/2930/3202 2992/2933/3205
f 2713/2934/3206 2992/2933/3205 2714/2935/3207 2199/2936/3208
f 2199/2936/3208 2714/2935/3207 2992/2933/3205 2713/2934/3206
f 2192/2894/3168 2694/2893/3167 2993/2937/3209 2715/2938/3210
f 2715/2938/3210 2993/2937/3209 2694/2893/3167 2192/2894/3168
f 2694/2893/3167 2191/2892/3166 2713/2934/3206 2993/2937/3209
f 2993/2937/3209 2713/2934/3206 2191/2892/3166 2694/2893/3167
f 2993/2937/3209 2713/2934/3206 2199/2936/3208 2716/2939/3211
f 2716/2939/3211 2199/2936/3208 2713/2934/3206 2993/2937/3209
f 2715/2938/3210 2993/2937/3209 2716/2939/3211 2200/2940/3212
f 2200/2940/3212 2716/2939/3211 2993/2937/3209 2715/2938/3210
f 2193/2898/3172 2696/2897/3171 2994/2941/3213 2717/2942/3214
f 2717/2942/3214 2994/2941/3213 2696/2897/3171 2193/2898/3172
f 2696/2897/3171 2192/2894/3168 2715/2938/3210 2994/2941/3213
f 2994/2941/3213 2715/2938/3210 2192/2894/3168 2696/2897/3171
f 2994/2941/3213 2715/2938/3210 2200/2940/3212 2718/2943/3215
f 2718/2943/3215 2200/2940/3212 2715/2938/3210 2994/2941/3213
f 2717/2942/3214 2994/2941/3213 2718/2943/3215 2201/2944/3216
f 2201/2944/3216 2718/2943/3215 2994/2941/3213 2717/2942/3214
f 2186/2904/3176 2698/2945/3175 2995/2946/3217 2719/2947/3218
f 2719/2947/3218 2995/2946/3217 2698/2945/3175 2186/2904/3176
f 1985/2948/2331 2720/2949/3219 2995/2946/3217 2698/2945/3175
f 2698/2945/3175 2995/2946/3217 2720/2949/3219 1985/2948/2331
f 2194/2950/3220 2719/2947/3218 2995/2946/3217 2720/2949/3219
f 2720/2949/3219 2995/2946/3217 2719/2947/3218 2194/2950/3220
f 2187/2908/3180 2700/2907/3179 2996/2951/3221 2721/2952/3222
f 2721/2952/3222 2996/2951/3221 2700/2907/3179 2187/2908/3180
f 2700/2907/3179 2186/2904/3176 2719/2947/3218 2996/2951/3221
f 2996/2951/3221 2719/2947/3218 2186/2904/3176 2700/2907/3179
f 2996/2951/3221 2719/2947/3218 2194/2950/3220 2722/2953/3223
f 2722/2953/3223 2194/2950/3220 2719/2947/3218 2996/2951/3221
f 2721/2952/3222 2996/2951/3221 2722/2953/3223 2195/2954/3224
f 2195/2954/3224 2722/2953/3223 2996/2951/3221 2721/2952/3222
f 2188/2912/3184 2702/2911/3183 2997/2955/3225 2709/2925/3197
f 2709/2925/3197 2997/2955/3225 2702/2911/3183 2188/2912/3184
f 2702/2911/3183 2187/2908/3180 2721/2952/3222 2997/2955/3225
f 2997/2955/3225 2721/2952/3222 2187/2908/3180 2702/2911/3183
f 2997/2955/3225 2721/2952/3222 2195/2954/3224 2723/2956/3226
f 2723/2956/3226 2195/2954/3224 2721/2952/3222 2997/2955/3225
f 2709/2925/3197 2997/2955/3225 2723/2956/3226 2196/2926/3198
f 2196/2926/3198 2723/2956/3226 2997/2955/3225 2709/2925/3197
f 2201/2944/3216 2718/2943/3215 2998/2957/3227 2724/2958/3228
f 2724/2958/3228 2998/2957/3227 2718/2943/3215 2201/2944/3216
f 2718/2943/3215 2200/2940/3212 2725/2959/3229 2998/2957/3227
f 2998/2957/3227 2725/2959/3229 2200/2940/3212 2718/2943/3215
f 2998/2957/3227 2725/2959/3229 2208/2960/3230 2726/2961/3231
f 2726/2961/3231 2208/2960/3230 2725/2959/3229 2998/2957/3227
f 2724/2958/3228 2998/2957/3227 2726/2961/3231 2209/2962/3232
f 2209/2962/3232 2726/2961/3231 2998/2957/3227 2724/2958/3228
f 2194/2950/3220 2720/2963/3219 2999/2964/3233 2727/2965/3234
f 2727/2965/3234 2999/2964/3233 2720/2963/3219 2194/2950/3220
f 1985/2966/2331 2728/2967/3235 2999/2964/3233 2720/2963/3219
f 2720/2963/3219 2999/2964/3233 2728/2967/3235 1985/2966/2331
f 2202/2968/3236 2727/2965/3234 2999/2964/3233 2728/2967/3235
f 2728/2967/3235 2999/2964/3233 2727/2965/3234 2202/2968/3236
f 2195/2954/3224 2722/2953/3223 3000/2969/3237 2729/2970/3238
f 2729/2970/3238 3000/2969/3237 2722/2953/3223 2195/2954/3224
f 2722/2953/3223 2194/2950/3220 2727/2965/3234 3000/2969/3237
f 3000/2969/3237 2727/2965/3234 2194/2950/3220 2722/2953/3223
f 3000/2969/3237 2727/2965/3234 2202/2968/3236 2730/2971/3239
f 2730/2971/3239 2202/2968/3236 2727/2965/3234 3000/2969/3237
f 2729/2970/3238 3000/2969/3237 2730/2971/3239 2203/2972/3240
f 2203/2972/3240 2730/2971/3239 3000/2969/3237 2729/2970/3238
f 2196/2926/3198 2723/2956/3226 3001/2973/3241 2731/2974/3242
f 2731/2974/3242 3001/2973/3241 2723/2956/3226 2196/2926/3198
f 2723/2956/3226 2195/2954/3224 2729/2970/3238 3001/2973/3241
f 3001/2973/3241 2729/2970/3238 2195/2954/3224 2723/2956/3226
f 3001/2973/3241 2729/2970/3238 2203/2972/3240 2732/2975/3243
f 2732/2975/3243 2203/2972/3240 2729/2970/3238 3001/2973/3241
f 2731/2974/3242 3001/2973/3241 2732/2975/3243 2204/2976/3244
f 2204/2976/3244 2732/2975/3243 3001/2973/3241 2731/2974/3242
f 2197/2928/3200 2710/2927/3199 3002/2977/3245 2733/2978/3246
f 2733/2978/3246 3002/2977/3245 2710/2927/3199 2197/2928/3200
f 2710/2927/3199 2196/2926/3198 2731/2974/3242 3002/2977/3245
f 3002/2977/3245 2731/2974/3242 2196/2926/3198 2710/2927/3199
f 3002/2977/3245 2731/2974/3242 2204/2976/3244 2734/2979/3247
f 2734/2979/3247 2204/2976/3244 2731/2974/3242 3002/2977/3245
f 2733/2978/3246 3002/2977/3245 2734/2979/3247 2205/2980/3248
f 2205/2980/3248 2734/2979/3247 3002/2977/3245 2733/2978/3246
f 2198/2932/3204 2712/2931/3203 3003/2981/3249 2735/2982/3250
f 2735/2982/3250 3003/2981/3249 2712/2931/3203 2198/2932/3204
f 2712/2931/3203 2197/2928/3200 2733/2978/3246 3003/2981/3249
f 3003/2981/3249 2733/2978/3246 2197/2928/3200 2712/2931/3203
f 3003/2981/3249 2733/2978/3246 2205/2980/3248 2736/2983/3251
f 2736/2983/3251 2205/2980/3248 2733/2978/3246 3003/2981/3249
f 2735/2982/3250 3003/2981/3249 2736/2983/3251 2206/2984/3252
f 2206/2984/3252 2736/2983/3251 3003/2981/3249 2735/2982/3250
f 2199/2936/3208 2714/2935/3207 3004/2985/3253 2737/2986/3254
f 2737/2986/3254 3004/2985/3253 2714/2935/3207 2199/2936/3208
f 2714/2935/3207 2198/2932/3204 2735/2982/3250 3004/2985/3253
f 3004/2985/3253 2735/2982/3250 2198/2932/3204 2714/2935/3207
f 3004/2985/3253 2735/2982/3250 2206/2984/3252 2738/2987/3255
f 2738/2987/3255 2206/2984/3252 2735/2982/3250 3004/2985/3253
f 2737/2986/3254 3004/2985/3253 2738/2987/3255 2207/2988/3256
f 2207/2988/3256 2738/2987/3255 3004/2985/3253 2737/2986/3254
f 2200/2940/3212 2716/2939/3211 3005/2989/3257 2725/2959/3229
f 2725/2959/3229 3005/2989/3257 2716/2939/3211 2200/2940/3212
f 2716/2939/3211 2199/2936/3208 2737/2986/3254 3005/2989/3257
f 3005/2989/3257 2737/2986/3254 2199/2936/3208 2716/2939/3211
f 3005/2989/3257 2737/2986/3254 2207/2988/3256 2739/2990/3258
f 2739/2990/3258 2207/2988/3256 2737/2986/3254 3005/2989/3257
f 2725/2959/3229 3005/2989/3257 2739/2990/3258 2208/2960/3230
f 2208/2960/3230 2739/2990/3258 3005/2989/3257 2725/2959/3229
f 2205/2980/3248 2734/2979/3247 3006/2991/3259 2740/2992/3260
f 2740/2992/3260 3006/2991/3259 2734/2979/3247 2205/2980/3248
f 2734/2979/3247 2204/2976/3244 2741/2993/3261 3006/2991/3259
f 3006/2991/3259 2741/2993/3261 2204/2976/3244 2734/2979/3247
f 3006/2991/3259 2741/2993/3261 2212/2994/3262 2742/2995/3263
f 2742/2995/3263 2212/2994/3262 2741/2993/3261 3006/2991/3259
f 2740/2992/3260 3006/2991/3259 2742/2995/3263 2213/2996/3264
f 2213/2996/3264 2742/2995/3263 3006/2991/3259 2740/2992/3260
f 2206/2984/3252 2736/2983/3251 3007/2997/3265 2743/2998/3266
f 2743/2998/3266 3007/2997/3265 2736/2983/3251 2206/2984/3252
f 2736/2983/3251 2205/2980/3248 2740/2992/3260 3007/2997/3265
f 3007/2997/3265 2740/2992/3260 2205/2980/3248 2736/2983/3251
f 3007/2997/3265 2740/2992/3260 2213/2996/3264 2744/2999/3267
f 2744/2999/3267 2213/2996/3264 2740/2992/3260 3007/2997/3265
f 2743/2998/3266 3007/2997/3265 2744/2999/3267 2214/3000/3268
f 2214/3000/3268 2744/2999/3267 3007/2997/3265 2743/2998/3266
f 2207/2988/3256 2738/2987/3255 3008/3001/3269 2745/3002/3270
f 2745/3002/3270 3008/3001/3269 2738/2987/3255 2207/2988/3256
f 2738/2987/3255 2206/2984/3252 2743/2998/3266 3008/3001/3269
f 3008/3001/3269 2743/2998/3266 2206/2984/3252 2738/2987/3255
f 3008/3001/3269 2743/2998/3266 2214/3000/3268 2746/3003/3271
f 2746/3003/3271 2214/3000/3268 2743/2998/3266 3008/3001/3269
f 2745/3002/3270 3008/3001/3269 2746/3003/3271 2215/3004/3272
f 2215/3004/3272 2746/3003/3271 3008/3001/3269 2745/3002/3270
f 2208/2960/3230 2739/2990/3258 3009/3005/3273 2747/3006/3274
f 2747/3006/3274 3009/3005/3273 2739/2990/3258 2208/2960/3230
f 2739/2990/3258 2207/2988/3256 2745/3002/3270 3009/3005/3273
f 3009/3005/3273 2745/3002/3270 2207/2988/3256 2739/2990/3258
f 3009/3005/3273 2745/3002/3270 2215/3004/3272 2748/3007/3275
f 2748/3007/3275 2215/3004/3272 2745/3002/3270 3009/3005/3273
f 2747/3006/3274 3009/3005/3273 2748/3007/3275 2216/3008/3276
f 2216/3008/3276 2748/3007/3275 3009/3005/3273 2747/3006/3274
f 2209/2962/3232 2726/2961/3231 3010/3009/3277 2749/3010/3278
f 2749/3010/3278 3010/3009/3277 2726/2961/3231 2209/2962/3232
f 2726/2961/3231 2208/2960/3230 2747/3006/3274 3010/3009/3277
f 3010/3009/3277 2747/3006/3274 2208/2960/3230 2726/2961/3231
f 3010/3009/3277 2747/3006/3274 2216/3008/3276 2750/3011/3279
f 2750/3011/3279 2216/3008/3276 2747/3006/3274 3010/3009/3277
f 2749/3010/3278 3010/3009/3277 2750/3011/3279 2217/3012/3280
f 2217/3012/3280 2750/3011/3279 3010/3009/3277 2749/3010/3278
f 2202/2968/3236 2728/3013/3235 3011/3014/3281 2751/3015/3282
f 2751/3015/3282 3011/3014/3281 2728/3013/3235 2202/2968/3236
f 1985/3016/2331 2752/3017/3283 3011/3014/3281 2728/3013/3235
f 2728/3013/3235 3011/3014/3281 2752/3017/3283 1985/3016/2331
f 2210/3018/3284 2751/3015/3282 3011/3014/3281 2752/3017/3283
f 2752/3017/3283 3011/3014/3281 2751/3015/3282 2210/3018/3284
f 2203/2972/3240 2730/2971/3239 3012/3019/3285 2753/3020/3286
f 2753/3020/3286 3012/3019/3285 2730/2971/3239 2203/2972/3240
f 2730/2971/3239 2202/2968/3236 2751/3015/3282 3012/3019/3285
f 3012/3019/3285 2751/3015/3282 2202/2968/3236 2730/2971/3239
f 3012/3019/3285 2751/3015/3282 2210/3018/3284 2754/3021/3287
f 2754/3021/3287 2210/3018/3284 2751/3015/3282 3012/3019/3285
f 2753/3020/3286 3012/3019/3285 2754/3021/3287 2211/3022/3288
f 2211/3022/3288 2754/3021/3287 3012/3019/3285 2753/3020/3286
f 2204/2976/3244 2732/2975/3243 3013/3023/3289 2741/2993/3261
f 2741/2993/3261 3013/3023/3289 2732/2975/3243 2204/2976/3244
f 2732/2975/3243 2203/2972/3240 2753/3020/3286 3013/3023/3289
f 3013/3023/3289 2753/3020/3286 2203/2972/3240 2732/2975/3243
f 3013/3023/3289 2753/3020/3286 2211/3022/3288 2755/3024/3290
f 2755/3024/3290 2211/3022/3288 2753/3020/3286 3013/3023/3289
f 2741/2993/3261 3013/3023/3289 2755/3024/3290 2212/2994/3262
f 2212/2994/3262 2755/3024/3290 3013/3023/3289 2741/2993/3261
f 2217/3012/3280 2750/3011/3279 3014/3025/3291 2756/3026/3292
f 2756/3026/3292 3014/3025/3291 2750/3011/3279 2217/3012/3280
f 2750/3011/3279 2216/3008/3276 2757/3027/3293 3014/3025/3291
f 3014/3025/3291 2757/3027/3293 2216/3008/3276 2750/3011/3279
f 3014/3025/3291 2757/3027/3293 2224/3028/3294 2758/3029/3295
f 2758/3029/3295 2224/3028/3294 2757/3027/3293 3014/3025/3291
f 2756/3026/3292 3014/3025/3291 2758/3029/3295 2225/3030/3296
f 2225/3030/3296 2758/3029/3295 3014/3025/3291 2756/3026/3292
f 2210/3018/3284 2752/3031/3283 3015/3032/3297 2759/3033/3298
f 2759/3033/3298 3015/3032/3297 2752/3031/3283 2210/3018/3284
f 1985/3034/2331 2760/3035/3299 3015/3032/3297 2752/3031/3283
f 2752/3031/3283 3015/3032/3297 2760/3035/3299 1985/3034/2331
f 2218/3036/3300 2759/3033/3298 3015/3032/3297 2760/3035/3299
f 2760/3035/3299 3015/3032/3297 2759/3033/3298 2218/3036/3300
f 2211/3022/3288 2754/3021/3287 3016/3037/3301 2761/3038/3302
f 2761/3038/3302 3016/3037/3301 2754/3021/3287 2211/3022/3288
f 2754/3021/3287 2210/3018/3284 2759/3033/3298 3016/3037/3301
f 3016/3037/3301 2759/3033/3298 2210/3018/3284 2754/3021/3287
f 3016/3037/3301 2759/3033/3298 2218/3036/3300 2762/3039/3303
f 2762/3039/3303 2218/3036/3300 2759/3033/3298 3016/3037/3301
f 2761/3038/3302 3016/3037/3301 2762/3039/3303 2219/3040/3304
f 2219/3040/3304 2762/3039/3303 3016/3037/3301 2761/3038/3302
f 2212/2994/3262 2755/3024/3290 3017/3041/3305 2763/3042/3306
f 2763/3042/3306 3017/3041/3305 2755/3024/3290 2212/2994/3262
f 2755/3024/3290 2211/3022/3288 2761/3038/3302 3017/3041/3305
f 3017/3041/3305 2761/3038/3302 2211/3022/3288 2755/3024/3290
f 3017/3041/3305 2761/3038/3302 2219/3040/3304 2764/3043/3307
f 2764/3043/3307 2219/3040/3304 2761/3038/3302 3017/3041/3305
f 2763/3042/3306 3017/3041/3305 2764/3043/3307 2220/3044/3308
f 2220/3044/3308 2764/3043/3307 3017/3041/3305 2763/3042/3306
f 2213/2996/3264 2742/2995/3263 3018/3045/3309 2765/3046/3310
f 2765/3046/3310 3018/3045/3309 2742/2995/3263 2213/2996/3264
f 2742/2995/3263 2212/2994/3262 2763/3042/3306 3018/3045/3309
f 3018/3045/3309 2763/3042/3306 2212/2994/3262 2742/2995/3263
f 3018/3045/3309 2763/3042/3306 2220/3044/3308 2766/3047/3311
f 2766/3047/3311 2220/3044/3308 2763/3042/3306 3018/3045/3309
f 2765/3046/3310 3018/3045/3309 2766/3047/3311 2221/3048/3312
f 2221/3048/3312 2766/3047/3311 3018/3045/3309 2765/3046/3310
f 2214/3000/3268 2744/2999/3267 3019/3049/3313 2767/3050/3314
f 2767/3050/3314 3019/3049/3313 2744/2999/3267 2214/3000/3268
f 2744/2999/3267 2213/2996/3264 2765/3046/3310 3019/3049/3313
f 3019/3049/3313 2765/3046/3310 2213/2996/3264 2744/2999/3267
f 3019/3049/3313 2765/3046/3310 2221/3048/3312 2768/3051/3315
f 2768/3051/3315 2221/3048/3312 2765/3046/3310 3019/3049/3313
f 2767/3050/3314 3019/3049/3313 2768/3051/3315 2222/3052/3316
f 2222/3052/3316 2768/3051/3315 3019/3049/3313 2767/3050/3314
f 2215/3004/3272 2746/3003/3271 3020/3053/3317 2769/3054/3318
f 2769/3054/3318 3020/3053/3317 2746/3003/3271 2215/3004/3272
f 2746/3003/3271 2214/3000/3268 2767/3050/3314 3020/3053/3317
f 3020/3053/3317 2767/3050/3314 2214/3000/3268 2746/3003/3271
f 3020/3053/3317 2767/3050/3314 2222/3052/3316 2770/3055/3319
f 2770/3055/3319 2222/3052/3316 2767/3050/3314 3020/3053/3317
f 2769/3054/3318 3020/3053/3317 2770/3055/3319 2223/3056/3320
f 2223/3056/3320 2770/3055/3319 3020/3053/3317 2769/3054/3318
f 2216/3008/3276 2748/3007/3275 3021/3057/3321 2757/3027/3293
f 2757/3027/3293 3021/3057/3321 2748/3007/3275 2216/3008/3276
f 2748/3007/3275 2215/3004/3272 2769/3054/3318 3021/3057/3321
f 3021/3057/3321 2769/3054/3318 2215/3004/3272 2748/3007/3275
f 3021/3057/3321 2769/3054/3318 2223/3056/3320 2771/3058/3322
f 2771/3058/3322 2223/3056/3320 2769/3054/3318 3021/3057/3321
f 2757/3027/3293 3021/3057/3321 2771/3058/3322 2224/3028/3294
f 2224/3028/3294 2771/3058/3322 3021/3057/3321 2757/3027/3293
f 2222/3052/3316 2768/3051/3315 3022/3059/3323 2772/3060/3324
f 2772/3060/3324 3022/3059/3323 2768/3051/3315 2222/3052/3316
f 2768/3051/3315 2221/3048/3312 2773/3061/3325 3022/3059/3323
f 3022/3059/3323 2773/3061/3325 2221/3048/3312 2768/3051/3315
f 3022/3059/3323 2773/3061/3325 2228/1955/2294 2263/1965/2304
f 2263/1965/2304 2228/1955/2294 2773/3061/3325 3022/3059/3323
f 2772/3060/3324 3022/3059/3323 2263/1965/2304 1987/1964/2303
f 1987/1964/2303 2263/1965/2304 3022/3059/3323 2772/3060/3324
f 2223/3056/3320 2770/3055/3319 3023/3062/3326 2774/3063/3327
f 2774/3063/3327 3023/3062/3326 2770/3055/3319 2223/3056/3320
f 2770/3055/3319 2222/3052/3316 2772/3060/3324 3023/3062/3326
f 3023/3062/3326 2772/3060/3324 2222/3052/3316 2770/3055/3319
f 3023/3062/3326 2772/3060/3324 1987/1964/2303 2266/1971/2310
f 2266/1971/2310 1987/1964/2303 2772/3060/3324 3023/3062/3326
f 2774/3063/3327 3023/3062/3326 2266/1971/2310 2229/1970/2309
f 2229/1970/2309 2266/1971/2310 3023/3062/3326 2774/3063/3327
f 2224/3028/3294 2771/3058/3322 3024/3064/3328 2775/3065/3329
f 2775/3065/3329 3024/3064/3328 2771/3058/3322 2224/3028/3294
f 2771/3058/3322 2223/3056/3320 2774/3063/3327 3024/3064/3328
f 3024/3064/3328 2774/3063/3327 2223/3056/3320 2771/3058/3322
f 3024/3064/3328 2774/3063/3327 2229/1970/2309 2269/1977/2316
f 2269/1977/2316 2229/1970/2309 2774/3063/3327 3024/3064/3328
f 2775/3065/3329 3024/3064/3328 2269/1977/2316 1988/1976/2315
f 1988/1976/2315 2269/1977/2316 3024/3064/3328 2775/3065/3329
f 2225/3030/3296 2758/3029/3295 3025/3066/3330 2776/3067/3331
f 2776/3067/3331 3025/3066/3330 2758/3029/3295 2225/3030/3296
f 2758/3029/3295 2224/3028/3294 2775/3065/3329 3025/3066/3330
f 3025/3066/3330 2775/3065/3329 2224/3028/3294 2758/3029/3295
f 3025/3066/3330 2775/3065/3329 1988/1976/2315 2272/1983/2322
f 2272/1983/2322 1988/1976/2315 2775/3065/3329 3025/3066/3330
f 2776/3067/3331 3025/3066/3330 2272/1983/2322 1989/1982/2321
f 1989/1982/2321 2272/1983/2322 3025/3066/3330 2776/3067/3331
f 2218/3036/3300 2760/3068/3299 3026/3069/3332 2777/3070/3333
f 2777/3070/3333 3026/3069/3332 2760/3068/3299 2218/3036/3300
f 1985/3071/2331 2275/3072/2328 3026/3069/3332 2760/3068/3299
f 2760/3068/3299 3026/3069/3332 2275/3072/2328 1985/3071/2331
f 2226/1988/2327 2777/3070/3333 3026/3069/3332 2275/3072/2328
f 2275/3072/2328 3026/3069/3332 2777/3070/3333 2226/1988/2327
f 2219/3040/3304 2762/3039/3303 3027/3073/3334 2778/3074/3335
f 2778/3074/3335 3027/3073/3334 2762/3039/3303 2219/3040/3304
f 2762/3039/3303 2218/3036/3300 2777/3070/3333 3027/3073/3334
f 3027/3073/3334 2777/3070/3333 2218/3036/3300 2762/3039/3303
f 3027/3073/3334 2777/3070/3333 2226/1988/2327 2278/1996/2335
f 2278/1996/2335 2226/1988/2327 2777/3070/3333 3027/3073/3334
f 2778/3074/3335 3027/3073/3334 2278/1996/2335 2227/1995/2334
f 2227/1995/2334 2278/1996/2335 3027/3073/3334 2778/3074/3335
f 2220/3044/3308 2764/3043/3307 3028/3075/3336 2779/3076/3337
f 2779/3076/3337 3028/3075/3336 2764/3043/3307 2220/3044/3308
f 2764/3043/3307 2219/3040/3304 2778/3074/3335 3028/3075/3336
f 3028/3075/3336 2778/3074/3335 2219/3040/3304 2764/3043/3307
f 3028/3075/3336 2778/3074/3335 2227/1995/2334 2280/2001/2340
f 2280/2001/2340 2227/1995/2334 2778/3074/3335 3028/3075/3336
f 2779/3076/3337 3028/3075/3336 2280/2001/2340 1986/1959/2298
f 1986/1959/2298 2280/2001/2340 3028/3075/3336 2779/3076/3337
f 2221/3048/3312 2766/3047/3311 3029/3077/3338 2773/3061/3325
f 2773/3061/3325 3029/3077/3338 2766/3047/3311 2221/3048/3312
f 2766/3047/3311 2220/3044/3308 2779/3076/3337 3029/3077/3338
f 3029/3077/3338 2779/3076/3337 2220/3044/3308 2766/3047/3311
f 3029/3077/3338 2779/3076/3337 1986/1959/2298 2259/1956/2295
f 2259/1956/2295 1986/1959/2298 2779/3076/3337 3029/3077/3338
f 2773/3061/3325 3029/3077/3338 2259/1956/2295 2228/1955/2294
f 2228/1955/2294 2259/1956/2295 3029/3077/3338 2773/3061/3325
