[0.005s] Invoking command in '/home/deepak/ws_moveit/build/moveit_task_constructor_msgs': CMAKE_PREFIX_PATH=${CMAKE_PREFIX_PATH}:/home/deepak/turtlebot3_ws/install/turtlebot3_teleop:/home/deepak/turtlebot3_ws/install/turtlebot3_example:/home/deepak/turtlebot3_ws/install/turtlebot3_autorace_mission:/home/deepak/turtlebot3_ws/install/turtlebot3_autorace_detect:/home/deepak/turtlebot3_ws/install/turtlebot3_autorace_camera:/opt/ros/humble /usr/bin/cmake /home/deepak/ws_moveit/src/moveit_task_constructor/msgs -DBUILD_TESTING=OFF -DCMAKE_INSTALL_PREFIX=/home/deepak/ws_moveit/install/moveit_task_constructor_msgs
[0.043s] -- The C compiler identification is GNU 11.4.0
[0.076s] -- The CXX compiler identification is GNU 11.4.0
[0.080s] -- Detecting C compiler ABI info
[0.133s] -- Detecting C compiler ABI info - done
[0.140s] -- Check for working C compiler: /usr/bin/cc - skipped
[0.140s] -- Detecting C compile features
[0.140s] -- Detecting C compile features - done
[0.143s] -- Detecting CXX compiler ABI info
[0.197s] -- Detecting CXX compiler ABI info - done
[0.202s] -- Check for working CXX compiler: /usr/bin/c++ - skipped
[0.202s] -- Detecting CXX compile features
[0.203s] -- Detecting CXX compile features - done
[0.205s] -- Found ament_cmake: 1.3.12 (/opt/ros/humble/share/ament_cmake/cmake)
[0.314s] -- Found Python3: /usr/bin/python3 (found version "3.10.12") found components: Interpreter 
[0.375s] -- Found builtin_interfaces: 1.2.2 (/opt/ros/humble/share/builtin_interfaces/cmake)
[0.399s] -- Found rosidl_generator_c: 3.1.8 (/opt/ros/humble/share/rosidl_generator_c/cmake)
[0.403s] -- Found rosidl_adapter: 3.1.8 (/opt/ros/humble/share/rosidl_adapter/cmake)
[0.409s] -- Found rosidl_generator_cpp: 3.1.8 (/opt/ros/humble/share/rosidl_generator_cpp/cmake)
[0.417s] -- Using all available rosidl_typesupport_c: rosidl_typesupport_fastrtps_c;rosidl_typesupport_introspection_c
[0.427s] -- Using all available rosidl_typesupport_cpp: rosidl_typesupport_fastrtps_cpp;rosidl_typesupport_introspection_cpp
[0.438s] -- Found moveit_msgs: 2.2.1 (/opt/ros/humble/share/moveit_msgs/cmake)
[0.535s] -- Found rosidl_default_generators: 1.2.0 (/opt/ros/humble/share/rosidl_default_generators/cmake)
[0.542s] -- Found visualization_msgs: 4.9.0 (/opt/ros/humble/share/visualization_msgs/cmake)
[0.785s] -- Found ament_cmake_ros: 0.10.0 (/opt/ros/humble/share/ament_cmake_ros/cmake)
[1.184s] -- Using all available rosidl_typesupport_c: rosidl_typesupport_fastrtps_c;rosidl_typesupport_introspection_c
[1.342s] -- Using all available rosidl_typesupport_cpp: rosidl_typesupport_fastrtps_cpp;rosidl_typesupport_introspection_cpp
[1.362s] -- Found PythonInterp: /usr/bin/python3 (found suitable version "3.10.12", minimum required is "3.6") 
[1.364s] -- Found python_cmake_module: 0.10.0 (/opt/ros/humble/share/python_cmake_module/cmake)
[1.383s] -- Found PythonLibs: /usr/lib/x86_64-linux-gnu/libpython3.10.so (found suitable version "3.10.12", minimum required is "3.5") 
[1.383s] -- Using PYTHON_EXECUTABLE: /usr/bin/python3
[1.383s] -- Using PYTHON_INCLUDE_DIRS: /usr/include/python3.10
[1.383s] -- Using PYTHON_LIBRARIES: /usr/lib/x86_64-linux-gnu/libpython3.10.so
[1.397s] -- Found PythonExtra: .so  
[1.489s] -- Configuring done
[1.525s] -- Generating done
[1.536s] -- Build files have been written to: /home/deepak/ws_moveit/build/moveit_task_constructor_msgs
[1.542s] Invoked command in '/home/deepak/ws_moveit/build/moveit_task_constructor_msgs' returned '0': CMAKE_PREFIX_PATH=${CMAKE_PREFIX_PATH}:/home/deepak/turtlebot3_ws/install/turtlebot3_teleop:/home/deepak/turtlebot3_ws/install/turtlebot3_example:/home/deepak/turtlebot3_ws/install/turtlebot3_autorace_mission:/home/deepak/turtlebot3_ws/install/turtlebot3_autorace_detect:/home/deepak/turtlebot3_ws/install/turtlebot3_autorace_camera:/opt/ros/humble /usr/bin/cmake /home/deepak/ws_moveit/src/moveit_task_constructor/msgs -DBUILD_TESTING=OFF -DCMAKE_INSTALL_PREFIX=/home/deepak/ws_moveit/install/moveit_task_constructor_msgs
[1.543s] Invoking command in '/home/deepak/ws_moveit/build/moveit_task_constructor_msgs': CMAKE_PREFIX_PATH=${CMAKE_PREFIX_PATH}:/home/deepak/turtlebot3_ws/install/turtlebot3_teleop:/home/deepak/turtlebot3_ws/install/turtlebot3_example:/home/deepak/turtlebot3_ws/install/turtlebot3_autorace_mission:/home/deepak/turtlebot3_ws/install/turtlebot3_autorace_detect:/home/deepak/turtlebot3_ws/install/turtlebot3_autorace_camera:/opt/ros/humble /usr/bin/cmake --build /home/deepak/ws_moveit/build/moveit_task_constructor_msgs
[1.576s] [  1%] [34m[1mGenerating C code for ROS interfaces[0m
[1.587s] [  1%] [34m[1mGenerating C++ code for ROS interfaces[0m
[1.587s] [  1%] Built target ament_cmake_python_copy_moveit_task_constructor_msgs
[1.724s] running egg_info
[1.724s] creating moveit_task_constructor_msgs.egg-info
[1.725s] writing moveit_task_constructor_msgs.egg-info/PKG-INFO
[1.725s] writing dependency_links to moveit_task_constructor_msgs.egg-info/dependency_links.txt
[1.725s] writing top-level names to moveit_task_constructor_msgs.egg-info/top_level.txt
[1.725s] writing manifest file 'moveit_task_constructor_msgs.egg-info/SOURCES.txt'
[1.726s] reading manifest file 'moveit_task_constructor_msgs.egg-info/SOURCES.txt'
[1.726s] writing manifest file 'moveit_task_constructor_msgs.egg-info/SOURCES.txt'
[1.745s] [  1%] Built target ament_cmake_python_build_moveit_task_constructor_msgs_egg
[2.441s] [  2%] [32mBuilding C object CMakeFiles/moveit_task_constructor_msgs__rosidl_generator_c.dir/rosidl_generator_c/moveit_task_constructor_msgs/msg/detail/solution__functions.c.o[0m
[2.443s] [  3%] [32mBuilding C object CMakeFiles/moveit_task_constructor_msgs__rosidl_generator_c.dir/rosidl_generator_c/moveit_task_constructor_msgs/msg/detail/property__functions.c.o[0m
[2.476s] [  4%] [32mBuilding C object CMakeFiles/moveit_task_constructor_msgs__rosidl_generator_c.dir/rosidl_generator_c/moveit_task_constructor_msgs/msg/detail/solution_info__functions.c.o[0m
[2.498s] [  4%] [32mBuilding C object CMakeFiles/moveit_task_constructor_msgs__rosidl_generator_c.dir/rosidl_generator_c/moveit_task_constructor_msgs/msg/detail/stage_description__functions.c.o[0m
[2.507s] [  4%] Built target moveit_task_constructor_msgs__cpp
[2.518s] [  5%] [34m[1mGenerating C++ type support dispatch for ROS interfaces[0m
[2.521s] [  6%] [32mBuilding C object CMakeFiles/moveit_task_constructor_msgs__rosidl_generator_c.dir/rosidl_generator_c/moveit_task_constructor_msgs/msg/detail/stage_statistics__functions.c.o[0m
[2.535s] [  7%] [32mBuilding C object CMakeFiles/moveit_task_constructor_msgs__rosidl_generator_c.dir/rosidl_generator_c/moveit_task_constructor_msgs/msg/detail/sub_solution__functions.c.o[0m
[2.557s] [  8%] [32mBuilding C object CMakeFiles/moveit_task_constructor_msgs__rosidl_generator_c.dir/rosidl_generator_c/moveit_task_constructor_msgs/msg/detail/sub_trajectory__functions.c.o[0m
[2.573s] [  9%] [32mBuilding C object CMakeFiles/moveit_task_constructor_msgs__rosidl_generator_c.dir/rosidl_generator_c/moveit_task_constructor_msgs/msg/detail/task_description__functions.c.o[0m
[2.594s] [ 10%] [32mBuilding C object CMakeFiles/moveit_task_constructor_msgs__rosidl_generator_c.dir/rosidl_generator_c/moveit_task_constructor_msgs/msg/detail/task_statistics__functions.c.o[0m
[2.610s] [ 10%] [32mBuilding C object CMakeFiles/moveit_task_constructor_msgs__rosidl_generator_c.dir/rosidl_generator_c/moveit_task_constructor_msgs/msg/detail/trajectory_execution_info__functions.c.o[0m
[2.627s] [ 11%] [32mBuilding C object CMakeFiles/moveit_task_constructor_msgs__rosidl_generator_c.dir/rosidl_generator_c/moveit_task_constructor_msgs/srv/detail/get_solution__functions.c.o[0m
[2.655s] [ 12%] [32mBuilding C object CMakeFiles/moveit_task_constructor_msgs__rosidl_generator_c.dir/rosidl_generator_c/moveit_task_constructor_msgs/action/detail/execute_task_solution__functions.c.o[0m
[2.687s] [ 12%] [34m[1mGenerating C++ type support for eProsima Fast-RTPS[0m
[2.734s] [ 13%] [32m[1mLinking C shared library libmoveit_task_constructor_msgs__rosidl_generator_c.so[0m
[2.773s] [ 13%] Built target moveit_task_constructor_msgs__rosidl_generator_c
[2.781s] [ 14%] [34m[1mGenerating C++ introspection for ROS interfaces[0m
[3.063s] [ 15%] [32mBuilding CXX object CMakeFiles/moveit_task_constructor_msgs__rosidl_typesupport_cpp.dir/rosidl_typesupport_cpp/moveit_task_constructor_msgs/msg/property__type_support.cpp.o[0m
[3.224s] [ 16%] [32mBuilding CXX object CMakeFiles/moveit_task_constructor_msgs__rosidl_typesupport_cpp.dir/rosidl_typesupport_cpp/moveit_task_constructor_msgs/msg/solution__type_support.cpp.o[0m
[3.429s] [ 17%] [32mBuilding CXX object CMakeFiles/moveit_task_constructor_msgs__rosidl_typesupport_cpp.dir/rosidl_typesupport_cpp/moveit_task_constructor_msgs/msg/solution_info__type_support.cpp.o[0m
[3.494s] [ 18%] [32mBuilding CXX object CMakeFiles/moveit_task_constructor_msgs__rosidl_typesupport_fastrtps_cpp.dir/rosidl_typesupport_fastrtps_cpp/moveit_task_constructor_msgs/msg/detail/dds_fastrtps/property__type_support.cpp.o[0m
[3.512s] [ 18%] [32mBuilding CXX object CMakeFiles/moveit_task_constructor_msgs__rosidl_typesupport_introspection_cpp.dir/rosidl_typesupport_introspection_cpp/moveit_task_constructor_msgs/msg/detail/property__type_support.cpp.o[0m
[3.572s] [ 19%] [32mBuilding CXX object CMakeFiles/moveit_task_constructor_msgs__rosidl_typesupport_cpp.dir/rosidl_typesupport_cpp/moveit_task_constructor_msgs/msg/stage_description__type_support.cpp.o[0m
[3.726s] [ 20%] [32mBuilding CXX object CMakeFiles/moveit_task_constructor_msgs__rosidl_typesupport_fastrtps_cpp.dir/rosidl_typesupport_fastrtps_cpp/moveit_task_constructor_msgs/msg/detail/dds_fastrtps/solution__type_support.cpp.o[0m
[3.738s] [ 21%] [32mBuilding CXX object CMakeFiles/moveit_task_constructor_msgs__rosidl_typesupport_introspection_cpp.dir/rosidl_typesupport_introspection_cpp/moveit_task_constructor_msgs/msg/detail/solution__type_support.cpp.o[0m
[3.803s] [ 21%] [32mBuilding CXX object CMakeFiles/moveit_task_constructor_msgs__rosidl_typesupport_cpp.dir/rosidl_typesupport_cpp/moveit_task_constructor_msgs/msg/stage_statistics__type_support.cpp.o[0m
[3.944s] [ 22%] [32mBuilding CXX object CMakeFiles/moveit_task_constructor_msgs__rosidl_typesupport_cpp.dir/rosidl_typesupport_cpp/moveit_task_constructor_msgs/msg/sub_solution__type_support.cpp.o[0m
[4.090s] [ 23%] [32mBuilding CXX object CMakeFiles/moveit_task_constructor_msgs__rosidl_typesupport_cpp.dir/rosidl_typesupport_cpp/moveit_task_constructor_msgs/msg/sub_trajectory__type_support.cpp.o[0m
[4.193s] [ 24%] [32mBuilding CXX object CMakeFiles/moveit_task_constructor_msgs__rosidl_typesupport_fastrtps_cpp.dir/rosidl_typesupport_fastrtps_cpp/moveit_task_constructor_msgs/msg/detail/dds_fastrtps/solution_info__type_support.cpp.o[0m
[4.262s] [ 25%] [32mBuilding CXX object CMakeFiles/moveit_task_constructor_msgs__rosidl_typesupport_cpp.dir/rosidl_typesupport_cpp/moveit_task_constructor_msgs/msg/task_description__type_support.cpp.o[0m
[4.423s] [ 26%] [32mBuilding CXX object CMakeFiles/moveit_task_constructor_msgs__rosidl_typesupport_cpp.dir/rosidl_typesupport_cpp/moveit_task_constructor_msgs/msg/task_statistics__type_support.cpp.o[0m
[4.473s] [ 27%] [32mBuilding CXX object CMakeFiles/moveit_task_constructor_msgs__rosidl_typesupport_fastrtps_cpp.dir/rosidl_typesupport_fastrtps_cpp/moveit_task_constructor_msgs/msg/detail/dds_fastrtps/stage_description__type_support.cpp.o[0m
[4.566s] [ 28%] [32mBuilding CXX object CMakeFiles/moveit_task_constructor_msgs__rosidl_typesupport_cpp.dir/rosidl_typesupport_cpp/moveit_task_constructor_msgs/msg/trajectory_execution_info__type_support.cpp.o[0m
[4.730s] [ 29%] [32mBuilding CXX object CMakeFiles/moveit_task_constructor_msgs__rosidl_typesupport_fastrtps_cpp.dir/rosidl_typesupport_fastrtps_cpp/moveit_task_constructor_msgs/msg/detail/dds_fastrtps/stage_statistics__type_support.cpp.o[0m
[4.732s] [ 29%] [32mBuilding CXX object CMakeFiles/moveit_task_constructor_msgs__rosidl_typesupport_cpp.dir/rosidl_typesupport_cpp/moveit_task_constructor_msgs/srv/get_solution__type_support.cpp.o[0m
[4.808s] [ 30%] [32mBuilding CXX object CMakeFiles/moveit_task_constructor_msgs__rosidl_typesupport_introspection_cpp.dir/rosidl_typesupport_introspection_cpp/moveit_task_constructor_msgs/msg/detail/solution_info__type_support.cpp.o[0m
[4.885s] [ 31%] [32mBuilding CXX object CMakeFiles/moveit_task_constructor_msgs__rosidl_typesupport_cpp.dir/rosidl_typesupport_cpp/moveit_task_constructor_msgs/action/execute_task_solution__type_support.cpp.o[0m
[5.084s] [ 31%] [32mBuilding CXX object CMakeFiles/moveit_task_constructor_msgs__rosidl_typesupport_fastrtps_cpp.dir/rosidl_typesupport_fastrtps_cpp/moveit_task_constructor_msgs/msg/detail/dds_fastrtps/sub_solution__type_support.cpp.o[0m
[5.141s] [ 32%] [32mBuilding CXX object CMakeFiles/moveit_task_constructor_msgs__rosidl_typesupport_introspection_cpp.dir/rosidl_typesupport_introspection_cpp/moveit_task_constructor_msgs/msg/detail/stage_description__type_support.cpp.o[0m
[5.187s] [ 33%] [32m[1mLinking CXX shared library libmoveit_task_constructor_msgs__rosidl_typesupport_cpp.so[0m
[5.219s] [ 33%] Built target moveit_task_constructor_msgs__rosidl_typesupport_cpp
[5.227s] [ 34%] [32mBuilding CXX object CMakeFiles/moveit_task_constructor_msgs__rosidl_typesupport_introspection_cpp.dir/rosidl_typesupport_introspection_cpp/moveit_task_constructor_msgs/msg/detail/stage_statistics__type_support.cpp.o[0m
[5.322s] [ 35%] [32mBuilding CXX object CMakeFiles/moveit_task_constructor_msgs__rosidl_typesupport_fastrtps_cpp.dir/rosidl_typesupport_fastrtps_cpp/moveit_task_constructor_msgs/msg/detail/dds_fastrtps/sub_trajectory__type_support.cpp.o[0m
[5.380s] [ 36%] [32mBuilding CXX object CMakeFiles/moveit_task_constructor_msgs__rosidl_typesupport_introspection_cpp.dir/rosidl_typesupport_introspection_cpp/moveit_task_constructor_msgs/msg/detail/sub_solution__type_support.cpp.o[0m
[5.555s] [ 37%] [32mBuilding CXX object CMakeFiles/moveit_task_constructor_msgs__rosidl_typesupport_fastrtps_cpp.dir/rosidl_typesupport_fastrtps_cpp/moveit_task_constructor_msgs/msg/detail/dds_fastrtps/task_description__type_support.cpp.o[0m
[5.596s] [ 37%] [32mBuilding CXX object CMakeFiles/moveit_task_constructor_msgs__rosidl_typesupport_introspection_cpp.dir/rosidl_typesupport_introspection_cpp/moveit_task_constructor_msgs/msg/detail/sub_trajectory__type_support.cpp.o[0m
[5.625s] [ 38%] [32mBuilding CXX object CMakeFiles/moveit_task_constructor_msgs__rosidl_typesupport_introspection_cpp.dir/rosidl_typesupport_introspection_cpp/moveit_task_constructor_msgs/msg/detail/task_description__type_support.cpp.o[0m
[5.794s] [ 39%] [32mBuilding CXX object CMakeFiles/moveit_task_constructor_msgs__rosidl_typesupport_fastrtps_cpp.dir/rosidl_typesupport_fastrtps_cpp/moveit_task_constructor_msgs/msg/detail/dds_fastrtps/task_statistics__type_support.cpp.o[0m
[5.874s] [ 40%] [32mBuilding CXX object CMakeFiles/moveit_task_constructor_msgs__rosidl_typesupport_introspection_cpp.dir/rosidl_typesupport_introspection_cpp/moveit_task_constructor_msgs/msg/detail/task_statistics__type_support.cpp.o[0m
[6.030s] [ 41%] [32mBuilding CXX object CMakeFiles/moveit_task_constructor_msgs__rosidl_typesupport_fastrtps_cpp.dir/rosidl_typesupport_fastrtps_cpp/moveit_task_constructor_msgs/msg/detail/dds_fastrtps/trajectory_execution_info__type_support.cpp.o[0m
[6.114s] [ 42%] [32mBuilding CXX object CMakeFiles/moveit_task_constructor_msgs__rosidl_typesupport_introspection_cpp.dir/rosidl_typesupport_introspection_cpp/moveit_task_constructor_msgs/msg/detail/trajectory_execution_info__type_support.cpp.o[0m
[6.225s] [ 43%] [32mBuilding CXX object CMakeFiles/moveit_task_constructor_msgs__rosidl_typesupport_introspection_cpp.dir/rosidl_typesupport_introspection_cpp/moveit_task_constructor_msgs/srv/detail/get_solution__type_support.cpp.o[0m
[6.261s] [ 44%] [32mBuilding CXX object CMakeFiles/moveit_task_constructor_msgs__rosidl_typesupport_fastrtps_cpp.dir/rosidl_typesupport_fastrtps_cpp/moveit_task_constructor_msgs/srv/detail/dds_fastrtps/get_solution__type_support.cpp.o[0m
[6.408s] [ 45%] [32mBuilding CXX object CMakeFiles/moveit_task_constructor_msgs__rosidl_typesupport_introspection_cpp.dir/rosidl_typesupport_introspection_cpp/moveit_task_constructor_msgs/action/detail/execute_task_solution__type_support.cpp.o[0m
[6.503s] [ 45%] [32mBuilding CXX object CMakeFiles/moveit_task_constructor_msgs__rosidl_typesupport_fastrtps_cpp.dir/rosidl_typesupport_fastrtps_cpp/moveit_task_constructor_msgs/action/detail/dds_fastrtps/execute_task_solution__type_support.cpp.o[0m
[6.623s] [ 46%] [34m[1mGenerating C type support for eProsima Fast-RTPS[0m
[6.835s] [ 47%] [32m[1mLinking CXX shared library libmoveit_task_constructor_msgs__rosidl_typesupport_fastrtps_cpp.so[0m
[6.921s] [ 48%] [32m[1mLinking CXX shared library libmoveit_task_constructor_msgs__rosidl_typesupport_introspection_cpp.so[0m
[6.926s] [ 48%] Built target moveit_task_constructor_msgs__rosidl_typesupport_fastrtps_cpp
[6.938s] [ 49%] [34m[1mGenerating C introspection for ROS interfaces[0m
[7.041s] [ 49%] Built target moveit_task_constructor_msgs__rosidl_typesupport_introspection_cpp
[7.052s] [ 50%] [34m[1mGenerating C type support dispatch for ROS interfaces[0m
[7.604s] [ 51%] [32mBuilding CXX object CMakeFiles/moveit_task_constructor_msgs__rosidl_typesupport_c.dir/rosidl_typesupport_c/moveit_task_constructor_msgs/msg/property__type_support.cpp.o[0m
[7.635s] [ 51%] [32mBuilding CXX object CMakeFiles/moveit_task_constructor_msgs__rosidl_typesupport_c.dir/rosidl_typesupport_c/moveit_task_constructor_msgs/msg/solution__type_support.cpp.o[0m
[7.649s] [ 52%] [32mBuilding C object CMakeFiles/moveit_task_constructor_msgs__rosidl_typesupport_introspection_c.dir/rosidl_typesupport_introspection_c/moveit_task_constructor_msgs/msg/detail/property__type_support.c.o[0m
[7.671s] [ 53%] [32mBuilding CXX object CMakeFiles/moveit_task_constructor_msgs__rosidl_typesupport_c.dir/rosidl_typesupport_c/moveit_task_constructor_msgs/msg/solution_info__type_support.cpp.o[0m
[7.678s] [ 54%] [32mBuilding C object CMakeFiles/moveit_task_constructor_msgs__rosidl_typesupport_introspection_c.dir/rosidl_typesupport_introspection_c/moveit_task_constructor_msgs/msg/detail/solution__type_support.c.o[0m
[7.692s] [ 55%] [32mBuilding CXX object CMakeFiles/moveit_task_constructor_msgs__rosidl_typesupport_c.dir/rosidl_typesupport_c/moveit_task_constructor_msgs/msg/stage_description__type_support.cpp.o[0m
[7.721s] [ 56%] [32mBuilding CXX object CMakeFiles/moveit_task_constructor_msgs__rosidl_typesupport_c.dir/rosidl_typesupport_c/moveit_task_constructor_msgs/msg/stage_statistics__type_support.cpp.o[0m
[7.725s] [ 57%] [32mBuilding C object CMakeFiles/moveit_task_constructor_msgs__rosidl_typesupport_introspection_c.dir/rosidl_typesupport_introspection_c/moveit_task_constructor_msgs/msg/detail/solution_info__type_support.c.o[0m
[7.748s] [ 58%] [32mBuilding CXX object CMakeFiles/moveit_task_constructor_msgs__rosidl_typesupport_c.dir/rosidl_typesupport_c/moveit_task_constructor_msgs/msg/sub_solution__type_support.cpp.o[0m
[7.754s] [ 59%] [32mBuilding CXX object CMakeFiles/moveit_task_constructor_msgs__rosidl_typesupport_fastrtps_c.dir/rosidl_typesupport_fastrtps_c/moveit_task_constructor_msgs/msg/detail/property__type_support_c.cpp.o[0m
[7.762s] [ 59%] [32mBuilding C object CMakeFiles/moveit_task_constructor_msgs__rosidl_typesupport_introspection_c.dir/rosidl_typesupport_introspection_c/moveit_task_constructor_msgs/msg/detail/stage_description__type_support.c.o[0m
[7.779s] [ 60%] [32mBuilding CXX object CMakeFiles/moveit_task_constructor_msgs__rosidl_typesupport_c.dir/rosidl_typesupport_c/moveit_task_constructor_msgs/msg/sub_trajectory__type_support.cpp.o[0m
[7.791s] [ 61%] [32mBuilding C object CMakeFiles/moveit_task_constructor_msgs__rosidl_typesupport_introspection_c.dir/rosidl_typesupport_introspection_c/moveit_task_constructor_msgs/msg/detail/stage_statistics__type_support.c.o[0m
[7.810s] [ 61%] [32mBuilding CXX object CMakeFiles/moveit_task_constructor_msgs__rosidl_typesupport_c.dir/rosidl_typesupport_c/moveit_task_constructor_msgs/msg/task_description__type_support.cpp.o[0m
[7.827s] [ 62%] [32mBuilding C object CMakeFiles/moveit_task_constructor_msgs__rosidl_typesupport_introspection_c.dir/rosidl_typesupport_introspection_c/moveit_task_constructor_msgs/msg/detail/sub_solution__type_support.c.o[0m
[7.836s] [ 63%] [32mBuilding CXX object CMakeFiles/moveit_task_constructor_msgs__rosidl_typesupport_c.dir/rosidl_typesupport_c/moveit_task_constructor_msgs/msg/task_statistics__type_support.cpp.o[0m
[7.861s] [ 64%] [32mBuilding CXX object CMakeFiles/moveit_task_constructor_msgs__rosidl_typesupport_c.dir/rosidl_typesupport_c/moveit_task_constructor_msgs/msg/trajectory_execution_info__type_support.cpp.o[0m
[7.864s] [ 65%] [32mBuilding C object CMakeFiles/moveit_task_constructor_msgs__rosidl_typesupport_introspection_c.dir/rosidl_typesupport_introspection_c/moveit_task_constructor_msgs/msg/detail/sub_trajectory__type_support.c.o[0m
[7.885s] [ 66%] [32mBuilding CXX object CMakeFiles/moveit_task_constructor_msgs__rosidl_typesupport_c.dir/rosidl_typesupport_c/moveit_task_constructor_msgs/srv/get_solution__type_support.cpp.o[0m
[7.906s] [ 67%] [32mBuilding C object CMakeFiles/moveit_task_constructor_msgs__rosidl_typesupport_introspection_c.dir/rosidl_typesupport_introspection_c/moveit_task_constructor_msgs/msg/detail/task_description__type_support.c.o[0m
[7.910s] [ 68%] [32mBuilding CXX object CMakeFiles/moveit_task_constructor_msgs__rosidl_typesupport_c.dir/rosidl_typesupport_c/moveit_task_constructor_msgs/action/execute_task_solution__type_support.cpp.o[0m
[7.943s] [ 69%] [32mBuilding C object CMakeFiles/moveit_task_constructor_msgs__rosidl_typesupport_introspection_c.dir/rosidl_typesupport_introspection_c/moveit_task_constructor_msgs/msg/detail/task_statistics__type_support.c.o[0m
[7.965s] [ 70%] [32m[1mLinking CXX shared library libmoveit_task_constructor_msgs__rosidl_typesupport_c.so[0m
[7.973s] [ 71%] [32mBuilding C object CMakeFiles/moveit_task_constructor_msgs__rosidl_typesupport_introspection_c.dir/rosidl_typesupport_introspection_c/moveit_task_constructor_msgs/msg/detail/trajectory_execution_info__type_support.c.o[0m
[7.996s] [ 71%] [32mBuilding C object CMakeFiles/moveit_task_constructor_msgs__rosidl_typesupport_introspection_c.dir/rosidl_typesupport_introspection_c/moveit_task_constructor_msgs/srv/detail/get_solution__type_support.c.o[0m
[8.003s] [ 72%] [32mBuilding CXX object CMakeFiles/moveit_task_constructor_msgs__rosidl_typesupport_fastrtps_c.dir/rosidl_typesupport_fastrtps_c/moveit_task_constructor_msgs/msg/detail/solution__type_support_c.cpp.o[0m
[8.006s] [ 72%] Built target moveit_task_constructor_msgs__rosidl_typesupport_c
[8.015s] [ 72%] [32mBuilding CXX object CMakeFiles/moveit_task_constructor_msgs__rosidl_typesupport_fastrtps_c.dir/rosidl_typesupport_fastrtps_c/moveit_task_constructor_msgs/msg/detail/solution_info__type_support_c.cpp.o[0m
[8.026s] [ 73%] [32mBuilding C object CMakeFiles/moveit_task_constructor_msgs__rosidl_typesupport_introspection_c.dir/rosidl_typesupport_introspection_c/moveit_task_constructor_msgs/action/detail/execute_task_solution__type_support.c.o[0m
[8.061s] [ 74%] [32m[1mLinking C shared library libmoveit_task_constructor_msgs__rosidl_typesupport_introspection_c.so[0m
[8.093s] [ 74%] Built target moveit_task_constructor_msgs__rosidl_typesupport_introspection_c
[8.101s] [ 75%] [32mBuilding CXX object CMakeFiles/moveit_task_constructor_msgs__rosidl_typesupport_fastrtps_c.dir/rosidl_typesupport_fastrtps_c/moveit_task_constructor_msgs/msg/detail/stage_description__type_support_c.cpp.o[0m
[8.186s] [ 76%] [32mBuilding CXX object CMakeFiles/moveit_task_constructor_msgs__rosidl_typesupport_fastrtps_c.dir/rosidl_typesupport_fastrtps_c/moveit_task_constructor_msgs/msg/detail/stage_statistics__type_support_c.cpp.o[0m
[8.221s] [ 77%] [32mBuilding CXX object CMakeFiles/moveit_task_constructor_msgs__rosidl_typesupport_fastrtps_c.dir/rosidl_typesupport_fastrtps_c/moveit_task_constructor_msgs/msg/detail/sub_solution__type_support_c.cpp.o[0m
[8.294s] [ 78%] [32mBuilding CXX object CMakeFiles/moveit_task_constructor_msgs__rosidl_typesupport_fastrtps_c.dir/rosidl_typesupport_fastrtps_c/moveit_task_constructor_msgs/msg/detail/sub_trajectory__type_support_c.cpp.o[0m
[8.366s] [ 79%] [32mBuilding CXX object CMakeFiles/moveit_task_constructor_msgs__rosidl_typesupport_fastrtps_c.dir/rosidl_typesupport_fastrtps_c/moveit_task_constructor_msgs/msg/detail/task_description__type_support_c.cpp.o[0m
[8.428s] [ 79%] [32mBuilding CXX object CMakeFiles/moveit_task_constructor_msgs__rosidl_typesupport_fastrtps_c.dir/rosidl_typesupport_fastrtps_c/moveit_task_constructor_msgs/msg/detail/task_statistics__type_support_c.cpp.o[0m
[8.547s] [ 80%] [32mBuilding CXX object CMakeFiles/moveit_task_constructor_msgs__rosidl_typesupport_fastrtps_c.dir/rosidl_typesupport_fastrtps_c/moveit_task_constructor_msgs/msg/detail/trajectory_execution_info__type_support_c.cpp.o[0m
[8.609s] [ 81%] [32mBuilding CXX object CMakeFiles/moveit_task_constructor_msgs__rosidl_typesupport_fastrtps_c.dir/rosidl_typesupport_fastrtps_c/moveit_task_constructor_msgs/srv/detail/get_solution__type_support_c.cpp.o[0m
[8.615s] [ 82%] [32mBuilding CXX object CMakeFiles/moveit_task_constructor_msgs__rosidl_typesupport_fastrtps_c.dir/rosidl_typesupport_fastrtps_c/moveit_task_constructor_msgs/action/detail/execute_task_solution__type_support_c.cpp.o[0m
[8.854s] [ 83%] [32m[1mLinking CXX shared library libmoveit_task_constructor_msgs__rosidl_typesupport_fastrtps_c.so[0m
[8.915s] [ 83%] Built target moveit_task_constructor_msgs__rosidl_typesupport_fastrtps_c
[8.934s] [ 83%] Built target moveit_task_constructor_msgs
[8.955s] [ 84%] [34m[1mGenerating Python code for ROS interfaces[0m
[10.190s] [ 84%] Built target moveit_task_constructor_msgs__py
[10.208s] [ 85%] [32mBuilding C object CMakeFiles/moveit_task_constructor_msgs__rosidl_generator_py.dir/rosidl_generator_py/moveit_task_constructor_msgs/msg/_property_s.c.o[0m
[10.210s] [ 86%] [32mBuilding C object CMakeFiles/moveit_task_constructor_msgs__rosidl_generator_py.dir/rosidl_generator_py/moveit_task_constructor_msgs/msg/_solution_s.c.o[0m
[10.210s] [ 86%] [32mBuilding C object CMakeFiles/moveit_task_constructor_msgs__rosidl_generator_py.dir/rosidl_generator_py/moveit_task_constructor_msgs/msg/_solution_info_s.c.o[0m
[10.307s] [ 87%] [32mBuilding C object CMakeFiles/moveit_task_constructor_msgs__rosidl_generator_py.dir/rosidl_generator_py/moveit_task_constructor_msgs/msg/_stage_description_s.c.o[0m
[10.307s] [ 88%] [32mBuilding C object CMakeFiles/moveit_task_constructor_msgs__rosidl_generator_py.dir/rosidl_generator_py/moveit_task_constructor_msgs/msg/_stage_statistics_s.c.o[0m
[10.320s] [ 89%] [32mBuilding C object CMakeFiles/moveit_task_constructor_msgs__rosidl_generator_py.dir/rosidl_generator_py/moveit_task_constructor_msgs/msg/_sub_solution_s.c.o[0m
[10.379s] [ 90%] [32mBuilding C object CMakeFiles/moveit_task_constructor_msgs__rosidl_generator_py.dir/rosidl_generator_py/moveit_task_constructor_msgs/msg/_sub_trajectory_s.c.o[0m
[10.408s] [ 91%] [32mBuilding C object CMakeFiles/moveit_task_constructor_msgs__rosidl_generator_py.dir/rosidl_generator_py/moveit_task_constructor_msgs/msg/_task_description_s.c.o[0m
[10.423s] [ 92%] [32mBuilding C object CMakeFiles/moveit_task_constructor_msgs__rosidl_generator_py.dir/rosidl_generator_py/moveit_task_constructor_msgs/msg/_task_statistics_s.c.o[0m
[10.446s] [ 92%] [32mBuilding C object CMakeFiles/moveit_task_constructor_msgs__rosidl_generator_py.dir/rosidl_generator_py/moveit_task_constructor_msgs/msg/_trajectory_execution_info_s.c.o[0m
[10.483s] [ 93%] [32mBuilding C object CMakeFiles/moveit_task_constructor_msgs__rosidl_generator_py.dir/rosidl_generator_py/moveit_task_constructor_msgs/srv/_get_solution_s.c.o[0m
[10.520s] [ 94%] [32mBuilding C object CMakeFiles/moveit_task_constructor_msgs__rosidl_generator_py.dir/rosidl_generator_py/moveit_task_constructor_msgs/action/_execute_task_solution_s.c.o[0m
[10.637s] [ 95%] [32m[1mLinking C shared library rosidl_generator_py/moveit_task_constructor_msgs/libmoveit_task_constructor_msgs__rosidl_generator_py.so[0m
[10.685s] [ 95%] Built target moveit_task_constructor_msgs__rosidl_generator_py
[10.705s] [ 96%] [32mBuilding C object CMakeFiles/moveit_task_constructor_msgs__rosidl_typesupport_fastrtps_c__pyext.dir/rosidl_generator_py/moveit_task_constructor_msgs/_moveit_task_constructor_msgs_s.ep.rosidl_typesupport_fastrtps_c.c.o[0m
[10.705s] [ 97%] [32mBuilding C object CMakeFiles/moveit_task_constructor_msgs__rosidl_typesupport_c__pyext.dir/rosidl_generator_py/moveit_task_constructor_msgs/_moveit_task_constructor_msgs_s.ep.rosidl_typesupport_c.c.o[0m
[10.705s] [ 97%] [32mBuilding C object CMakeFiles/moveit_task_constructor_msgs__rosidl_typesupport_introspection_c__pyext.dir/rosidl_generator_py/moveit_task_constructor_msgs/_moveit_task_constructor_msgs_s.ep.rosidl_typesupport_introspection_c.c.o[0m
[10.803s] [ 98%] [32m[1mLinking C shared library rosidl_generator_py/moveit_task_constructor_msgs/moveit_task_constructor_msgs_s__rosidl_typesupport_fastrtps_c.cpython-310-x86_64-linux-gnu.so[0m
[10.837s] [ 99%] [32m[1mLinking C shared library rosidl_generator_py/moveit_task_constructor_msgs/moveit_task_constructor_msgs_s__rosidl_typesupport_introspection_c.cpython-310-x86_64-linux-gnu.so[0m
[10.850s] [ 99%] Built target moveit_task_constructor_msgs__rosidl_typesupport_fastrtps_c__pyext
[10.855s] [100%] [32m[1mLinking C shared library rosidl_generator_py/moveit_task_constructor_msgs/moveit_task_constructor_msgs_s__rosidl_typesupport_c.cpython-310-x86_64-linux-gnu.so[0m
[10.896s] [100%] Built target moveit_task_constructor_msgs__rosidl_typesupport_introspection_c__pyext
[10.905s] [100%] Built target moveit_task_constructor_msgs__rosidl_typesupport_c__pyext
[10.917s] Invoked command in '/home/deepak/ws_moveit/build/moveit_task_constructor_msgs' returned '0': CMAKE_PREFIX_PATH=${CMAKE_PREFIX_PATH}:/home/deepak/turtlebot3_ws/install/turtlebot3_teleop:/home/deepak/turtlebot3_ws/install/turtlebot3_example:/home/deepak/turtlebot3_ws/install/turtlebot3_autorace_mission:/home/deepak/turtlebot3_ws/install/turtlebot3_autorace_detect:/home/deepak/turtlebot3_ws/install/turtlebot3_autorace_camera:/opt/ros/humble /usr/bin/cmake --build /home/deepak/ws_moveit/build/moveit_task_constructor_msgs
[10.918s] Invoking command in '/home/deepak/ws_moveit/build/moveit_task_constructor_msgs': CMAKE_PREFIX_PATH=${CMAKE_PREFIX_PATH}:/home/deepak/turtlebot3_ws/install/turtlebot3_teleop:/home/deepak/turtlebot3_ws/install/turtlebot3_example:/home/deepak/turtlebot3_ws/install/turtlebot3_autorace_mission:/home/deepak/turtlebot3_ws/install/turtlebot3_autorace_detect:/home/deepak/turtlebot3_ws/install/turtlebot3_autorace_camera:/opt/ros/humble /usr/bin/cmake --install /home/deepak/ws_moveit/build/moveit_task_constructor_msgs
[10.925s] -- Install configuration: ""
[10.925s] -- Installing: /home/deepak/ws_moveit/install/moveit_task_constructor_msgs/share/ament_index/resource_index/rosidl_interfaces/moveit_task_constructor_msgs
[10.925s] -- Installing: /home/deepak/ws_moveit/install/moveit_task_constructor_msgs/include/moveit_task_constructor_msgs/moveit_task_constructor_msgs
[10.925s] -- Installing: /home/deepak/ws_moveit/install/moveit_task_constructor_msgs/include/moveit_task_constructor_msgs/moveit_task_constructor_msgs/msg
[10.925s] -- Installing: /home/deepak/ws_moveit/install/moveit_task_constructor_msgs/include/moveit_task_constructor_msgs/moveit_task_constructor_msgs/msg/sub_solution.h
[10.925s] -- Installing: /home/deepak/ws_moveit/install/moveit_task_constructor_msgs/include/moveit_task_constructor_msgs/moveit_task_constructor_msgs/msg/rosidl_generator_c__visibility_control.h
[10.925s] -- Installing: /home/deepak/ws_moveit/install/moveit_task_constructor_msgs/include/moveit_task_constructor_msgs/moveit_task_constructor_msgs/msg/task_statistics.h
[10.925s] -- Installing: /home/deepak/ws_moveit/install/moveit_task_constructor_msgs/include/moveit_task_constructor_msgs/moveit_task_constructor_msgs/msg/trajectory_execution_info.h
[10.925s] -- Installing: /home/deepak/ws_moveit/install/moveit_task_constructor_msgs/include/moveit_task_constructor_msgs/moveit_task_constructor_msgs/msg/sub_trajectory.h
[10.926s] -- Installing: /home/deepak/ws_moveit/install/moveit_task_constructor_msgs/include/moveit_task_constructor_msgs/moveit_task_constructor_msgs/msg/task_description.h
[10.926s] -- Installing: /home/deepak/ws_moveit/install/moveit_task_constructor_msgs/include/moveit_task_constructor_msgs/moveit_task_constructor_msgs/msg/solution.h
[10.926s] -- Installing: /home/deepak/ws_moveit/install/moveit_task_constructor_msgs/include/moveit_task_constructor_msgs/moveit_task_constructor_msgs/msg/detail
[10.926s] -- Installing: /home/deepak/ws_moveit/install/moveit_task_constructor_msgs/include/moveit_task_constructor_msgs/moveit_task_constructor_msgs/msg/detail/stage_description__struct.h
[10.926s] -- Installing: /home/deepak/ws_moveit/install/moveit_task_constructor_msgs/include/moveit_task_constructor_msgs/moveit_task_constructor_msgs/msg/detail/task_description__functions.c
[10.926s] -- Installing: /home/deepak/ws_moveit/install/moveit_task_constructor_msgs/include/moveit_task_constructor_msgs/moveit_task_constructor_msgs/msg/detail/trajectory_execution_info__functions.h
[10.926s] -- Installing: /home/deepak/ws_moveit/install/moveit_task_constructor_msgs/include/moveit_task_constructor_msgs/moveit_task_constructor_msgs/msg/detail/trajectory_execution_info__type_support.h
[10.926s] -- Installing: /home/deepak/ws_moveit/install/moveit_task_constructor_msgs/include/moveit_task_constructor_msgs/moveit_task_constructor_msgs/msg/detail/solution__struct.h
[10.926s] -- Installing: /home/deepak/ws_moveit/install/moveit_task_constructor_msgs/include/moveit_task_constructor_msgs/moveit_task_constructor_msgs/msg/detail/sub_solution__struct.h
[10.926s] -- Installing: /home/deepak/ws_moveit/install/moveit_task_constructor_msgs/include/moveit_task_constructor_msgs/moveit_task_constructor_msgs/msg/detail/task_statistics__type_support.h
[10.926s] -- Installing: /home/deepak/ws_moveit/install/moveit_task_constructor_msgs/include/moveit_task_constructor_msgs/moveit_task_constructor_msgs/msg/detail/sub_solution__type_support.h
[10.926s] -- Installing: /home/deepak/ws_moveit/install/moveit_task_constructor_msgs/include/moveit_task_constructor_msgs/moveit_task_constructor_msgs/msg/detail/task_statistics__functions.h
[10.926s] -- Installing: /home/deepak/ws_moveit/install/moveit_task_constructor_msgs/include/moveit_task_constructor_msgs/moveit_task_constructor_msgs/msg/detail/solution__functions.h
[10.926s] -- Installing: /home/deepak/ws_moveit/install/moveit_task_constructor_msgs/include/moveit_task_constructor_msgs/moveit_task_constructor_msgs/msg/detail/task_statistics__functions.c
[10.926s] -- Installing: /home/deepak/ws_moveit/install/moveit_task_constructor_msgs/include/moveit_task_constructor_msgs/moveit_task_constructor_msgs/msg/detail/trajectory_execution_info__struct.h
[10.926s] -- Installing: /home/deepak/ws_moveit/install/moveit_task_constructor_msgs/include/moveit_task_constructor_msgs/moveit_task_constructor_msgs/msg/detail/property__type_support.h
[10.926s] -- Installing: /home/deepak/ws_moveit/install/moveit_task_constructor_msgs/include/moveit_task_constructor_msgs/moveit_task_constructor_msgs/msg/detail/sub_solution__functions.h
[10.926s] -- Installing: /home/deepak/ws_moveit/install/moveit_task_constructor_msgs/include/moveit_task_constructor_msgs/moveit_task_constructor_msgs/msg/detail/task_statistics__struct.h
[10.926s] -- Installing: /home/deepak/ws_moveit/install/moveit_task_constructor_msgs/include/moveit_task_constructor_msgs/moveit_task_constructor_msgs/msg/detail/task_description__functions.h
[10.926s] -- Installing: /home/deepak/ws_moveit/install/moveit_task_constructor_msgs/include/moveit_task_constructor_msgs/moveit_task_constructor_msgs/msg/detail/sub_trajectory__functions.c
[10.927s] -- Installing: /home/deepak/ws_moveit/install/moveit_task_constructor_msgs/include/moveit_task_constructor_msgs/moveit_task_constructor_msgs/msg/detail/task_description__type_support.h
[10.927s] -- Installing: /home/deepak/ws_moveit/install/moveit_task_constructor_msgs/include/moveit_task_constructor_msgs/moveit_task_constructor_msgs/msg/detail/property__struct.h
[10.927s] -- Installing: /home/deepak/ws_moveit/install/moveit_task_constructor_msgs/include/moveit_task_constructor_msgs/moveit_task_constructor_msgs/msg/detail/solution_info__functions.h
[10.927s] -- Installing: /home/deepak/ws_moveit/install/moveit_task_constructor_msgs/include/moveit_task_constructor_msgs/moveit_task_constructor_msgs/msg/detail/property__functions.h
[10.927s] -- Installing: /home/deepak/ws_moveit/install/moveit_task_constructor_msgs/include/moveit_task_constructor_msgs/moveit_task_constructor_msgs/msg/detail/trajectory_execution_info__functions.c
[10.927s] -- Installing: /home/deepak/ws_moveit/install/moveit_task_constructor_msgs/include/moveit_task_constructor_msgs/moveit_task_constructor_msgs/msg/detail/stage_statistics__type_support.h
[10.927s] -- Installing: /home/deepak/ws_moveit/install/moveit_task_constructor_msgs/include/moveit_task_constructor_msgs/moveit_task_constructor_msgs/msg/detail/stage_statistics__functions.c
[10.927s] -- Installing: /home/deepak/ws_moveit/install/moveit_task_constructor_msgs/include/moveit_task_constructor_msgs/moveit_task_constructor_msgs/msg/detail/task_description__struct.h
[10.927s] -- Installing: /home/deepak/ws_moveit/install/moveit_task_constructor_msgs/include/moveit_task_constructor_msgs/moveit_task_constructor_msgs/msg/detail/sub_trajectory__functions.h
[10.927s] -- Installing: /home/deepak/ws_moveit/install/moveit_task_constructor_msgs/include/moveit_task_constructor_msgs/moveit_task_constructor_msgs/msg/detail/sub_trajectory__type_support.h
[10.927s] -- Installing: /home/deepak/ws_moveit/install/moveit_task_constructor_msgs/include/moveit_task_constructor_msgs/moveit_task_constructor_msgs/msg/detail/solution_info__type_support.h
[10.927s] -- Installing: /home/deepak/ws_moveit/install/moveit_task_constructor_msgs/include/moveit_task_constructor_msgs/moveit_task_constructor_msgs/msg/detail/stage_description__functions.c
[10.927s] -- Installing: /home/deepak/ws_moveit/install/moveit_task_constructor_msgs/include/moveit_task_constructor_msgs/moveit_task_constructor_msgs/msg/detail/solution__functions.c
[10.927s] -- Installing: /home/deepak/ws_moveit/install/moveit_task_constructor_msgs/include/moveit_task_constructor_msgs/moveit_task_constructor_msgs/msg/detail/solution__type_support.h
[10.927s] -- Installing: /home/deepak/ws_moveit/install/moveit_task_constructor_msgs/include/moveit_task_constructor_msgs/moveit_task_constructor_msgs/msg/detail/stage_description__type_support.h
[10.927s] -- Installing: /home/deepak/ws_moveit/install/moveit_task_constructor_msgs/include/moveit_task_constructor_msgs/moveit_task_constructor_msgs/msg/detail/solution_info__struct.h
[10.927s] -- Installing: /home/deepak/ws_moveit/install/moveit_task_constructor_msgs/include/moveit_task_constructor_msgs/moveit_task_constructor_msgs/msg/detail/sub_solution__functions.c
[10.927s] -- Installing: /home/deepak/ws_moveit/install/moveit_task_constructor_msgs/include/moveit_task_constructor_msgs/moveit_task_constructor_msgs/msg/detail/stage_statistics__functions.h
[10.928s] -- Installing: /home/deepak/ws_moveit/install/moveit_task_constructor_msgs/include/moveit_task_constructor_msgs/moveit_task_constructor_msgs/msg/detail/stage_description__functions.h
[10.928s] -- Installing: /home/deepak/ws_moveit/install/moveit_task_constructor_msgs/include/moveit_task_constructor_msgs/moveit_task_constructor_msgs/msg/detail/property__functions.c
[10.928s] -- Installing: /home/deepak/ws_moveit/install/moveit_task_constructor_msgs/include/moveit_task_constructor_msgs/moveit_task_constructor_msgs/msg/detail/stage_statistics__struct.h
[10.928s] -- Installing: /home/deepak/ws_moveit/install/moveit_task_constructor_msgs/include/moveit_task_constructor_msgs/moveit_task_constructor_msgs/msg/detail/sub_trajectory__struct.h
[10.928s] -- Installing: /home/deepak/ws_moveit/install/moveit_task_constructor_msgs/include/moveit_task_constructor_msgs/moveit_task_constructor_msgs/msg/detail/solution_info__functions.c
[10.928s] -- Installing: /home/deepak/ws_moveit/install/moveit_task_constructor_msgs/include/moveit_task_constructor_msgs/moveit_task_constructor_msgs/msg/stage_statistics.h
[10.928s] -- Installing: /home/deepak/ws_moveit/install/moveit_task_constructor_msgs/include/moveit_task_constructor_msgs/moveit_task_constructor_msgs/msg/stage_description.h
[10.928s] -- Installing: /home/deepak/ws_moveit/install/moveit_task_constructor_msgs/include/moveit_task_constructor_msgs/moveit_task_constructor_msgs/msg/property.h
[10.928s] -- Installing: /home/deepak/ws_moveit/install/moveit_task_constructor_msgs/include/moveit_task_constructor_msgs/moveit_task_constructor_msgs/msg/solution_info.h
[10.928s] -- Installing: /home/deepak/ws_moveit/install/moveit_task_constructor_msgs/include/moveit_task_constructor_msgs/moveit_task_constructor_msgs/action
[10.928s] -- Installing: /home/deepak/ws_moveit/install/moveit_task_constructor_msgs/include/moveit_task_constructor_msgs/moveit_task_constructor_msgs/action/execute_task_solution.h
[10.928s] -- Installing: /home/deepak/ws_moveit/install/moveit_task_constructor_msgs/include/moveit_task_constructor_msgs/moveit_task_constructor_msgs/action/detail
[10.928s] -- Installing: /home/deepak/ws_moveit/install/moveit_task_constructor_msgs/include/moveit_task_constructor_msgs/moveit_task_constructor_msgs/action/detail/execute_task_solution__functions.h
[10.928s] -- Installing: /home/deepak/ws_moveit/install/moveit_task_constructor_msgs/include/moveit_task_constructor_msgs/moveit_task_constructor_msgs/action/detail/execute_task_solution__type_support.h
[10.928s] -- Installing: /home/deepak/ws_moveit/install/moveit_task_constructor_msgs/include/moveit_task_constructor_msgs/moveit_task_constructor_msgs/action/detail/execute_task_solution__struct.h
[10.928s] -- Installing: /home/deepak/ws_moveit/install/moveit_task_constructor_msgs/include/moveit_task_constructor_msgs/moveit_task_constructor_msgs/action/detail/execute_task_solution__functions.c
[10.928s] -- Installing: /home/deepak/ws_moveit/install/moveit_task_constructor_msgs/include/moveit_task_constructor_msgs/moveit_task_constructor_msgs/srv
[10.929s] -- Installing: /home/deepak/ws_moveit/install/moveit_task_constructor_msgs/include/moveit_task_constructor_msgs/moveit_task_constructor_msgs/srv/get_solution.h
[10.929s] -- Installing: /home/deepak/ws_moveit/install/moveit_task_constructor_msgs/include/moveit_task_constructor_msgs/moveit_task_constructor_msgs/srv/detail
[10.929s] -- Installing: /home/deepak/ws_moveit/install/moveit_task_constructor_msgs/include/moveit_task_constructor_msgs/moveit_task_constructor_msgs/srv/detail/get_solution__functions.c
[10.929s] -- Installing: /home/deepak/ws_moveit/install/moveit_task_constructor_msgs/include/moveit_task_constructor_msgs/moveit_task_constructor_msgs/srv/detail/get_solution__type_support.h
[10.929s] -- Installing: /home/deepak/ws_moveit/install/moveit_task_constructor_msgs/include/moveit_task_constructor_msgs/moveit_task_constructor_msgs/srv/detail/get_solution__struct.h
[10.929s] -- Installing: /home/deepak/ws_moveit/install/moveit_task_constructor_msgs/include/moveit_task_constructor_msgs/moveit_task_constructor_msgs/srv/detail/get_solution__functions.h
[10.929s] -- Installing: /home/deepak/ws_moveit/install/moveit_task_constructor_msgs/share/moveit_task_constructor_msgs/environment/library_path.sh
[10.929s] -- Installing: /home/deepak/ws_moveit/install/moveit_task_constructor_msgs/share/moveit_task_constructor_msgs/environment/library_path.dsv
[10.929s] -- Installing: /home/deepak/ws_moveit/install/moveit_task_constructor_msgs/lib/libmoveit_task_constructor_msgs__rosidl_generator_c.so
[10.930s] -- Set runtime path of "/home/deepak/ws_moveit/install/moveit_task_constructor_msgs/lib/libmoveit_task_constructor_msgs__rosidl_generator_c.so" to ""
[10.930s] -- Up-to-date: /home/deepak/ws_moveit/install/moveit_task_constructor_msgs/include/moveit_task_constructor_msgs/moveit_task_constructor_msgs
[10.930s] -- Up-to-date: /home/deepak/ws_moveit/install/moveit_task_constructor_msgs/include/moveit_task_constructor_msgs/moveit_task_constructor_msgs/msg
[10.930s] -- Installing: /home/deepak/ws_moveit/install/moveit_task_constructor_msgs/include/moveit_task_constructor_msgs/moveit_task_constructor_msgs/msg/rosidl_typesupport_fastrtps_c__visibility_control.h
[10.930s] -- Up-to-date: /home/deepak/ws_moveit/install/moveit_task_constructor_msgs/include/moveit_task_constructor_msgs/moveit_task_constructor_msgs/msg/detail
[10.930s] -- Installing: /home/deepak/ws_moveit/install/moveit_task_constructor_msgs/include/moveit_task_constructor_msgs/moveit_task_constructor_msgs/msg/detail/property__rosidl_typesupport_fastrtps_c.h
[10.930s] -- Installing: /home/deepak/ws_moveit/install/moveit_task_constructor_msgs/include/moveit_task_constructor_msgs/moveit_task_constructor_msgs/msg/detail/solution_info__rosidl_typesupport_fastrtps_c.h
[10.930s] -- Installing: /home/deepak/ws_moveit/install/moveit_task_constructor_msgs/include/moveit_task_constructor_msgs/moveit_task_constructor_msgs/msg/detail/task_description__rosidl_typesupport_fastrtps_c.h
[10.930s] -- Installing: /home/deepak/ws_moveit/install/moveit_task_constructor_msgs/include/moveit_task_constructor_msgs/moveit_task_constructor_msgs/msg/detail/solution__rosidl_typesupport_fastrtps_c.h
[10.930s] -- Installing: /home/deepak/ws_moveit/install/moveit_task_constructor_msgs/include/moveit_task_constructor_msgs/moveit_task_constructor_msgs/msg/detail/task_statistics__rosidl_typesupport_fastrtps_c.h
[10.930s] -- Installing: /home/deepak/ws_moveit/install/moveit_task_constructor_msgs/include/moveit_task_constructor_msgs/moveit_task_constructor_msgs/msg/detail/stage_description__rosidl_typesupport_fastrtps_c.h
[10.930s] -- Installing: /home/deepak/ws_moveit/install/moveit_task_constructor_msgs/include/moveit_task_constructor_msgs/moveit_task_constructor_msgs/msg/detail/stage_statistics__rosidl_typesupport_fastrtps_c.h
[10.931s] -- Installing: /home/deepak/ws_moveit/install/moveit_task_constructor_msgs/include/moveit_task_constructor_msgs/moveit_task_constructor_msgs/msg/detail/sub_solution__rosidl_typesupport_fastrtps_c.h
[10.931s] -- Installing: /home/deepak/ws_moveit/install/moveit_task_constructor_msgs/include/moveit_task_constructor_msgs/moveit_task_constructor_msgs/msg/detail/sub_trajectory__rosidl_typesupport_fastrtps_c.h
[10.931s] -- Installing: /home/deepak/ws_moveit/install/moveit_task_constructor_msgs/include/moveit_task_constructor_msgs/moveit_task_constructor_msgs/msg/detail/trajectory_execution_info__rosidl_typesupport_fastrtps_c.h
[10.931s] -- Up-to-date: /home/deepak/ws_moveit/install/moveit_task_constructor_msgs/include/moveit_task_constructor_msgs/moveit_task_constructor_msgs/action
[10.931s] -- Up-to-date: /home/deepak/ws_moveit/install/moveit_task_constructor_msgs/include/moveit_task_constructor_msgs/moveit_task_constructor_msgs/action/detail
[10.931s] -- Installing: /home/deepak/ws_moveit/install/moveit_task_constructor_msgs/include/moveit_task_constructor_msgs/moveit_task_constructor_msgs/action/detail/execute_task_solution__rosidl_typesupport_fastrtps_c.h
[10.931s] -- Up-to-date: /home/deepak/ws_moveit/install/moveit_task_constructor_msgs/include/moveit_task_constructor_msgs/moveit_task_constructor_msgs/srv
[10.931s] -- Up-to-date: /home/deepak/ws_moveit/install/moveit_task_constructor_msgs/include/moveit_task_constructor_msgs/moveit_task_constructor_msgs/srv/detail
[10.931s] -- Installing: /home/deepak/ws_moveit/install/moveit_task_constructor_msgs/include/moveit_task_constructor_msgs/moveit_task_constructor_msgs/srv/detail/get_solution__rosidl_typesupport_fastrtps_c.h
[10.931s] -- Installing: /home/deepak/ws_moveit/install/moveit_task_constructor_msgs/lib/libmoveit_task_constructor_msgs__rosidl_typesupport_fastrtps_c.so
[10.931s] -- Set runtime path of "/home/deepak/ws_moveit/install/moveit_task_constructor_msgs/lib/libmoveit_task_constructor_msgs__rosidl_typesupport_fastrtps_c.so" to ""
[10.931s] -- Up-to-date: /home/deepak/ws_moveit/install/moveit_task_constructor_msgs/include/moveit_task_constructor_msgs/moveit_task_constructor_msgs
[10.931s] -- Up-to-date: /home/deepak/ws_moveit/install/moveit_task_constructor_msgs/include/moveit_task_constructor_msgs/moveit_task_constructor_msgs/msg
[10.932s] -- Installing: /home/deepak/ws_moveit/install/moveit_task_constructor_msgs/include/moveit_task_constructor_msgs/moveit_task_constructor_msgs/msg/sub_trajectory.hpp
[10.932s] -- Installing: /home/deepak/ws_moveit/install/moveit_task_constructor_msgs/include/moveit_task_constructor_msgs/moveit_task_constructor_msgs/msg/solution_info.hpp
[10.932s] -- Installing: /home/deepak/ws_moveit/install/moveit_task_constructor_msgs/include/moveit_task_constructor_msgs/moveit_task_constructor_msgs/msg/property.hpp
[10.932s] -- Installing: /home/deepak/ws_moveit/install/moveit_task_constructor_msgs/include/moveit_task_constructor_msgs/moveit_task_constructor_msgs/msg/stage_statistics.hpp
[10.932s] -- Installing: /home/deepak/ws_moveit/install/moveit_task_constructor_msgs/include/moveit_task_constructor_msgs/moveit_task_constructor_msgs/msg/sub_solution.hpp
[10.932s] -- Installing: /home/deepak/ws_moveit/install/moveit_task_constructor_msgs/include/moveit_task_constructor_msgs/moveit_task_constructor_msgs/msg/task_statistics.hpp
[10.932s] -- Installing: /home/deepak/ws_moveit/install/moveit_task_constructor_msgs/include/moveit_task_constructor_msgs/moveit_task_constructor_msgs/msg/rosidl_generator_cpp__visibility_control.hpp
[10.932s] -- Up-to-date: /home/deepak/ws_moveit/install/moveit_task_constructor_msgs/include/moveit_task_constructor_msgs/moveit_task_constructor_msgs/msg/detail
[10.932s] -- Installing: /home/deepak/ws_moveit/install/moveit_task_constructor_msgs/include/moveit_task_constructor_msgs/moveit_task_constructor_msgs/msg/detail/sub_trajectory__builder.hpp
[10.932s] -- Installing: /home/deepak/ws_moveit/install/moveit_task_constructor_msgs/include/moveit_task_constructor_msgs/moveit_task_constructor_msgs/msg/detail/sub_solution__type_support.hpp
[10.932s] -- Installing: /home/deepak/ws_moveit/install/moveit_task_constructor_msgs/include/moveit_task_constructor_msgs/moveit_task_constructor_msgs/msg/detail/solution_info__traits.hpp
[10.932s] -- Installing: /home/deepak/ws_moveit/install/moveit_task_constructor_msgs/include/moveit_task_constructor_msgs/moveit_task_constructor_msgs/msg/detail/task_statistics__builder.hpp
[10.932s] -- Installing: /home/deepak/ws_moveit/install/moveit_task_constructor_msgs/include/moveit_task_constructor_msgs/moveit_task_constructor_msgs/msg/detail/property__traits.hpp
[10.932s] -- Installing: /home/deepak/ws_moveit/install/moveit_task_constructor_msgs/include/moveit_task_constructor_msgs/moveit_task_constructor_msgs/msg/detail/sub_trajectory__type_support.hpp
[10.933s] -- Installing: /home/deepak/ws_moveit/install/moveit_task_constructor_msgs/include/moveit_task_constructor_msgs/moveit_task_constructor_msgs/msg/detail/trajectory_execution_info__type_support.hpp
[10.933s] -- Installing: /home/deepak/ws_moveit/install/moveit_task_constructor_msgs/include/moveit_task_constructor_msgs/moveit_task_constructor_msgs/msg/detail/stage_statistics__builder.hpp
[10.933s] -- Installing: /home/deepak/ws_moveit/install/moveit_task_constructor_msgs/include/moveit_task_constructor_msgs/moveit_task_constructor_msgs/msg/detail/trajectory_execution_info__traits.hpp
[10.933s] -- Installing: /home/deepak/ws_moveit/install/moveit_task_constructor_msgs/include/moveit_task_constructor_msgs/moveit_task_constructor_msgs/msg/detail/sub_solution__traits.hpp
[10.933s] -- Installing: /home/deepak/ws_moveit/install/moveit_task_constructor_msgs/include/moveit_task_constructor_msgs/moveit_task_constructor_msgs/msg/detail/sub_trajectory__struct.hpp
[10.933s] -- Installing: /home/deepak/ws_moveit/install/moveit_task_constructor_msgs/include/moveit_task_constructor_msgs/moveit_task_constructor_msgs/msg/detail/stage_description__builder.hpp
[10.933s] -- Installing: /home/deepak/ws_moveit/install/moveit_task_constructor_msgs/include/moveit_task_constructor_msgs/moveit_task_constructor_msgs/msg/detail/sub_solution__builder.hpp
[10.933s] -- Installing: /home/deepak/ws_moveit/install/moveit_task_constructor_msgs/include/moveit_task_constructor_msgs/moveit_task_constructor_msgs/msg/detail/solution__builder.hpp
[10.933s] -- Installing: /home/deepak/ws_moveit/install/moveit_task_constructor_msgs/include/moveit_task_constructor_msgs/moveit_task_constructor_msgs/msg/detail/trajectory_execution_info__builder.hpp
[10.933s] -- Installing: /home/deepak/ws_moveit/install/moveit_task_constructor_msgs/include/moveit_task_constructor_msgs/moveit_task_constructor_msgs/msg/detail/solution__type_support.hpp
[10.933s] -- Installing: /home/deepak/ws_moveit/install/moveit_task_constructor_msgs/include/moveit_task_constructor_msgs/moveit_task_constructor_msgs/msg/detail/solution_info__struct.hpp
[10.933s] -- Installing: /home/deepak/ws_moveit/install/moveit_task_constructor_msgs/include/moveit_task_constructor_msgs/moveit_task_constructor_msgs/msg/detail/solution__struct.hpp
[10.934s] -- Installing: /home/deepak/ws_moveit/install/moveit_task_constructor_msgs/include/moveit_task_constructor_msgs/moveit_task_constructor_msgs/msg/detail/solution_info__builder.hpp
[10.934s] -- Installing: /home/deepak/ws_moveit/install/moveit_task_constructor_msgs/include/moveit_task_constructor_msgs/moveit_task_constructor_msgs/msg/detail/solution_info__type_support.hpp
[10.934s] -- Installing: /home/deepak/ws_moveit/install/moveit_task_constructor_msgs/include/moveit_task_constructor_msgs/moveit_task_constructor_msgs/msg/detail/sub_solution__struct.hpp
[10.934s] -- Installing: /home/deepak/ws_moveit/install/moveit_task_constructor_msgs/include/moveit_task_constructor_msgs/moveit_task_constructor_msgs/msg/detail/stage_description__struct.hpp
[10.934s] -- Installing: /home/deepak/ws_moveit/install/moveit_task_constructor_msgs/include/moveit_task_constructor_msgs/moveit_task_constructor_msgs/msg/detail/task_description__builder.hpp
[10.934s] -- Installing: /home/deepak/ws_moveit/install/moveit_task_constructor_msgs/include/moveit_task_constructor_msgs/moveit_task_constructor_msgs/msg/detail/stage_statistics__type_support.hpp
[10.934s] -- Installing: /home/deepak/ws_moveit/install/moveit_task_constructor_msgs/include/moveit_task_constructor_msgs/moveit_task_constructor_msgs/msg/detail/stage_description__traits.hpp
[10.934s] -- Installing: /home/deepak/ws_moveit/install/moveit_task_constructor_msgs/include/moveit_task_constructor_msgs/moveit_task_constructor_msgs/msg/detail/task_statistics__traits.hpp
[10.934s] -- Installing: /home/deepak/ws_moveit/install/moveit_task_constructor_msgs/include/moveit_task_constructor_msgs/moveit_task_constructor_msgs/msg/detail/solution__traits.hpp
[10.934s] -- Installing: /home/deepak/ws_moveit/install/moveit_task_constructor_msgs/include/moveit_task_constructor_msgs/moveit_task_constructor_msgs/msg/detail/trajectory_execution_info__struct.hpp
[10.934s] -- Installing: /home/deepak/ws_moveit/install/moveit_task_constructor_msgs/include/moveit_task_constructor_msgs/moveit_task_constructor_msgs/msg/detail/task_description__traits.hpp
[10.934s] -- Installing: /home/deepak/ws_moveit/install/moveit_task_constructor_msgs/include/moveit_task_constructor_msgs/moveit_task_constructor_msgs/msg/detail/task_statistics__struct.hpp
[10.934s] -- Installing: /home/deepak/ws_moveit/install/moveit_task_constructor_msgs/include/moveit_task_constructor_msgs/moveit_task_constructor_msgs/msg/detail/property__type_support.hpp
[10.935s] -- Installing: /home/deepak/ws_moveit/install/moveit_task_constructor_msgs/include/moveit_task_constructor_msgs/moveit_task_constructor_msgs/msg/detail/stage_description__type_support.hpp
[10.935s] -- Installing: /home/deepak/ws_moveit/install/moveit_task_constructor_msgs/include/moveit_task_constructor_msgs/moveit_task_constructor_msgs/msg/detail/stage_statistics__traits.hpp
[10.935s] -- Installing: /home/deepak/ws_moveit/install/moveit_task_constructor_msgs/include/moveit_task_constructor_msgs/moveit_task_constructor_msgs/msg/detail/sub_trajectory__traits.hpp
[10.935s] -- Installing: /home/deepak/ws_moveit/install/moveit_task_constructor_msgs/include/moveit_task_constructor_msgs/moveit_task_constructor_msgs/msg/detail/stage_statistics__struct.hpp
[10.935s] -- Installing: /home/deepak/ws_moveit/install/moveit_task_constructor_msgs/include/moveit_task_constructor_msgs/moveit_task_constructor_msgs/msg/detail/property__struct.hpp
[10.935s] -- Installing: /home/deepak/ws_moveit/install/moveit_task_constructor_msgs/include/moveit_task_constructor_msgs/moveit_task_constructor_msgs/msg/detail/task_description__struct.hpp
[10.935s] -- Installing: /home/deepak/ws_moveit/install/moveit_task_constructor_msgs/include/moveit_task_constructor_msgs/moveit_task_constructor_msgs/msg/detail/task_description__type_support.hpp
[10.935s] -- Installing: /home/deepak/ws_moveit/install/moveit_task_constructor_msgs/include/moveit_task_constructor_msgs/moveit_task_constructor_msgs/msg/detail/task_statistics__type_support.hpp
[10.935s] -- Installing: /home/deepak/ws_moveit/install/moveit_task_constructor_msgs/include/moveit_task_constructor_msgs/moveit_task_constructor_msgs/msg/detail/property__builder.hpp
[10.935s] -- Installing: /home/deepak/ws_moveit/install/moveit_task_constructor_msgs/include/moveit_task_constructor_msgs/moveit_task_constructor_msgs/msg/stage_description.hpp
[10.935s] -- Installing: /home/deepak/ws_moveit/install/moveit_task_constructor_msgs/include/moveit_task_constructor_msgs/moveit_task_constructor_msgs/msg/trajectory_execution_info.hpp
[10.935s] -- Installing: /home/deepak/ws_moveit/install/moveit_task_constructor_msgs/include/moveit_task_constructor_msgs/moveit_task_constructor_msgs/msg/solution.hpp
[10.936s] -- Installing: /home/deepak/ws_moveit/install/moveit_task_constructor_msgs/include/moveit_task_constructor_msgs/moveit_task_constructor_msgs/msg/task_description.hpp
[10.936s] -- Up-to-date: /home/deepak/ws_moveit/install/moveit_task_constructor_msgs/include/moveit_task_constructor_msgs/moveit_task_constructor_msgs/action
[10.936s] -- Installing: /home/deepak/ws_moveit/install/moveit_task_constructor_msgs/include/moveit_task_constructor_msgs/moveit_task_constructor_msgs/action/execute_task_solution.hpp
[10.936s] -- Up-to-date: /home/deepak/ws_moveit/install/moveit_task_constructor_msgs/include/moveit_task_constructor_msgs/moveit_task_constructor_msgs/action/detail
[10.936s] -- Installing: /home/deepak/ws_moveit/install/moveit_task_constructor_msgs/include/moveit_task_constructor_msgs/moveit_task_constructor_msgs/action/detail/execute_task_solution__type_support.hpp
[10.936s] -- Installing: /home/deepak/ws_moveit/install/moveit_task_constructor_msgs/include/moveit_task_constructor_msgs/moveit_task_constructor_msgs/action/detail/execute_task_solution__traits.hpp
[10.936s] -- Installing: /home/deepak/ws_moveit/install/moveit_task_constructor_msgs/include/moveit_task_constructor_msgs/moveit_task_constructor_msgs/action/detail/execute_task_solution__builder.hpp
[10.936s] -- Installing: /home/deepak/ws_moveit/install/moveit_task_constructor_msgs/include/moveit_task_constructor_msgs/moveit_task_constructor_msgs/action/detail/execute_task_solution__struct.hpp
[10.936s] -- Up-to-date: /home/deepak/ws_moveit/install/moveit_task_constructor_msgs/include/moveit_task_constructor_msgs/moveit_task_constructor_msgs/srv
[10.936s] -- Installing: /home/deepak/ws_moveit/install/moveit_task_constructor_msgs/include/moveit_task_constructor_msgs/moveit_task_constructor_msgs/srv/get_solution.hpp
[10.936s] -- Up-to-date: /home/deepak/ws_moveit/install/moveit_task_constructor_msgs/include/moveit_task_constructor_msgs/moveit_task_constructor_msgs/srv/detail
[10.936s] -- Installing: /home/deepak/ws_moveit/install/moveit_task_constructor_msgs/include/moveit_task_constructor_msgs/moveit_task_constructor_msgs/srv/detail/get_solution__builder.hpp
[10.936s] -- Installing: /home/deepak/ws_moveit/install/moveit_task_constructor_msgs/include/moveit_task_constructor_msgs/moveit_task_constructor_msgs/srv/detail/get_solution__struct.hpp
[10.936s] -- Installing: /home/deepak/ws_moveit/install/moveit_task_constructor_msgs/include/moveit_task_constructor_msgs/moveit_task_constructor_msgs/srv/detail/get_solution__traits.hpp
[10.936s] -- Installing: /home/deepak/ws_moveit/install/moveit_task_constructor_msgs/include/moveit_task_constructor_msgs/moveit_task_constructor_msgs/srv/detail/get_solution__type_support.hpp
[10.937s] -- Up-to-date: /home/deepak/ws_moveit/install/moveit_task_constructor_msgs/include/moveit_task_constructor_msgs/moveit_task_constructor_msgs
[10.937s] -- Up-to-date: /home/deepak/ws_moveit/install/moveit_task_constructor_msgs/include/moveit_task_constructor_msgs/moveit_task_constructor_msgs/msg
[10.937s] -- Installing: /home/deepak/ws_moveit/install/moveit_task_constructor_msgs/include/moveit_task_constructor_msgs/moveit_task_constructor_msgs/msg/rosidl_typesupport_fastrtps_cpp__visibility_control.h
[10.937s] -- Up-to-date: /home/deepak/ws_moveit/install/moveit_task_constructor_msgs/include/moveit_task_constructor_msgs/moveit_task_constructor_msgs/msg/detail
[10.937s] -- Installing: /home/deepak/ws_moveit/install/moveit_task_constructor_msgs/include/moveit_task_constructor_msgs/moveit_task_constructor_msgs/msg/detail/solution_info__rosidl_typesupport_fastrtps_cpp.hpp
[10.937s] -- Installing: /home/deepak/ws_moveit/install/moveit_task_constructor_msgs/include/moveit_task_constructor_msgs/moveit_task_constructor_msgs/msg/detail/sub_trajectory__rosidl_typesupport_fastrtps_cpp.hpp
[10.937s] -- Installing: /home/deepak/ws_moveit/install/moveit_task_constructor_msgs/include/moveit_task_constructor_msgs/moveit_task_constructor_msgs/msg/detail/trajectory_execution_info__rosidl_typesupport_fastrtps_cpp.hpp
[10.937s] -- Installing: /home/deepak/ws_moveit/install/moveit_task_constructor_msgs/include/moveit_task_constructor_msgs/moveit_task_constructor_msgs/msg/detail/property__rosidl_typesupport_fastrtps_cpp.hpp
[10.937s] -- Installing: /home/deepak/ws_moveit/install/moveit_task_constructor_msgs/include/moveit_task_constructor_msgs/moveit_task_constructor_msgs/msg/detail/stage_description__rosidl_typesupport_fastrtps_cpp.hpp
[10.937s] -- Installing: /home/deepak/ws_moveit/install/moveit_task_constructor_msgs/include/moveit_task_constructor_msgs/moveit_task_constructor_msgs/msg/detail/task_statistics__rosidl_typesupport_fastrtps_cpp.hpp
[10.937s] -- Installing: /home/deepak/ws_moveit/install/moveit_task_constructor_msgs/include/moveit_task_constructor_msgs/moveit_task_constructor_msgs/msg/detail/task_description__rosidl_typesupport_fastrtps_cpp.hpp
[10.937s] -- Installing: /home/deepak/ws_moveit/install/moveit_task_constructor_msgs/include/moveit_task_constructor_msgs/moveit_task_constructor_msgs/msg/detail/sub_solution__rosidl_typesupport_fastrtps_cpp.hpp
[10.938s] -- Installing: /home/deepak/ws_moveit/install/moveit_task_constructor_msgs/include/moveit_task_constructor_msgs/moveit_task_constructor_msgs/msg/detail/stage_statistics__rosidl_typesupport_fastrtps_cpp.hpp
[10.938s] -- Installing: /home/deepak/ws_moveit/install/moveit_task_constructor_msgs/include/moveit_task_constructor_msgs/moveit_task_constructor_msgs/msg/detail/solution__rosidl_typesupport_fastrtps_cpp.hpp
[10.938s] -- Installing: /home/deepak/ws_moveit/install/moveit_task_constructor_msgs/include/moveit_task_constructor_msgs/moveit_task_constructor_msgs/msg/detail/dds_fastrtps
[10.938s] -- Up-to-date: /home/deepak/ws_moveit/install/moveit_task_constructor_msgs/include/moveit_task_constructor_msgs/moveit_task_constructor_msgs/action
[10.938s] -- Up-to-date: /home/deepak/ws_moveit/install/moveit_task_constructor_msgs/include/moveit_task_constructor_msgs/moveit_task_constructor_msgs/action/detail
[10.938s] -- Installing: /home/deepak/ws_moveit/install/moveit_task_constructor_msgs/include/moveit_task_constructor_msgs/moveit_task_constructor_msgs/action/detail/execute_task_solution__rosidl_typesupport_fastrtps_cpp.hpp
[10.938s] -- Installing: /home/deepak/ws_moveit/install/moveit_task_constructor_msgs/include/moveit_task_constructor_msgs/moveit_task_constructor_msgs/action/detail/dds_fastrtps
[10.938s] -- Up-to-date: /home/deepak/ws_moveit/install/moveit_task_constructor_msgs/include/moveit_task_constructor_msgs/moveit_task_constructor_msgs/srv
[10.938s] -- Up-to-date: /home/deepak/ws_moveit/install/moveit_task_constructor_msgs/include/moveit_task_constructor_msgs/moveit_task_constructor_msgs/srv/detail
[10.938s] -- Installing: /home/deepak/ws_moveit/install/moveit_task_constructor_msgs/include/moveit_task_constructor_msgs/moveit_task_constructor_msgs/srv/detail/get_solution__rosidl_typesupport_fastrtps_cpp.hpp
[10.938s] -- Installing: /home/deepak/ws_moveit/install/moveit_task_constructor_msgs/include/moveit_task_constructor_msgs/moveit_task_constructor_msgs/srv/detail/dds_fastrtps
[10.938s] -- Installing: /home/deepak/ws_moveit/install/moveit_task_constructor_msgs/lib/libmoveit_task_constructor_msgs__rosidl_typesupport_fastrtps_cpp.so
[10.939s] -- Set runtime path of "/home/deepak/ws_moveit/install/moveit_task_constructor_msgs/lib/libmoveit_task_constructor_msgs__rosidl_typesupport_fastrtps_cpp.so" to ""
[10.939s] -- Up-to-date: /home/deepak/ws_moveit/install/moveit_task_constructor_msgs/include/moveit_task_constructor_msgs/moveit_task_constructor_msgs
[10.939s] -- Up-to-date: /home/deepak/ws_moveit/install/moveit_task_constructor_msgs/include/moveit_task_constructor_msgs/moveit_task_constructor_msgs/msg
[10.939s] -- Installing: /home/deepak/ws_moveit/install/moveit_task_constructor_msgs/include/moveit_task_constructor_msgs/moveit_task_constructor_msgs/msg/rosidl_typesupport_introspection_c__visibility_control.h
[10.939s] -- Up-to-date: /home/deepak/ws_moveit/install/moveit_task_constructor_msgs/include/moveit_task_constructor_msgs/moveit_task_constructor_msgs/msg/detail
[10.939s] -- Installing: /home/deepak/ws_moveit/install/moveit_task_constructor_msgs/include/moveit_task_constructor_msgs/moveit_task_constructor_msgs/msg/detail/task_statistics__type_support.c
[10.939s] -- Installing: /home/deepak/ws_moveit/install/moveit_task_constructor_msgs/include/moveit_task_constructor_msgs/moveit_task_constructor_msgs/msg/detail/stage_description__rosidl_typesupport_introspection_c.h
[10.940s] -- Installing: /home/deepak/ws_moveit/install/moveit_task_constructor_msgs/include/moveit_task_constructor_msgs/moveit_task_constructor_msgs/msg/detail/solution__rosidl_typesupport_introspection_c.h
[10.940s] -- Installing: /home/deepak/ws_moveit/install/moveit_task_constructor_msgs/include/moveit_task_constructor_msgs/moveit_task_constructor_msgs/msg/detail/property__type_support.c
[10.940s] -- Installing: /home/deepak/ws_moveit/install/moveit_task_constructor_msgs/include/moveit_task_constructor_msgs/moveit_task_constructor_msgs/msg/detail/stage_statistics__rosidl_typesupport_introspection_c.h
[10.940s] -- Installing: /home/deepak/ws_moveit/install/moveit_task_constructor_msgs/include/moveit_task_constructor_msgs/moveit_task_constructor_msgs/msg/detail/sub_trajectory__type_support.c
[10.940s] -- Installing: /home/deepak/ws_moveit/install/moveit_task_constructor_msgs/include/moveit_task_constructor_msgs/moveit_task_constructor_msgs/msg/detail/solution_info__rosidl_typesupport_introspection_c.h
[10.940s] -- Installing: /home/deepak/ws_moveit/install/moveit_task_constructor_msgs/include/moveit_task_constructor_msgs/moveit_task_constructor_msgs/msg/detail/sub_solution__rosidl_typesupport_introspection_c.h
[10.940s] -- Installing: /home/deepak/ws_moveit/install/moveit_task_constructor_msgs/include/moveit_task_constructor_msgs/moveit_task_constructor_msgs/msg/detail/stage_statistics__type_support.c
[10.940s] -- Installing: /home/deepak/ws_moveit/install/moveit_task_constructor_msgs/include/moveit_task_constructor_msgs/moveit_task_constructor_msgs/msg/detail/property__rosidl_typesupport_introspection_c.h
[10.940s] -- Installing: /home/deepak/ws_moveit/install/moveit_task_constructor_msgs/include/moveit_task_constructor_msgs/moveit_task_constructor_msgs/msg/detail/task_statistics__rosidl_typesupport_introspection_c.h
[10.940s] -- Installing: /home/deepak/ws_moveit/install/moveit_task_constructor_msgs/include/moveit_task_constructor_msgs/moveit_task_constructor_msgs/msg/detail/sub_trajectory__rosidl_typesupport_introspection_c.h
[10.940s] -- Installing: /home/deepak/ws_moveit/install/moveit_task_constructor_msgs/include/moveit_task_constructor_msgs/moveit_task_constructor_msgs/msg/detail/task_description__type_support.c
[10.940s] -- Installing: /home/deepak/ws_moveit/install/moveit_task_constructor_msgs/include/moveit_task_constructor_msgs/moveit_task_constructor_msgs/msg/detail/task_description__rosidl_typesupport_introspection_c.h
[10.941s] -- Installing: /home/deepak/ws_moveit/install/moveit_task_constructor_msgs/include/moveit_task_constructor_msgs/moveit_task_constructor_msgs/msg/detail/stage_description__type_support.c
[10.941s] -- Installing: /home/deepak/ws_moveit/install/moveit_task_constructor_msgs/include/moveit_task_constructor_msgs/moveit_task_constructor_msgs/msg/detail/trajectory_execution_info__type_support.c
[10.941s] -- Installing: /home/deepak/ws_moveit/install/moveit_task_constructor_msgs/include/moveit_task_constructor_msgs/moveit_task_constructor_msgs/msg/detail/trajectory_execution_info__rosidl_typesupport_introspection_c.h
[10.941s] -- Installing: /home/deepak/ws_moveit/install/moveit_task_constructor_msgs/include/moveit_task_constructor_msgs/moveit_task_constructor_msgs/msg/detail/solution__type_support.c
[10.941s] -- Installing: /home/deepak/ws_moveit/install/moveit_task_constructor_msgs/include/moveit_task_constructor_msgs/moveit_task_constructor_msgs/msg/detail/sub_solution__type_support.c
[10.941s] -- Installing: /home/deepak/ws_moveit/install/moveit_task_constructor_msgs/include/moveit_task_constructor_msgs/moveit_task_constructor_msgs/msg/detail/solution_info__type_support.c
[10.941s] -- Up-to-date: /home/deepak/ws_moveit/install/moveit_task_constructor_msgs/include/moveit_task_constructor_msgs/moveit_task_constructor_msgs/action
[10.941s] -- Up-to-date: /home/deepak/ws_moveit/install/moveit_task_constructor_msgs/include/moveit_task_constructor_msgs/moveit_task_constructor_msgs/action/detail
[10.941s] -- Installing: /home/deepak/ws_moveit/install/moveit_task_constructor_msgs/include/moveit_task_constructor_msgs/moveit_task_constructor_msgs/action/detail/execute_task_solution__rosidl_typesupport_introspection_c.h
[10.941s] -- Installing: /home/deepak/ws_moveit/install/moveit_task_constructor_msgs/include/moveit_task_constructor_msgs/moveit_task_constructor_msgs/action/detail/execute_task_solution__type_support.c
[10.941s] -- Up-to-date: /home/deepak/ws_moveit/install/moveit_task_constructor_msgs/include/moveit_task_constructor_msgs/moveit_task_constructor_msgs/srv
[10.941s] -- Up-to-date: /home/deepak/ws_moveit/install/moveit_task_constructor_msgs/include/moveit_task_constructor_msgs/moveit_task_constructor_msgs/srv/detail
[10.941s] -- Installing: /home/deepak/ws_moveit/install/moveit_task_constructor_msgs/include/moveit_task_constructor_msgs/moveit_task_constructor_msgs/srv/detail/get_solution__type_support.c
[10.941s] -- Installing: /home/deepak/ws_moveit/install/moveit_task_constructor_msgs/include/moveit_task_constructor_msgs/moveit_task_constructor_msgs/srv/detail/get_solution__rosidl_typesupport_introspection_c.h
[10.942s] -- Installing: /home/deepak/ws_moveit/install/moveit_task_constructor_msgs/lib/libmoveit_task_constructor_msgs__rosidl_typesupport_introspection_c.so
[10.942s] -- Set runtime path of "/home/deepak/ws_moveit/install/moveit_task_constructor_msgs/lib/libmoveit_task_constructor_msgs__rosidl_typesupport_introspection_c.so" to ""
[10.942s] -- Installing: /home/deepak/ws_moveit/install/moveit_task_constructor_msgs/lib/libmoveit_task_constructor_msgs__rosidl_typesupport_c.so
[10.942s] -- Set runtime path of "/home/deepak/ws_moveit/install/moveit_task_constructor_msgs/lib/libmoveit_task_constructor_msgs__rosidl_typesupport_c.so" to ""
[10.942s] -- Up-to-date: /home/deepak/ws_moveit/install/moveit_task_constructor_msgs/include/moveit_task_constructor_msgs/moveit_task_constructor_msgs
[10.942s] -- Up-to-date: /home/deepak/ws_moveit/install/moveit_task_constructor_msgs/include/moveit_task_constructor_msgs/moveit_task_constructor_msgs/msg
[10.942s] -- Up-to-date: /home/deepak/ws_moveit/install/moveit_task_constructor_msgs/include/moveit_task_constructor_msgs/moveit_task_constructor_msgs/msg/detail
[10.942s] -- Installing: /home/deepak/ws_moveit/install/moveit_task_constructor_msgs/include/moveit_task_constructor_msgs/moveit_task_constructor_msgs/msg/detail/solution_info__type_support.cpp
[10.943s] -- Installing: /home/deepak/ws_moveit/install/moveit_task_constructor_msgs/include/moveit_task_constructor_msgs/moveit_task_constructor_msgs/msg/detail/solution__type_support.cpp
[10.943s] -- Installing: /home/deepak/ws_moveit/install/moveit_task_constructor_msgs/include/moveit_task_constructor_msgs/moveit_task_constructor_msgs/msg/detail/stage_statistics__rosidl_typesupport_introspection_cpp.hpp
[10.943s] -- Installing: /home/deepak/ws_moveit/install/moveit_task_constructor_msgs/include/moveit_task_constructor_msgs/moveit_task_constructor_msgs/msg/detail/sub_trajectory__type_support.cpp
[10.943s] -- Installing: /home/deepak/ws_moveit/install/moveit_task_constructor_msgs/include/moveit_task_constructor_msgs/moveit_task_constructor_msgs/msg/detail/property__type_support.cpp
[10.943s] -- Installing: /home/deepak/ws_moveit/install/moveit_task_constructor_msgs/include/moveit_task_constructor_msgs/moveit_task_constructor_msgs/msg/detail/solution_info__rosidl_typesupport_introspection_cpp.hpp
[10.943s] -- Installing: /home/deepak/ws_moveit/install/moveit_task_constructor_msgs/include/moveit_task_constructor_msgs/moveit_task_constructor_msgs/msg/detail/task_description__rosidl_typesupport_introspection_cpp.hpp
[10.943s] -- Installing: /home/deepak/ws_moveit/install/moveit_task_constructor_msgs/include/moveit_task_constructor_msgs/moveit_task_constructor_msgs/msg/detail/property__rosidl_typesupport_introspection_cpp.hpp
[10.943s] -- Installing: /home/deepak/ws_moveit/install/moveit_task_constructor_msgs/include/moveit_task_constructor_msgs/moveit_task_constructor_msgs/msg/detail/stage_description__type_support.cpp
[10.943s] -- Installing: /home/deepak/ws_moveit/install/moveit_task_constructor_msgs/include/moveit_task_constructor_msgs/moveit_task_constructor_msgs/msg/detail/sub_solution__rosidl_typesupport_introspection_cpp.hpp
[10.943s] -- Installing: /home/deepak/ws_moveit/install/moveit_task_constructor_msgs/include/moveit_task_constructor_msgs/moveit_task_constructor_msgs/msg/detail/task_statistics__type_support.cpp
[10.943s] -- Installing: /home/deepak/ws_moveit/install/moveit_task_constructor_msgs/include/moveit_task_constructor_msgs/moveit_task_constructor_msgs/msg/detail/stage_statistics__type_support.cpp
[10.944s] -- Installing: /home/deepak/ws_moveit/install/moveit_task_constructor_msgs/include/moveit_task_constructor_msgs/moveit_task_constructor_msgs/msg/detail/task_description__type_support.cpp
[10.944s] -- Installing: /home/deepak/ws_moveit/install/moveit_task_constructor_msgs/include/moveit_task_constructor_msgs/moveit_task_constructor_msgs/msg/detail/sub_solution__type_support.cpp
[10.944s] -- Installing: /home/deepak/ws_moveit/install/moveit_task_constructor_msgs/include/moveit_task_constructor_msgs/moveit_task_constructor_msgs/msg/detail/task_statistics__rosidl_typesupport_introspection_cpp.hpp
[10.944s] -- Installing: /home/deepak/ws_moveit/install/moveit_task_constructor_msgs/include/moveit_task_constructor_msgs/moveit_task_constructor_msgs/msg/detail/trajectory_execution_info__type_support.cpp
[10.944s] -- Installing: /home/deepak/ws_moveit/install/moveit_task_constructor_msgs/include/moveit_task_constructor_msgs/moveit_task_constructor_msgs/msg/detail/sub_trajectory__rosidl_typesupport_introspection_cpp.hpp
[10.944s] -- Installing: /home/deepak/ws_moveit/install/moveit_task_constructor_msgs/include/moveit_task_constructor_msgs/moveit_task_constructor_msgs/msg/detail/solution__rosidl_typesupport_introspection_cpp.hpp
[10.944s] -- Installing: /home/deepak/ws_moveit/install/moveit_task_constructor_msgs/include/moveit_task_constructor_msgs/moveit_task_constructor_msgs/msg/detail/stage_description__rosidl_typesupport_introspection_cpp.hpp
[10.944s] -- Installing: /home/deepak/ws_moveit/install/moveit_task_constructor_msgs/include/moveit_task_constructor_msgs/moveit_task_constructor_msgs/msg/detail/trajectory_execution_info__rosidl_typesupport_introspection_cpp.hpp
[10.944s] -- Up-to-date: /home/deepak/ws_moveit/install/moveit_task_constructor_msgs/include/moveit_task_constructor_msgs/moveit_task_constructor_msgs/action
[10.944s] -- Up-to-date: /home/deepak/ws_moveit/install/moveit_task_constructor_msgs/include/moveit_task_constructor_msgs/moveit_task_constructor_msgs/action/detail
[10.944s] -- Installing: /home/deepak/ws_moveit/install/moveit_task_constructor_msgs/include/moveit_task_constructor_msgs/moveit_task_constructor_msgs/action/detail/execute_task_solution__rosidl_typesupport_introspection_cpp.hpp
[10.944s] -- Installing: /home/deepak/ws_moveit/install/moveit_task_constructor_msgs/include/moveit_task_constructor_msgs/moveit_task_constructor_msgs/action/detail/execute_task_solution__type_support.cpp
[10.944s] -- Up-to-date: /home/deepak/ws_moveit/install/moveit_task_constructor_msgs/include/moveit_task_constructor_msgs/moveit_task_constructor_msgs/srv
[10.944s] -- Up-to-date: /home/deepak/ws_moveit/install/moveit_task_constructor_msgs/include/moveit_task_constructor_msgs/moveit_task_constructor_msgs/srv/detail
[10.944s] -- Installing: /home/deepak/ws_moveit/install/moveit_task_constructor_msgs/include/moveit_task_constructor_msgs/moveit_task_constructor_msgs/srv/detail/get_solution__type_support.cpp
[10.944s] -- Installing: /home/deepak/ws_moveit/install/moveit_task_constructor_msgs/include/moveit_task_constructor_msgs/moveit_task_constructor_msgs/srv/detail/get_solution__rosidl_typesupport_introspection_cpp.hpp
[10.945s] -- Installing: /home/deepak/ws_moveit/install/moveit_task_constructor_msgs/lib/libmoveit_task_constructor_msgs__rosidl_typesupport_introspection_cpp.so
[10.945s] -- Set runtime path of "/home/deepak/ws_moveit/install/moveit_task_constructor_msgs/lib/libmoveit_task_constructor_msgs__rosidl_typesupport_introspection_cpp.so" to ""
[10.945s] -- Installing: /home/deepak/ws_moveit/install/moveit_task_constructor_msgs/lib/libmoveit_task_constructor_msgs__rosidl_typesupport_cpp.so
[10.945s] -- Set runtime path of "/home/deepak/ws_moveit/install/moveit_task_constructor_msgs/lib/libmoveit_task_constructor_msgs__rosidl_typesupport_cpp.so" to ""
[10.945s] -- Installing: /home/deepak/ws_moveit/install/moveit_task_constructor_msgs/share/moveit_task_constructor_msgs/environment/pythonpath.sh
[10.946s] -- Installing: /home/deepak/ws_moveit/install/moveit_task_constructor_msgs/share/moveit_task_constructor_msgs/environment/pythonpath.dsv
[10.946s] -- Installing: /home/deepak/ws_moveit/install/moveit_task_constructor_msgs/local/lib/python3.10/dist-packages/moveit_task_constructor_msgs-0.1.3-py3.10.egg-info
[10.946s] -- Installing: /home/deepak/ws_moveit/install/moveit_task_constructor_msgs/local/lib/python3.10/dist-packages/moveit_task_constructor_msgs-0.1.3-py3.10.egg-info/dependency_links.txt
[10.946s] -- Installing: /home/deepak/ws_moveit/install/moveit_task_constructor_msgs/local/lib/python3.10/dist-packages/moveit_task_constructor_msgs-0.1.3-py3.10.egg-info/top_level.txt
[10.946s] -- Installing: /home/deepak/ws_moveit/install/moveit_task_constructor_msgs/local/lib/python3.10/dist-packages/moveit_task_constructor_msgs-0.1.3-py3.10.egg-info/SOURCES.txt
[10.946s] -- Installing: /home/deepak/ws_moveit/install/moveit_task_constructor_msgs/local/lib/python3.10/dist-packages/moveit_task_constructor_msgs-0.1.3-py3.10.egg-info/PKG-INFO
[10.946s] -- Installing: /home/deepak/ws_moveit/install/moveit_task_constructor_msgs/local/lib/python3.10/dist-packages/moveit_task_constructor_msgs
[10.946s] -- Installing: /home/deepak/ws_moveit/install/moveit_task_constructor_msgs/local/lib/python3.10/dist-packages/moveit_task_constructor_msgs/moveit_task_constructor_msgs_s__rosidl_typesupport_c.cpython-310-x86_64-linux-gnu.so
[10.946s] -- Installing: /home/deepak/ws_moveit/install/moveit_task_constructor_msgs/local/lib/python3.10/dist-packages/moveit_task_constructor_msgs/moveit_task_constructor_msgs_s__rosidl_typesupport_fastrtps_c.cpython-310-x86_64-linux-gnu.so
[10.946s] -- Installing: /home/deepak/ws_moveit/install/moveit_task_constructor_msgs/local/lib/python3.10/dist-packages/moveit_task_constructor_msgs/_moveit_task_constructor_msgs_s.ep.rosidl_typesupport_c.c
[10.946s] -- Installing: /home/deepak/ws_moveit/install/moveit_task_constructor_msgs/local/lib/python3.10/dist-packages/moveit_task_constructor_msgs/msg
[10.946s] -- Installing: /home/deepak/ws_moveit/install/moveit_task_constructor_msgs/local/lib/python3.10/dist-packages/moveit_task_constructor_msgs/msg/_trajectory_execution_info_s.c
[10.946s] -- Installing: /home/deepak/ws_moveit/install/moveit_task_constructor_msgs/local/lib/python3.10/dist-packages/moveit_task_constructor_msgs/msg/_trajectory_execution_info.py
[10.946s] -- Installing: /home/deepak/ws_moveit/install/moveit_task_constructor_msgs/local/lib/python3.10/dist-packages/moveit_task_constructor_msgs/msg/_property.py
[10.946s] -- Installing: /home/deepak/ws_moveit/install/moveit_task_constructor_msgs/local/lib/python3.10/dist-packages/moveit_task_constructor_msgs/msg/_stage_statistics.py
[10.947s] -- Installing: /home/deepak/ws_moveit/install/moveit_task_constructor_msgs/local/lib/python3.10/dist-packages/moveit_task_constructor_msgs/msg/_solution_info.py
[10.947s] -- Installing: /home/deepak/ws_moveit/install/moveit_task_constructor_msgs/local/lib/python3.10/dist-packages/moveit_task_constructor_msgs/msg/_sub_solution.py
[10.947s] -- Installing: /home/deepak/ws_moveit/install/moveit_task_constructor_msgs/local/lib/python3.10/dist-packages/moveit_task_constructor_msgs/msg/_task_statistics_s.c
[10.947s] -- Installing: /home/deepak/ws_moveit/install/moveit_task_constructor_msgs/local/lib/python3.10/dist-packages/moveit_task_constructor_msgs/msg/_stage_statistics_s.c
[10.947s] -- Installing: /home/deepak/ws_moveit/install/moveit_task_constructor_msgs/local/lib/python3.10/dist-packages/moveit_task_constructor_msgs/msg/_solution_info_s.c
[10.947s] -- Installing: /home/deepak/ws_moveit/install/moveit_task_constructor_msgs/local/lib/python3.10/dist-packages/moveit_task_constructor_msgs/msg/_stage_description_s.c
[10.947s] -- Installing: /home/deepak/ws_moveit/install/moveit_task_constructor_msgs/local/lib/python3.10/dist-packages/moveit_task_constructor_msgs/msg/_stage_description.py
[10.947s] -- Installing: /home/deepak/ws_moveit/install/moveit_task_constructor_msgs/local/lib/python3.10/dist-packages/moveit_task_constructor_msgs/msg/_sub_trajectory_s.c
[10.947s] -- Installing: /home/deepak/ws_moveit/install/moveit_task_constructor_msgs/local/lib/python3.10/dist-packages/moveit_task_constructor_msgs/msg/_task_description.py
[10.947s] -- Installing: /home/deepak/ws_moveit/install/moveit_task_constructor_msgs/local/lib/python3.10/dist-packages/moveit_task_constructor_msgs/msg/_sub_solution_s.c
[10.947s] -- Installing: /home/deepak/ws_moveit/install/moveit_task_constructor_msgs/local/lib/python3.10/dist-packages/moveit_task_constructor_msgs/msg/_solution.py
[10.947s] -- Installing: /home/deepak/ws_moveit/install/moveit_task_constructor_msgs/local/lib/python3.10/dist-packages/moveit_task_constructor_msgs/msg/__init__.py
[10.947s] -- Installing: /home/deepak/ws_moveit/install/moveit_task_constructor_msgs/local/lib/python3.10/dist-packages/moveit_task_constructor_msgs/msg/_property_s.c
[10.947s] -- Installing: /home/deepak/ws_moveit/install/moveit_task_constructor_msgs/local/lib/python3.10/dist-packages/moveit_task_constructor_msgs/msg/_solution_s.c
[10.947s] -- Installing: /home/deepak/ws_moveit/install/moveit_task_constructor_msgs/local/lib/python3.10/dist-packages/moveit_task_constructor_msgs/msg/_task_description_s.c
[10.947s] -- Installing: /home/deepak/ws_moveit/install/moveit_task_constructor_msgs/local/lib/python3.10/dist-packages/moveit_task_constructor_msgs/msg/_sub_trajectory.py
[10.948s] -- Installing: /home/deepak/ws_moveit/install/moveit_task_constructor_msgs/local/lib/python3.10/dist-packages/moveit_task_constructor_msgs/msg/_task_statistics.py
[10.948s] -- Installing: /home/deepak/ws_moveit/install/moveit_task_constructor_msgs/local/lib/python3.10/dist-packages/moveit_task_constructor_msgs/libmoveit_task_constructor_msgs__rosidl_generator_py.so
[10.948s] -- Installing: /home/deepak/ws_moveit/install/moveit_task_constructor_msgs/local/lib/python3.10/dist-packages/moveit_task_constructor_msgs/moveit_task_constructor_msgs_s__rosidl_typesupport_introspection_c.cpython-310-x86_64-linux-gnu.so
[10.948s] -- Installing: /home/deepak/ws_moveit/install/moveit_task_constructor_msgs/local/lib/python3.10/dist-packages/moveit_task_constructor_msgs/_moveit_task_constructor_msgs_s.ep.rosidl_typesupport_introspection_c.c
[10.948s] -- Installing: /home/deepak/ws_moveit/install/moveit_task_constructor_msgs/local/lib/python3.10/dist-packages/moveit_task_constructor_msgs/_moveit_task_constructor_msgs_s.ep.rosidl_typesupport_fastrtps_c.c
[10.948s] -- Installing: /home/deepak/ws_moveit/install/moveit_task_constructor_msgs/local/lib/python3.10/dist-packages/moveit_task_constructor_msgs/__init__.py
[10.948s] -- Installing: /home/deepak/ws_moveit/install/moveit_task_constructor_msgs/local/lib/python3.10/dist-packages/moveit_task_constructor_msgs/action
[10.948s] -- Installing: /home/deepak/ws_moveit/install/moveit_task_constructor_msgs/local/lib/python3.10/dist-packages/moveit_task_constructor_msgs/action/_execute_task_solution_s.c
[10.948s] -- Installing: /home/deepak/ws_moveit/install/moveit_task_constructor_msgs/local/lib/python3.10/dist-packages/moveit_task_constructor_msgs/action/_execute_task_solution.py
[10.948s] -- Installing: /home/deepak/ws_moveit/install/moveit_task_constructor_msgs/local/lib/python3.10/dist-packages/moveit_task_constructor_msgs/action/__init__.py
[10.948s] -- Installing: /home/deepak/ws_moveit/install/moveit_task_constructor_msgs/local/lib/python3.10/dist-packages/moveit_task_constructor_msgs/srv
[10.948s] -- Installing: /home/deepak/ws_moveit/install/moveit_task_constructor_msgs/local/lib/python3.10/dist-packages/moveit_task_constructor_msgs/srv/_get_solution.py
[10.948s] -- Installing: /home/deepak/ws_moveit/install/moveit_task_constructor_msgs/local/lib/python3.10/dist-packages/moveit_task_constructor_msgs/srv/_get_solution_s.c
[10.948s] -- Installing: /home/deepak/ws_moveit/install/moveit_task_constructor_msgs/local/lib/python3.10/dist-packages/moveit_task_constructor_msgs/srv/__init__.py
[10.985s] Listing '/home/deepak/ws_moveit/install/moveit_task_constructor_msgs/local/lib/python3.10/dist-packages/moveit_task_constructor_msgs'...
[10.985s] Compiling '/home/deepak/ws_moveit/install/moveit_task_constructor_msgs/local/lib/python3.10/dist-packages/moveit_task_constructor_msgs/__init__.py'...
[10.985s] Listing '/home/deepak/ws_moveit/install/moveit_task_constructor_msgs/local/lib/python3.10/dist-packages/moveit_task_constructor_msgs/action'...
[10.985s] Compiling '/home/deepak/ws_moveit/install/moveit_task_constructor_msgs/local/lib/python3.10/dist-packages/moveit_task_constructor_msgs/action/__init__.py'...
[10.985s] Compiling '/home/deepak/ws_moveit/install/moveit_task_constructor_msgs/local/lib/python3.10/dist-packages/moveit_task_constructor_msgs/action/_execute_task_solution.py'...
[10.985s] Listing '/home/deepak/ws_moveit/install/moveit_task_constructor_msgs/local/lib/python3.10/dist-packages/moveit_task_constructor_msgs/msg'...
[10.985s] Compiling '/home/deepak/ws_moveit/install/moveit_task_constructor_msgs/local/lib/python3.10/dist-packages/moveit_task_constructor_msgs/msg/__init__.py'...
[10.985s] Compiling '/home/deepak/ws_moveit/install/moveit_task_constructor_msgs/local/lib/python3.10/dist-packages/moveit_task_constructor_msgs/msg/_property.py'...
[10.985s] Compiling '/home/deepak/ws_moveit/install/moveit_task_constructor_msgs/local/lib/python3.10/dist-packages/moveit_task_constructor_msgs/msg/_solution.py'...
[10.986s] Compiling '/home/deepak/ws_moveit/install/moveit_task_constructor_msgs/local/lib/python3.10/dist-packages/moveit_task_constructor_msgs/msg/_solution_info.py'...
[10.986s] Compiling '/home/deepak/ws_moveit/install/moveit_task_constructor_msgs/local/lib/python3.10/dist-packages/moveit_task_constructor_msgs/msg/_stage_description.py'...
[10.986s] Compiling '/home/deepak/ws_moveit/install/moveit_task_constructor_msgs/local/lib/python3.10/dist-packages/moveit_task_constructor_msgs/msg/_stage_statistics.py'...
[10.986s] Compiling '/home/deepak/ws_moveit/install/moveit_task_constructor_msgs/local/lib/python3.10/dist-packages/moveit_task_constructor_msgs/msg/_sub_solution.py'...
[10.986s] Compiling '/home/deepak/ws_moveit/install/moveit_task_constructor_msgs/local/lib/python3.10/dist-packages/moveit_task_constructor_msgs/msg/_sub_trajectory.py'...
[10.986s] Compiling '/home/deepak/ws_moveit/install/moveit_task_constructor_msgs/local/lib/python3.10/dist-packages/moveit_task_constructor_msgs/msg/_task_description.py'...
[10.986s] Compiling '/home/deepak/ws_moveit/install/moveit_task_constructor_msgs/local/lib/python3.10/dist-packages/moveit_task_constructor_msgs/msg/_task_statistics.py'...
[10.986s] Compiling '/home/deepak/ws_moveit/install/moveit_task_constructor_msgs/local/lib/python3.10/dist-packages/moveit_task_constructor_msgs/msg/_trajectory_execution_info.py'...
[10.986s] Listing '/home/deepak/ws_moveit/install/moveit_task_constructor_msgs/local/lib/python3.10/dist-packages/moveit_task_constructor_msgs/srv'...
[10.986s] Compiling '/home/deepak/ws_moveit/install/moveit_task_constructor_msgs/local/lib/python3.10/dist-packages/moveit_task_constructor_msgs/srv/__init__.py'...
[10.986s] Compiling '/home/deepak/ws_moveit/install/moveit_task_constructor_msgs/local/lib/python3.10/dist-packages/moveit_task_constructor_msgs/srv/_get_solution.py'...
[10.988s] -- Installing: /home/deepak/ws_moveit/install/moveit_task_constructor_msgs/local/lib/python3.10/dist-packages/moveit_task_constructor_msgs/moveit_task_constructor_msgs_s__rosidl_typesupport_fastrtps_c.cpython-310-x86_64-linux-gnu.so
[10.989s] -- Set runtime path of "/home/deepak/ws_moveit/install/moveit_task_constructor_msgs/local/lib/python3.10/dist-packages/moveit_task_constructor_msgs/moveit_task_constructor_msgs_s__rosidl_typesupport_fastrtps_c.cpython-310-x86_64-linux-gnu.so" to ""
[10.989s] -- Installing: /home/deepak/ws_moveit/install/moveit_task_constructor_msgs/local/lib/python3.10/dist-packages/moveit_task_constructor_msgs/moveit_task_constructor_msgs_s__rosidl_typesupport_introspection_c.cpython-310-x86_64-linux-gnu.so
[10.989s] -- Set runtime path of "/home/deepak/ws_moveit/install/moveit_task_constructor_msgs/local/lib/python3.10/dist-packages/moveit_task_constructor_msgs/moveit_task_constructor_msgs_s__rosidl_typesupport_introspection_c.cpython-310-x86_64-linux-gnu.so" to ""
[10.989s] -- Installing: /home/deepak/ws_moveit/install/moveit_task_constructor_msgs/local/lib/python3.10/dist-packages/moveit_task_constructor_msgs/moveit_task_constructor_msgs_s__rosidl_typesupport_c.cpython-310-x86_64-linux-gnu.so
[10.989s] -- Set runtime path of "/home/deepak/ws_moveit/install/moveit_task_constructor_msgs/local/lib/python3.10/dist-packages/moveit_task_constructor_msgs/moveit_task_constructor_msgs_s__rosidl_typesupport_c.cpython-310-x86_64-linux-gnu.so" to ""
[10.989s] -- Installing: /home/deepak/ws_moveit/install/moveit_task_constructor_msgs/lib/libmoveit_task_constructor_msgs__rosidl_generator_py.so
[10.989s] -- Set runtime path of "/home/deepak/ws_moveit/install/moveit_task_constructor_msgs/lib/libmoveit_task_constructor_msgs__rosidl_generator_py.so" to ""
[10.989s] -- Installing: /home/deepak/ws_moveit/install/moveit_task_constructor_msgs/share/moveit_task_constructor_msgs/msg/Property.idl
[10.989s] -- Installing: /home/deepak/ws_moveit/install/moveit_task_constructor_msgs/share/moveit_task_constructor_msgs/msg/Solution.idl
[10.989s] -- Installing: /home/deepak/ws_moveit/install/moveit_task_constructor_msgs/share/moveit_task_constructor_msgs/msg/SolutionInfo.idl
[10.989s] -- Installing: /home/deepak/ws_moveit/install/moveit_task_constructor_msgs/share/moveit_task_constructor_msgs/msg/StageDescription.idl
[10.989s] -- Installing: /home/deepak/ws_moveit/install/moveit_task_constructor_msgs/share/moveit_task_constructor_msgs/msg/StageStatistics.idl
[10.990s] -- Installing: /home/deepak/ws_moveit/install/moveit_task_constructor_msgs/share/moveit_task_constructor_msgs/msg/SubSolution.idl
[10.990s] -- Installing: /home/deepak/ws_moveit/install/moveit_task_constructor_msgs/share/moveit_task_constructor_msgs/msg/SubTrajectory.idl
[10.990s] -- Installing: /home/deepak/ws_moveit/install/moveit_task_constructor_msgs/share/moveit_task_constructor_msgs/msg/TaskDescription.idl
[10.990s] -- Installing: /home/deepak/ws_moveit/install/moveit_task_constructor_msgs/share/moveit_task_constructor_msgs/msg/TaskStatistics.idl
[10.990s] -- Installing: /home/deepak/ws_moveit/install/moveit_task_constructor_msgs/share/moveit_task_constructor_msgs/msg/TrajectoryExecutionInfo.idl
[10.990s] -- Installing: /home/deepak/ws_moveit/install/moveit_task_constructor_msgs/share/moveit_task_constructor_msgs/srv/GetSolution.idl
[10.990s] -- Installing: /home/deepak/ws_moveit/install/moveit_task_constructor_msgs/share/moveit_task_constructor_msgs/action/ExecuteTaskSolution.idl
[10.990s] -- Installing: /home/deepak/ws_moveit/install/moveit_task_constructor_msgs/share/moveit_task_constructor_msgs/msg/Property.msg
[10.990s] -- Installing: /home/deepak/ws_moveit/install/moveit_task_constructor_msgs/share/moveit_task_constructor_msgs/msg/Solution.msg
[10.990s] -- Installing: /home/deepak/ws_moveit/install/moveit_task_constructor_msgs/share/moveit_task_constructor_msgs/msg/SolutionInfo.msg
[10.990s] -- Installing: /home/deepak/ws_moveit/install/moveit_task_constructor_msgs/share/moveit_task_constructor_msgs/msg/StageDescription.msg
[10.990s] -- Installing: /home/deepak/ws_moveit/install/moveit_task_constructor_msgs/share/moveit_task_constructor_msgs/msg/StageStatistics.msg
[10.990s] -- Installing: /home/deepak/ws_moveit/install/moveit_task_constructor_msgs/share/moveit_task_constructor_msgs/msg/SubSolution.msg
[10.990s] -- Installing: /home/deepak/ws_moveit/install/moveit_task_constructor_msgs/share/moveit_task_constructor_msgs/msg/SubTrajectory.msg
[10.990s] -- Installing: /home/deepak/ws_moveit/install/moveit_task_constructor_msgs/share/moveit_task_constructor_msgs/msg/TaskDescription.msg
[10.990s] -- Installing: /home/deepak/ws_moveit/install/moveit_task_constructor_msgs/share/moveit_task_constructor_msgs/msg/TaskStatistics.msg
[10.991s] -- Installing: /home/deepak/ws_moveit/install/moveit_task_constructor_msgs/share/moveit_task_constructor_msgs/msg/TrajectoryExecutionInfo.msg
[10.991s] -- Installing: /home/deepak/ws_moveit/install/moveit_task_constructor_msgs/share/moveit_task_constructor_msgs/srv/GetSolution.srv
[10.991s] -- Installing: /home/deepak/ws_moveit/install/moveit_task_constructor_msgs/share/moveit_task_constructor_msgs/srv/GetSolution_Request.msg
[10.991s] -- Installing: /home/deepak/ws_moveit/install/moveit_task_constructor_msgs/share/moveit_task_constructor_msgs/srv/GetSolution_Response.msg
[10.991s] -- Installing: /home/deepak/ws_moveit/install/moveit_task_constructor_msgs/share/moveit_task_constructor_msgs/action/ExecuteTaskSolution.action
[10.991s] -- Installing: /home/deepak/ws_moveit/install/moveit_task_constructor_msgs/share/ament_index/resource_index/package_run_dependencies/moveit_task_constructor_msgs
[10.991s] -- Installing: /home/deepak/ws_moveit/install/moveit_task_constructor_msgs/share/ament_index/resource_index/parent_prefix_path/moveit_task_constructor_msgs
[10.991s] -- Installing: /home/deepak/ws_moveit/install/moveit_task_constructor_msgs/share/moveit_task_constructor_msgs/environment/ament_prefix_path.sh
[10.991s] -- Installing: /home/deepak/ws_moveit/install/moveit_task_constructor_msgs/share/moveit_task_constructor_msgs/environment/ament_prefix_path.dsv
[10.991s] -- Installing: /home/deepak/ws_moveit/install/moveit_task_constructor_msgs/share/moveit_task_constructor_msgs/environment/path.sh
[10.991s] -- Installing: /home/deepak/ws_moveit/install/moveit_task_constructor_msgs/share/moveit_task_constructor_msgs/environment/path.dsv
[10.991s] -- Installing: /home/deepak/ws_moveit/install/moveit_task_constructor_msgs/share/moveit_task_constructor_msgs/local_setup.bash
[10.991s] -- Installing: /home/deepak/ws_moveit/install/moveit_task_constructor_msgs/share/moveit_task_constructor_msgs/local_setup.sh
[10.991s] -- Installing: /home/deepak/ws_moveit/install/moveit_task_constructor_msgs/share/moveit_task_constructor_msgs/local_setup.zsh
[10.991s] -- Installing: /home/deepak/ws_moveit/install/moveit_task_constructor_msgs/share/moveit_task_constructor_msgs/local_setup.dsv
[10.991s] -- Installing: /home/deepak/ws_moveit/install/moveit_task_constructor_msgs/share/moveit_task_constructor_msgs/package.dsv
[10.992s] -- Installing: /home/deepak/ws_moveit/install/moveit_task_constructor_msgs/share/ament_index/resource_index/packages/moveit_task_constructor_msgs
[10.992s] -- Installing: /home/deepak/ws_moveit/install/moveit_task_constructor_msgs/share/moveit_task_constructor_msgs/cmake/export_moveit_task_constructor_msgs__rosidl_generator_cExport.cmake
[10.992s] -- Installing: /home/deepak/ws_moveit/install/moveit_task_constructor_msgs/share/moveit_task_constructor_msgs/cmake/export_moveit_task_constructor_msgs__rosidl_generator_cExport-noconfig.cmake
[10.992s] -- Installing: /home/deepak/ws_moveit/install/moveit_task_constructor_msgs/share/moveit_task_constructor_msgs/cmake/export_moveit_task_constructor_msgs__rosidl_typesupport_fastrtps_cExport.cmake
[10.992s] -- Installing: /home/deepak/ws_moveit/install/moveit_task_constructor_msgs/share/moveit_task_constructor_msgs/cmake/export_moveit_task_constructor_msgs__rosidl_typesupport_fastrtps_cExport-noconfig.cmake
[10.992s] -- Installing: /home/deepak/ws_moveit/install/moveit_task_constructor_msgs/share/moveit_task_constructor_msgs/cmake/export_moveit_task_constructor_msgs__rosidl_generator_cppExport.cmake
[10.992s] -- Installing: /home/deepak/ws_moveit/install/moveit_task_constructor_msgs/share/moveit_task_constructor_msgs/cmake/export_moveit_task_constructor_msgs__rosidl_typesupport_fastrtps_cppExport.cmake
[10.992s] -- Installing: /home/deepak/ws_moveit/install/moveit_task_constructor_msgs/share/moveit_task_constructor_msgs/cmake/export_moveit_task_constructor_msgs__rosidl_typesupport_fastrtps_cppExport-noconfig.cmake
[10.992s] -- Installing: /home/deepak/ws_moveit/install/moveit_task_constructor_msgs/share/moveit_task_constructor_msgs/cmake/moveit_task_constructor_msgs__rosidl_typesupport_introspection_cExport.cmake
[10.992s] -- Installing: /home/deepak/ws_moveit/install/moveit_task_constructor_msgs/share/moveit_task_constructor_msgs/cmake/moveit_task_constructor_msgs__rosidl_typesupport_introspection_cExport-noconfig.cmake
[10.992s] -- Installing: /home/deepak/ws_moveit/install/moveit_task_constructor_msgs/share/moveit_task_constructor_msgs/cmake/moveit_task_constructor_msgs__rosidl_typesupport_cExport.cmake
[10.992s] -- Installing: /home/deepak/ws_moveit/install/moveit_task_constructor_msgs/share/moveit_task_constructor_msgs/cmake/moveit_task_constructor_msgs__rosidl_typesupport_cExport-noconfig.cmake
[10.992s] -- Installing: /home/deepak/ws_moveit/install/moveit_task_constructor_msgs/share/moveit_task_constructor_msgs/cmake/moveit_task_constructor_msgs__rosidl_typesupport_introspection_cppExport.cmake
[10.992s] -- Installing: /home/deepak/ws_moveit/install/moveit_task_constructor_msgs/share/moveit_task_constructor_msgs/cmake/moveit_task_constructor_msgs__rosidl_typesupport_introspection_cppExport-noconfig.cmake
[10.992s] -- Installing: /home/deepak/ws_moveit/install/moveit_task_constructor_msgs/share/moveit_task_constructor_msgs/cmake/moveit_task_constructor_msgs__rosidl_typesupport_cppExport.cmake
[10.992s] -- Installing: /home/deepak/ws_moveit/install/moveit_task_constructor_msgs/share/moveit_task_constructor_msgs/cmake/moveit_task_constructor_msgs__rosidl_typesupport_cppExport-noconfig.cmake
[10.993s] -- Installing: /home/deepak/ws_moveit/install/moveit_task_constructor_msgs/share/moveit_task_constructor_msgs/cmake/export_moveit_task_constructor_msgs__rosidl_generator_pyExport.cmake
[10.993s] -- Installing: /home/deepak/ws_moveit/install/moveit_task_constructor_msgs/share/moveit_task_constructor_msgs/cmake/export_moveit_task_constructor_msgs__rosidl_generator_pyExport-noconfig.cmake
[10.993s] -- Installing: /home/deepak/ws_moveit/install/moveit_task_constructor_msgs/share/moveit_task_constructor_msgs/cmake/rosidl_cmake-extras.cmake
[10.993s] -- Installing: /home/deepak/ws_moveit/install/moveit_task_constructor_msgs/share/moveit_task_constructor_msgs/cmake/ament_cmake_export_dependencies-extras.cmake
[10.993s] -- Installing: /home/deepak/ws_moveit/install/moveit_task_constructor_msgs/share/moveit_task_constructor_msgs/cmake/ament_cmake_export_include_directories-extras.cmake
[10.993s] -- Installing: /home/deepak/ws_moveit/install/moveit_task_constructor_msgs/share/moveit_task_constructor_msgs/cmake/ament_cmake_export_libraries-extras.cmake
[10.993s] -- Installing: /home/deepak/ws_moveit/install/moveit_task_constructor_msgs/share/moveit_task_constructor_msgs/cmake/ament_cmake_export_targets-extras.cmake
[10.993s] -- Installing: /home/deepak/ws_moveit/install/moveit_task_constructor_msgs/share/moveit_task_constructor_msgs/cmake/rosidl_cmake_export_typesupport_targets-extras.cmake
[10.993s] -- Installing: /home/deepak/ws_moveit/install/moveit_task_constructor_msgs/share/moveit_task_constructor_msgs/cmake/rosidl_cmake_export_typesupport_libraries-extras.cmake
[10.993s] -- Installing: /home/deepak/ws_moveit/install/moveit_task_constructor_msgs/share/moveit_task_constructor_msgs/cmake/moveit_task_constructor_msgsConfig.cmake
[10.993s] -- Installing: /home/deepak/ws_moveit/install/moveit_task_constructor_msgs/share/moveit_task_constructor_msgs/cmake/moveit_task_constructor_msgsConfig-version.cmake
[10.993s] -- Installing: /home/deepak/ws_moveit/install/moveit_task_constructor_msgs/share/moveit_task_constructor_msgs/package.xml
[10.994s] Invoked command in '/home/deepak/ws_moveit/build/moveit_task_constructor_msgs' returned '0': CMAKE_PREFIX_PATH=${CMAKE_PREFIX_PATH}:/home/deepak/turtlebot3_ws/install/turtlebot3_teleop:/home/deepak/turtlebot3_ws/install/turtlebot3_example:/home/deepak/turtlebot3_ws/install/turtlebot3_autorace_mission:/home/deepak/turtlebot3_ws/install/turtlebot3_autorace_detect:/home/deepak/turtlebot3_ws/install/turtlebot3_autorace_camera:/opt/ros/humble /usr/bin/cmake --install /home/deepak/ws_moveit/build/moveit_task_constructor_msgs
