# Blender 5.1.2
# www.blender.org
mtllib rocket.mtl
o Cube
v -0.346295 -3.000245 0.346295
v -0.186645 2.612040 0.186629
v -0.295157 -2.453125 0.619473
v -0.346295 -3.000245 -0.346295
v -0.278717 -2.451566 0.617777
v -0.186635 2.612040 -0.186629
v 0.346295 -3.000245 0.346295
v 0.186645 2.612040 0.186629
v -0.263204 -2.446860 0.618826
v 0.346295 -3.000245 -0.346295
v -0.248907 -2.439219 0.619969
v 0.186635 2.612040 -0.186629
v -0.720449 -0.000000 0.704141
v -0.710156 0.000000 -0.704141
v -0.236376 -2.428934 0.621162
v 0.710156 0.000000 -0.704141
v -0.226093 -2.416404 0.622360
v 0.720449 0.000000 0.704141
v -0.519606 1.499040 0.515196
v -0.516823 1.499040 -0.515196
v -0.218451 -2.402107 0.623515
v 0.516823 1.499040 -0.515196
v 0.519606 1.499040 0.515196
v -0.213745 -2.386595 0.624584
v -0.661555 -1.496462 -0.659921
v -0.212156 -2.370462 0.625525
v 0.661555 -1.496462 -0.659921
v 0.664349 -1.496472 0.659921
v -0.664349 -1.496472 0.659921
v -0.213745 -2.354330 0.626303
v -0.517973 -2.738320 -0.517970
v -0.218451 -2.338817 0.626887
v -0.517980 -2.738319 0.517970
v 0.517973 -2.738320 -0.517970
v -0.226093 -2.324521 0.627255
v 0.517980 -2.738320 0.517970
v -0.245085 -3.570590 -0.245085
v -0.245085 -3.570590 0.245085
v -0.236376 -2.311989 0.627393
v 0.245085 -3.570590 -0.245085
v 0.245085 -3.570590 0.245085
v -0.248907 -2.301705 0.627296
v -0.326604 -3.470756 0.326604
v -0.263204 -2.294064 0.626967
v 0.326604 -3.470756 0.326604
v 0.326604 -3.470756 -0.326604
v -0.278717 -2.289358 0.626419
v -0.326604 -3.470756 -0.326604
v 0.326943 -3.095569 0.326943
v -0.294849 -2.287769 0.625673
v -0.326943 -3.095569 -0.326943
v -0.326943 -3.095569 0.326943
v -0.311109 -2.289397 0.627831
v 0.326943 -3.095569 -0.326943
v -0.428262 -2.999350 -0.428262
v -0.326622 -2.294102 0.626022
v -0.428262 -2.999350 0.428262
v 0.428262 -2.999350 -0.428262
v 0.428262 -2.999350 0.428262
v -0.340791 -2.301705 0.619951
v -0.666563 -2.738320 -0.283286
v -0.716557 -2.738320 0.000000
v -0.353322 -2.311989 0.616969
v -0.666567 -2.738320 0.283286
v -0.428892 1.861505 0.426919
v -0.363606 -2.324520 0.614265
v -0.160564 2.194822 0.371214
v -0.371247 -2.338817 0.611942
v -0.246083 2.457392 0.245955
v -0.199249 2.660978 0.108106
v -0.375953 -2.354329 0.610090
v -0.204556 2.684292 -0.000000
v -0.199244 2.660978 -0.108106
v -0.377542 -2.370462 0.608779
v -0.157406 2.217339 0.363311
v -0.588861 -2.211012 -0.588622
v -0.000000 2.198936 0.396802
v -0.375953 -2.386595 0.608060
v 0.283288 -2.738321 -0.666556
v -0.371247 -2.402107 0.607960
v -0.000000 -2.738321 -0.716548
v -0.283288 -2.738321 -0.666556
v -0.108108 2.660978 -0.199236
v -0.363606 -2.416404 0.608485
v -0.000000 2.684293 -0.204546
v 0.108108 2.660978 -0.199236
v -0.353322 -2.428935 0.609612
v -0.000000 2.221318 0.388381
v -0.340791 -2.439219 0.611300
v 0.588861 -2.211012 -0.588622
v 0.157406 2.217339 0.363311
v -0.326494 -2.446860 0.613482
v 0.666567 -2.738320 0.283286
v 0.716558 -2.738320 0.000000
v -0.311289 -2.451536 0.618345
v 0.666563 -2.738320 -0.283286
v 0.199244 2.660978 -0.108106
v 0.204556 2.684292 -0.000000
v 0.199248 2.660978 0.108106
v 0.160564 2.194821 0.371214
v 0.589271 -2.211009 0.588622
v 0.371757 2.194843 0.160260
v -0.283292 -2.738320 0.666556
v 0.000000 -2.738320 0.716548
v 0.283292 -2.738320 0.666556
v 0.108113 2.660978 0.199236
v -0.000000 2.684293 0.204546
v -0.108113 2.660978 0.199236
v -0.694648 -1.125000 0.686658
v -0.716347 -0.750000 0.704427
v -0.725976 -0.375000 0.710912
v -0.591685 1.125000 -0.588737
v -0.648639 0.750000 -0.644243
v -0.687905 0.375000 -0.682349
v 0.591684 1.125000 -0.588737
v 0.648639 0.750000 -0.644243
v 0.687905 0.375000 -0.682349
v 0.596728 1.125000 0.588737
v 0.656163 0.750000 0.644243
v 0.697413 0.375000 0.682349
v 0.394802 0.000000 0.906134
v 0.000000 -0.000000 0.974094
v -0.394802 -0.000000 0.906134
v 0.916906 0.000000 -0.385107
v 0.989534 0.000000 -0.000000
v 0.924087 0.000000 0.385107
v -0.387620 0.000000 -0.906134
v -0.000000 0.000000 -0.974094
v 0.387620 0.000000 -0.906134
v -0.924087 -0.000000 0.385107
v -0.989534 0.000000 -0.000000
v -0.916906 0.000000 -0.385107
v -0.697413 0.375000 0.682349
v -0.656163 0.750000 0.644243
v -0.596728 1.125000 0.588737
v -0.246002 2.457393 -0.245954
v 0.363804 2.217333 0.157138
v -0.427648 1.861500 -0.426921
v 0.246002 2.457393 -0.245954
v 0.397261 2.198954 -0.000000
v 0.427648 1.861500 -0.426921
v 0.246083 2.457391 0.245955
v 0.388799 2.221313 -0.000000
v 0.428891 1.861505 0.426920
v 0.284407 1.499096 0.662935
v -0.000000 1.499152 0.712627
v -0.284407 1.499096 0.662935
v 0.665848 1.499096 -0.281786
v 0.716802 1.499152 0.000000
v 0.667790 1.499096 0.281786
v -0.282466 1.499096 -0.662935
v -0.000000 1.499152 -0.712627
v 0.282465 1.499096 -0.662935
v -0.667790 1.499096 0.281786
v -0.716802 1.499152 -0.000000
v -0.665848 1.499096 -0.281786
v -0.716468 -0.375000 -0.710912
v -0.708823 -0.750000 -0.704427
v -0.689605 -1.125000 -0.686658
v 0.716468 -0.375000 -0.710912
v 0.708823 -0.750000 -0.704427
v 0.689605 -1.125000 -0.686658
v 0.725976 -0.375000 0.710912
v 0.716347 -0.750000 0.704427
v 0.694648 -1.125000 0.686658
v 0.363593 2.217341 -0.157137
v -0.580880 -2.212424 0.593531
v 0.371533 2.194818 -0.160263
v -0.854103 -1.496474 0.360922
v -0.917113 -1.496472 -0.000000
v -0.852153 -1.496467 -0.360922
v -0.361605 -1.496460 -0.849229
v -0.000000 -1.496459 -0.912921
v 0.361605 -1.496460 -0.849229
v 0.852153 -1.496467 -0.360922
v 0.917113 -1.496472 -0.000000
v 0.854103 -1.496474 0.360922
v 0.363555 -1.496468 0.849228
v 0.000000 -1.496466 0.912920
v -0.363555 -1.496468 0.849228
v -0.445635 -3.000245 -0.189395
v -0.479057 -3.000246 0.000000
v -0.445635 -3.000245 0.189395
v 0.189395 -3.000245 -0.445635
v 0.000000 -3.000246 -0.479057
v -0.189395 -3.000245 -0.445635
v 0.445635 -3.000245 0.189395
v 0.479057 -3.000246 0.000000
v 0.445635 -3.000245 -0.189395
v -0.189395 -3.000245 0.445635
v 0.000000 -3.000246 0.479057
v 0.189395 -3.000245 0.445635
v -0.406164 -3.000000 -0.406164
v -0.383552 -3.000000 -0.383552
v -0.362796 -3.000001 -0.362796
v -0.448644 -2.992188 0.448644
v -0.468732 -2.960938 0.468732
v -0.491118 -2.882813 0.491118
v 0.406164 -3.000000 -0.406164
v 0.383552 -3.000000 -0.383552
v 0.362796 -3.000001 -0.362796
v 0.406164 -3.000000 0.406164
v 0.383552 -3.000000 0.383552
v 0.362796 -3.000001 0.362796
v -0.277597 -3.570978 -0.146294
v -0.293277 -3.571105 -0.000000
v -0.277597 -3.570978 0.146294
v 0.146294 -3.570978 -0.277597
v -0.000000 -3.571105 -0.293277
v -0.146294 -3.570978 -0.277597
v 0.277597 -3.570978 0.146294
v 0.293277 -3.571105 0.000000
v 0.277597 -3.570978 -0.146294
v -0.146294 -3.570978 0.277597
v -0.000000 -3.571105 0.293277
v 0.146294 -3.570978 0.277597
v -0.323402 -3.523376 0.323402
v -0.309888 -3.554167 0.309888
v -0.280719 -3.567199 0.280719
v 0.327469 -3.044132 0.327469
v 0.329766 -3.014711 0.329766
v 0.335506 -3.002943 0.335506
v 0.323402 -3.523376 -0.323402
v 0.309888 -3.554167 -0.309888
v 0.280719 -3.567199 -0.280719
v -0.327469 -3.044132 -0.327469
v -0.329766 -3.014711 -0.329766
v -0.335506 -3.002943 -0.335506
v 0.420494 -3.411616 0.178609
v -0.326895 -3.282655 0.326895
v 0.420494 -3.366844 0.178609
v 0.280719 -3.567199 0.280719
v 0.309888 -3.554167 0.309888
v 0.323402 -3.523376 0.323402
v 0.452044 -3.411616 -0.000176
v 0.326895 -3.282655 -0.326895
v 0.452044 -3.366844 -0.000176
v -0.280719 -3.567199 -0.280719
v -0.309888 -3.554167 -0.309888
v -0.323402 -3.523376 -0.323402
v -0.420298 -3.470756 -0.178624
v -0.451822 -3.470757 -0.000000
v -0.420298 -3.470756 0.178624
v 0.420298 -3.470756 0.178624
v 0.451822 -3.470756 0.000000
v 0.420298 -3.470756 -0.178624
v 0.178624 -3.470756 -0.420298
v 0.000000 -3.470757 -0.451822
v -0.178624 -3.470756 -0.420298
v -0.178624 -3.470756 0.420298
v -0.000000 -3.470757 0.451822
v 0.178624 -3.470756 0.420298
v 0.420494 -3.366844 -0.178960
v 0.326895 -3.282655 0.326895
v 0.420494 -3.411616 -0.178960
v 0.420494 -3.205115 0.178609
v -0.326895 -3.282655 -0.326895
v 0.420494 -3.160343 0.178609
v -0.335506 -3.002943 0.335506
v -0.329766 -3.014711 0.329766
v -0.327469 -3.044132 0.327469
v 0.335506 -3.002943 -0.335506
v 0.329766 -3.014711 -0.329766
v 0.327469 -3.044132 -0.327469
v -0.178811 -3.095569 0.420731
v 0.000000 -3.095569 0.452286
v 0.178811 -3.095569 0.420731
v 0.178811 -3.095569 -0.420731
v -0.000000 -3.095569 -0.452286
v -0.178811 -3.095569 -0.420731
v 0.420731 -3.095569 0.178811
v 0.452286 -3.095569 -0.000000
v 0.420731 -3.095569 -0.178811
v -0.420731 -3.095569 -0.178811
v -0.452286 -3.095569 0.000000
v -0.420731 -3.095569 0.178811
v -0.491117 -2.882813 -0.491117
v -0.468732 -2.960938 -0.468732
v -0.448644 -2.992188 -0.448644
v -0.362796 -3.000001 0.362796
v -0.383552 -3.000000 0.383552
v -0.406164 -3.000000 0.406164
v 0.491117 -2.882813 -0.491117
v 0.468732 -2.960938 -0.468732
v 0.448644 -2.992188 -0.448644
v 0.491117 -2.882813 0.491117
v 0.468732 -2.960938 0.468732
v 0.448644 -2.992188 0.448644
v 0.234224 -2.999349 0.551115
v 0.000000 -2.999350 0.592449
v -0.234224 -2.999349 0.551115
v 0.551115 -2.999349 -0.234224
v 0.592449 -2.999350 -0.000000
v 0.551115 -2.999349 0.234224
v -0.234224 -2.999349 -0.551115
v -0.000000 -2.999350 -0.592449
v 0.234224 -2.999349 -0.551115
v -0.551115 -2.999349 0.234224
v -0.592449 -2.999350 0.000000
v -0.551115 -2.999349 -0.234224
v -0.550934 1.862190 0.233678
v 0.160335 2.194797 -0.371223
v -0.305308 2.469669 0.137675
v -0.591450 1.862872 -0.000000
v 0.157197 2.217348 -0.363308
v -0.323144 2.480016 0.000000
v -0.550067 1.862186 -0.233679
v -0.000000 2.198915 -0.396810
v -0.305251 2.469670 -0.137675
v -0.233984 1.862182 -0.548766
v -0.000000 2.221325 -0.388378
v -0.137694 2.469671 -0.305166
v -0.000000 1.862866 -0.589586
v -0.157197 2.217348 -0.363308
v -0.000000 2.480018 -0.323022
v 0.233983 1.862183 -0.548766
v -0.160335 2.194796 -0.371223
v 0.137694 2.469671 -0.305166
v 0.550067 1.862186 -0.233679
v -0.371533 2.194818 -0.160264
v 0.305251 2.469670 -0.137675
v 0.591450 1.862872 -0.000000
v -0.363593 2.217341 -0.157137
v 0.323144 2.480016 0.000000
v 0.550934 1.862190 0.233678
v -0.397261 2.198954 -0.000000
v 0.305308 2.469669 0.137675
v 0.234851 1.862187 0.548764
v -0.388799 2.221313 -0.000000
v 0.137751 2.469670 0.305167
v -0.000000 1.862869 0.589584
v -0.363804 2.217333 0.157138
v -0.000000 2.480017 0.323022
v -0.234851 1.862187 0.548764
v -0.371757 2.194843 0.160260
v -0.137751 2.469670 0.305167
v 0.176861 -3.523379 0.416214
v -0.000000 -3.523382 0.447452
v -0.176861 -3.523379 0.416214
v 0.169625 -3.554185 0.398563
v -0.000000 -3.554204 0.428433
v -0.169625 -3.554186 0.398563
v 0.155874 -3.567266 0.355862
v 0.000000 -3.567323 0.381224
v -0.155874 -3.567266 0.355862
v 0.099366 2.772096 -0.099366
v -0.000000 2.809313 -0.098457
v -0.099366 2.772096 -0.099366
v 0.098457 2.809313 -0.000000
v -0.000000 2.851195 -0.000000
v -0.098457 2.809313 -0.000000
v 0.099366 2.772096 0.099366
v -0.000000 2.809313 0.098457
v -0.099366 2.772096 0.099366
v 0.380295 -1.125000 0.883635
v 0.392349 -0.750000 0.906501
v 0.397765 -0.375000 0.914847
v 0.000000 -1.125000 0.949908
v 0.000000 -0.750000 0.974489
v 0.000000 -0.375000 0.983461
v -0.380295 -1.125000 0.883635
v -0.392349 -0.750000 0.906501
v -0.397765 -0.375000 0.914847
v 0.888913 -1.125000 -0.375545
v 0.914375 -0.750000 -0.385263
v 0.924798 -0.375000 -0.388810
v 0.957473 -1.125000 -0.000000
v 0.985774 -0.750000 -0.000000
v 0.997723 -0.375000 -0.000000
v 0.892431 -1.125000 0.375545
v 0.919624 -0.750000 0.385263
v 0.931431 -0.375000 0.388810
v -0.376776 -1.125000 -0.883635
v -0.387100 -0.750000 -0.906501
v -0.391132 -0.375000 -0.914847
v -0.000000 -1.125000 -0.949907
v -0.000000 -0.750000 -0.974489
v -0.000000 -0.375000 -0.983461
v 0.376776 -1.125000 -0.883635
v 0.387100 -0.750000 -0.906501
v 0.391132 -0.375000 -0.914847
v -0.892431 -1.125000 0.375545
v -0.919624 -0.750000 0.385263
v -0.931431 -0.375000 0.388810
v -0.957473 -1.125000 -0.000000
v -0.985774 -0.750000 -0.000000
v -0.997723 -0.375000 -0.000000
v -0.888913 -1.125000 -0.375545
v -0.914375 -0.750000 -0.385263
v -0.924797 -0.375000 -0.388810
v 0.382144 0.375000 0.878090
v 0.359434 0.750000 0.829052
v 0.326741 1.125000 0.757625
v -0.000000 0.375000 0.943947
v -0.000000 0.750000 0.891232
v -0.000000 1.125000 0.814446
v -0.382144 0.375000 0.878090
v -0.359434 0.750000 0.829053
v -0.326741 1.125000 0.757625
v 0.888041 0.375000 -0.373188
v 0.836926 0.750000 -0.352347
v 0.762902 1.125000 -0.321990
v 0.958209 0.375000 -0.000000
v 0.902517 0.750000 -0.000000
v 0.822012 1.125000 0.000000
v 0.894674 0.375000 0.373188
v 0.842175 0.750000 0.352347
v 0.766421 1.125000 0.321990
v -0.375510 0.375000 -0.878090
v -0.354185 0.750000 -0.829053
v -0.323222 1.125000 -0.757625
v -0.000000 0.375000 -0.943947
v -0.000000 0.750000 -0.891232
v -0.000000 1.125000 -0.814447
v 0.375510 0.375000 -0.878090
v 0.354184 0.750000 -0.829053
v 0.323222 1.125000 -0.757625
v -0.894674 0.375000 0.373188
v -0.842175 0.750000 0.352347
v -0.766421 1.125000 0.321990
v -0.958209 0.375000 -0.000000
v -0.902517 0.750000 -0.000000
v -0.822012 1.125000 -0.000000
v -0.888041 0.375000 -0.373188
v -0.836926 0.750000 -0.352347
v -0.762903 1.125000 -0.321990
v -0.548994 -1.853836 0.547311
v -0.758191 -2.211008 0.321927
v -0.545843 -1.887963 0.544315
v -0.481952 -2.503087 0.481871
v -0.814901 -2.211009 0.000000
v -0.478115 -2.535384 0.478060
v 0.292335 2.190706 0.291827
v -0.757904 -2.211010 -0.321927
v 0.286195 2.213392 0.285743
v 0.292005 2.190672 -0.291835
v -0.322027 -2.211012 -0.757475
v 0.285890 2.213404 -0.285740
v -0.292005 2.190672 -0.291835
v -0.000000 -2.211012 -0.814286
v -0.285890 2.213404 -0.285740
v 0.478115 -2.535384 0.478060
v 0.322027 -2.211012 -0.757476
v 0.481952 -2.503087 0.481871
v 0.545844 -1.887963 0.544315
v 0.757904 -2.211010 -0.321927
v 0.548994 -1.853836 0.547311
v 0.478078 -2.535388 -0.478060
v 0.814901 -2.211009 0.000000
v 0.481900 -2.503069 -0.481873
v 0.544821 -1.888000 -0.544312
v 0.758191 -2.211008 0.321927
v 0.547878 -1.853770 -0.547317
v -0.478078 -2.535388 -0.478060
v 0.322313 -2.211010 0.757476
v -0.481900 -2.503069 -0.481873
v -0.544821 -1.888000 -0.544312
v -0.008045 -2.211459 0.812829
v -0.547878 -1.853770 -0.547317
v -0.286195 2.213392 0.285743
v -0.322867 -2.200281 0.763008
v -0.292335 2.190706 0.291827
v -0.577343 -2.992188 -0.245371
v -0.620644 -2.992188 0.000000
v -0.577343 -2.992188 0.245371
v -0.603194 -2.960938 -0.256358
v -0.648434 -2.960938 -0.000000
v -0.603194 -2.960938 0.256358
v -0.632001 -2.882813 -0.268600
v -0.679401 -2.882813 -0.000000
v -0.632001 -2.882813 0.268600
v 0.245371 -2.992188 -0.577343
v -0.000000 -2.992188 -0.620644
v -0.245371 -2.992188 -0.577343
v 0.256358 -2.960938 -0.603194
v 0.000000 -2.960938 -0.648434
v -0.256358 -2.960938 -0.603194
v 0.268600 -2.882813 -0.632001
v 0.000000 -2.882813 -0.679401
v -0.268600 -2.882813 -0.632001
v 0.577343 -2.992188 0.245371
v 0.620644 -2.992188 -0.000000
v 0.577343 -2.992188 -0.245371
v 0.603194 -2.960938 0.256358
v 0.648434 -2.960938 0.000000
v 0.603194 -2.960938 -0.256358
v 0.632001 -2.882813 0.268600
v 0.679401 -2.882813 0.000000
v 0.632001 -2.882813 -0.268600
v -0.245371 -2.992188 0.577343
v 0.000000 -2.992188 0.620644
v 0.245371 -2.992188 0.577343
v -0.256358 -2.960938 0.603194
v -0.000000 -2.960938 0.648434
v 0.256358 -2.960938 0.603194
v -0.268600 -2.882813 0.632001
v -0.000000 -2.882813 0.679401
v 0.268600 -2.882813 0.632001
v -0.153951 -3.571826 -0.153951
v -0.000000 -3.572029 -0.160466
v 0.153951 -3.571826 -0.153951
v -0.160466 -3.572029 0.000000
v 0.000000 -3.572258 0.000000
v 0.160466 -3.572030 -0.000000
v -0.153951 -3.571826 0.153951
v -0.000000 -3.572029 0.160466
v 0.153951 -3.571826 0.153951
v -0.176861 -3.523379 -0.416214
v 0.000000 -3.523382 -0.447452
v 0.176861 -3.523379 -0.416214
v -0.169625 -3.554185 -0.398563
v 0.000000 -3.554204 -0.428433
v 0.169625 -3.554186 -0.398563
v -0.155874 -3.567266 -0.355862
v -0.000000 -3.567323 -0.381224
v 0.155874 -3.567266 -0.355862
v 0.416214 -3.523379 -0.176861
v 0.447452 -3.523382 0.000000
v 0.416214 -3.523379 0.176861
v 0.398563 -3.554185 -0.169625
v 0.428433 -3.554204 0.000000
v 0.398563 -3.554186 0.169625
v 0.355862 -3.567266 -0.155874
v 0.381224 -3.567323 0.000000
v 0.355862 -3.567266 0.155874
v -0.416214 -3.523379 0.176861
v -0.447452 -3.523382 -0.000000
v -0.416214 -3.523379 -0.176861
v -0.398563 -3.554185 0.169625
v -0.428433 -3.554204 -0.000000
v -0.398563 -3.554186 -0.169625
v -0.355862 -3.567266 0.155874
v -0.381224 -3.567323 -0.000000
v -0.355862 -3.567266 -0.155874
v 0.452044 -3.205115 -0.000176
v 0.452044 -3.160343 -0.000176
v 0.420494 -3.160343 -0.178960
v -0.420669 -3.282655 0.178785
v -0.452220 -3.282655 -0.000000
v -0.420669 -3.282655 -0.178785
v 0.420494 -3.205115 -0.178960
v -0.327071 -3.160343 0.326720
v -0.327071 -3.205115 0.326720
v -0.327071 -3.366844 0.326720
v -0.327071 -3.411616 0.326720
v -0.327071 -3.411616 -0.327071
v 0.420669 -3.282655 -0.178785
v 0.452220 -3.282655 0.000000
v 0.420669 -3.282655 0.178785
v -0.327071 -3.366844 -0.327071
v -0.327071 -3.205115 -0.327071
v -0.327071 -3.160342 -0.327071
v -0.420845 -3.411616 -0.178960
v -0.420845 -3.366844 -0.178960
v -0.452395 -3.411616 -0.000176
v -0.178785 -3.282655 -0.420670
v 0.000000 -3.282655 -0.452220
v 0.178785 -3.282655 -0.420669
v -0.452395 -3.366844 -0.000176
v -0.420845 -3.366844 0.178609
v -0.420845 -3.411616 0.178609
v -0.420845 -3.205115 -0.178960
v -0.420845 -3.160343 -0.178960
v -0.452395 -3.205115 -0.000176
v 0.178785 -3.282655 0.420669
v -0.000000 -3.282655 0.452220
v -0.178785 -3.282655 0.420669
v -0.452395 -3.160343 -0.000176
v -0.420845 -3.160343 0.178609
v -0.420845 -3.205115 0.178609
v 0.183494 -3.002943 0.431750
v -0.000000 -3.002943 0.464132
v -0.183494 -3.002943 0.431750
v 0.180354 -3.014711 0.424363
v -0.000000 -3.014711 0.456190
v -0.180354 -3.014711 0.424363
v 0.179098 -3.044132 0.421408
v 0.000000 -3.044132 0.453014
v -0.179098 -3.044132 0.421408
v -0.183494 -3.002943 -0.431750
v 0.000000 -3.002943 -0.464132
v 0.183494 -3.002943 -0.431750
v -0.180354 -3.014711 -0.424363
v 0.000000 -3.014711 -0.456190
v 0.180354 -3.014711 -0.424363
v -0.179098 -3.044132 -0.421408
v -0.000000 -3.044132 -0.453014
v 0.179098 -3.044132 -0.421408
v 0.431750 -3.002943 -0.183494
v 0.464132 -3.002943 0.000000
v 0.431750 -3.002943 0.183494
v 0.424363 -3.014711 -0.180354
v 0.456190 -3.014711 0.000000
v 0.424363 -3.014711 0.180354
v 0.421408 -3.044132 -0.179098
v 0.453014 -3.044132 -0.000000
v 0.421408 -3.044132 0.179098
v -0.431750 -3.002943 0.183494
v -0.464132 -3.002943 -0.000000
v -0.431750 -3.002943 -0.183494
v -0.424363 -3.014711 0.180354
v -0.456190 -3.014711 -0.000000
v -0.424363 -3.014711 -0.180354
v -0.421408 -3.044132 0.179098
v -0.453014 -3.044132 0.000000
v -0.421408 -3.044132 -0.179098
v -0.198419 -3.000001 0.466869
v 0.000000 -3.000000 0.501884
v 0.198419 -3.000000 0.466869
v -0.209771 -3.000001 0.493579
v 0.000000 -3.000001 0.530597
v 0.209771 -3.000001 0.493579
v -0.222138 -3.000001 0.522677
v 0.000000 -3.000000 0.561878
v 0.222138 -3.000000 0.522677
v 0.466869 -3.000001 0.198419
v 0.501884 -3.000000 -0.000000
v 0.466869 -3.000000 -0.198419
v 0.493579 -3.000001 0.209771
v 0.530597 -3.000001 -0.000000
v 0.493579 -3.000001 -0.209771
v 0.522677 -3.000001 0.222138
v 0.561878 -3.000000 -0.000000
v 0.522677 -3.000000 -0.222138
v 0.198419 -3.000001 -0.466869
v -0.000000 -3.000000 -0.501884
v -0.198419 -3.000000 -0.466869
v 0.209771 -3.000001 -0.493579
v -0.000000 -3.000001 -0.530597
v -0.209771 -3.000001 -0.493579
v 0.222138 -3.000001 -0.522677
v -0.000000 -3.000000 -0.561878
v -0.222138 -3.000000 -0.522677
v -0.466869 -3.000001 -0.198419
v -0.501884 -3.000000 0.000000
v -0.466869 -3.000000 0.198419
v -0.493579 -3.000001 -0.209771
v -0.530597 -3.000001 0.000000
v -0.493579 -3.000001 0.209771
v -0.522677 -3.000001 -0.222138
v -0.561878 -3.000000 0.000000
v -0.522677 -3.000000 0.222138
v -0.345348 2.190706 0.344748
v -0.338094 2.213392 0.337560
v -0.647232 -1.853770 -0.646569
v -0.643621 -1.888000 -0.643019
v -0.569290 -2.503069 -0.569258
v -0.564774 -2.535388 -0.564753
v 0.647232 -1.853770 -0.646569
v 0.643621 -1.888000 -0.643019
v 0.569290 -2.503069 -0.569258
v 0.564774 -2.535388 -0.564753
v 0.648551 -1.853836 0.646563
v 0.644829 -1.887963 0.643024
v 0.569351 -2.503087 0.569255
v 0.564818 -2.535384 0.564753
v -0.337734 2.213404 -0.337556
v -0.344958 2.190672 -0.344758
v 0.337734 2.213404 -0.337556
v 0.344958 2.190672 -0.344758
v 0.338094 2.213392 0.337560
v 0.345348 2.190706 0.344748
v -0.564818 -2.535384 0.564753
v -0.569351 -2.503087 0.569255
v -0.644829 -1.887963 0.643024
v -0.648550 -1.853836 0.646563
v -0.439173 2.194843 0.189322
v -0.429777 2.217333 0.185634
v -0.459305 2.221313 -0.000000
v -0.469301 2.198954 -0.000000
v -0.429528 2.217341 -0.185633
v -0.438908 2.194818 -0.189326
v -0.189411 2.194796 -0.438541
v -0.185704 2.217348 -0.429191
v -0.000000 2.221325 -0.458808
v -0.000000 2.198915 -0.468768
v 0.185704 2.217348 -0.429191
v 0.189411 2.194797 -0.438541
v 0.438908 2.194818 -0.189326
v 0.429528 2.217341 -0.185633
v 0.459305 2.221313 0.000000
v 0.469301 2.198954 0.000000
v 0.429777 2.217333 0.185634
v 0.439173 2.194843 0.189322
v 0.189682 2.194821 0.438532
v 0.185950 2.217339 0.429195
v -0.000000 2.221318 0.458812
v -0.000000 2.198936 0.468760
v -0.185950 2.217339 0.429195
v -0.189682 2.194822 0.438532
v -0.723660 -2.535385 0.308849
v -0.729462 -2.503090 0.311311
v -0.825830 -1.887956 0.351654
v -0.830560 -1.853848 0.353588
v -0.782815 -2.503084 -0.000000
v -0.776594 -2.535387 -0.000000
v -0.890846 -1.853832 -0.000000
v -0.885812 -1.887967 -0.000000
v -0.729420 -2.503077 -0.311312
v -0.723630 -2.535388 -0.308849
v -0.829655 -1.853799 -0.353591
v -0.824999 -1.887984 -0.351652
v -0.308858 -2.535389 -0.723589
v -0.311326 -2.503065 -0.729362
v -0.351895 -1.888009 -0.823867
v -0.353862 -1.853756 -0.828418
v -0.000000 -2.503063 -0.782731
v -0.000000 -2.535391 -0.776534
v -0.000000 -1.853753 -0.889034
v -0.000000 -1.888012 -0.884150
v 0.311326 -2.503065 -0.729362
v 0.308858 -2.535389 -0.723589
v 0.353862 -1.853756 -0.828418
v 0.351895 -1.888009 -0.823867
v 0.723630 -2.535388 -0.308849
v 0.729420 -2.503077 -0.311312
v 0.824999 -1.887984 -0.351652
v 0.829655 -1.853799 -0.353591
v 0.782815 -2.503084 0.000000
v 0.776594 -2.535387 0.000000
v 0.890846 -1.853832 0.000000
v 0.885811 -1.887967 0.000000
v 0.729462 -2.503090 0.311311
v 0.723660 -2.535385 0.308849
v 0.830560 -1.853848 0.353588
v 0.825830 -1.887956 0.351654
v 0.308888 -2.535387 0.723589
v 0.311369 -2.503078 0.729360
v 0.352724 -1.887981 0.823871
v 0.354771 -1.853805 0.828412
v -0.000000 -2.503073 0.782729
v -0.000000 -2.535389 0.776535
v 0.000000 -1.853791 0.889029
v 0.000000 -1.887989 0.884153
v -0.311369 -2.503078 0.729360
v -0.308888 -2.535387 0.723590
v -0.354771 -1.853805 0.828412
v -0.352724 -1.887981 0.823871
v -0.612574 -2.535385 0.261439
v -0.617485 -2.503090 0.263523
v -0.699060 -1.887956 0.297673
v -0.703064 -1.853848 0.299310
v -0.662648 -2.503084 -0.000000
v -0.657382 -2.535387 -0.000000
v -0.754096 -1.853832 -0.000000
v -0.749834 -1.887967 -0.000000
v -0.617450 -2.503077 -0.263524
v -0.612548 -2.535388 -0.261439
v -0.702298 -1.853799 -0.299313
v -0.698357 -1.887984 -0.297672
v -0.261446 -2.535389 -0.612514
v -0.263536 -2.503065 -0.617401
v -0.297877 -1.888009 -0.697399
v -0.299542 -1.853756 -0.701251
v -0.000000 -2.503063 -0.662577
v -0.000000 -2.535391 -0.657332
v -0.000000 -1.853753 -0.752562
v -0.000000 -1.888012 -0.748428
v 0.263536 -2.503065 -0.617401
v 0.261446 -2.535389 -0.612514
v 0.299542 -1.853756 -0.701251
v 0.297877 -1.888009 -0.697399
v 0.612548 -2.535388 -0.261439
v 0.617450 -2.503077 -0.263524
v 0.698357 -1.887984 -0.297672
v 0.702298 -1.853799 -0.299313
v 0.662648 -2.503084 -0.000000
v 0.657382 -2.535387 -0.000000
v 0.754096 -1.853832 -0.000000
v 0.749834 -1.887967 -0.000000
v 0.617485 -2.503090 0.263523
v 0.612574 -2.535385 0.261439
v 0.703064 -1.853848 0.299310
v 0.699060 -1.887956 0.297673
v 0.261471 -2.535387 0.612514
v 0.263572 -2.503078 0.617399
v 0.298579 -1.887981 0.697402
v 0.300312 -1.853805 0.701246
v -0.000000 -2.503073 0.662575
v -0.000000 -2.535389 0.657332
v -0.000000 -1.853791 0.752558
v -0.000000 -1.887989 0.748430
v -0.263572 -2.503078 0.617399
v -0.261471 -2.535387 0.612514
v -0.300311 -1.853805 0.701246
v -0.298579 -1.887981 0.697402
v -0.326889 -3.215222 0.326901
v -0.326889 -3.146502 0.326901
v -0.326889 -3.418888 0.326901
v -0.326889 -3.349997 0.326901
v 0.326901 -3.215222 -0.326889
v 0.326901 -3.146502 -0.326889
v 0.326901 -3.418888 -0.326889
v 0.326901 -3.349997 -0.326889
v 0.326901 -3.349997 0.326901
v 0.326901 -3.418888 0.326901
v 0.326901 -3.146501 0.326901
v 0.326901 -3.215222 0.326901
v -0.326889 -3.349997 -0.326889
v -0.326889 -3.418888 -0.326889
v -0.326889 -3.146502 -0.326889
v -0.326889 -3.215222 -0.326889
v -0.420664 -3.215222 0.178790
v -0.420664 -3.146502 0.178790
v -0.452214 -3.146502 0.000006
v -0.452214 -3.215223 0.000006
v -0.420664 -3.146502 -0.178779
v -0.420664 -3.215222 -0.178779
v -0.420664 -3.418888 0.178790
v -0.420664 -3.349997 0.178790
v -0.452214 -3.349997 0.000006
v -0.452214 -3.418888 0.000006
v -0.420664 -3.349997 -0.178779
v -0.420664 -3.418888 -0.178779
v 0.420675 -3.215222 -0.178779
v 0.420675 -3.146502 -0.178779
v 0.452226 -3.146502 0.000006
v 0.452226 -3.215223 0.000006
v 0.420675 -3.146502 0.178790
v 0.420675 -3.215222 0.178790
v 0.420675 -3.418888 -0.178779
v 0.420675 -3.349997 -0.178779
v 0.452226 -3.349997 0.000006
v 0.452226 -3.418888 0.000006
v 0.420675 -3.349997 0.178790
v 0.420675 -3.418888 0.178790
v -0.178779 -3.215222 -0.420664
v -0.178779 -3.146502 -0.420664
v 0.000006 -3.146502 -0.452214
v 0.000006 -3.215223 -0.452214
v 0.178790 -3.146501 -0.420664
v 0.178790 -3.215222 -0.420664
v -0.178779 -3.418888 -0.420664
v -0.178779 -3.349997 -0.420664
v 0.000006 -3.349996 -0.452214
v 0.000006 -3.418888 -0.452214
v 0.178790 -3.349997 -0.420664
v 0.178790 -3.418888 -0.420664
v 0.178790 -3.215222 0.420675
v 0.178790 -3.146502 0.420675
v 0.000006 -3.146502 0.452226
v 0.000006 -3.215223 0.452226
v -0.178779 -3.146502 0.420675
v -0.178779 -3.215222 0.420675
v 0.178790 -3.418888 0.420675
v 0.178790 -3.349997 0.420675
v 0.000006 -3.349997 0.452226
v 0.000006 -3.418888 0.452226
v -0.178779 -3.349997 0.420675
v -0.178779 -3.418888 0.420675
v 0.326720 -3.160342 0.326720
v 0.326720 -3.205115 0.326720
v 0.326720 -3.366844 0.326720
v 0.326720 -3.411616 0.326720
v 0.326720 -3.411616 -0.327071
v 0.326720 -3.366844 -0.327071
v 0.326720 -3.205115 -0.327071
v 0.326719 -3.160343 -0.327071
v -0.178960 -3.205115 -0.420845
v -0.178960 -3.160343 -0.420845
v -0.000176 -3.160343 -0.452395
v -0.000176 -3.205115 -0.452395
v 0.178609 -3.160342 -0.420845
v 0.178609 -3.205115 -0.420845
v -0.178960 -3.411616 -0.420845
v -0.178960 -3.366844 -0.420845
v -0.000176 -3.366844 -0.452395
v -0.000176 -3.411616 -0.452395
v 0.178609 -3.366844 -0.420845
v 0.178609 -3.411616 -0.420845
v 0.178609 -3.205115 0.420494
v 0.178609 -3.160343 0.420494
v -0.000176 -3.160343 0.452044
v -0.000176 -3.205115 0.452044
v -0.178960 -3.160343 0.420494
v -0.178960 -3.205115 0.420494
v 0.178609 -3.411616 0.420494
v 0.178609 -3.366844 0.420494
v -0.000176 -3.366844 0.452044
v -0.000176 -3.411616 0.452044
v -0.178960 -3.366844 0.420494
v -0.178960 -3.411616 0.420494
v 0.172601 -3.222502 0.407461
v 0.316410 -3.222502 0.316410
v 0.316410 -3.179030 0.316410
v 0.172601 -3.179031 0.407461
v -0.174584 -3.379534 0.407461
v -0.318393 -3.379534 0.316410
v -0.318393 -3.423007 0.316410
v -0.174584 -3.423007 0.407461
v -0.000992 -3.423007 0.438095
v -0.000992 -3.379534 0.438095
v 0.172601 -3.379534 0.407461
v -0.174584 -3.179031 0.407461
v -0.174584 -3.222502 0.407461
v -0.000992 -3.179031 0.438095
v -0.174584 -3.423007 -0.409444
v -0.318393 -3.423007 -0.318393
v -0.318393 -3.379534 -0.318393
v -0.174584 -3.379534 -0.409444
v 0.172601 -3.179031 -0.409444
v 0.316410 -3.179030 -0.318393
v 0.316410 -3.222502 -0.318393
v 0.172601 -3.222502 -0.409444
v -0.000992 -3.379534 -0.440078
v 0.172601 -3.379534 -0.409444
v -0.000992 -3.423007 -0.440078
v -0.000992 -3.222502 -0.440078
v -0.174584 -3.222502 -0.409444
v -0.174584 -3.179031 -0.409444
v -0.000992 -3.179031 -0.440078
v 0.407461 -3.222502 -0.174584
v 0.172601 -3.423007 -0.409444
v 0.316410 -3.379534 -0.318393
v 0.407461 -3.423007 -0.174584
v 0.316410 -3.423007 -0.318393
v 0.407461 -3.179031 -0.174584
v -0.318393 -3.179030 0.316410
v 0.172601 -3.423007 0.407461
v 0.316410 -3.423006 0.316410
v 0.407461 -3.379534 -0.174584
v 0.407461 -3.423007 0.172601
v 0.316410 -3.379534 0.316410
v 0.407461 -3.222502 0.172601
v 0.438095 -3.423007 -0.000992
v 0.407461 -3.379534 0.172601
v 0.438095 -3.379534 -0.000992
v 0.407461 -3.179031 0.172601
v -0.318393 -3.222502 -0.318393
v -0.000992 -3.222502 0.438095
v 0.438095 -3.222502 -0.000992
v 0.438095 -3.179031 -0.000992
v -0.409444 -3.222502 0.172601
v -0.318393 -3.222502 0.316410
v -0.409444 -3.423007 0.172601
v -0.409444 -3.379534 -0.174584
v -0.409444 -3.179031 0.172601
v -0.409444 -3.179031 -0.174584
v -0.318393 -3.179030 -0.318393
v -0.409444 -3.423007 -0.174584
v -0.409444 -3.379534 0.172601
v -0.409444 -3.222502 -0.174584
v -0.440078 -3.379534 -0.000992
v -0.440078 -3.423007 -0.000992
v -0.440078 -3.179031 -0.000992
v -0.440078 -3.222502 -0.000992
v 0.151627 -3.229521 0.358389
v 0.278231 -3.229521 0.278231
v 0.278231 -3.203574 0.278231
v 0.151627 -3.203574 0.358389
v -0.154021 -3.380090 0.358389
v -0.280625 -3.380090 0.278231
v -0.280625 -3.406037 0.278231
v -0.154021 -3.406037 0.358389
v -0.001197 -3.406037 0.385358
v -0.001197 -3.380090 0.385358
v 0.151627 -3.380090 0.358389
v -0.154021 -3.203574 0.358389
v -0.154021 -3.229521 0.358389
v -0.001197 -3.203574 0.385358
v -0.154021 -3.406037 -0.360783
v -0.280625 -3.406037 -0.280625
v -0.280625 -3.380089 -0.280625
v -0.154021 -3.380089 -0.360783
v 0.151627 -3.203574 -0.360783
v 0.278231 -3.203574 -0.280625
v 0.278231 -3.229521 -0.280625
v 0.151627 -3.229521 -0.360783
v -0.001197 -3.380089 -0.387752
v 0.151627 -3.380090 -0.360783
v -0.001197 -3.406037 -0.387752
v -0.001197 -3.229521 -0.387752
v -0.154021 -3.229521 -0.360783
v -0.154021 -3.203574 -0.360783
v -0.001197 -3.203574 -0.387752
v 0.358389 -3.229521 -0.154021
v 0.151627 -3.406037 -0.360783
v 0.278231 -3.380090 -0.280625
v 0.358389 -3.406037 -0.154021
v 0.278231 -3.406037 -0.280625
v 0.358389 -3.203574 -0.154021
v -0.280625 -3.203574 0.278231
v 0.151627 -3.406037 0.358389
v 0.278231 -3.406037 0.278231
v 0.358389 -3.380090 -0.154021
v 0.358389 -3.406037 0.151627
v 0.278231 -3.380089 0.278231
v 0.358389 -3.229521 0.151627
v 0.385358 -3.406037 -0.001197
v 0.358389 -3.380089 0.151627
v 0.385358 -3.380089 -0.001197
v 0.358389 -3.203574 0.151627
v -0.280625 -3.229521 -0.280625
v -0.001197 -3.229522 0.385358
v 0.385358 -3.229522 -0.001197
v 0.385358 -3.203574 -0.001197
v -0.360783 -3.229521 0.151627
v -0.280625 -3.229521 0.278231
v -0.360783 -3.406037 0.151627
v -0.360783 -3.380090 -0.154021
v -0.360783 -3.203574 0.151627
v -0.360783 -3.203574 -0.154021
v -0.280625 -3.203574 -0.280625
v -0.360783 -3.406037 -0.154021
v -0.360783 -3.380090 0.151627
v -0.360783 -3.229521 -0.154021
v -0.387752 -3.380090 -0.001197
v -0.387752 -3.406037 -0.001197
v -0.387752 -3.203574 -0.001197
v -0.387752 -3.229521 -0.001197
v -0.391600 -2.370995 0.674937
v -0.390011 -2.387127 0.673263
v -0.390011 -2.354863 0.677991
v -0.385305 -2.402640 0.673032
v -0.377664 -2.416937 0.674253
v -0.377664 -2.325053 0.687716
v -0.385305 -2.339350 0.682305
v -0.367380 -2.429467 0.676879
v -0.367380 -2.312522 0.694014
v -0.354849 -2.302238 0.700958
v -0.354849 -2.439752 0.680809
v -0.341780 -2.294969 0.710455
v -0.340552 -2.447393 0.685892
v -0.319631 -2.302211 0.746146
v -0.326929 -2.451913 0.693254
v -0.308308 -2.438644 0.726235
v -0.238627 -2.300787 0.726864
v -0.252923 -2.293146 0.726098
v -0.215812 -2.323602 0.726768
v -0.226096 -2.311071 0.727090
v -0.300365 -2.288338 0.724131
v -0.284568 -2.286851 0.723085
v -0.284832 -2.452211 0.705180
v -0.252923 -2.445942 0.707137
v -0.268436 -2.288440 0.724822
v -0.268436 -2.450648 0.704693
v -0.208170 -2.401189 0.718057
v -0.215812 -2.415485 0.715367
v -0.226096 -2.428016 0.712579
v -0.201875 -2.369544 0.722739
v -0.203464 -2.353411 0.724550
v -0.203464 -2.385677 0.720547
v -0.208170 -2.337899 0.725911
v -0.238627 -2.438301 0.709800
v -0.327541 -1.853805 0.764829
v -0.353748 -1.870893 0.826142
v -0.299445 -1.870893 0.699324
v -0.499881 1.861720 0.337660
v -0.251181 2.575034 -0.120433
v 0.738443 -1.853785 -0.500080
v -0.822471 -1.853832 -0.000000
v -0.860251 -1.853815 -0.176795
v -0.728197 -1.853815 -0.149656
v -0.888329 -1.870899 -0.000000
v -0.751965 -1.870899 -0.000000
v 0.258808 1.683751 -0.607513
v 0.119585 1.862652 -0.579397
v -0.424052 2.221313 -0.000000
v -0.376301 2.219323 0.078569
v 0.822471 -1.853832 -0.000000
v 0.251181 2.575034 -0.120433
v 0.318782 2.476964 -0.070715
v 0.203209 2.677987 -0.055521
v -0.324886 -1.888009 -0.760633
v -0.594221 -1.888000 -0.593666
v -0.421349 -1.888005 -0.620855
v 0.260144 1.683751 0.607513
v -0.498776 -1.887972 0.733447
v 0.326702 -1.853756 -0.764834
v 0.352879 -1.870883 -0.826143
v 0.298710 -1.870883 -0.699325
v -0.339299 1.861718 0.497736
v 0.145368 1.499135 0.700205
v 0.174154 -3.541533 0.409832
v 0.090380 -3.523382 0.439642
v -0.255655 -3.523376 0.377285
v -0.318438 -3.541524 0.318438
v 0.261915 -3.569672 0.261915
v 0.206067 -3.570823 0.261129
v 0.245084 -3.554173 0.361378
v 0.318438 -3.541524 0.318438
v -0.049742 2.799885 0.098586
v 0.148934 2.726261 -0.101745
v -0.148934 2.726261 -0.101745
v -0.387040 -0.937500 0.896722
v 0.397430 -0.187500 0.912775
v 0.201850 -0.000000 0.957104
v 0.982103 -0.375000 0.198693
v 0.700508 -0.937500 -0.696828
v 0.827814 -0.750000 -0.556884
v 0.874323 -1.312059 0.368735
v -0.000000 -0.562500 -0.981099
v 0.197750 -0.750000 -0.957492
v -0.522813 -1.496461 -0.769835
v -0.676455 -1.312058 -0.674206
v 0.390392 -0.187500 -0.912775
v 0.559878 -0.750000 -0.821753
v -0.973425 -0.937500 -0.000000
v -0.939827 -1.125000 -0.191914
v -0.874323 -1.312060 0.368735
v -0.772086 -1.496464 -0.521701
v -0.901640 -1.496473 0.184442
v 0.167021 1.125000 0.800241
v 0.389724 0.187500 0.894643
v 0.306716 1.312387 0.713150
v 0.885365 0.750000 -0.180060
v 0.802814 0.937500 -0.338395
v -0.191809 0.375000 -0.927483
v -0.366027 0.562500 -0.856285
v -0.670444 0.562500 -0.665405
v -0.512300 0.750000 -0.751545
v 0.304033 1.312387 -0.713150
v 0.382686 0.187500 -0.894643
v -0.802815 0.937500 -0.338395
v -0.757606 0.750000 -0.509306
v -0.646690 -1.870900 0.644793
v -0.187557 2.206072 -0.433866
v -0.383631 2.215373 -0.261595
v -0.311812 2.213404 -0.311648
v -0.341346 2.202038 -0.341157
v 0.860703 -1.853840 0.176794
v 0.728580 -1.853840 0.149655
v 0.888329 -1.870899 0.000000
v 0.751965 -1.870899 -0.000000
v 0.318842 2.190707 0.318287
v 0.500547 -1.853763 -0.737493
v -0.187816 2.206081 0.433863
v 0.645426 -1.870885 -0.644794
v 0.325651 -1.887981 0.760637
v 0.396790 2.217333 0.171386
v 0.324999 2.215363 0.221440
v 0.289265 2.202050 0.288785
v -0.590119 -2.980958 0.250801
v -0.499591 -2.999350 0.338563
v -0.438624 -2.997478 0.438624
v -0.503957 -2.819341 0.503956
v -0.604251 -2.738319 0.409481
v 0.000000 -2.980958 -0.634378
v -0.125392 -2.992188 -0.609819
v 0.239891 -2.997478 -0.564450
v 0.000000 -2.819341 -0.697161
v -0.144768 -2.738321 -0.704050
v 0.590119 -2.980958 0.250801
v 0.609819 -2.992188 0.125392
v 0.137263 -2.882813 0.667551
v -0.338563 -2.999349 0.499591
v 0.119695 -2.999349 0.582115
v 0.239891 -2.997478 0.564450
v 0.275623 -2.819341 0.648522
v -0.409489 -2.738320 0.604240
v -0.079013 -3.571978 0.158552
v -0.075736 -3.571071 -0.289039
v -0.000000 -3.571714 -0.231791
v 0.261129 -3.570823 0.206067
v 0.163183 -3.562406 -0.380949
v -0.178163 -3.499214 -0.419231
v 0.223750 -3.567221 -0.324689
v -0.000000 -3.569901 -0.342954
v 0.420959 -3.554199 0.086707
v 0.409199 -3.562439 0.000000
v 0.361378 -3.554173 0.245084
v 0.324689 -3.567221 -0.223750
v -0.420959 -3.554198 0.086707
v -0.380949 -3.562406 0.163183
v -0.377285 -3.523376 0.255655
v -0.443941 -3.470756 -0.091282
v -0.419231 -3.499214 -0.178163
v 0.420662 -3.155937 -0.178792
v 0.381166 -3.160343 -0.258603
v -0.000008 -3.155937 0.452212
v 0.430437 -3.379535 -0.089702
v -0.326290 -3.418638 0.325127
v -0.258603 -3.411616 0.381166
v -0.251913 -3.423007 0.369275
v 0.249930 -3.423007 -0.371258
v -0.178717 -3.374029 0.418561
v -0.419724 -3.418638 -0.178717
v 0.444338 -3.146502 0.091370
v -0.420677 -3.155937 0.178777
v -0.091358 -3.146502 0.444338
v -0.091540 -3.160343 0.444156
v 0.325127 -3.212887 -0.326290
v -0.419724 -3.168277 0.177554
v -0.419724 -3.418638 0.177554
v -0.444326 -3.418888 0.091370
v -0.420677 -3.409849 0.178777
v -0.091358 -3.418887 -0.444326
v -0.178792 -3.409849 -0.420677
v -0.091540 -3.411616 -0.444508
v -0.178792 -3.362062 0.420662
v 0.091525 -3.044132 0.445112
v -0.273764 -3.000245 0.403973
v -0.340191 -3.000950 0.340191
v -0.178886 -3.067662 0.420908
v -0.091378 -3.095568 0.444397
v 0.327081 -3.067662 0.327081
v 0.258465 -3.095568 0.381397
v 0.179550 -3.026663 -0.422470
v -0.096786 -3.000245 -0.470702
v 0.000000 -3.000951 -0.470613
v 0.448234 -3.014711 0.092166
v 0.454155 -3.026663 0.000000
v 0.381397 -3.095569 0.258465
v 0.420908 -3.067662 -0.178886
v -0.448234 -3.014711 0.092166
v -0.422470 -3.026663 0.179550
v -0.403973 -3.000245 0.273764
v 0.203882 -3.000000 0.479723
v -0.353886 -3.000031 0.353886
v 0.228282 -2.999919 0.537134
v -0.417398 -2.999919 0.417398
v -0.394783 -3.000000 0.394783
v -0.303217 -3.000001 0.447434
v 0.515702 -3.000000 -0.000000
v 0.493130 -3.000000 -0.101398
v 0.423222 -3.000000 -0.286808
v 0.203882 -3.000000 -0.479723
v 0.101398 -3.000001 -0.493130
v 0.286808 -3.000001 -0.423222
v -0.000000 -3.000031 -0.489558
v -0.394783 -3.000000 -0.394783
v -0.321093 -3.000000 -0.473812
v 0.228282 -2.999919 -0.537134
v -0.552078 -3.000001 0.113519
v -0.447434 -3.000000 0.303217
v -0.473812 -3.000000 -0.321093
v -0.094705 2.196856 -0.453655
v -0.261719 2.215376 -0.383374
v 0.464303 2.210134 0.000000
v 0.444541 2.219323 0.092817
v -0.735330 -1.887960 0.497339
v -0.352879 -1.870883 -0.826143
v -0.175948 -1.888010 -0.854009
v 0.353748 -1.870893 0.826142
v 0.176362 -1.887985 0.854012
v -0.382874 2.029578 0.381678
v -0.646992 -1.676444 -0.645864
v 0.834214 -1.676481 0.353230
v 0.292261 -2.641234 0.687368
v 0.362447 2.347898 -0.158536
v -0.534379 -2.641232 0.534347
v -0.327158 -2.441809 0.708573
v -0.834214 -1.676481 0.353230
v -0.000000 2.032961 -0.525340
v -0.000000 -2.641236 -0.738810
v 0.791360 -2.359950 -0.000000
v 0.841883 -2.052391 0.000000
v 0.800765 -2.211008 0.164514
v -0.208602 -2.347743 0.735355
v -0.271613 -2.441985 0.715529
v -0.546349 -1.870885 -0.545814
v 0.171450 2.217348 -0.396249
v 0.078598 2.219337 -0.375843
v -0.621589 -1.887992 -0.420992
v 0.299445 -1.870893 0.699324
v 0.221544 2.215376 -0.324524
v 0.149289 -1.887985 0.722916
v -0.298710 -1.870883 -0.699325
v 0.376301 2.219323 0.078569
v -0.148939 -1.888010 -0.722913
v -0.326903 -3.409849 0.326887
v -0.381517 -3.411616 0.258251
v 0.381347 -3.418887 -0.258421
v 0.326887 -3.409849 -0.326903
v -0.258421 -3.146502 -0.381335
v -0.420677 -3.409849 -0.178792
v -0.381335 -3.146502 -0.258421
v 0.258433 -3.418887 -0.381335
v 0.258251 -3.205115 -0.381517
v -0.444508 -3.411616 -0.091540
v -0.178787 -3.124478 0.420678
v 0.420678 -3.124477 -0.178787
v 0.326902 -3.124478 0.326902
v -0.178764 -3.441384 -0.420622
v -0.420622 -3.441384 -0.178764
v -0.326894 -3.321413 -0.326894
v -0.258427 -3.282655 -0.381341
v -0.381341 -3.282654 -0.258427
v -0.326895 -3.243917 -0.326895
v 0.382848 -3.378922 -0.164380
v -0.385191 -3.190412 0.162037
v -0.432420 -3.179030 0.087719
v -0.413992 -3.190412 -0.001171
v -0.381010 -3.203574 0.076901
v -0.299586 -3.418252 0.297244
v -0.222099 -3.406037 0.324771
v 0.162037 -3.418252 -0.385191
v 0.378616 -3.380089 -0.079295
v 0.418561 -3.168277 -0.178717
v -0.371258 -3.222502 -0.251913
v -0.000581 -3.168278 0.449997
v -0.178717 -3.418638 -0.419724
v -0.251913 -3.423006 -0.371258
v 0.087719 -3.379535 -0.432420
v -0.089702 -3.423007 -0.432420
v -0.371258 -3.423006 0.249930
v -0.150127 -3.390814 -0.351620
v -0.222099 -3.406037 -0.327165
v -0.001197 -3.390814 -0.377902
v -0.079295 -3.406037 -0.381010
v -0.327165 -3.406037 0.219705
v -0.273505 -3.218797 -0.273505
v -0.327165 -3.229521 -0.222099
v -0.377902 -3.218796 -0.001197
v 0.219705 -3.406037 -0.327165
v 0.076901 -3.380089 -0.381010
v -0.164379 -3.418252 -0.385191
v -0.001171 -3.378922 -0.413992
v -0.299586 -3.229743 -0.299586
v -0.257219 -2.457258 0.661761
v -0.260288 -2.435121 0.609981
v -0.214987 -2.422599 0.668454
v -0.230190 -2.405023 0.612756
v -0.349343 -2.448791 0.646120
v -0.329410 -2.435121 0.604480
v -0.325651 -1.887981 0.760637
v 0.454237 2.196898 0.094661
v -0.610851 1.683752 0.258341
v -0.171451 2.217348 -0.396249
v -0.092852 2.219337 -0.444000
v -0.211182 2.552218 0.211140
v -0.193009 2.636405 0.154401
v -0.318782 2.476964 -0.070715
v -0.498740 1.861715 -0.337661
v -0.704830 1.499135 0.144003
v 0.855821 -1.887962 0.175827
v 0.817823 -1.887967 -0.000000
v 0.724447 -1.887962 0.148836
v -0.338156 1.861713 -0.497737
v -0.817823 -1.887967 -0.000000
v 0.262433 2.591241 -0.000000
v 0.203211 2.677987 0.055521
v 0.525595 -2.503069 -0.525565
v 0.581462 1.862659 0.119440
v 0.120458 2.575033 0.251153
v 0.070754 2.476964 0.318678
v 0.055524 2.677987 0.203200
v -0.154411 2.636405 0.192996
v 0.327541 -1.853805 0.764829
v 0.324886 -1.888009 -0.760633
v -0.145368 1.499135 0.700205
v -0.000000 1.683970 0.652967
v -0.000000 -3.541542 0.440605
v -0.090380 -3.523382 0.439642
v 0.255655 -3.523376 0.377285
v -0.091282 -3.470756 0.443941
v -0.178163 -3.499214 0.419231
v -0.245084 -3.554173 0.361378
v -0.297106 -3.562369 0.297106
v 0.098586 2.799885 -0.049742
v 0.049742 2.799885 -0.098586
v 0.101746 2.726261 0.148933
v 0.150094 2.757143 -0.000000
v -0.395999 -0.562500 0.912650
v 0.372359 -1.312059 0.867612
v 0.725283 -0.187500 0.709302
v 0.570210 0.000000 0.821420
v 0.000000 -0.187500 0.981233
v -0.201850 -0.000000 0.957104
v 0.185813 -1.496467 0.896997
v 0.907709 -0.937500 0.381107
v 0.805087 -1.125000 -0.542837
v 0.839168 0.000000 0.556659
v 0.199792 -0.375000 -0.966307
v 0.544844 -1.125000 -0.801024
v -0.994035 -0.562500 -0.000000
v -0.967170 -0.750000 -0.196881
v -0.930369 -0.187500 0.387929
v -0.974205 -0.000000 0.196801
v -0.900593 -1.496469 -0.184442
v -0.938454 -1.312059 -0.000000
v -0.000000 0.562500 0.920506
v -0.195374 0.375000 0.927483
v 0.711193 0.187500 0.695212
v -0.000000 1.312394 0.766633
v -0.000000 0.187500 0.961741
v 0.806728 1.125000 -0.164547
v -0.180929 0.750000 -0.875687
v -0.339933 0.937500 -0.796223
v -0.543214 0.375000 -0.795998
v -0.943279 0.375000 0.190710
v -0.871328 0.562500 0.363921
v -0.912236 0.187500 0.380223
v -0.719859 1.312387 0.303094
v -0.803658 0.375000 -0.539431
v -0.158766 2.206072 -0.367265
v 0.734310 -1.887992 -0.497336
v -0.391933 2.192745 -0.267042
v -0.855405 -1.887975 -0.175826
v -0.724095 -1.887975 -0.148836
v 0.549675 -2.503073 -0.372699
v 0.372718 -2.503067 -0.549637
v 0.497758 -1.888005 -0.733443
v -0.326702 -1.853756 -0.764834
v -0.501661 -1.853821 0.737487
v 0.521466 -2.535384 0.521407
v 0.369793 -2.535385 0.545287
v -0.637124 -2.960938 -0.131006
v -0.617008 -2.929200 -0.262228
v -0.582115 -2.999349 0.119695
v -0.564450 -2.997478 0.239891
v -0.250801 -2.980958 -0.590119
v 0.438624 -2.997478 -0.438624
v 0.338563 -2.999349 -0.499591
v -0.275622 -2.819341 -0.648522
v 0.503956 -2.819341 -0.503956
v 0.409483 -2.738320 -0.604240
v 0.634378 -2.980958 0.000000
v 0.609819 -2.992188 -0.125392
v 0.499591 -2.999350 -0.338563
v 0.604245 -2.738320 -0.409481
v -0.250801 -2.980958 0.590119
v -0.125392 -2.992188 0.609819
v -0.119695 -2.999350 0.582115
v 0.000000 -2.997478 0.606783
v 0.079013 -3.571978 0.158552
v -0.148719 -3.571546 -0.221024
v -0.079998 -3.567306 -0.374802
v -0.149320 -3.569813 -0.322072
v 0.380949 -3.562406 0.163183
v 0.377285 -3.523377 0.255655
v -0.420959 -3.554199 -0.086707
v -0.409199 -3.562439 -0.000000
v -0.443941 -3.470756 0.091282
v -0.450680 -3.499215 -0.000000
v -0.361378 -3.554173 0.245084
v -0.420677 -3.203702 0.178777
v -0.000008 -3.203703 0.452212
v 0.249930 -3.379535 -0.371258
v -0.178717 -3.418638 0.418561
v -0.000581 -3.212887 0.449997
v -0.326290 -3.418638 -0.326290
v -0.381517 -3.411616 -0.258603
v -0.371258 -3.423007 -0.251913
v -0.444326 -3.349997 0.091370
v -0.178792 -3.362062 -0.420677
v -0.091358 -3.349997 -0.444326
v -0.091540 -3.366844 -0.444508
v -0.420677 -3.203702 -0.178792
v -0.444508 -3.205115 -0.091540
v 0.420662 -3.155937 0.178777
v 0.444156 -3.160343 0.091188
v -0.091358 -3.215222 0.444338
v -0.091540 -3.205115 0.444156
v -0.371258 -3.179030 -0.251913
v 0.418561 -3.168277 0.177554
v 0.381166 -3.160343 0.258251
v -0.419724 -3.374029 -0.178717
v 0.444338 -3.215222 0.091370
v -0.091525 -3.044132 0.445112
v 0.000000 -3.067662 0.452476
v 0.091378 -3.095569 0.444397
v -0.091525 -3.044132 -0.445112
v -0.186056 -3.000951 -0.437780
v 0.273764 -3.000245 -0.403973
v 0.340191 -3.000950 -0.340191
v -0.258881 -3.044132 -0.382011
v -0.328295 -3.026663 -0.328295
v 0.422470 -3.026663 0.179550
v 0.403973 -3.000245 -0.273764
v -0.448234 -3.014711 -0.092166
v -0.454155 -3.026663 -0.000000
v -0.382011 -3.044132 -0.258881
v -0.420908 -3.067662 -0.178886
v -0.444397 -3.095568 -0.091378
v -0.107199 -3.000001 0.521343
v -0.215913 -3.000000 0.508032
v 0.394783 -3.000000 0.394783
v 0.321093 -3.000000 0.473812
v 0.000000 -2.999919 0.577419
v -0.321093 -3.000000 0.473812
v 0.479723 -3.000000 -0.203882
v 0.353886 -3.000031 -0.353886
v 0.417398 -2.999919 -0.417398
v 0.473812 -3.000000 0.321093
v -0.000000 -3.000000 -0.515702
v -0.101398 -3.000000 -0.493130
v -0.193546 -3.000031 -0.455403
v -0.372785 -3.000000 -0.372785
v -0.303217 -3.000000 -0.447434
v -0.479723 -3.000000 -0.203882
v -0.493130 -3.000001 -0.101398
v -0.473812 -3.000000 0.321093
v -0.537134 -2.999919 0.228282
v -0.447434 -3.000001 -0.303217
v -0.267184 2.192734 -0.391650
v -0.739555 -1.853842 0.500075
v -0.176931 -1.853755 -0.858726
v 0.177386 -1.853798 0.858721
v -0.783011 -2.052399 -0.332587
v -0.736182 -2.359946 -0.312898
v -0.292246 -2.641235 -0.687367
v 0.465498 -2.211012 -0.686659
v 0.608532 -2.052407 -0.608117
v 0.686990 -2.211011 -0.465335
v 0.572235 -2.359942 -0.572116
v 0.534359 -2.641234 -0.534347
v 0.355059 -1.676462 0.830835
v -0.382122 2.029562 -0.381683
v 0.158712 2.347897 0.362253
v -0.363359 -2.427970 0.686335
v -0.386617 2.354052 0.000000
v 0.526462 2.032981 -0.000000
v -0.895926 -1.676474 -0.000000
v -0.017095 -2.360899 0.787958
v -0.001006 -2.052457 0.840625
v -0.287373 -2.440311 0.721946
v -0.181992 -2.209048 0.797938
v -0.244200 -2.433684 0.719652
v -0.257479 -2.439184 0.717259
v 0.480033 -2.519236 0.479966
v 0.545344 -2.535385 0.369750
v -0.221544 2.215376 -0.324524
v 0.150156 -1.853798 0.726902
v -0.149771 -1.853755 -0.726907
v 0.326887 -3.362062 -0.326903
v 0.381347 -3.349996 -0.258421
v -0.258421 -3.215222 -0.381335
v -0.420677 -3.362062 -0.178792
v -0.326903 -3.409849 -0.326903
v -0.258603 -3.411616 -0.381517
v -0.178792 -3.409849 0.420662
v 0.258433 -3.349997 -0.381335
v -0.381335 -3.215222 -0.258421
v 0.258251 -3.160343 -0.381517
v -0.444508 -3.366844 -0.091540
v -0.420669 -3.243918 0.178785
v -0.420669 -3.321413 0.178785
v -0.178764 -3.441384 0.420624
v -0.420676 -3.124478 -0.178787
v -0.444332 -3.282655 0.091364
v -0.452169 -3.441384 0.000001
v 0.000001 -3.124478 0.452229
v 0.297244 -3.378922 -0.299586
v 0.369275 -3.379535 -0.251913
v 0.324771 -3.380090 -0.222099
v -0.413992 -3.229743 -0.001171
v -0.164380 -3.418252 0.382848
v -0.089702 -3.423006 0.430437
v -0.079295 -3.406037 0.378616
v 0.162037 -3.378922 -0.385191
v 0.219705 -3.380090 -0.327165
v -0.432420 -3.179030 -0.089702
v -0.385191 -3.190412 -0.164380
v -0.381010 -3.203574 -0.079295
v 0.325127 -3.168277 -0.326290
v -0.419724 -3.212887 -0.178717
v -0.178717 -3.374029 -0.419724
v -0.419724 -3.212887 0.177554
v 0.430437 -3.423006 0.087719
v -0.273505 -3.390814 -0.273505
v 0.271111 -3.390814 -0.273505
v -0.351620 -3.218797 -0.150127
v -0.327165 -3.203574 -0.222099
v 0.147733 -3.390815 -0.351620
v 0.349226 -3.390814 0.147733
v 0.378616 -3.406037 0.076901
v -0.327165 -3.406037 -0.222099
v 0.382848 -3.418252 0.162037
v -0.299586 -3.418252 -0.299586
v -0.001171 -3.229743 0.411650
v -0.199127 -2.370318 0.674450
v -0.221886 -2.363276 0.615089
v -0.240950 -2.292073 0.677805
v -0.260288 -2.305803 0.616044
v -0.293231 -2.276214 0.674732
v -0.302055 -2.297505 0.615026
v -0.375306 -2.318265 0.651738
v -0.359508 -2.335901 0.605039
v -0.391166 -2.370546 0.641345
v -0.367812 -2.377648 0.601367
v -0.000000 -2.503063 -0.722654
v 0.155663 -2.503064 -0.756046
v 0.131768 -2.503064 -0.639989
v -0.605780 1.499057 0.407302
v -0.475278 1.683532 0.472245
v -0.703786 1.499135 -0.144003
v -0.655839 1.683970 -0.000000
v -0.392261 2.192774 0.267035
v -0.341721 2.202049 0.341154
v -0.120439 2.575033 -0.251153
v -0.055521 2.677987 -0.203200
v 0.070724 2.476965 -0.318677
v 0.197237 2.461411 -0.281544
v 0.673473 -2.503090 0.287417
v -0.750127 -2.535386 0.154425
v -0.668117 -2.535385 0.285144
v -0.634978 -2.535386 0.130719
v 0.281609 2.461411 -0.197205
v 0.251199 2.575033 0.120433
v 0.567032 -2.519228 -0.567005
v -0.171678 2.217340 0.396253
v -0.078703 2.219329 0.375846
v 0.171678 2.217339 0.396253
v -0.000000 2.591241 0.262394
v -0.055524 2.677987 0.203200
v -0.410966 1.499057 0.600980
v -0.260144 1.683751 0.607513
v -0.120051 1.862656 0.579395
v -0.174154 -3.541533 0.409831
v 0.091282 -3.470756 0.443941
v -0.000000 -3.499215 0.450680
v -0.258196 -3.470756 0.381003
v -0.325767 -3.499213 0.325767
v -0.223750 -3.567221 0.324689
v -0.000000 2.840703 -0.048744
v -0.049742 2.799885 -0.098586
v -0.101745 2.726261 -0.148933
v -0.000000 2.757143 0.150093
v 0.148934 2.726260 0.101745
v 0.194389 -1.125000 0.933339
v 0.387040 -0.937500 0.896722
v 0.722869 -0.562500 0.709205
v 0.574529 -0.375000 0.829319
v -0.397430 -0.187500 0.912775
v -0.185813 -1.496467 0.896997
v 0.000000 -1.312058 0.932682
v 0.927693 -0.562500 0.387876
v 0.772086 -1.496464 -0.521701
v 0.676455 -1.312058 -0.674207
v 0.845712 -0.375000 0.562012
v 0.382645 -0.937500 -0.896722
v 0.522813 -1.496461 -0.769835
v -0.978538 -0.375000 -0.198693
v -0.996364 -0.187500 -0.000000
v -0.970345 0.000000 -0.196801
v -0.871638 -1.312058 -0.368735
v -0.000000 0.937500 0.855939
v -0.183751 0.750000 0.875687
v -0.306716 1.312387 0.713150
v -0.560276 1.312380 0.554182
v -0.389724 0.187500 0.894643
v 0.933443 0.562500 -0.000000
v 0.943279 0.375000 0.190710
v 0.622412 0.937500 -0.618731
v 0.690857 1.125000 -0.465426
v -0.165129 1.125000 -0.800241
v 0.467433 1.125000 -0.686795
v -0.888186 0.750000 0.180060
v -0.807209 0.937500 0.338395
v -0.772402 1.312394 -0.000000
v -0.976871 0.187500 -0.000000
v -0.598772 -1.853836 0.596937
v -0.547419 -1.870900 0.545813
v 0.594221 -1.888000 -0.593666
v 0.621589 -1.887992 -0.420992
v -0.396561 2.217341 -0.171385
v -0.324742 2.215373 -0.221438
v 0.668089 -2.535387 -0.285144
v 0.649355 -2.503073 -0.440285
v -0.673435 -2.503076 -0.287418
v -0.726525 -2.519232 -0.310081
v -0.614999 -2.519232 -0.262482
v 0.726561 -2.519237 0.310080
v 0.615029 -2.519237 0.262481
v -0.376196 2.219327 -0.078569
v -0.454237 2.196898 0.094661
v -0.434475 2.206088 0.187478
v 0.750112 -2.535387 -0.154425
v 0.634965 -2.535387 -0.130720
v -0.726561 -2.519237 0.310080
v -0.615029 -2.519237 0.262481
v -0.221800 2.215366 0.324527
v 0.726525 -2.519232 -0.310081
v 0.614999 -2.519232 -0.262482
v -0.267515 2.192764 0.391640
v -0.175123 2.194822 0.404873
v -0.226450 2.192764 0.331520
v 0.440308 -2.503067 -0.649310
v 0.312144 2.213392 0.311651
v 0.221800 2.215366 0.324527
v -0.080282 2.196879 0.384008
v -0.158985 2.206081 0.367263
v 0.421349 -1.888005 -0.620855
v 0.546349 -1.870885 -0.545814
v -0.597555 -1.853770 -0.596943
v -0.423710 -1.853763 -0.624284
v -0.424653 -1.853821 0.624278
v 0.158985 2.206080 0.367263
v 0.383631 2.215373 -0.261594
v -0.637124 -2.960938 0.131006
v -0.663284 -2.929200 -0.000000
v -0.582115 -2.999350 -0.119695
v -0.606783 -2.997478 0.000000
v 0.131006 -2.960938 -0.637124
v 0.262228 -2.929200 -0.617008
v 0.388253 -2.882813 -0.572915
v 0.479467 -2.929200 -0.479467
v 0.590119 -2.980958 -0.250801
v 0.438624 -2.997478 0.438624
v 0.499591 -2.999349 0.338563
v 0.572915 -2.882813 -0.388253
v -0.000000 -2.980958 0.634378
v 0.125392 -2.992188 0.609819
v -0.239891 -2.997478 0.564450
v 0.338563 -2.999350 0.499591
v -0.158552 -3.571978 -0.079013
v -0.079013 -3.571978 -0.158552
v 0.289039 -3.571071 0.075736
v 0.221025 -3.571546 0.148719
v 0.079998 -3.567306 -0.374802
v 0.374802 -3.567306 -0.079998
v 0.322072 -3.569812 0.149320
v -0.380949 -3.562406 -0.163183
v -0.381003 -3.470756 0.258196
v -0.419231 -3.499214 0.178163
v -0.324689 -3.567221 0.223750
v -0.381335 -3.215222 0.258433
v 0.369275 -3.423006 -0.251913
v 0.087719 -3.423006 -0.432420
v 0.087719 -3.222502 0.430437
v 0.325127 -3.168277 0.325127
v 0.258251 -3.160343 0.381166
v 0.249930 -3.222502 0.369275
v -0.000008 -3.362062 -0.452228
v 0.091370 -3.349997 -0.444326
v 0.091188 -3.366844 -0.444508
v 0.452212 -3.409849 -0.000008
v 0.444156 -3.411616 -0.091540
v -0.420677 -3.155937 -0.178792
v -0.444508 -3.160343 -0.091540
v -0.444326 -3.215222 0.091370
v -0.091358 -3.215222 -0.444326
v -0.178792 -3.203702 -0.420677
v -0.091540 -3.205115 -0.444508
v -0.178792 -3.155937 0.420662
v -0.419724 -3.168277 -0.178717
v -0.178717 -3.212887 -0.419724
v 0.087719 -3.423007 0.430437
v 0.369275 -3.379535 0.249930
v -0.371258 -3.379535 -0.251913
v -0.451160 -3.418638 -0.000581
v -0.444508 -3.411616 0.091188
v -0.452228 -3.409849 -0.000008
v 0.181630 -3.007172 0.427364
v 0.093771 -3.002943 0.456036
v -0.265234 -3.002942 0.391386
v -0.332098 -3.007172 0.332098
v 0.178886 -3.067662 0.420908
v 0.091525 -3.044132 -0.445112
v -0.327081 -3.067662 -0.327081
v -0.258465 -3.095568 -0.381397
v -0.260696 -3.014711 -0.384690
v -0.332098 -3.007172 -0.332098
v 0.445112 -3.044132 -0.091525
v 0.470702 -3.000246 0.096786
v 0.437780 -3.000951 0.186056
v -0.422470 -3.026663 -0.179550
v -0.391386 -3.002943 0.265234
v -0.384690 -3.014711 -0.260696
v -0.381397 -3.095568 -0.258465
v -0.452476 -3.067662 0.000000
v -0.444397 -3.095569 0.091378
v 0.107199 -3.000000 0.521342
v 0.000000 -3.000000 0.546134
v 0.372785 -3.000000 0.372785
v 0.303217 -3.000000 0.447434
v 0.417398 -2.999919 0.417398
v -0.228282 -2.999919 0.537134
v 0.521343 -3.000001 0.107199
v 0.508032 -3.000000 0.215913
v 0.455403 -3.000031 0.193546
v 0.447434 -3.000001 0.303217
v -0.203882 -3.000000 -0.479723
v -0.286808 -3.000000 -0.423222
v -0.515702 -3.000000 0.000000
v -0.493130 -3.000000 0.101398
v -0.423222 -3.000001 -0.286808
v -0.577419 -2.999919 0.000000
v -0.000000 2.210121 -0.463788
v 0.092852 2.219337 -0.444000
v 0.341346 2.202039 -0.341157
v 0.261719 2.215376 -0.383374
v 0.434475 2.206088 0.187478
v -0.000000 -2.519227 -0.779633
v -0.000000 -2.519231 0.779632
v -0.155685 -2.503076 0.756044
v -0.832860 -1.676458 -0.353231
v 0.646992 -1.676444 -0.645864
v 0.332760 -2.052412 -0.782262
v 0.312948 -2.359940 -0.735970
v -0.490301 2.031272 -0.209183
v 0.286523 2.341274 -0.286416
v -0.389810 -2.378482 0.681891
v -0.389810 -2.364110 0.684105
v -0.363359 -2.314622 0.703800
v -0.000000 2.354058 -0.386335
v -0.000000 2.032972 0.525335
v -0.000000 -1.676456 0.893022
v -0.244200 -2.304367 0.736526
v -0.232250 -2.312351 0.736991
v -0.626029 -1.853842 0.423311
v -0.625088 -1.853785 -0.423315
v -0.000000 -2.503073 0.722652
v -0.000000 -2.519231 0.659953
v -0.000000 -2.519227 -0.659954
v -0.131786 -2.503075 0.639987
v 0.326887 -3.362062 0.326887
v 0.258433 -3.349997 0.381347
v 0.381347 -3.349996 0.258433
v -0.258421 -3.215222 0.381347
v -0.444326 -3.349997 -0.091358
v -0.326858 -3.441385 0.326860
v -0.420622 -3.441385 0.178765
v 0.420670 -3.243918 -0.178784
v 0.420670 -3.321413 -0.178784
v 0.178789 -3.124477 0.420678
v -0.326900 -3.124478 -0.326900
v -0.452227 -3.124478 0.000001
v -0.452219 -3.243918 0.000001
v -0.444332 -3.282655 -0.091364
v -0.452219 -3.321413 0.000001
v 0.444332 -3.282655 -0.091364
v 0.000001 -3.441384 0.452171
v 0.382848 -3.418252 -0.164380
v 0.324771 -3.406037 -0.222099
v -0.001171 -3.418252 0.411650
v -0.001171 -3.418252 -0.413992
v 0.076901 -3.406037 -0.381010
v 0.162037 -3.229743 0.382848
v 0.219705 -3.229521 0.324771
v -0.178717 -3.168277 0.418561
v -0.251913 -3.379535 -0.371258
v -0.000581 -3.374029 -0.451160
v 0.449997 -3.418638 -0.000581
v 0.430437 -3.423007 -0.089702
v -0.001197 -3.390814 0.375508
v 0.076901 -3.406037 0.378616
v 0.147733 -3.218796 0.349227
v 0.076901 -3.229521 0.378616
v -0.222099 -3.380089 -0.327165
v 0.349227 -3.390814 -0.150127
v 0.378616 -3.406037 -0.079295
v 0.375508 -3.218796 -0.001197
v 0.324771 -3.380090 0.219705
v -0.327165 -3.380090 -0.222099
v 0.297244 -3.378922 0.297244
v -0.299586 -3.378922 -0.299586
v 0.411650 -3.229743 -0.001171
v -0.299586 -3.190412 -0.299586
v -0.287711 -2.443420 0.608763
v -0.293702 -2.464375 0.662129
v -0.240950 -2.448562 0.663927
v -0.248338 -2.427136 0.610897
v -0.214987 -2.318037 0.677727
v -0.238175 -2.323951 0.616194
v -0.302517 -2.443377 0.611727
v 0.433281 2.198954 -0.000000
v -0.603223 1.499058 -0.407302
v -0.609516 1.683751 -0.258341
v -0.473364 1.683532 -0.472245
v -0.312144 2.213392 0.311652
v -0.289265 2.202049 0.288785
v -0.408409 1.499058 -0.600980
v 0.668117 -2.535385 0.285144
v 0.154404 2.636405 -0.192996
v 0.211155 2.552218 -0.211140
v -0.396791 2.217333 0.171386
v -0.444541 2.219323 0.092817
v 0.609516 1.683751 -0.258341
v 0.673435 -2.503076 -0.287418
v 0.756117 -2.503080 -0.155656
v 0.640049 -2.503080 -0.131762
v 0.193002 2.636405 -0.154401
v 0.318812 2.476963 0.070715
v 0.436816 -2.535388 -0.644171
v 0.703786 1.499135 -0.144003
v -0.120458 2.575033 0.251153
v 0.086707 -3.554198 0.420959
v 0.163183 -3.562406 0.380949
v 0.178163 -3.499214 0.419231
v -0.098586 2.799885 -0.049742
v -0.101746 2.726260 0.148933
v 0.200572 -0.750000 0.957492
v 0.395999 -0.562500 0.912650
v 0.525380 -1.496470 0.769834
v 0.680302 -1.312059 0.674206
v 0.706807 -0.937500 0.696828
v 0.566789 -0.750000 0.821753
v -0.372359 -1.312059 0.867611
v 0.939827 -1.125000 -0.191914
v 0.903314 -0.937500 -0.381107
v 0.923331 -0.187500 -0.387929
v 0.970345 0.000000 -0.196801
v 0.834725 -0.750000 0.556884
v 0.774653 -1.496474 0.521700
v 0.389982 -0.562500 -0.912650
v -0.369675 -1.312058 -0.867612
v -0.184765 -1.496459 -0.896998
v -0.903314 -0.937500 -0.381107
v -0.923331 -0.187500 -0.387930
v -0.167021 1.125000 0.800241
v 0.865388 0.937500 0.000000
v 0.888186 0.750000 0.180060
v 0.905199 0.187500 -0.380223
v 0.670444 0.562500 -0.665405
v 0.757606 0.750000 -0.509306
v 0.717175 1.312387 -0.303094
v -0.000000 0.562500 -0.920507
v 0.191809 0.375000 -0.927483
v -0.556430 1.312380 -0.554182
v 0.512299 0.750000 -0.751545
v -0.808620 1.125000 0.164547
v -0.717175 1.312387 -0.303094
v -0.905199 0.187500 -0.380223
v -0.673473 -2.503090 0.287417
v 0.644202 -2.535388 -0.436801
v -0.383936 2.215363 0.261597
v -0.324999 2.215363 0.221440
v -0.668089 -2.535387 -0.285144
v -0.367781 2.206088 0.158699
v -0.756138 -2.503087 0.155656
v -0.640066 -2.503087 0.131762
v -0.262022 2.215366 0.383378
v 0.175123 2.194821 0.404873
v 0.226450 2.192764 0.331520
v 0.525652 -2.503087 0.525563
v 0.372762 -2.503083 0.549635
v 0.391933 2.192745 -0.267042
v 0.318481 2.190673 -0.318297
v 0.154429 -2.535390 -0.750062
v -0.000000 -2.535391 -0.716933
v 0.130723 -2.535390 -0.634923
v -0.617008 -2.929200 0.262228
v -0.564450 -2.997478 -0.239891
v -0.523368 -2.992188 0.354675
v -0.458572 -2.980958 0.458572
v -0.131006 -2.960938 -0.637124
v 0.000000 -2.929200 -0.663284
v 0.370556 -2.960938 -0.546802
v 0.458572 -2.980958 -0.458572
v 0.637124 -2.960938 0.131006
v 0.617008 -2.929200 0.262228
v 0.582115 -2.999349 -0.119695
v 0.564450 -2.997478 -0.239891
v 0.546802 -2.960938 -0.370556
v 0.503957 -2.819341 0.503956
v 0.604251 -2.738320 0.409481
v 0.250801 -2.980958 0.590119
v -0.354675 -2.992188 0.523368
v 0.409489 -2.738320 0.604240
v -0.000000 -3.572200 -0.082051
v 0.079013 -3.571978 -0.158552
v 0.289039 -3.571071 -0.075736
v 0.231791 -3.571715 -0.000000
v -0.174154 -3.541533 -0.409832
v -0.090380 -3.523382 -0.439642
v 0.374802 -3.567306 0.079998
v 0.443941 -3.470756 0.091282
v 0.419231 -3.499214 0.178163
v 0.342954 -3.569901 0.000000
v -0.374802 -3.567306 0.079998
v -0.178792 -3.155937 -0.420677
v -0.091358 -3.146502 -0.444326
v -0.091540 -3.160343 -0.444508
v -0.178717 -3.168277 -0.419724
v 0.430437 -3.222502 0.087719
v 0.091188 -3.411616 -0.444508
v -0.000581 -3.418638 -0.451160
v 0.258251 -3.205115 0.381166
v 0.325127 -3.212887 0.325127
v -0.452228 -3.203702 -0.000008
v -0.444508 -3.205115 0.091188
v -0.178792 -3.203702 0.420662
v -0.444326 -3.146502 0.091370
v -0.381335 -3.146502 0.258433
v -0.178717 -3.212887 0.418561
v -0.089702 -3.222502 -0.432420
v -0.000008 -3.409849 -0.452228
v -0.000000 -3.007172 0.459417
v -0.093771 -3.002943 0.456036
v -0.260696 -3.014711 0.384690
v -0.328295 -3.026663 0.328295
v -0.327081 -3.067662 0.327081
v -0.258465 -3.095568 0.381397
v 0.258881 -3.044132 0.382011
v 0.328295 -3.026663 0.328295
v -0.181630 -3.007172 -0.427364
v -0.093771 -3.002943 -0.456036
v -0.340191 -3.000950 -0.340191
v -0.273764 -3.000245 -0.403973
v -0.265234 -3.002943 -0.391386
v 0.178886 -3.067662 -0.420908
v 0.091378 -3.095569 -0.444397
v 0.445112 -3.044132 0.091525
v 0.470702 -3.000245 -0.096786
v 0.470613 -3.000951 0.000000
v 0.382011 -3.044132 0.258881
v -0.445112 -3.044132 0.091525
v -0.403973 -3.000245 -0.273764
v -0.391386 -3.002942 -0.265234
v -0.420908 -3.067662 0.178886
v -0.381397 -3.095568 0.258465
v -0.384690 -3.014711 0.260696
v 0.215914 -3.000000 0.508032
v 0.286808 -3.000000 0.423222
v 0.521342 -3.000000 -0.107199
v 0.546134 -3.000000 -0.000000
v 0.423222 -3.000001 0.286808
v 0.489558 -3.000031 -0.000000
v 0.537134 -2.999919 -0.228282
v 0.107199 -3.000001 -0.521343
v 0.215913 -3.000000 -0.508032
v -0.353886 -3.000031 -0.353886
v -0.479723 -3.000000 0.203882
v -0.537134 -2.999919 -0.228282
v 0.094705 2.196856 -0.453655
v 0.267184 2.192734 -0.391650
v -0.154444 -2.535388 0.750062
v -0.353703 -1.676436 -0.830837
v -0.686990 -2.211011 -0.465335
v -0.608532 -2.052408 -0.608117
v -0.465498 -2.211012 -0.686659
v -0.572235 -2.359943 -0.572116
v 0.648936 -1.676476 0.645861
v 0.783517 -2.052387 0.332588
v 0.534379 -2.641232 0.534347
v 0.736324 -2.359951 0.312897
v 0.209367 2.031261 -0.489517
v -0.736323 -2.359951 0.312897
v -0.387006 -2.392579 0.680998
v -0.351683 -2.306721 0.710769
v -0.783517 -2.052387 0.332588
v -0.355059 -1.676462 0.830834
v 0.386617 2.354052 0.000000
v -0.800765 -2.211008 0.164514
v -0.257479 -2.298867 0.735570
v -0.000000 2.198915 -0.432789
v -0.000000 2.210121 -0.392594
v -0.080168 2.196856 -0.384016
v 0.549719 -2.503088 0.372697
v -0.000000 -2.535389 0.716933
v 0.288947 2.202039 -0.288787
v 0.393030 2.210134 -0.000000
v 0.384397 2.196886 -0.080132
v -0.130736 -2.535388 0.634923
v 0.258433 -3.418887 0.381347
v 0.326887 -3.409849 0.326887
v 0.381347 -3.418887 0.258433
v -0.258421 -3.146502 0.381347
v -0.444326 -3.418887 -0.091358
v 0.091370 -3.418887 -0.444326
v -0.326900 -3.124477 0.326902
v -0.420676 -3.124477 0.178789
v 0.178789 -3.124478 -0.420676
v 0.326896 -3.243917 -0.326895
v 0.258427 -3.282654 -0.381341
v 0.381341 -3.282655 -0.258427
v 0.326896 -3.321413 -0.326895
v 0.178765 -3.441384 0.420624
v 0.420624 -3.441384 0.178765
v -0.178784 -3.321413 -0.420669
v -0.420669 -3.321413 -0.178784
v -0.178784 -3.243917 -0.420669
v -0.420669 -3.243917 -0.178784
v 0.452220 -3.243918 0.000001
v 0.444332 -3.282655 0.091364
v 0.452220 -3.321413 0.000001
v -0.091364 -3.282655 -0.444332
v -0.385191 -3.418252 -0.164380
v -0.432420 -3.423006 -0.089702
v -0.381010 -3.406037 -0.079295
v 0.087719 -3.379535 0.430437
v -0.001171 -3.378922 0.411650
v 0.076901 -3.380090 0.378616
v 0.411650 -3.190412 -0.001171
v 0.297244 -3.418252 -0.299586
v -0.001171 -3.229743 -0.413992
v 0.297244 -3.229743 0.297244
v -0.089702 -3.379535 -0.432420
v 0.369275 -3.222502 0.249930
v -0.451160 -3.212887 -0.000581
v -0.079295 -3.380089 -0.381010
v -0.001197 -3.218796 -0.377902
v -0.079295 -3.229521 -0.381010
v 0.271111 -3.218797 0.271111
v 0.324771 -3.229521 0.219705
v 0.349227 -3.218797 0.147733
v 0.378616 -3.229521 0.076901
v -0.164379 -3.378922 -0.385191
v 0.382848 -3.229743 0.162037
v -0.257219 -2.283377 0.677182
v -0.273567 -2.300303 0.615700
v -0.349343 -2.292302 0.662507
v -0.341360 -2.313787 0.609238
v -0.384003 -2.334534 0.647337
v -0.365008 -2.349179 0.603402
v -0.375306 -2.422827 0.640788
v -0.351523 -2.416973 0.601860
v -0.333074 -2.457487 0.650254
v -0.316180 -2.440616 0.606709
v 0.646690 -1.870900 0.644793
v 0.595336 -1.887963 0.593669
v 0.547419 -1.870900 0.545813
v -0.281684 2.461409 0.197206
v 0.597555 -1.853770 -0.596943
v 0.625088 -1.853785 -0.423315
v -0.581462 1.862659 0.119440
v -0.765977 -1.853799 -0.326452
v -0.000000 2.591241 -0.262394
v 0.055521 2.677987 -0.203200
v 0.338156 1.861713 -0.497737
v 0.498739 1.861715 -0.337661
v 0.704829 1.499135 0.144003
v 0.655839 1.683971 -0.000000
v -0.000000 2.198936 0.432781
v -0.000000 2.210127 0.392592
v -0.595336 -1.887963 0.593669
v -0.422211 -1.887972 0.620859
v -0.070755 2.476964 0.318678
v -0.197312 2.461410 0.281545
v 0.501661 -1.853821 0.737487
v -0.086707 -3.554199 0.420959
v -0.000000 -3.562439 0.409199
v 0.325767 -3.499213 0.325767
v 0.258196 -3.470756 0.381003
v 0.048744 2.840703 -0.000000
v 0.098586 2.799885 0.049742
v -0.000000 2.757143 -0.150093
v 0.203358 -0.375000 0.966307
v 0.549477 -1.125000 0.801024
v -0.570210 -0.000000 0.821420
v -0.725283 -0.187500 0.709302
v -0.549477 -1.125000 0.801024
v -0.706807 -0.937500 0.696828
v -0.525380 -1.496470 0.769834
v -0.680302 -1.312059 0.674206
v 0.967170 -0.750000 -0.196881
v 0.921676 -0.562500 -0.387876
v 0.996364 -0.187500 -0.000000
v 0.974205 0.000000 0.196801
v 0.809720 -1.125000 0.542837
v -0.192497 -1.125000 -0.933339
v -0.382645 -0.937500 -0.896722
v -0.714244 -0.562500 -0.709205
v -0.565795 -0.375000 -0.829319
v 0.184765 -1.496459 -0.896998
v -0.000000 -1.312057 -0.932683
v -0.921676 -0.562500 -0.387876
v -0.774653 -1.496474 0.521700
v -0.809720 -1.125000 0.542837
v -0.839168 -0.000000 0.556659
v -0.836978 -0.375000 -0.562012
v -0.372044 0.562500 0.856285
v -0.551948 0.375000 0.795998
v -0.679069 0.562500 0.665405
v -0.711193 0.187500 0.695212
v 0.808620 1.125000 0.164547
v 0.803658 0.375000 -0.539431
v 0.772402 1.312394 0.000000
v 0.976871 0.187500 -0.000000
v -0.000000 0.937500 -0.855939
v 0.180929 0.750000 -0.875687
v 0.543214 0.375000 -0.795998
v -0.933443 0.562500 -0.000000
v -0.939714 0.375000 -0.190710
v -0.812392 0.375000 0.539431
v 0.622452 -1.887960 0.420994
v -0.174873 2.194796 -0.404882
v 0.761678 -1.887984 -0.324662
v -0.827327 -1.870892 -0.352621
v -0.700328 -1.870892 -0.298492
v 0.766812 -1.853848 0.326449
v 0.828195 -1.870903 0.352621
v 0.701062 -1.870903 0.298491
v -0.444417 2.219327 -0.092816
v -0.855821 -1.887962 0.175827
v -0.762445 -1.887956 0.324663
v -0.724447 -1.887962 0.148836
v 0.855405 -1.887976 -0.175826
v 0.724095 -1.887976 -0.148836
v -0.464303 2.210134 -0.000000
v -0.828195 -1.870902 0.352621
v -0.701062 -1.870903 0.298491
v 0.827327 -1.870892 -0.352622
v 0.700328 -1.870892 -0.298492
v 0.262022 2.215366 0.383378
v 0.423710 -1.853763 -0.624284
v 0.094841 2.196879 0.453646
v 0.080282 2.196879 0.384008
v -0.500547 -1.853763 -0.737493
v 0.187816 2.206080 0.433863
v 0.422211 -1.887972 0.620859
v 0.383936 2.215363 0.261597
v 0.341721 2.202050 0.341154
v -0.000000 -1.853753 -0.820798
v 0.176931 -1.853755 -0.858726
v 0.149771 -1.853755 -0.726907
v -0.667551 -2.882813 -0.137263
v -0.546802 -2.960938 0.370556
v -0.479467 -2.929200 0.479467
v -0.648523 -2.819341 -0.275622
v -0.704058 -2.738320 -0.144768
v -0.572915 -2.882813 -0.388253
v -0.479467 -2.929200 -0.479467
v -0.262228 -2.929200 -0.617008
v 0.354675 -2.992188 -0.523368
v -0.388253 -2.882813 -0.572915
v 0.637124 -2.960938 -0.131006
v 0.663284 -2.929200 0.000000
v 0.582115 -2.999350 0.119695
v 0.606783 -2.997478 -0.000000
v 0.523368 -2.992188 -0.354675
v 0.648524 -2.819341 0.275622
v 0.704061 -2.738320 0.144768
v -0.131006 -2.960938 0.637124
v -0.262228 -2.929200 0.617008
v -0.370556 -2.960938 0.546802
v 0.158552 -3.571978 -0.079013
v -0.261129 -3.570823 -0.206067
v -0.206067 -3.570823 -0.261129
v -0.221025 -3.571546 -0.148719
v 0.221025 -3.571546 -0.148719
v -0.289039 -3.571071 -0.075736
v 0.000000 -3.541542 -0.440605
v 0.090380 -3.523382 -0.439642
v -0.261915 -3.569672 -0.261914
v 0.409832 -3.541533 -0.174154
v 0.439642 -3.523382 -0.090380
v 0.443941 -3.470757 -0.091282
v 0.450680 -3.499215 0.000000
v 0.381003 -3.470756 0.258196
v 0.322072 -3.569813 -0.149320
v -0.374802 -3.567306 -0.079998
v -0.322072 -3.569812 -0.149320
v -0.000008 -3.155937 -0.452228
v 0.449997 -3.374029 -0.000581
v 0.177554 -3.374029 -0.419724
v 0.418561 -3.374029 -0.178717
v 0.444156 -3.366844 -0.091540
v 0.249930 -3.179030 0.369275
v -0.000581 -3.168278 -0.451160
v 0.091188 -3.160343 -0.444508
v 0.087719 -3.179030 -0.432420
v 0.178777 -3.362062 -0.420677
v 0.444338 -3.418887 -0.091358
v -0.444326 -3.146502 -0.091358
v 0.091370 -3.146502 -0.444326
v 0.420662 -3.203702 -0.178792
v 0.381166 -3.205115 -0.258603
v -0.251913 -3.222502 -0.371258
v 0.418561 -3.212887 -0.178717
v 0.369275 -3.179030 0.249930
v 0.091188 -3.411616 0.444156
v 0.177554 -3.418638 0.418561
v 0.325127 -3.374029 0.325127
v 0.258251 -3.366844 0.381166
v 0.249930 -3.379535 0.369275
v -0.432420 -3.379535 0.087719
v 0.452212 -3.362062 -0.000008
v 0.420662 -3.362062 -0.178792
v 0.091370 -3.418887 0.444338
v 0.178777 -3.409849 0.420662
v -0.181630 -3.007172 0.427364
v -0.258881 -3.044132 0.382011
v 0.260696 -3.014711 0.384690
v 0.332098 -3.007172 0.332098
v 0.000000 -3.007172 -0.459417
v 0.093771 -3.002943 -0.456036
v -0.000000 -3.067662 -0.452476
v -0.091378 -3.095569 -0.444397
v 0.427364 -3.007172 -0.181630
v 0.456036 -3.002943 -0.093771
v 0.437780 -3.000951 -0.186056
v 0.384690 -3.014711 0.260696
v -0.445112 -3.044132 -0.091525
v -0.470702 -3.000246 -0.096786
v -0.437780 -3.000951 -0.186056
v -0.382011 -3.044132 0.258881
v -0.113519 -3.000001 0.552078
v 0.508032 -3.000000 -0.215914
v 0.455403 -3.000031 -0.193546
v 0.577419 -2.999919 -0.000000
v -0.107199 -3.000000 -0.521342
v -0.000000 -3.000000 -0.546134
v -0.521343 -3.000001 -0.107199
v -0.508032 -3.000000 -0.215913
v -0.455403 -3.000031 -0.193546
v 0.187557 2.206072 -0.433866
v -0.645426 -1.870885 -0.644794
v -0.738443 -1.853785 -0.500080
v -0.000000 -1.870882 -0.886592
v 0.739555 -1.853842 0.500075
v 0.000000 -1.870890 0.886591
v -0.177385 -1.853798 0.858721
v -0.286713 2.341269 0.286417
v -0.490824 2.031284 0.209181
v -0.332760 -2.052412 -0.782262
v -0.312948 -2.359940 -0.735970
v -0.687389 -2.641234 -0.292242
v 0.687366 -2.211008 0.465335
v 0.609259 -2.052390 0.608119
v 0.465874 -2.211009 0.686660
v 0.572439 -2.359950 0.572115
v 0.687403 -2.641233 0.292242
v -0.362447 2.347898 -0.158536
v 0.382122 2.029562 -0.381683
v 0.490824 2.031284 0.209181
v -0.316705 -2.302170 0.752543
v -0.351408 -2.435955 0.690557
v -0.387006 -2.350014 0.687557
v -0.333334 -2.051056 0.782955
v -0.648936 -1.676476 0.645861
v -0.000000 2.354054 0.386337
v -0.164562 -2.211012 -0.800083
v -0.000000 -1.676434 -0.893024
v -0.222087 -2.322515 0.736946
v -0.214103 -2.334465 0.736394
v -0.208602 -2.390308 0.729801
v -0.214103 -2.403586 0.727374
v -0.622452 -1.887960 0.420994
v -0.226170 2.192734 -0.331529
v -0.000000 -1.853791 0.820794
v -0.000000 -1.870890 0.750494
v -0.000000 -1.870882 -0.750495
v -0.150156 -1.853798 0.726902
v -0.381335 -3.418888 0.258433
v 0.326887 -3.155937 0.326887
v 0.258433 -3.146502 0.381347
v 0.381166 -3.366844 -0.258603
v 0.420662 -3.409849 0.178777
v 0.381166 -3.411616 0.258251
v -0.258421 -3.418887 0.381347
v 0.381347 -3.146501 0.258433
v 0.444156 -3.411616 0.091188
v 0.326860 -3.441384 0.326860
v 0.178785 -3.321413 0.420670
v 0.420670 -3.321413 0.178785
v 0.178785 -3.243918 0.420670
v 0.420670 -3.243917 0.178785
v 0.452171 -3.441385 0.000001
v 0.000001 -3.124478 -0.452227
v 0.000001 -3.243918 -0.452219
v 0.091364 -3.282655 -0.444332
v 0.000001 -3.321413 -0.452219
v 0.091364 -3.282655 0.444332
v -0.385191 -3.378922 0.162037
v -0.381010 -3.380090 0.076901
v -0.385191 -3.229743 0.162037
v -0.371258 -3.222502 0.249930
v -0.327165 -3.229521 0.219705
v 0.162037 -3.378922 0.382848
v 0.382848 -3.190412 -0.164380
v 0.430437 -3.179030 -0.089702
v 0.378616 -3.203574 -0.079295
v -0.432420 -3.222502 0.087719
v -0.381010 -3.229521 0.076901
v 0.162037 -3.190412 -0.385191
v 0.076901 -3.203574 -0.381010
v 0.297244 -3.190412 0.297244
v 0.219705 -3.203574 0.324771
v 0.418561 -3.418638 0.177554
v 0.249930 -3.179030 -0.371258
v 0.219705 -3.380089 0.324771
v 0.147733 -3.390814 0.349227
v 0.147733 -3.218797 -0.351620
v 0.219705 -3.203574 -0.327165
v -0.150127 -3.218796 -0.351620
v 0.324771 -3.203574 0.219705
v 0.375508 -3.390814 -0.001197
v -0.351620 -3.218796 0.147733
v -0.222099 -3.229521 -0.327165
v 0.411650 -3.418252 -0.001171
v -0.164380 -3.229743 -0.385191
v -0.274872 -2.462614 0.659774
v -0.273567 -2.440621 0.609122
v -0.206290 -2.406329 0.670643
v -0.224690 -2.391744 0.613627
v -0.311682 -2.278051 0.677831
v -0.316331 -2.300364 0.618445
v 0.405465 2.194843 0.174791
v 0.384509 2.196898 0.080130
v -0.251199 2.575033 0.120433
v -0.203211 2.677987 0.055521
v -0.193002 2.636405 -0.154401
v -0.211155 2.552218 -0.211140
v 0.765977 -1.853799 -0.326452
v -0.525652 -2.503087 0.525563
v -0.480034 -2.519236 0.479966
v -0.318842 2.190706 0.318287
v 0.762445 -1.887956 0.324663
v -0.454105 2.196886 -0.094663
v -0.433281 2.198955 -0.000000
v -0.154404 2.636405 -0.192996
v 0.120439 2.575034 -0.251153
v 0.408409 1.499058 -0.600980
v 0.473363 1.683532 -0.472245
v -0.119585 1.862652 -0.579397
v 0.860251 -1.853815 -0.176795
v 0.728197 -1.853815 -0.149656
v 0.603223 1.499058 -0.407302
v 0.281684 2.461409 0.197206
v 0.610851 1.683752 0.258341
v -0.372762 -2.503083 0.549635
v -0.497758 -1.888005 -0.733443
v 0.092975 2.219329 0.444003
v 0.197312 2.461409 0.281545
v -0.163183 -3.562406 0.380949
v -0.149320 -3.569812 0.322072
v -0.261915 -3.569672 0.261914
v -0.206067 -3.570823 0.261129
v -0.075736 -3.571071 0.289039
v -0.048744 2.840703 -0.000000
v -0.000000 2.840703 0.048744
v 0.101745 2.726260 -0.148933
v -0.148934 2.726261 0.101745
v 0.000000 -0.937500 0.963976
v -0.194388 -1.125000 0.933339
v -0.566789 -0.750000 0.821753
v -0.722869 -0.562500 0.709205
v 0.978538 -0.375000 -0.198693
v 0.930369 -0.187500 0.387929
v -0.197750 -0.750000 -0.957492
v -0.389982 -0.562500 -0.912650
v -0.700508 -0.937500 -0.696828
v -0.559878 -0.750000 -0.821753
v -0.715196 -0.187500 -0.709302
v -0.560754 0.000000 -0.821420
v 0.369674 -1.312057 -0.867612
v -0.941718 -1.125000 0.191914
v -0.907709 -0.937500 0.381107
v -0.834725 -0.750000 0.556884
v -0.829712 0.000000 -0.556659
v -0.827814 -0.750000 -0.556884
v -0.344327 0.937500 0.796223
v 0.628711 0.937500 0.618731
v 0.472066 1.125000 0.686795
v -0.519211 0.750000 0.751545
v -0.628711 0.937500 0.618731
v 0.871328 0.562500 0.363921
v 0.556429 1.312380 -0.554182
v 0.719859 1.312387 0.303094
v 0.695490 1.125000 0.465426
v 0.912236 0.187500 0.380223
v 0.165129 1.125000 -0.800241
v -0.701106 0.187500 -0.695212
v -0.865388 0.937500 -0.000000
v -0.885365 0.750000 -0.180060
v -0.764517 0.750000 0.509306
v 0.735330 -1.887960 0.497339
v -0.549719 -2.503088 0.372697
v -0.761678 -1.887984 -0.324662
v -0.384509 2.196898 0.080130
v -0.393030 2.210134 -0.000000
v -0.766812 -1.853848 0.326449
v -0.860703 -1.853840 0.176794
v -0.728580 -1.853840 0.149655
v 0.267515 2.192764 0.391640
v -0.521426 -2.535388 -0.521406
v -0.369762 -2.535388 -0.545287
v 0.498776 -1.887972 0.733447
v 0.175948 -1.888010 -0.854009
v -0.000000 -1.888012 -0.816289
v 0.148939 -1.888010 -0.722913
v 0.392261 2.192775 0.267035
v 0.332046 2.192775 0.226043
v -0.176362 -1.887985 0.854012
v -0.000000 -1.887990 0.816292
v -0.149289 -1.887985 0.722916
v 0.311812 2.213404 -0.311648
v 0.396561 2.217341 -0.171385
v 0.324742 2.215373 -0.221438
v -0.667551 -2.882813 0.137263
v -0.572915 -2.882813 0.388253
v -0.697163 -2.819341 0.000000
v -0.704061 -2.738320 0.144768
v -0.546802 -2.960938 -0.370556
v -0.458572 -2.980958 -0.458572
v 0.137263 -2.882813 -0.667551
v -0.370556 -2.960938 -0.546802
v 0.617008 -2.929200 -0.262228
v 0.564450 -2.997478 0.239891
v 0.697163 -2.819341 -0.000000
v 0.704058 -2.738320 -0.144768
v 0.572915 -2.882813 0.388253
v 0.479467 -2.929200 0.479467
v 0.131006 -2.960938 0.637124
v -0.000000 -2.929200 0.663284
v 0.388253 -2.882813 0.572915
v -0.388253 -2.882813 0.572916
v -0.082051 -3.572200 0.000000
v -0.158552 -3.571978 0.079013
v -0.148719 -3.571546 0.221024
v -0.261129 -3.570823 0.206067
v -0.289039 -3.571071 0.075736
v -0.231791 -3.571714 0.000000
v 0.174154 -3.541533 -0.409831
v 0.258196 -3.470756 -0.381003
v 0.325767 -3.499213 -0.325767
v -0.223750 -3.567221 -0.324689
v -0.297106 -3.562369 -0.297106
v 0.440605 -3.541542 0.000000
v 0.439642 -3.523382 0.090380
v 0.381003 -3.470756 -0.258196
v 0.419231 -3.499214 -0.178163
v -0.409832 -3.541533 0.174154
v -0.439642 -3.523382 0.090380
v -0.324689 -3.567221 -0.223750
v -0.342954 -3.569901 -0.000000
v 0.430437 -3.379535 0.087719
v 0.177554 -3.418638 -0.419724
v -0.251913 -3.179030 -0.371258
v -0.444326 -3.215222 -0.091358
v 0.091370 -3.215223 -0.444326
v -0.000008 -3.203702 -0.452228
v 0.091188 -3.205115 -0.444508
v 0.178777 -3.362062 0.420662
v 0.091370 -3.349996 0.444338
v 0.091188 -3.366844 0.444156
v -0.326903 -3.155937 0.326887
v -0.381517 -3.160343 0.258251
v 0.258433 -3.215222 0.381347
v 0.326887 -3.203702 0.326887
v -0.000581 -3.212887 -0.451160
v -0.326290 -3.168277 0.325127
v -0.371258 -3.179030 0.249930
v 0.177554 -3.374029 0.418561
v -0.381517 -3.366844 -0.258603
v -0.326290 -3.374029 -0.326290
v 0.444338 -3.349996 -0.091358
v 0.092166 -3.014711 0.448234
v 0.179550 -3.026663 0.422470
v 0.265234 -3.002943 0.391386
v -0.096786 -3.000246 0.470702
v -0.186056 -3.000951 0.437780
v 0.181630 -3.007172 -0.427364
v 0.265234 -3.002942 -0.391386
v 0.332098 -3.007172 -0.332098
v 0.327081 -3.067662 -0.327081
v 0.258465 -3.095568 -0.381397
v -0.178886 -3.067662 -0.420908
v 0.459417 -3.007172 0.000000
v 0.456036 -3.002943 0.093771
v 0.391386 -3.002943 -0.265234
v 0.391386 -3.002942 0.265234
v 0.381397 -3.095568 -0.258465
v -0.427364 -3.007172 0.181630
v -0.456036 -3.002943 0.093771
v -0.470702 -3.000245 0.096786
v -0.470613 -3.000951 -0.000000
v 0.113519 -3.000001 0.552078
v -0.193546 -3.000031 0.455403
v 0.552078 -3.000001 0.113519
v 0.537134 -2.999919 0.228282
v -0.215914 -3.000000 -0.508032
v -0.521342 -3.000000 0.107199
v -0.546134 -3.000000 0.000000
v -0.489558 -3.000031 0.000000
v -0.734310 -1.887992 -0.497336
v -0.209893 2.031275 0.489512
v 0.353703 -1.676437 -0.830838
v 0.783011 -2.052400 -0.332587
v 0.736182 -2.359946 -0.312898
v -0.209368 2.031261 -0.489517
v 0.158580 2.347902 -0.362251
v 0.286713 2.341269 0.286417
v -0.339469 -2.303352 0.726200
v -0.381506 -2.405857 0.681462
v -0.738840 -2.641233 0.000000
v 0.800611 -2.211010 -0.164514
v 0.738840 -2.641233 0.000000
v -0.222087 -2.415536 0.724808
v 0.174873 2.194797 -0.404882
v 0.158766 2.206073 -0.367265
v 0.080167 2.196856 -0.384016
v -0.479989 -2.519228 -0.479967
v -0.545313 -2.535388 -0.369749
v 0.226170 2.192735 -0.331529
v 0.367563 2.206079 -0.158700
v 0.367781 2.206088 0.158699
v -0.381335 -3.349997 0.258433
v 0.258251 -3.411616 0.381166
v -0.326903 -3.362062 -0.326903
v -0.258421 -3.349997 0.381347
v -0.258603 -3.366844 -0.381517
v -0.258603 -3.160343 0.381166
v 0.178777 -3.409849 -0.420677
v 0.381347 -3.215222 0.258433
v -0.326895 -3.243917 0.326896
v -0.258427 -3.282654 0.381341
v -0.381341 -3.282655 0.258427
v -0.326895 -3.321413 0.326896
v 0.326902 -3.124477 -0.326900
v 0.178785 -3.243917 -0.420669
v 0.178785 -3.321413 -0.420669
v 0.326860 -3.441384 -0.326858
v 0.420624 -3.441384 -0.178764
v 0.326896 -3.321413 0.326896
v 0.258427 -3.282655 0.381341
v 0.381341 -3.282654 0.258427
v 0.326896 -3.243917 0.326896
v -0.178787 -3.124477 -0.420676
v 0.000001 -3.243918 0.452220
v -0.091364 -3.282655 0.444332
v 0.000001 -3.321413 0.452220
v 0.162037 -3.190412 0.382848
v 0.087719 -3.179030 0.430437
v 0.076901 -3.203574 0.378616
v -0.089702 -3.179030 0.430437
v -0.164380 -3.190412 0.382848
v -0.079295 -3.203574 0.378616
v -0.251913 -3.179030 0.369275
v -0.299586 -3.190412 0.297244
v -0.222099 -3.203574 0.324771
v -0.299586 -3.229743 0.297244
v -0.164380 -3.190412 -0.385191
v -0.089702 -3.179030 -0.432420
v -0.079295 -3.203574 -0.381010
v 0.297244 -3.190412 -0.299586
v 0.369275 -3.179030 -0.251913
v 0.324771 -3.203574 -0.222099
v -0.385191 -3.229743 -0.164379
v -0.432420 -3.222502 -0.089702
v -0.381010 -3.229521 -0.079295
v 0.382848 -3.378922 0.162037
v 0.378616 -3.380089 0.076901
v 0.325127 -3.418638 0.325127
v -0.273505 -3.218797 0.271111
v -0.150127 -3.218797 0.349227
v 0.271111 -3.218797 -0.273505
v -0.222099 -3.203574 -0.327165
v -0.327165 -3.203574 0.219705
v -0.200935 -2.351959 0.675924
v -0.224690 -2.349179 0.615623
v -0.389358 -2.388905 0.639983
v -0.365008 -2.391744 0.601046
v 0.287431 -2.503065 -0.673382
v 0.310092 -2.519227 -0.726476
v 0.262491 -2.519227 -0.614957
v -0.000000 2.221325 -0.423593
v -0.078599 2.219337 -0.375843
v 0.598772 -1.853836 0.596937
v -0.318812 2.476963 0.070715
v -0.567084 -2.519236 0.567004
v -0.405465 2.194843 0.174791
v -0.332046 2.192774 0.226043
v -0.258809 1.683751 -0.607513
v 0.722731 -2.503084 -0.000000
v 0.756138 -2.503087 0.155656
v 0.640066 -2.503087 0.131762
v -0.144325 1.499135 -0.700205
v -0.722731 -2.503084 -0.000000
v -0.779704 -2.519236 -0.000000
v -0.660015 -2.519236 -0.000000
v 0.779704 -2.519236 0.000000
v 0.660015 -2.519236 -0.000000
v 0.605780 1.499058 0.407302
v 0.475278 1.683532 0.472245
v 0.580996 1.862657 -0.119441
v -0.092975 2.219329 0.444003
v -0.287471 -2.503078 0.673379
v -0.000000 2.210127 0.463786
v 0.410966 1.499058 0.600980
v 0.424653 -1.853821 0.624278
v 0.079998 -3.567306 0.374802
v 0.000000 -3.569901 0.342954
v 0.075736 -3.571071 0.289039
v -0.098586 2.799885 0.049742
v -0.000000 -0.562500 0.981099
v -0.200571 -0.750000 0.957492
v -0.574529 -0.375000 0.829318
v 0.973425 -0.937500 -0.000000
v 0.941718 -1.125000 0.191914
v 0.871638 -1.312058 -0.368735
v 0.900593 -1.496469 -0.184442
v -0.199792 -0.375000 -0.966307
v -0.544844 -1.125000 -0.801024
v -0.390393 -0.187500 -0.912775
v -0.197990 0.000000 -0.957104
v -0.969991 -0.750000 0.196881
v -0.927693 -0.562500 0.387876
v -0.845712 -0.375000 0.562012
v -0.805087 -1.125000 -0.542837
v 0.195374 0.375000 0.927483
v 0.372044 0.562500 0.856285
v 0.679069 0.562500 0.665405
v 0.519211 0.750000 0.751545
v 0.560276 1.312380 0.554182
v -0.472066 1.125000 0.686795
v 0.807209 0.937500 0.338395
v 0.764517 0.750000 0.509306
v 0.366027 0.562500 -0.856285
v -0.382686 0.187500 -0.894643
v -0.304033 1.312387 -0.713150
v -0.806729 1.125000 -0.164547
v -0.695490 1.125000 0.465426
v -0.644239 -2.535385 0.436801
v -0.318481 2.190673 -0.318297
v -0.288948 2.202039 -0.288788
v -0.434218 2.206080 -0.187479
v -0.756117 -2.503080 -0.155656
v -0.640049 -2.503080 -0.131762
v -0.436853 -2.535385 0.644171
v -0.285152 -2.535389 -0.668051
v -0.440308 -2.503067 -0.649310
v 0.285179 -2.535387 0.668052
v 0.440360 -2.503083 0.649308
v -0.590119 -2.980958 -0.250801
v -0.609819 -2.992188 -0.125392
v -0.438624 -2.997478 -0.438624
v -0.499591 -2.999349 -0.338563
v -0.523368 -2.992188 -0.354675
v -0.503956 -2.819341 -0.503956
v -0.604245 -2.738320 -0.409481
v -0.137263 -2.882813 -0.667551
v -0.119695 -2.999349 -0.582115
v -0.239891 -2.997478 -0.564450
v -0.338563 -2.999350 -0.499591
v -0.354675 -2.992188 -0.523368
v -0.409483 -2.738320 -0.604240
v 0.275622 -2.819341 -0.648522
v 0.144768 -2.738321 -0.704050
v 0.667551 -2.882813 0.137263
v 0.546802 -2.960938 0.370556
v 0.458572 -2.980958 0.458572
v 0.262228 -2.929200 0.617008
v 0.370556 -2.960938 0.546802
v -0.275623 -2.819341 0.648522
v -0.144771 -2.738320 0.704050
v 0.082051 -3.572201 -0.000000
v 0.000000 -3.572201 0.082051
v -0.000000 -3.571714 0.231791
v -0.221024 -3.571546 0.148719
v -0.086707 -3.554198 -0.420959
v -0.163183 -3.562406 -0.380949
v 0.091282 -3.470756 -0.443941
v 0.178163 -3.499214 -0.419231
v 0.255655 -3.523376 -0.377285
v 0.318438 -3.541524 -0.318438
v -0.245084 -3.554173 -0.361378
v -0.318438 -3.541524 -0.318438
v 0.409831 -3.541533 0.174154
v 0.377285 -3.523376 -0.255655
v -0.440605 -3.541542 -0.000000
v -0.439642 -3.523382 -0.090380
v -0.361378 -3.554173 -0.245084
v -0.322072 -3.569813 0.149320
v -0.326903 -3.203702 0.326887
v -0.381517 -3.205115 0.258251
v 0.091370 -3.215222 0.444338
v 0.178777 -3.203702 0.420662
v 0.091188 -3.205115 0.444156
v 0.418561 -3.418638 -0.178717
v 0.381166 -3.411616 -0.258603
v 0.325127 -3.418638 -0.326290
v 0.444156 -3.366844 0.091188
v 0.418561 -3.374029 0.177554
v 0.258251 -3.411616 -0.381517
v 0.449997 -3.212887 -0.000581
v -0.251913 -3.379535 0.369275
v 0.177554 -3.212887 0.418561
v 0.177554 -3.168277 -0.419724
v 0.420662 -3.409849 -0.178792
v -0.452228 -3.362062 -0.000008
v -0.444508 -3.366844 0.091188
v 0.178777 -3.155937 -0.420677
v -0.000008 -3.362062 0.452212
v 0.452212 -3.203703 -0.000008
v 0.444338 -3.215222 -0.091358
v 0.444156 -3.205115 -0.091540
v 0.381347 -3.215222 -0.258421
v 0.326887 -3.203702 -0.326903
v -0.258603 -3.205115 -0.381517
v -0.326290 -3.212887 -0.326290
v -0.089702 -3.222502 0.430437
v 0.369275 -3.222502 -0.251913
v -0.326290 -3.212887 0.325127
v -0.258603 -3.205115 0.381166
v -0.251913 -3.222502 0.369275
v 0.381166 -3.366844 0.258251
v -0.451160 -3.374029 -0.000581
v -0.432420 -3.423007 0.087719
v 0.444338 -3.349997 0.091370
v 0.420662 -3.362062 0.178777
v -0.091358 -3.349997 0.444338
v -0.091540 -3.366844 0.444156
v -0.092166 -3.014711 0.448234
v -0.000000 -3.026663 0.454155
v 0.340191 -3.000950 0.340191
v 0.273764 -3.000245 0.403973
v 0.096786 -3.000245 0.470702
v -0.000000 -3.000951 0.470613
v -0.092166 -3.014711 -0.448234
v -0.179550 -3.026663 -0.422470
v 0.260696 -3.014711 -0.384690
v 0.328295 -3.026663 -0.328295
v 0.427364 -3.007172 0.181630
v 0.403973 -3.000245 0.273764
v 0.420908 -3.067662 0.178886
v 0.444397 -3.095569 0.091378
v 0.384690 -3.014711 -0.260696
v -0.459417 -3.007172 -0.000000
v -0.456036 -3.002943 -0.093771
v -0.437780 -3.000951 0.186056
v -0.203882 -3.000000 0.479723
v -0.101398 -3.000001 0.493130
v 0.000000 -3.000031 0.489558
v 0.353886 -3.000031 0.353886
v 0.552078 -3.000001 -0.113519
v 0.394783 -3.000000 -0.394783
v 0.473812 -3.000000 -0.321093
v 0.113519 -3.000001 -0.552078
v -0.228282 -2.999919 -0.537134
v -0.417398 -2.999919 -0.417398
v 0.321093 -3.000000 -0.473812
v -0.508032 -3.000000 0.215914
v -0.455403 -3.000031 0.193546
v 0.434218 2.206079 -0.187479
v 0.454105 2.196886 -0.094663
v -0.567032 -2.519228 -0.567005
v -0.649355 -2.503073 -0.440285
v -0.310092 -2.519227 -0.726476
v -0.154429 -2.535390 -0.750062
v 0.567084 -2.519236 0.567004
v 0.649406 -2.503088 0.440283
v 0.310128 -2.519233 0.726475
v 0.154444 -2.535388 0.750062
v -0.310128 -2.519233 0.726475
v -0.362580 2.347894 0.158536
v -0.534359 -2.641234 -0.534347
v 0.832860 -1.676458 -0.353231
v 0.292246 -2.641235 -0.687367
v 0.333265 -2.052397 0.782264
v 0.313090 -2.359947 0.735968
v 0.490300 2.031272 -0.209183
v 0.362580 2.347895 0.158536
v -0.292261 -2.641234 0.687368
v -0.554608 -2.362959 0.582548
v -0.686318 -2.211185 0.465948
v -0.448225 -2.211103 0.698044
v -0.308130 -2.430694 0.733108
v -0.338545 -2.441414 0.695906
v -0.373521 -2.417807 0.683264
v -0.608210 -2.052566 0.608732
v -0.791360 -2.359950 -0.000000
v -0.841883 -2.052391 0.000000
v -0.800611 -2.211009 -0.164514
v 0.163710 -2.211066 0.799902
v -0.285861 -2.296036 0.732854
v -0.232250 -2.425699 0.722200
v 0.626029 -1.853842 0.423311
v 0.262522 -2.519233 0.614956
v 0.130736 -2.535388 0.634923
v -0.262491 -2.519227 -0.614957
v -0.130723 -2.535390 -0.634923
v 0.424052 2.221313 -0.000000
v 0.376196 2.219327 -0.078568
v -0.262522 -2.519233 0.614956
v -0.326903 -3.203702 -0.326903
v -0.381335 -3.349996 -0.258421
v -0.258421 -3.349997 -0.381335
v -0.381517 -3.205115 -0.258603
v 0.258433 -3.215222 -0.381335
v -0.178784 -3.243917 0.420670
v -0.178784 -3.321413 0.420670
v 0.178765 -3.441384 -0.420622
v 0.420678 -3.124478 0.178789
v -0.413992 -3.378922 -0.001171
v 0.162037 -3.418252 0.382848
v 0.249930 -3.423006 0.369275
v 0.219705 -3.406037 0.324771
v -0.385191 -3.418252 0.162037
v -0.381010 -3.406037 0.076901
v -0.001171 -3.190412 -0.413992
v -0.089702 -3.379535 0.430437
v -0.164379 -3.378922 0.382848
v -0.079295 -3.380090 0.378616
v -0.222099 -3.380090 0.324771
v 0.411650 -3.378922 -0.001171
v -0.000581 -3.374029 0.449997
v 0.249930 -3.222502 -0.371258
v -0.222099 -3.229521 0.324771
v 0.219705 -3.229521 -0.327165
v -0.351620 -3.390814 0.147733
v -0.377902 -3.390814 -0.001197
v -0.150127 -3.390815 0.349227
v -0.079295 -3.229521 0.378616
v 0.324771 -3.229521 -0.222099
v -0.164379 -3.229743 0.382848
v 0.297244 -3.229743 -0.299586
v -0.226690 -2.436859 0.666187
v -0.238175 -2.416973 0.611834
v -0.226690 -2.303777 0.677989
v -0.248338 -2.313787 0.616211
v -0.274872 -2.278023 0.676144
v -0.287663 -2.297499 0.615193
v -0.363603 -2.304005 0.656860
v -0.351523 -2.323951 0.607009
v -0.389358 -2.352188 0.643828
v -0.367812 -2.363276 0.602162
v -0.363603 -2.437088 0.642924
v -0.341360 -2.427136 0.602963
v -0.316268 -2.462758 0.658499
v 0.285152 -2.535389 -0.668052
v -0.262433 2.591241 -0.000000
v -0.203209 2.677987 -0.055521
v -0.281610 2.461411 -0.197205
v -0.521466 -2.535384 0.521407
v -0.580996 1.862657 -0.119441
v -0.405220 2.194818 -0.174795
v -0.384397 2.196886 -0.080132
v 0.750127 -2.535386 0.154425
v 0.716988 -2.535387 -0.000000
v 0.634978 -2.535386 0.130719
v -0.197237 2.461411 -0.281544
v -0.070724 2.476965 -0.318677
v 0.144324 1.499135 -0.700205
v -0.000000 1.683970 -0.652968
v -0.716988 -2.535387 -0.000000
v 0.193009 2.636405 0.154401
v 0.211182 2.552218 0.211140
v 0.521426 -2.535388 -0.521406
v 0.369762 -2.535388 -0.545287
v 0.479989 -2.519228 -0.479967
v 0.499881 1.861720 0.337660
v -0.000000 2.221318 0.423596
v -0.440360 -2.503083 0.649308
v 0.339298 1.861718 0.497736
v 0.078703 2.219329 0.375846
v 0.154411 2.636405 0.192996
v 0.120051 1.862656 0.579395
v -0.079998 -3.567306 0.374802
v 0.149320 -3.569813 0.322072
v 0.223750 -3.567221 0.324689
v 0.297106 -3.562369 0.297106
v 0.049742 2.799885 0.098586
v -0.150094 2.757143 -0.000000
v -0.203358 -0.375000 0.966307
v 0.994035 -0.562500 -0.000000
v 0.969991 -0.750000 0.196881
v 0.714244 -0.562500 -0.709205
v 0.836978 -0.375000 -0.562012
v 0.715196 -0.187500 -0.709302
v 0.829712 0.000000 -0.556659
v 0.901640 -1.496473 0.184441
v 0.938454 -1.312059 -0.000000
v -0.000000 -0.937500 -0.963976
v 0.192497 -1.125000 -0.933339
v -0.000000 -0.187500 -0.981234
v 0.197990 0.000000 -0.957104
v 0.565795 -0.375000 -0.829319
v 0.560754 0.000000 -0.821420
v -0.982103 -0.375000 0.198693
v 0.183751 0.750000 0.875687
v 0.344327 0.937500 0.796223
v 0.551948 0.375000 0.795998
v 0.939714 0.375000 -0.190710
v 0.865311 0.562500 -0.363921
v 0.701106 0.187500 -0.695212
v 0.812392 0.375000 0.539431
v 0.339933 0.937500 -0.796223
v -0.622412 0.937500 -0.618731
v -0.467433 1.125000 -0.686795
v -0.000000 1.312394 -0.766633
v -0.000000 0.187500 -0.961741
v -0.865311 0.562500 -0.363921
v -0.690858 1.125000 -0.465426
v -0.545344 -2.535384 0.369750
v -0.649406 -2.503088 0.440283
v -0.331769 2.192745 -0.226050
v 0.545313 -2.535388 -0.369749
v -0.750112 -2.535387 -0.154425
v -0.634965 -2.535387 -0.130720
v -0.367563 2.206080 -0.158700
v -0.094841 2.196879 0.453646
v -0.285179 -2.535387 0.668052
v -0.369793 -2.535385 0.545287
v -0.436816 -2.535388 -0.644171
v -0.525595 -2.503069 -0.525565
v -0.287431 -2.503065 -0.673381
v -0.372718 -2.503067 -0.549637
v 0.436853 -2.535385 0.644171
v 0.287471 -2.503078 0.673379
v 0.405220 2.194818 -0.174795
v 0.331769 2.192745 -0.226049
v -0.634378 -2.980958 -0.000000
v -0.609819 -2.992188 0.125392
v -0.648524 -2.819341 0.275622
v 0.250801 -2.980958 -0.590119
v 0.125392 -2.992188 -0.609819
v 0.119695 -2.999350 -0.582115
v -0.000000 -2.997478 -0.606783
v 0.667551 -2.882813 -0.137263
v 0.523368 -2.992188 0.354675
v 0.648523 -2.819341 -0.275622
v -0.137263 -2.882813 0.667551
v 0.354675 -2.992188 0.523368
v -0.000000 -2.819341 0.697161
v 0.144771 -2.738320 0.704050
v 0.158552 -3.571978 0.079013
v 0.075736 -3.571071 -0.289039
v 0.148719 -3.571546 -0.221024
v 0.206067 -3.570823 -0.261129
v 0.261129 -3.570823 -0.206067
v 0.148719 -3.571546 0.221024
v 0.086707 -3.554199 -0.420959
v 0.000000 -3.562439 -0.409199
v -0.325767 -3.499213 -0.325767
v -0.258196 -3.470756 -0.381003
v -0.255655 -3.523376 -0.377285
v -0.091282 -3.470756 -0.443941
v 0.000000 -3.499215 -0.450680
v 0.245084 -3.554173 -0.361378
v 0.297106 -3.562369 -0.297106
v 0.149320 -3.569812 -0.322072
v 0.261915 -3.569673 -0.261914
v 0.420959 -3.554198 -0.086707
v 0.380949 -3.562406 -0.163183
v 0.324689 -3.567221 0.223750
v 0.361378 -3.554173 -0.245084
v -0.409831 -3.541533 -0.174154
v -0.381003 -3.470756 -0.258196
v -0.377285 -3.523377 -0.255655
v 0.326887 -3.155937 -0.326903
v 0.381347 -3.146502 -0.258421
v 0.178777 -3.155937 0.420662
v 0.091370 -3.146502 0.444338
v 0.091188 -3.160343 0.444156
v 0.258251 -3.366844 -0.381517
v 0.325127 -3.374029 -0.326290
v -0.326290 -3.168277 -0.326290
v -0.258603 -3.160343 -0.381517
v 0.418561 -3.212887 0.177554
v 0.444156 -3.205115 0.091188
v -0.326290 -3.374029 0.325127
v -0.381517 -3.366844 0.258251
v -0.419724 -3.374029 0.177554
v -0.371258 -3.379535 0.249930
v -0.258603 -3.366844 0.381166
v 0.177554 -3.168277 0.418561
v -0.420677 -3.362062 0.178777
v 0.178777 -3.203702 -0.420677
v -0.452228 -3.155937 -0.000008
v 0.452212 -3.155937 -0.000008
v -0.444508 -3.160343 0.091188
v 0.444338 -3.146502 -0.091358
v 0.444156 -3.160343 -0.091540
v -0.381517 -3.160343 -0.258603
v 0.177554 -3.212887 -0.419724
v 0.087719 -3.222502 -0.432420
v -0.000581 -3.418638 0.449997
v 0.430437 -3.222502 -0.089702
v 0.420662 -3.203702 0.178777
v -0.000008 -3.409849 0.452212
v -0.179550 -3.026663 0.422470
v 0.186056 -3.000951 0.437780
v 0.092166 -3.014711 -0.448234
v 0.000000 -3.026663 -0.454155
v 0.096786 -3.000246 -0.470702
v 0.186056 -3.000951 -0.437780
v 0.258881 -3.044132 -0.382011
v 0.448234 -3.014711 -0.092166
v 0.422470 -3.026663 -0.179550
v 0.452476 -3.067662 -0.000000
v 0.444397 -3.095569 -0.091378
v 0.382011 -3.044132 -0.258881
v -0.427364 -3.007172 -0.181630
v 0.000000 -3.000000 0.515702
v 0.101398 -3.000000 0.493130
v -0.286808 -3.000001 0.423222
v 0.193546 -3.000031 0.455403
v -0.372785 -3.000000 0.372785
v 0.479723 -3.000000 0.203882
v 0.493130 -3.000001 0.101398
v 0.372785 -3.000000 -0.372785
v 0.447434 -3.000000 -0.303217
v -0.113519 -3.000001 -0.552078
v 0.193546 -3.000031 -0.455403
v -0.000000 -2.999919 -0.577419
v 0.303217 -3.000001 -0.447434
v -0.552078 -3.000001 -0.113519
v -0.423222 -3.000000 0.286808
v 0.444417 2.219327 -0.092816
v -0.644202 -2.535388 -0.436801
v -0.155663 -2.503064 -0.756046
v 0.644239 -2.535385 0.436801
v 0.155685 -2.503076 0.756044
v -0.158712 2.347897 0.362253
v 0.687389 -2.641234 -0.292242
v -0.286523 2.341274 -0.286416
v -0.158580 2.347902 -0.362251
v 0.382874 2.029579 0.381678
v 0.209893 2.031275 0.489512
v -0.687403 -2.641233 0.292242
v -0.381506 -2.336735 0.692112
v -0.373521 -2.324785 0.697597
v -0.526463 2.032981 -0.000000
v -0.000000 -2.359939 -0.791056
v 0.000000 -2.052413 -0.840806
v 0.164562 -2.211012 -0.800083
v 0.895925 -1.676474 -0.000000
v 0.000000 -2.641235 0.738810
v -0.299896 -2.299697 0.740293
v -0.271575 -2.296062 0.734158
v -0.205799 -2.361840 0.733869
v -0.205798 -2.376212 0.731994
v 0.131786 -2.503075 0.639987
v -0.549675 -2.503073 -0.372699
v -0.131768 -2.503064 -0.639989
v -0.326903 -3.362062 0.326887
v -0.326903 -3.155937 -0.326903
v -0.258421 -3.418888 -0.381335
v -0.381335 -3.418887 -0.258421
v 0.381166 -3.205115 0.258251
v -0.091358 -3.418887 0.444338
v -0.091540 -3.411616 0.444156
v 0.258433 -3.146502 -0.381335
v 0.444338 -3.418888 0.091370
v -0.326858 -3.441385 -0.326858
v 0.452229 -3.124478 0.000001
v 0.000001 -3.441384 -0.452169
v -0.001171 -3.190412 0.411650
v 0.297244 -3.418252 0.297244
v -0.413992 -3.418252 -0.001171
v 0.430437 -3.179030 0.087719
v 0.382848 -3.190412 0.162037
v 0.378616 -3.203574 0.076901
v -0.299586 -3.378922 0.297244
v 0.162037 -3.229743 -0.385191
v 0.076901 -3.229521 -0.381010
v -0.432420 -3.379535 -0.089702
v -0.385191 -3.378922 -0.164379
v -0.381010 -3.380090 -0.079295
v 0.449997 -3.168278 -0.000581
v 0.369275 -3.423007 0.249930
v -0.451160 -3.168278 -0.000581
v 0.271111 -3.390814 0.271111
v -0.001197 -3.218796 0.375508
v 0.349227 -3.218796 -0.150127
v 0.378616 -3.229521 -0.079295
v -0.273505 -3.390814 0.271111
v -0.327165 -3.380090 0.219705
v 0.324771 -3.406037 0.219705
v -0.351620 -3.390814 -0.150127
v 0.382848 -3.229743 -0.164380
v -0.200935 -2.388676 0.672667
v -0.221886 -2.377648 0.614415
v -0.206290 -2.334306 0.677030
v -0.230190 -2.335901 0.615996
v -0.333528 -2.283744 0.672869
v -0.329430 -2.305809 0.612099
v -0.384002 -2.406558 0.639795
v -0.359508 -2.405023 0.601213
v 0.286291 -2.519227 -0.670717
v -0.326596 -1.870893 0.762733
v 0.419373 2.196898 0.087396
v 0.143715 -2.503064 -0.698018
v -0.554106 1.683601 0.373385
v -0.085725 2.219336 -0.409921
v 0.597054 -1.870900 0.595303
v -0.236137 2.560456 0.171609
v -0.259692 2.586663 0.061997
v -0.259682 2.586663 -0.061997
v -0.236113 2.560456 -0.171609
v 0.681766 -1.853785 -0.461697
v -0.523559 -2.519235 0.523485
v -0.552348 1.683600 -0.373385
v -0.644071 1.683902 -0.132028
v -0.644789 1.683902 0.132028
v -0.362153 2.192774 0.246539
v 0.790134 -1.887961 0.162332
v -0.794224 -1.853815 -0.163226
v -0.315493 2.202049 0.314969
v -0.374147 1.683600 -0.550806
v -0.419251 2.196886 -0.087397
v 0.692553 -2.535386 0.142572
v -0.171619 2.560456 -0.236091
v -0.062000 2.586663 -0.259648
v 0.062000 2.586663 -0.259648
v 0.171619 2.560456 -0.236091
v 0.698102 -2.503087 0.143709
v -0.820147 -1.870899 -0.000000
v 0.374147 1.683600 -0.550806
v 0.132249 1.683901 -0.641609
v -0.132249 1.683901 -0.641609
v -0.410421 2.219323 0.085693
v 0.794224 -1.853815 -0.163226
v -0.692552 -2.535386 0.142572
v -0.719860 -2.519235 -0.000000
v 0.552348 1.683600 -0.373385
v 0.719860 -2.519235 -0.000000
v 0.698083 -2.503080 -0.143709
v 0.236113 2.560456 -0.171609
v 0.259682 2.586662 -0.061997
v 0.259692 2.586663 0.061997
v 0.236137 2.560456 0.171609
v 0.403289 -2.535388 -0.594729
v 0.523511 -2.519228 -0.523486
v 0.554106 1.683601 0.373385
v 0.644789 1.683902 0.132028
v 0.644071 1.683902 -0.132028
v -0.085839 2.219329 0.409925
v -0.406561 -2.503083 0.599471
v -0.459554 -1.888005 -0.677149
v -0.000000 2.210127 0.428189
v 0.375905 1.683600 0.550806
v 0.085839 2.219329 0.409925
v -0.460494 -1.887972 0.677153
v 0.171644 2.560456 0.236091
v 0.062010 2.586663 0.259648
v -0.062010 2.586663 0.259648
v -0.171644 2.560456 0.236091
v 0.463157 -1.853821 0.680883
v 0.325794 -1.870883 -0.762734
v -0.375905 1.683601 0.550806
v -0.132967 1.683901 0.641609
v 0.132967 1.683902 0.641609
v 0.088998 -3.541538 0.432909
v -0.088998 -3.541539 0.432909
v 0.083498 -3.562428 0.402115
v -0.083498 -3.562429 0.402115
v 0.257532 -3.499213 0.380031
v 0.091046 -3.499215 0.442818
v -0.091046 -3.499214 0.442818
v -0.257532 -3.499213 0.380031
v -0.251734 -3.541527 0.371494
v -0.235397 -3.562381 0.345861
v -0.212177 -3.569729 0.297392
v -0.077052 -3.569876 0.337528
v 0.077052 -3.569876 0.337528
v 0.212177 -3.569730 0.297392
v 0.235397 -3.562381 0.345861
v 0.251734 -3.541526 0.371494
v 0.048929 2.830462 -0.048929
v -0.048929 2.830462 -0.048929
v 0.048929 2.830462 0.048929
v -0.048929 2.830462 0.048929
v 0.148897 2.689659 -0.148896
v 0.051659 2.749116 -0.149723
v -0.051659 2.749116 -0.149723
v -0.148897 2.689659 -0.148896
v -0.149724 2.749116 -0.051659
v -0.149724 2.749116 0.051659
v -0.148899 2.689659 0.148896
v -0.051660 2.749116 0.149723
v 0.051660 2.749116 0.149723
v 0.148899 2.689659 0.148896
v 0.149724 2.749116 0.051659
v 0.149724 2.749117 -0.051659
v 0.197847 -0.937500 0.947163
v 0.202447 -0.562500 0.963987
v -0.197847 -0.937500 0.947163
v -0.202447 -0.562500 0.963987
v 0.538059 -1.312059 0.786499
v 0.559170 -0.937500 0.812888
v 0.572016 -0.562500 0.827327
v 0.574018 -0.187500 0.827440
v 0.203191 -0.187500 0.964119
v -0.203191 -0.187500 0.964119
v -0.574018 -0.187500 0.827440
v -0.572016 -0.562500 0.827327
v -0.559170 -0.937500 0.812888
v -0.538059 -1.312059 0.786499
v -0.190322 -1.312058 0.916415
v 0.190322 -1.312058 0.916415
v 0.955265 -0.937500 -0.194757
v 0.975080 -0.562500 -0.198216
v 0.957628 -0.937500 0.194757
v 0.978315 -0.562500 0.198216
v 0.789599 -1.312058 -0.532994
v 0.817963 -0.937500 -0.550877
v 0.834275 -0.562500 -0.560662
v 0.835566 -0.187500 -0.560739
v 0.977094 -0.187500 -0.198243
v 0.980876 -0.187500 0.198243
v 0.844832 -0.187500 0.560739
v 0.842197 -0.562500 0.560662
v 0.823749 -0.937500 0.550877
v 0.793133 -1.312059 0.532994
v 0.922807 -1.312059 0.188434
v 0.921364 -1.312059 -0.188434
v -0.195485 -0.937500 -0.947163
v -0.199213 -0.562500 -0.963987
v 0.195485 -0.937500 -0.947163
v 0.199213 -0.562500 -0.963987
v -0.534525 -1.312058 -0.786499
v -0.553383 -0.937500 -0.812888
v -0.564093 -0.562500 -0.827327
v -0.564752 -0.187500 -0.827440
v -0.199409 -0.187500 -0.964119
v 0.199409 -0.187500 -0.964119
v 0.564752 -0.187500 -0.827440
v 0.564093 -0.562500 -0.827327
v 0.553383 -0.937500 -0.812888
v 0.534525 -1.312058 -0.786499
v 0.188879 -1.312058 -0.916415
v -0.188879 -1.312058 -0.916415
v -0.957628 -0.937500 0.194757
v -0.978315 -0.562500 0.198216
v -0.955265 -0.937500 -0.194757
v -0.975080 -0.562500 -0.198216
v -0.793133 -1.312059 0.532994
v -0.823749 -0.937500 0.550877
v -0.842197 -0.562500 0.560662
v -0.844832 -0.187500 0.560739
v -0.980877 -0.187500 0.198243
v -0.977094 -0.187500 -0.198243
v -0.835566 -0.187500 -0.560739
v -0.834275 -0.562500 -0.560662
v -0.817962 -0.937500 -0.550877
v -0.789599 -1.312058 -0.532994
v -0.921364 -1.312059 -0.188434
v -0.922807 -1.312059 0.188434
v 0.190205 0.562500 0.904451
v 0.176020 0.937500 0.841010
v -0.190205 0.562500 0.904451
v -0.176020 0.937500 0.841010
v 0.562879 0.187500 0.811003
v 0.537390 0.562500 0.776231
v 0.497430 0.937500 0.721784
v 0.443174 1.312382 0.646481
v 0.156777 1.312392 0.753262
v -0.156777 1.312392 0.753262
v -0.443174 1.312382 0.646481
v -0.497430 0.937500 0.721784
v -0.537390 0.562500 0.776231
v -0.562879 0.187500 0.811003
v -0.199253 0.187500 0.944966
v 0.199253 0.187500 0.944967
v 0.915545 0.562500 -0.185974
v 0.849113 0.937500 -0.172930
v 0.918779 0.562500 0.185974
v 0.851475 0.937500 0.172930
v 0.819129 0.187500 -0.549600
v 0.783179 0.562500 -0.526035
v 0.726858 0.937500 -0.489138
v 0.649579 1.312382 -0.438110
v 0.758210 1.312392 -0.154890
v 0.759652 1.312392 0.154890
v 0.653113 1.312382 0.438110
v 0.732645 0.937500 0.489138
v 0.791102 0.562500 0.526036
v 0.828395 0.187500 0.549600
v 0.961724 0.187500 0.194305
v 0.957941 0.187500 -0.194305
v -0.186971 0.562500 -0.904451
v -0.173658 0.937500 -0.841010
v 0.186971 0.562500 -0.904451
v 0.173657 0.937500 -0.841010
v -0.553613 0.187500 -0.811003
v -0.529467 0.562500 -0.776231
v -0.491644 0.937500 -0.721784
v -0.439641 1.312382 -0.646481
v -0.155335 1.312392 -0.753262
v 0.155334 1.312392 -0.753262
v 0.439640 1.312382 -0.646481
v 0.491644 0.937500 -0.721784
v 0.529467 0.562500 -0.776231
v 0.553613 0.187500 -0.811003
v 0.195471 0.187500 -0.944966
v -0.195471 0.187500 -0.944967
v -0.918779 0.562500 0.185974
v -0.851475 0.937500 0.172930
v -0.915545 0.562500 -0.185974
v -0.849113 0.937500 -0.172930
v -0.828395 0.187500 0.549600
v -0.791102 0.562500 0.526035
v -0.732645 0.937500 0.489138
v -0.653113 1.312382 0.438110
v -0.759652 1.312392 0.154890
v -0.758210 1.312392 -0.154890
v -0.649579 1.312382 -0.438110
v -0.726859 0.937500 -0.489138
v -0.783179 0.562500 -0.526036
v -0.819129 0.187500 -0.549600
v -0.957942 0.187500 -0.194305
v -0.961724 0.187500 0.194305
v 0.678891 -1.887959 0.459166
v -0.597054 -1.870900 0.595303
v -0.173162 2.206072 -0.400566
v -0.594791 -2.535384 0.403275
v 0.677949 -1.887992 -0.459164
v -0.354187 2.215373 -0.241516
v -0.599563 -2.503088 0.406490
v -0.361851 2.192745 -0.246546
v 0.594758 -2.535388 -0.403275
v -0.315147 2.202038 -0.314972
v -0.789750 -1.887975 -0.162331
v 0.599515 -2.503073 -0.406492
v -0.763827 -1.870891 -0.325557
v -0.354467 2.215363 0.241519
v 0.764629 -1.870902 0.325556
v -0.692539 -2.535387 -0.142572
v 0.794642 -1.853840 0.163225
v -0.670762 -2.519232 -0.286281
v -0.400891 2.206079 -0.173090
v -0.698083 -2.503080 -0.143709
v 0.670795 -2.519237 0.286281
v -0.410306 2.219327 -0.085692
v -0.790134 -1.887961 0.162332
v -0.419373 2.196898 0.087395
v 0.789750 -1.887975 -0.162331
v -0.428667 2.210134 -0.000000
v -0.794642 -1.853840 0.163225
v 0.820147 -1.870899 -0.000000
v -0.764629 -1.870902 0.325556
v -0.401128 2.206087 0.173088
v 0.763827 -1.870891 -0.325557
v 0.692539 -2.535388 -0.142572
v -0.698102 -2.503087 0.143709
v -0.670795 -2.519237 0.286281
v -0.241911 2.215366 0.353952
v 0.670762 -2.519232 -0.286281
v -0.246982 2.192764 0.361580
v 0.406513 -2.503067 -0.599473
v 0.246982 2.192764 0.361580
v 0.241911 2.215366 0.353952
v -0.087562 2.196878 0.418827
v 0.462128 -1.853763 -0.680889
v -0.173401 2.206080 0.400563
v 0.459554 -1.888005 -0.677149
v 0.595888 -1.870885 -0.595304
v 0.087561 2.196878 0.418827
v -0.403323 -2.535385 0.594729
v -0.462128 -1.853763 -0.680889
v -0.463157 -1.853821 0.680883
v -0.403289 -2.535388 -0.594729
v 0.173400 2.206080 0.400563
v -0.406513 -2.503067 -0.599473
v 0.460494 -1.887972 0.677153
v 0.354467 2.215363 0.241519
v 0.162443 -1.888010 -0.788461
v 0.362153 2.192775 0.246539
v 0.403323 -2.535385 0.594729
v 0.315493 2.202049 0.314969
v 0.163351 -1.853755 -0.792816
v 0.406561 -2.503083 0.599471
v 0.361851 2.192745 -0.246546
v 0.142576 -2.535390 -0.692492
v -0.162826 -1.887985 0.788464
v 0.354186 2.215373 -0.241516
v -0.623314 -2.980958 -0.128167
v -0.623314 -2.980958 0.128167
v -0.651715 -2.929200 -0.134006
v -0.651715 -2.929200 0.134006
v -0.511680 -2.997478 -0.346754
v -0.596200 -2.997478 -0.122591
v -0.596200 -2.997478 0.122591
v -0.511680 -2.997478 0.346754
v -0.534949 -2.980958 0.362524
v -0.559324 -2.929200 0.379042
v -0.587893 -2.819341 0.398402
v -0.685003 -2.819341 0.140851
v -0.685003 -2.819341 -0.140851
v -0.587893 -2.819341 -0.398402
v -0.559324 -2.929200 -0.379042
v -0.534949 -2.980958 -0.362524
v 0.128167 -2.980958 -0.623314
v -0.128167 -2.980958 -0.623314
v 0.134006 -2.929200 -0.651715
v -0.134006 -2.929200 -0.651715
v 0.346754 -2.997478 -0.511680
v 0.122591 -2.997478 -0.596200
v -0.122591 -2.997478 -0.596200
v -0.346754 -2.997478 -0.511680
v -0.362524 -2.980958 -0.534949
v -0.379042 -2.929200 -0.559324
v -0.398402 -2.819341 -0.587892
v -0.140851 -2.819341 -0.685001
v 0.140851 -2.819341 -0.685001
v 0.398402 -2.819341 -0.587892
v 0.379042 -2.929200 -0.559324
v 0.362524 -2.980958 -0.534949
v 0.623314 -2.980958 0.128167
v 0.623314 -2.980958 -0.128167
v 0.651715 -2.929200 0.134006
v 0.651715 -2.929200 -0.134006
v 0.511680 -2.997478 0.346754
v 0.596200 -2.997478 0.122591
v 0.596200 -2.997478 -0.122591
v 0.511680 -2.997478 -0.346754
v 0.534949 -2.980958 -0.362524
v 0.559324 -2.929200 -0.379042
v 0.587893 -2.819341 -0.398402
v 0.685003 -2.819341 -0.140851
v 0.685003 -2.819341 0.140851
v 0.587893 -2.819341 0.398402
v 0.559324 -2.929200 0.379042
v 0.534949 -2.980958 0.362524
v -0.128167 -2.980958 0.623314
v 0.128167 -2.980958 0.623314
v -0.134006 -2.929200 0.651715
v 0.134006 -2.929200 0.651715
v -0.346754 -2.997478 0.511680
v -0.122591 -2.997478 0.596200
v 0.122591 -2.997478 0.596200
v 0.346754 -2.997478 0.511680
v 0.362524 -2.980958 0.534949
v 0.379042 -2.929200 0.559324
v 0.398403 -2.819341 0.587892
v 0.140851 -2.819341 0.685001
v -0.140851 -2.819341 0.685001
v -0.398403 -2.819341 0.587892
v -0.379042 -2.929200 0.559324
v -0.362524 -2.980958 0.534949
v -0.081132 -3.572145 -0.081132
v 0.081132 -3.572145 -0.081132
v -0.081132 -3.572145 0.081132
v 0.081132 -3.572145 0.081132
v -0.211347 -3.571317 -0.211347
v -0.076744 -3.571670 -0.228754
v 0.076744 -3.571670 -0.228754
v 0.211347 -3.571317 -0.211347
v 0.228754 -3.571671 -0.076744
v 0.228754 -3.571670 0.076744
v 0.211347 -3.571317 0.211347
v 0.076744 -3.571670 0.228754
v -0.076744 -3.571670 0.228754
v -0.211347 -3.571317 0.211347
v -0.228754 -3.571670 0.076744
v -0.228754 -3.571670 -0.076744
v -0.088998 -3.541538 -0.432909
v 0.088998 -3.541539 -0.432909
v -0.083498 -3.562428 -0.402115
v 0.083498 -3.562429 -0.402115
v -0.257532 -3.499213 -0.380031
v -0.091046 -3.499215 -0.442818
v 0.091046 -3.499214 -0.442818
v 0.257532 -3.499213 -0.380031
v 0.251734 -3.541527 -0.371494
v 0.235397 -3.562381 -0.345861
v 0.212177 -3.569729 -0.297392
v 0.077052 -3.569876 -0.337528
v -0.077052 -3.569876 -0.337528
v -0.212177 -3.569730 -0.297392
v -0.235397 -3.562381 -0.345861
v -0.251734 -3.541526 -0.371494
v 0.432909 -3.541538 -0.088998
v 0.432909 -3.541539 0.088998
v 0.402115 -3.562428 -0.083498
v 0.402115 -3.562429 0.083498
v 0.380031 -3.499213 -0.257532
v 0.442818 -3.499215 -0.091046
v 0.442818 -3.499214 0.091046
v 0.380031 -3.499213 0.257532
v 0.371494 -3.541527 0.251734
v 0.345861 -3.562381 0.235397
v 0.297392 -3.569729 0.212177
v 0.337528 -3.569877 0.077052
v 0.337528 -3.569876 -0.077052
v 0.297392 -3.569730 -0.212177
v 0.345861 -3.562381 -0.235397
v 0.371494 -3.541526 -0.251734
v -0.432909 -3.541538 0.088998
v -0.432909 -3.541539 -0.088998
v -0.402115 -3.562428 0.083498
v -0.402115 -3.562429 -0.083498
v -0.380031 -3.499213 0.257532
v -0.442818 -3.499215 0.091046
v -0.442818 -3.499214 -0.091046
v -0.380031 -3.499213 -0.257532
v -0.371494 -3.541527 -0.251734
v -0.345861 -3.562381 -0.235397
v -0.297392 -3.569729 -0.212177
v -0.337528 -3.569877 -0.077052
v -0.337528 -3.569876 0.077052
v -0.297392 -3.569729 0.212177
v -0.345861 -3.562381 0.235397
v -0.371494 -3.541526 0.251734
v -0.091372 -3.155937 -0.444340
v -0.381349 -3.203702 0.258419
v 0.091356 -3.203702 0.444324
v 0.381333 -3.155937 -0.258435
v 0.091356 -3.155937 0.444324
v 0.379376 -3.418639 -0.258070
v 0.442138 -3.374029 0.090451
v 0.256907 -3.374029 -0.380538
v 0.442138 -3.374029 -0.091614
v -0.258070 -3.418639 0.379376
v 0.256907 -3.418639 -0.380538
v -0.258070 -3.168278 -0.380538
v 0.442138 -3.212887 0.090451
v -0.380538 -3.374029 0.256907
v -0.258070 -3.374029 0.379376
v 0.090451 -3.418639 -0.443301
v 0.090451 -3.212887 0.442138
v -0.380538 -3.418639 -0.258070
v 0.256907 -3.168278 0.379376
v 0.090451 -3.168278 -0.443301
v 0.256907 -3.212887 0.379376
v 0.091356 -3.362062 -0.444340
v 0.444324 -3.409849 -0.091372
v -0.444340 -3.362062 0.091356
v -0.091372 -3.362062 -0.444340
v -0.444340 -3.203703 -0.091372
v 0.091356 -3.203702 -0.444340
v -0.444340 -3.155937 -0.091372
v 0.444324 -3.155937 0.091356
v 0.091356 -3.155937 -0.444340
v 0.091356 -3.362062 0.444324
v -0.444340 -3.203703 0.091356
v 0.444324 -3.203702 -0.091372
v -0.091372 -3.203702 -0.444340
v -0.091372 -3.203703 0.444324
v -0.444340 -3.155937 0.091356
v 0.444324 -3.155937 -0.091372
v -0.091372 -3.155937 0.444324
v 0.381333 -3.203702 -0.258435
v -0.381349 -3.155937 0.258419
v 0.258419 -3.203702 0.381333
v -0.380538 -3.168278 -0.258070
v 0.090451 -3.212887 -0.443301
v -0.258070 -3.212887 -0.380538
v -0.091614 -3.212887 0.442138
v 0.379376 -3.212887 -0.258070
v 0.379376 -3.168278 0.256907
v 0.090451 -3.418639 0.442138
v -0.258070 -3.212887 0.379376
v 0.379376 -3.374029 0.256907
v -0.380538 -3.168278 0.256907
v 0.256907 -3.374029 0.379376
v 0.442138 -3.212887 -0.091614
v -0.443301 -3.374029 0.090451
v -0.091614 -3.212887 -0.443301
v -0.380538 -3.374029 -0.258070
v -0.443301 -3.418639 0.090451
v 0.444324 -3.362062 0.091356
v -0.444340 -3.409849 0.091356
v -0.091372 -3.409849 -0.444340
v 0.444324 -3.362062 -0.091372
v -0.091372 -3.362062 0.444324
v 0.444324 -3.203702 0.091356
v 0.091356 -3.409849 0.444324
v 0.092818 -3.007172 0.451403
v -0.092818 -3.007172 0.451403
v 0.091755 -3.026663 0.446234
v -0.091755 -3.026663 0.446234
v 0.268938 -3.000951 0.396852
v 0.095080 -3.000951 0.462405
v -0.095080 -3.000951 0.462405
v -0.268938 -3.000951 0.396852
v -0.262540 -3.007172 0.387410
v -0.259533 -3.026663 0.382974
v -0.258573 -3.067662 0.381558
v -0.091416 -3.067662 0.444584
v 0.091416 -3.067662 0.444584
v 0.258573 -3.067662 0.381557
v 0.259533 -3.026663 0.382974
v 0.262540 -3.007172 0.387410
v -0.092818 -3.007172 -0.451403
v 0.092818 -3.007172 -0.451403
v -0.091755 -3.026663 -0.446234
v 0.091755 -3.026663 -0.446234
v -0.268938 -3.000951 -0.396852
v -0.095080 -3.000951 -0.462405
v 0.095080 -3.000951 -0.462405
v 0.268938 -3.000951 -0.396852
v 0.262540 -3.007172 -0.387410
v 0.259533 -3.026663 -0.382974
v 0.258573 -3.067662 -0.381558
v 0.091416 -3.067663 -0.444584
v -0.091416 -3.067662 -0.444584
v -0.258573 -3.067662 -0.381557
v -0.259533 -3.026663 -0.382974
v -0.262540 -3.007172 -0.387410
v 0.451403 -3.007172 -0.092818
v 0.451403 -3.007172 0.092818
v 0.446234 -3.026663 -0.091755
v 0.446234 -3.026663 0.091755
v 0.396852 -3.000951 -0.268938
v 0.462405 -3.000951 -0.095080
v 0.462405 -3.000951 0.095080
v 0.396852 -3.000951 0.268938
v 0.387410 -3.007172 0.262540
v 0.382974 -3.026663 0.259533
v 0.381557 -3.067663 0.258573
v 0.444584 -3.067663 0.091416
v 0.444584 -3.067662 -0.091416
v 0.381557 -3.067662 -0.258573
v 0.382974 -3.026663 -0.259533
v 0.387410 -3.007172 -0.262540
v -0.451403 -3.007172 0.092818
v -0.451403 -3.007172 -0.092818
v -0.446234 -3.026663 0.091755
v -0.446234 -3.026663 -0.091755
v -0.396852 -3.000951 0.268938
v -0.462405 -3.000951 0.095080
v -0.462405 -3.000951 -0.095080
v -0.396852 -3.000951 -0.268938
v -0.387410 -3.007172 -0.262540
v -0.382974 -3.026663 -0.259533
v -0.381558 -3.067662 -0.258573
v -0.444584 -3.067662 -0.091416
v -0.444584 -3.067662 0.091416
v -0.381557 -3.067662 0.258573
v -0.382974 -3.026663 0.259533
v -0.387410 -3.007172 0.262540
v -0.104190 -3.000001 0.506707
v 0.104190 -3.000000 0.506707
v -0.110338 -3.000001 0.536608
v 0.110338 -3.000000 0.536608
v -0.279765 -3.000031 0.412828
v -0.098908 -3.000031 0.481019
v 0.098908 -3.000031 0.481019
v 0.279765 -3.000031 0.412828
v 0.294705 -3.000000 0.434874
v 0.312096 -3.000000 0.460536
v 0.329974 -2.999919 0.486918
v 0.116659 -2.999919 0.567348
v -0.116659 -2.999919 0.567348
v -0.329974 -2.999919 0.486918
v -0.312096 -3.000001 0.460536
v -0.294705 -3.000001 0.434874
v 0.506707 -3.000001 0.104190
v 0.506707 -3.000000 -0.104190
v 0.536608 -3.000001 0.110338
v 0.536608 -3.000000 -0.110338
v 0.412828 -3.000031 0.279765
v 0.481019 -3.000031 0.098908
v 0.481019 -3.000031 -0.098908
v 0.412828 -3.000031 -0.279765
v 0.434874 -3.000000 -0.294705
v 0.460536 -3.000000 -0.312096
v 0.486918 -2.999919 -0.329974
v 0.567348 -2.999919 -0.116659
v 0.567348 -2.999919 0.116659
v 0.486918 -2.999919 0.329974
v 0.460536 -3.000001 0.312096
v 0.434874 -3.000001 0.294705
v 0.104190 -3.000001 -0.506707
v -0.104190 -3.000000 -0.506707
v 0.110338 -3.000001 -0.536608
v -0.110338 -3.000000 -0.536608
v 0.279765 -3.000031 -0.412828
v 0.098908 -3.000031 -0.481019
v -0.098908 -3.000031 -0.481019
v -0.279765 -3.000031 -0.412828
v -0.294705 -3.000000 -0.434874
v -0.312096 -3.000000 -0.460536
v -0.329974 -2.999919 -0.486918
v -0.116659 -2.999919 -0.567348
v 0.116659 -2.999919 -0.567348
v 0.329974 -2.999919 -0.486918
v 0.312096 -3.000001 -0.460536
v 0.294705 -3.000001 -0.434874
v -0.506707 -3.000001 -0.104190
v -0.506707 -3.000000 0.104190
v -0.536608 -3.000001 -0.110338
v -0.536608 -3.000000 0.110338
v -0.412828 -3.000031 -0.279765
v -0.481019 -3.000031 -0.098908
v -0.481019 -3.000031 0.098908
v -0.412828 -3.000031 0.279765
v -0.434874 -3.000000 0.294705
v -0.460536 -3.000000 0.312096
v -0.486918 -2.999919 0.329974
v -0.567348 -2.999919 0.116659
v -0.567348 -2.999919 -0.116659
v -0.486918 -2.999919 -0.329974
v -0.460536 -3.000001 -0.312096
v -0.434874 -3.000001 -0.294705
v -0.449389 2.208111 0.093739
v -0.449261 2.208107 -0.093740
v -0.388098 2.204068 0.264316
v -0.387782 2.204059 -0.264318
v -0.093779 2.208096 -0.448827
v 0.093779 2.208096 -0.448827
v -0.264452 2.204055 -0.387512
v 0.264452 2.204055 -0.387512
v 0.449261 2.208106 -0.093740
v 0.449389 2.208111 0.093739
v 0.387782 2.204059 -0.264318
v 0.388098 2.204068 0.264316
v 0.093908 2.208104 0.448825
v -0.093908 2.208104 0.448824
v 0.264768 2.204065 0.387509
v -0.264769 2.204065 0.387509
v -0.753132 -2.519237 0.155040
v -0.858262 -1.870901 0.176311
v -0.753115 -2.519233 -0.155040
v -0.857828 -1.870895 -0.176311
v -0.646823 -2.519236 0.438542
v -0.737442 -1.870901 0.498707
v -0.736377 -1.870888 -0.498708
v -0.646778 -2.519230 -0.438543
v -0.155046 -2.519227 -0.753054
v -0.176439 -1.870882 -0.856367
v 0.155046 -2.519227 -0.753054
v 0.176439 -1.870882 -0.856367
v -0.438562 -2.519228 -0.646740
v -0.499152 -1.870884 -0.735468
v 0.499152 -1.870884 -0.735468
v 0.438562 -2.519228 -0.646740
v 0.753115 -2.519234 -0.155040
v 0.857828 -1.870895 -0.176311
v 0.753133 -2.519236 0.155040
v 0.858262 -1.870901 0.176311
v 0.646778 -2.519230 -0.438543
v 0.736377 -1.870888 -0.498708
v 0.737442 -1.870901 0.498707
v 0.646823 -2.519236 0.438542
v 0.155064 -2.519232 0.753053
v 0.176874 -1.870891 0.856366
v -0.155064 -2.519232 0.753053
v -0.176874 -1.870892 0.856366
v 0.438606 -2.519234 0.646739
v 0.500219 -1.870896 0.735467
v -0.500219 -1.870896 0.735467
v -0.438606 -2.519234 0.646740
v -0.302748 2.030158 0.444018
v -0.331009 2.343431 0.227673
v -0.445316 2.030163 0.301754
v -0.227917 2.343433 0.330688
v -0.510733 -1.676439 -0.752443
v -0.708989 -2.052404 -0.480126
v -0.754000 -1.676450 -0.509964
v -0.480409 -2.052410 -0.708413
v -0.451818 -2.359941 -0.666530
v -0.622494 -2.641234 -0.421883
v -0.666694 -2.359944 -0.451737
v -0.421891 -2.641234 -0.622477
v 0.754000 -1.676450 -0.509964
v 0.480409 -2.052410 -0.708413
v 0.510733 -1.676440 -0.752443
v 0.708989 -2.052404 -0.480126
v 0.666694 -2.359944 -0.451737
v 0.421891 -2.641234 -0.622477
v 0.451818 -2.359941 -0.666530
v 0.622494 -2.641234 -0.421883
v 0.512513 -1.676469 0.752440
v 0.709651 -2.052387 0.480128
v 0.755779 -1.676480 0.509961
v 0.481071 -2.052394 0.708415
v 0.452005 -2.359949 0.666529
v 0.622512 -2.641232 0.421883
v 0.666880 -2.359951 0.451736
v 0.421910 -2.641233 0.622478
v -0.227745 2.343438 -0.330686
v -0.444628 2.030148 -0.301758
v -0.330836 2.343436 -0.227672
v -0.302058 2.030142 -0.444023
v 0.330836 2.343436 -0.227672
v 0.302058 2.030142 -0.444023
v 0.227745 2.343438 -0.330686
v 0.444628 2.030148 -0.301758
v 0.227917 2.343432 0.330688
v 0.445316 2.030163 0.301754
v 0.331009 2.343431 0.227673
v 0.302748 2.030158 0.444018
v -0.421910 -2.641232 0.622478
v -0.664652 -2.360327 0.453040
v -0.622512 -2.641232 0.421883
v -0.379104 -2.373510 0.710968
v -0.478865 -2.052405 0.709838
v -0.755779 -1.676480 0.509961
v -0.709520 -2.052409 0.480205
v -0.512513 -1.676469 0.752440
v -0.380324 2.352123 0.081130
v -0.517245 2.032402 0.106829
v -0.380253 2.352126 -0.081129
v -0.516964 2.032396 -0.106830
v -0.081151 2.352130 -0.380012
v -0.106917 2.032380 -0.516001
v 0.081150 2.352130 -0.380012
v 0.106917 2.032380 -0.516001
v 0.380253 2.352125 -0.081129
v 0.516964 2.032395 -0.106830
v 0.380324 2.352123 0.081130
v 0.517245 2.032402 0.106829
v 0.081221 2.352126 0.380014
v 0.107199 2.032392 0.515997
v -0.081221 2.352126 0.380014
v -0.107199 2.032392 0.515997
v -0.776880 -2.359951 0.159706
v -0.725248 -2.641233 0.149152
v -0.826525 -2.052388 0.169744
v -0.879848 -1.676479 0.180291
v -0.776804 -2.359947 -0.159707
v -0.725240 -2.641234 -0.149152
v -0.826255 -2.052395 -0.169743
v -0.879122 -1.676466 -0.180292
v -0.159730 -2.359940 -0.776543
v -0.149154 -2.641235 -0.725214
v -0.169825 -2.052413 -0.825332
v -0.180516 -1.676435 -0.876636
v 0.159730 -2.359940 -0.776543
v 0.149154 -2.641235 -0.725214
v 0.169825 -2.052413 -0.825332
v 0.180515 -1.676435 -0.876636
v 0.776804 -2.359948 -0.159707
v 0.725240 -2.641234 -0.149152
v 0.826255 -2.052395 -0.169743
v 0.879122 -1.676466 -0.180292
v 0.776880 -2.359951 0.159706
v 0.725248 -2.641233 0.149152
v 0.826525 -2.052388 0.169744
v 0.879848 -1.676479 0.180291
v 0.157670 -2.360065 0.776155
v 0.149162 -2.641234 0.725214
v 0.169969 -2.052407 0.825311
v 0.181242 -1.676458 0.876633
v -0.232977 -2.364895 0.763458
v -0.149162 -2.641234 0.725214
v -0.172255 -2.052155 0.825066
v -0.181242 -1.676458 0.876633
v -0.682792 -1.853842 0.461693
v -0.000000 2.210120 -0.428191
v 0.682792 -1.853842 0.461693
v -0.678891 -1.887959 0.459166
v -0.087437 2.196856 -0.418835
v 0.523559 -2.519236 0.523485
v -0.595888 -1.870885 -0.595304
v 0.085725 2.219337 -0.409921
v 0.594791 -2.535384 0.403275
v -0.677949 -1.887992 -0.459164
v 0.173162 2.206072 -0.400566
v 0.599562 -2.503088 0.406490
v -0.681766 -1.853785 -0.461697
v 0.087436 2.196856 -0.418835
v 0.286325 -2.519232 0.670715
v -0.523511 -2.519228 -0.523486
v -0.241631 2.215376 -0.353949
v 0.143735 -2.503075 0.698016
v -0.594758 -2.535388 -0.403275
v -0.246677 2.192734 -0.361589
v -0.000000 -2.519231 0.719793
v -0.599515 -2.503073 -0.406492
v 0.315147 2.202038 -0.314972
v 0.142590 -2.535388 0.692493
v -0.286291 -2.519227 -0.670716
v 0.246677 2.192734 -0.361589
v 0.326596 -1.870893 0.762733
v -0.143715 -2.503063 -0.698017
v 0.241631 2.215376 -0.353949
v 0.163771 -1.853798 0.792811
v -0.000000 -2.519227 -0.719793
v 0.400890 2.206079 -0.173090
v -0.000000 -1.870890 0.818543
v -0.142576 -2.535390 -0.692492
v 0.410306 2.219327 -0.085692
v 0.162826 -1.887985 0.788464
v -0.325794 -1.870883 -0.762734
v 0.428666 2.210134 -0.000000
v -0.143735 -2.503076 0.698016
v -0.163351 -1.853755 -0.792816
v 0.419251 2.196886 -0.087397
v -0.286325 -2.519232 0.670716
v -0.000000 -1.870882 -0.818544
v 0.410421 2.219323 0.085693
v -0.142590 -2.535388 0.692493
v -0.162443 -1.888010 -0.788461
v 0.401128 2.206088 0.173088
v -0.163771 -1.853798 0.792811
v -0.381349 -3.409849 0.258419
v 0.381333 -3.409849 -0.258435
v 0.258419 -3.155937 0.381333
v -0.381349 -3.362062 0.258419
v 0.381333 -3.362062 -0.258435
v 0.258419 -3.409849 0.381333
v -0.258435 -3.203702 -0.381349
v 0.258419 -3.362062 0.381333
v -0.258435 -3.155937 -0.381349
v -0.381349 -3.362062 -0.258435
v 0.381333 -3.362062 0.258419
v -0.258435 -3.362062 0.381333
v -0.258435 -3.409849 -0.381349
v -0.381349 -3.409849 -0.258435
v 0.381333 -3.409849 0.258419
v -0.258435 -3.409849 0.381333
v -0.258435 -3.362062 -0.381349
v -0.258435 -3.155937 0.381333
v 0.258419 -3.362062 -0.381349
v -0.381349 -3.155937 -0.258435
v 0.381333 -3.155936 0.258419
v -0.258435 -3.203702 0.381333
v 0.258419 -3.409849 -0.381349
v -0.381349 -3.203702 -0.258435
v 0.381333 -3.203702 0.258419
v -0.091372 -3.409849 0.444324
v 0.258419 -3.155937 -0.381349
v 0.258419 -3.203702 -0.381349
v -0.444340 -3.409849 -0.091372
v 0.444324 -3.409849 0.091356
v 0.091356 -3.409849 -0.444340
v -0.444340 -3.362062 -0.091372
v -0.258431 -3.124478 0.381349
v -0.381347 -3.124477 0.258432
v -0.258426 -3.243917 0.381342
v -0.381341 -3.243917 0.258428
v -0.258426 -3.321413 0.381342
v -0.381341 -3.321413 0.258428
v -0.258397 -3.441385 0.381300
v -0.381298 -3.441384 0.258399
v 0.258432 -3.124478 -0.381347
v 0.381349 -3.124477 -0.258431
v 0.258428 -3.243917 -0.381341
v 0.381342 -3.243918 -0.258426
v 0.258428 -3.321413 -0.381341
v 0.381342 -3.321413 -0.258426
v 0.258399 -3.441384 -0.381298
v 0.381300 -3.441384 -0.258397
v 0.258399 -3.441384 0.381300
v 0.381300 -3.441384 0.258399
v 0.258428 -3.321413 0.381342
v 0.381342 -3.321413 0.258428
v 0.258428 -3.243917 0.381342
v 0.381342 -3.243917 0.258428
v 0.258432 -3.124477 0.381349
v 0.381349 -3.124478 0.258432
v -0.258397 -3.441384 -0.381298
v -0.381298 -3.441385 -0.258397
v -0.258426 -3.321413 -0.381341
v -0.381341 -3.321413 -0.258426
v -0.258426 -3.243917 -0.381341
v -0.381341 -3.243917 -0.258426
v -0.258431 -3.124477 -0.381347
v -0.381347 -3.124478 -0.258431
v -0.444340 -3.124478 0.091367
v -0.444331 -3.243917 0.091365
v -0.444331 -3.243917 -0.091363
v -0.444340 -3.124478 -0.091365
v -0.444331 -3.321413 0.091365
v -0.444283 -3.441384 0.091355
v -0.444331 -3.321413 -0.091363
v -0.444283 -3.441384 -0.091353
v 0.444341 -3.124478 -0.091365
v 0.444333 -3.243917 -0.091363
v 0.444333 -3.243917 0.091365
v 0.444341 -3.124478 0.091367
v 0.444333 -3.321413 -0.091363
v 0.444284 -3.441385 -0.091353
v 0.444333 -3.321413 0.091365
v 0.444284 -3.441384 0.091355
v -0.091365 -3.124478 -0.444340
v -0.091363 -3.243917 -0.444331
v 0.091365 -3.243917 -0.444331
v 0.091367 -3.124478 -0.444340
v -0.091363 -3.321413 -0.444331
v -0.091353 -3.441384 -0.444283
v 0.091365 -3.321413 -0.444331
v 0.091355 -3.441384 -0.444283
v 0.091367 -3.124478 0.444341
v 0.091365 -3.243917 0.444333
v -0.091363 -3.243917 0.444333
v -0.091365 -3.124478 0.444341
v 0.091365 -3.321413 0.444333
v 0.091355 -3.441384 0.444284
v -0.091363 -3.321413 0.444333
v -0.091353 -3.441384 0.444284
v 0.082233 -3.190412 0.404449
v 0.346946 -3.378922 -0.237083
v -0.406792 -3.378922 0.082233
v -0.084575 -3.190412 0.404449
v 0.234741 -3.418252 0.346946
v -0.406792 -3.418253 0.082233
v -0.237083 -3.190412 0.346946
v -0.349289 -3.229743 0.234741
v -0.406792 -3.418253 -0.084575
v 0.082233 -3.378922 0.404449
v -0.084575 -3.190412 -0.406792
v 0.404449 -3.190412 -0.084575
v -0.406792 -3.229743 0.082233
v 0.346946 -3.190412 -0.237083
v 0.404449 -3.190412 0.082233
v -0.406792 -3.229743 -0.084575
v 0.346946 -3.418253 -0.237083
v -0.406792 -3.190412 0.082233
v -0.084575 -3.418253 0.404449
v 0.234741 -3.378922 -0.349289
v -0.406792 -3.190412 -0.084575
v -0.237083 -3.418253 0.346946
v 0.082233 -3.418252 -0.406792
v -0.084575 -3.378922 0.404449
v -0.237083 -3.378922 0.346946
v 0.082233 -3.190412 -0.406792
v 0.234741 -3.190412 0.346946
v 0.082233 -3.229743 -0.406792
v 0.404449 -3.378922 0.082233
v -0.406792 -3.378922 -0.084575
v 0.234741 -3.229743 0.346946
v 0.404449 -3.378922 -0.084575
v 0.379376 -3.168278 -0.258070
v -0.380538 -3.212887 -0.258070
v -0.091614 -3.168278 -0.443301
v -0.091614 -3.168278 0.442138
v -0.091614 -3.374029 0.442138
v -0.258070 -3.168278 0.379376
v 0.090451 -3.168278 0.442138
v -0.091614 -3.418639 0.442138
v -0.443301 -3.374029 -0.091614
v 0.256907 -3.418639 0.379376
v -0.258070 -3.418639 -0.380538
v 0.442138 -3.168278 0.090451
v 0.379376 -3.374029 -0.258070
v -0.258070 -3.374029 -0.380538
v 0.090451 -3.374029 0.442138
v 0.442138 -3.168278 -0.091614
v 0.379376 -3.418639 0.256907
v 0.256907 -3.168278 -0.380538
v -0.380538 -3.212887 0.256907
v 0.090451 -3.374029 -0.443301
v 0.256907 -3.212887 -0.380538
v -0.091614 -3.374029 -0.443301
v -0.443301 -3.168278 -0.091614
v 0.379376 -3.212887 0.256907
v -0.091614 -3.418639 -0.443301
v -0.443301 -3.168278 0.090451
v -0.443301 -3.212887 -0.091614
v -0.443301 -3.212887 0.090451
v 0.442138 -3.418639 0.090451
v -0.443301 -3.418639 -0.091614
v -0.380538 -3.418639 0.256907
v 0.442138 -3.418639 -0.091614
v 0.214076 -3.390814 0.316466
v -0.216470 -3.218796 0.316466
v 0.074911 -3.390814 0.368938
v 0.074911 -3.218796 0.368938
v -0.216470 -3.390814 -0.318859
v 0.214076 -3.218796 -0.318859
v -0.077305 -3.390814 -0.371332
v -0.077305 -3.218796 -0.371332
v 0.316466 -3.390814 -0.216470
v 0.316466 -3.218796 0.214076
v 0.368938 -3.390814 -0.077305
v 0.368938 -3.218796 -0.077305
v -0.318859 -3.390814 0.214076
v -0.318859 -3.218796 -0.216470
v -0.371332 -3.390814 0.074911
v -0.371332 -3.218796 0.074911
v 0.214076 -3.218796 0.316466
v -0.216470 -3.390815 0.316466
v -0.077305 -3.390814 0.368938
v -0.077305 -3.218796 0.368938
v -0.216470 -3.218796 -0.318859
v 0.214076 -3.390815 -0.318859
v 0.074911 -3.390814 -0.371332
v 0.074911 -3.218796 -0.371332
v 0.316466 -3.218796 -0.216470
v 0.316466 -3.390814 0.214076
v 0.368938 -3.390814 0.074911
v 0.368938 -3.218796 0.074911
v -0.318859 -3.218796 0.214076
v -0.318859 -3.390814 -0.216470
v -0.371332 -3.390814 -0.077305
v -0.371332 -3.218796 -0.077305
v 0.234741 -3.378922 0.346946
v 0.346946 -3.418252 0.234741
v -0.237083 -3.229743 0.346946
v -0.349289 -3.418253 0.234741
v -0.237083 -3.418252 -0.349289
v -0.349289 -3.378922 -0.237083
v -0.237083 -3.378922 -0.349289
v 0.404449 -3.229743 -0.084575
v 0.346946 -3.229743 0.234741
v 0.234741 -3.190412 -0.349289
v 0.404449 -3.418252 0.082233
v 0.234741 -3.229743 -0.349289
v -0.349289 -3.190412 0.234741
v 0.404449 -3.418252 -0.084575
v 0.082233 -3.378922 -0.406792
v -0.237083 -3.190412 -0.349289
v 0.082233 -3.418253 0.404449
v -0.084575 -3.378922 -0.406792
v -0.084575 -3.229743 0.404449
v -0.084575 -3.418252 -0.406792
v -0.349289 -3.190412 -0.237083
v -0.349289 -3.418252 -0.237083
v 0.346946 -3.378922 0.234741
v -0.349289 -3.378922 0.234741
v 0.346946 -3.190412 0.234741
v -0.084575 -3.229743 -0.406792
v 0.234741 -3.418253 -0.349289
v -0.237083 -3.229743 -0.349289
v -0.349289 -3.229743 -0.237083
v 0.082233 -3.229743 0.404449
v 0.404449 -3.229743 0.082233
v 0.346946 -3.229743 -0.237083
v -0.283741 -2.462408 0.659614
v -0.265879 -2.458873 0.660921
v -0.249111 -2.451927 0.662974
v -0.234020 -2.441844 0.665161
v -0.221186 -2.429010 0.667400
v -0.211103 -2.413919 0.669602
v -0.204158 -2.397151 0.671684
v -0.200617 -2.379350 0.673566
v -0.200617 -2.361201 0.675176
v -0.204158 -2.343400 0.676452
v -0.211103 -2.326632 0.677343
v -0.221187 -2.311540 0.677817
v -0.234020 -2.298707 0.677855
v -0.249111 -2.288623 0.677456
v -0.265879 -2.281678 0.676636
v -0.283680 -2.278137 0.675424
v -0.301839 -2.278140 0.674499
v -0.322817 -2.282354 0.689179
v -0.341423 -2.288939 0.665702
v -0.356447 -2.299002 0.659399
v -0.369281 -2.311836 0.654075
v -0.379365 -2.326927 0.649368
v -0.386310 -2.343695 0.645458
v -0.389851 -2.361496 0.642496
v -0.389851 -2.379645 0.640596
v -0.386310 -2.397446 0.639830
v -0.379365 -2.414215 0.640227
v -0.369281 -2.429306 0.641774
v -0.356448 -2.442139 0.644410
v -0.341357 -2.452223 0.648033
v -0.294852 -2.370462 0.579812
v -0.324710 -2.459156 0.652933
v -0.306045 -2.461972 0.672317
vn -0.9197 0.0001 -0.3926
vn 0.9193 0.0026 0.3936
vn 0.9193 0.0027 0.3936
vn 0.9193 0.0025 0.3936
vn 0.9193 0.0024 0.3936
vn 0.9193 0.0024 0.3937
vn -0.0068 0.9997 0.0215
vn -0.0046 0.9998 0.0218
vn -0.0048 0.9997 0.0228
vn -0.0071 0.9997 0.0223
vn -0.0023 0.9998 0.0222
vn -0.0024 0.9997 0.0231
vn -0.0025 0.9997 0.0241
vn -0.0049 0.9997 0.0238
vn -0.0074 0.9997 0.0234
vn -0.0000 -1.0000 -0.0000
vn -0.6719 0.3021 0.6762
vn -0.6661 0.3290 0.6694
vn -0.7970 0.3292 0.5063
vn -0.8042 0.3026 0.5115
vn -0.6610 0.3507 0.6634
vn -0.7910 0.3508 0.5014
vn -0.8768 0.3498 0.3299
vn -0.8840 0.3279 0.3333
vn -0.8921 0.3014 0.3365
vn 0.0212 -0.9998 -0.0068
vn 0.0215 -0.9998 -0.0046
vn 0.0225 -0.9997 -0.0047
vn 0.0220 -0.9997 -0.0070
vn 0.0219 -0.9998 -0.0023
vn 0.0228 -0.9997 -0.0023
vn 0.0238 -0.9997 -0.0024
vn 0.0234 -0.9997 -0.0048
vn 0.0230 -0.9997 -0.0073
vn 0.7060 -0.0034 -0.7082
vn 0.7061 -0.0034 -0.7081
vn 0.7061 -0.0033 -0.7081
vn 0.7060 -0.0033 -0.7082
vn 0.7061 -0.0032 -0.7081
vn 0.7060 -0.0032 -0.7082
vn -0.6307 0.4516 0.6311
vn -0.6197 0.4813 0.6199
vn -0.7444 0.4877 0.4561
vn -0.7584 0.4539 0.4678
vn -0.6023 0.5237 0.6025
vn -0.6891 0.5467 0.4757
vn -0.7637 0.5586 0.3237
vn -0.8142 0.4973 0.2997
vn -0.8352 0.4588 0.3032
vn -0.8519 0.5018 0.1500
vn -0.8743 0.4620 0.1490
vn -0.8098 0.5628 0.1655
vn -0.8258 0.5640 -0.0000
vn -0.8643 0.5030 -0.0001
vn -0.8863 0.4631 -0.0002
vn -0.8519 0.5017 -0.1501
vn -0.8743 0.4618 -0.1494
vn -0.8098 0.5628 -0.1656
vn -0.7637 0.5585 -0.3237
vn -0.8142 0.4971 -0.2998
vn -0.8352 0.4585 -0.3036
vn -0.7445 0.4875 -0.4562
vn -0.7585 0.4535 -0.4680
vn -0.6892 0.5466 -0.4757
vn -0.6024 0.5236 -0.6025
vn -0.6198 0.4811 -0.6200
vn -0.6308 0.4513 -0.6312
vn -0.0001 -1.0000 -0.0001
vn -0.0000 -1.0000 -0.0001
vn -0.7071 -0.0006 -0.7071
vn -0.7071 -0.0006 -0.7072
vn -0.8912 0.2986 -0.3414
vn -0.8834 0.3256 -0.3370
vn -0.7968 0.3265 -0.5084
vn -0.8038 0.2992 -0.5142
vn -0.8765 0.3481 -0.3327
vn -0.7909 0.3487 -0.5029
vn -0.6615 0.3488 -0.6638
vn -0.6668 0.3265 -0.6700
vn -0.6726 0.2990 -0.6769
vn -0.9544 0.2985 -0.0036
vn -0.9457 0.3252 -0.0027
vn -0.9307 0.3250 -0.1677
vn -0.9392 0.2981 -0.1705
vn -0.9376 0.3477 -0.0019
vn -0.9231 0.3475 -0.1649
vn -0.9312 0.3262 0.1628
vn -0.9398 0.2997 0.1639
vn -0.9234 0.3484 0.1613
vn 0.0114 0.9997 0.0208
vn 0.0134 0.9997 0.0196
vn 0.0139 0.9997 0.0205
vn 0.0119 0.9997 0.0216
vn 0.0153 0.9997 0.0184
vn 0.0158 0.9997 0.0191
vn 0.0166 0.9997 0.0200
vn 0.0144 0.9997 0.0214
vn 0.0124 0.9997 0.0226
vn -0.0000 1.0000 -0.0000
vn -0.7065 0.0016 -0.7077
vn -0.7065 0.0015 -0.7077
vn -0.5050 0.3248 -0.7997
vn -0.5096 0.2970 -0.8075
vn -0.5005 0.3474 -0.7930
vn -0.3302 0.3456 -0.8784
vn -0.3335 0.3224 -0.8859
vn -0.3368 0.2945 -0.8944
vn 0.0069 0.9997 -0.0216
vn 0.0047 0.9997 -0.0220
vn 0.0048 0.9997 -0.0229
vn 0.0071 0.9997 -0.0224
vn 0.0023 0.9997 -0.0223
vn 0.0024 0.9997 -0.0232
vn 0.0025 0.9997 -0.0243
vn 0.0049 0.9997 -0.0239
vn 0.0075 0.9997 -0.0235
vn -0.4560 0.4873 -0.7447
vn -0.4677 0.4533 -0.7589
vn -0.4756 0.5465 -0.6893
vn -0.3236 0.5584 -0.7638
vn -0.2996 0.4969 -0.8144
vn -0.3032 0.4581 -0.8356
vn -0.1500 0.5014 -0.8521
vn -0.1491 0.4613 -0.8746
vn -0.1655 0.5627 -0.8099
vn -0.0000 0.5639 -0.8258
vn -0.0000 0.5027 -0.8645
vn -0.0000 0.4624 -0.8867
vn 0.1500 0.5014 -0.8521
vn 0.1491 0.4613 -0.8746
vn 0.1655 0.5627 -0.8099
vn 0.3236 0.5584 -0.7638
vn 0.2996 0.4969 -0.8144
vn 0.3032 0.4581 -0.8356
vn 0.4560 0.4873 -0.7447
vn 0.4677 0.4533 -0.7589
vn 0.4756 0.5465 -0.6893
vn 0.6024 0.5236 -0.6025
vn 0.6198 0.4811 -0.6200
vn 0.6308 0.4513 -0.6312
vn -0.0000 -0.0000 1.0000
vn 0.3368 0.2945 -0.8944
vn 0.3335 0.3224 -0.8859
vn 0.5050 0.3248 -0.7997
vn 0.5096 0.2970 -0.8075
vn 0.3302 0.3456 -0.8784
vn 0.5005 0.3474 -0.7930
vn 0.6615 0.3488 -0.6638
vn 0.6668 0.3265 -0.6700
vn 0.6726 0.2990 -0.6769
vn -0.0000 0.2917 -0.9565
vn -0.0000 0.3198 -0.9475
vn 0.1644 0.3205 -0.9329
vn 0.1661 0.2924 -0.9417
vn -0.0000 0.3436 -0.9391
vn 0.1626 0.3440 -0.9248
vn -0.1644 0.3205 -0.9329
vn -0.1661 0.2924 -0.9417
vn -0.1626 0.3440 -0.9248
vn -0.0068 -0.9998 -0.0212
vn -0.0046 -0.9998 -0.0216
vn -0.0047 -0.9997 -0.0225
vn -0.0070 -0.9997 -0.0220
vn -0.0023 -0.9998 -0.0219
vn -0.0023 -0.9997 -0.0228
vn -0.0024 -0.9997 -0.0238
vn -0.0048 -0.9997 -0.0235
vn -0.0073 -0.9997 -0.0231
vn 0.7968 0.3265 -0.5084
vn 0.8038 0.2992 -0.5142
vn 0.7909 0.3487 -0.5029
vn 0.8765 0.3481 -0.3327
vn 0.8834 0.3256 -0.3370
vn 0.8912 0.2986 -0.3414
vn -0.0000 -0.0000 -1.0000
vn 0.7445 0.4875 -0.4562
vn 0.7585 0.4535 -0.4680
vn 0.6892 0.5466 -0.4757
vn 0.7637 0.5585 -0.3237
vn 0.8142 0.4971 -0.2998
vn 0.8352 0.4585 -0.3036
vn 0.8519 0.5017 -0.1501
vn 0.8743 0.4618 -0.1494
vn 0.8098 0.5628 -0.1656
vn 0.8258 0.5640 -0.0000
vn 0.8643 0.5030 -0.0001
vn 0.8863 0.4631 -0.0002
vn 0.8519 0.5018 0.1500
vn 0.8743 0.4620 0.1490
vn 0.8098 0.5628 0.1655
vn 0.7637 0.5586 0.3237
vn 0.8142 0.4973 0.2997
vn 0.8352 0.4588 0.3032
vn 0.7444 0.4877 0.4561
vn 0.7584 0.4539 0.4678
vn 0.6891 0.5467 0.4757
vn 0.6023 0.5237 0.6025
vn 0.6197 0.4813 0.6199
vn 0.6307 0.4516 0.6311
vn -0.7071 0.0002 -0.7071
vn 0.8921 0.3014 0.3365
vn 0.8840 0.3279 0.3333
vn 0.7970 0.3292 0.5063
vn 0.8042 0.3026 0.5115
vn 0.8768 0.3498 0.3299
vn 0.7910 0.3508 0.5014
vn 0.6610 0.3507 0.6634
vn 0.6661 0.3290 0.6694
vn 0.6719 0.3021 0.6762
vn 0.9544 0.2985 -0.0036
vn 0.9457 0.3252 -0.0027
vn 0.9312 0.3262 0.1628
vn 0.9398 0.2997 0.1639
vn 0.9376 0.3477 -0.0019
vn 0.9233 0.3484 0.1613
vn 0.9307 0.3250 -0.1677
vn 0.9392 0.2981 -0.1705
vn 0.9231 0.3475 -0.1649
vn 0.0219 -0.9998 0.0023
vn 0.0215 -0.9998 0.0046
vn 0.0225 -0.9997 0.0047
vn 0.0227 -0.9997 0.0023
vn 0.0212 -0.9998 0.0068
vn 0.0219 -0.9997 0.0070
vn 0.0230 -0.9997 0.0073
vn 0.0234 -0.9997 0.0048
vn 0.0238 -0.9997 0.0025
vn 1.0000 -0.0000 -0.0000
vn 0.5036 0.3265 0.7998
vn 0.5079 0.2992 0.8078
vn 0.4995 0.3487 0.7931
vn 0.3292 0.3462 0.8785
vn 0.3321 0.3233 0.8861
vn 0.3349 0.2956 0.8947
vn -0.0212 -0.9998 0.0068
vn -0.0215 -0.9998 0.0046
vn -0.0225 -0.9997 0.0047
vn -0.0219 -0.9997 0.0070
vn -0.0219 -0.9998 0.0023
vn -0.0227 -0.9997 0.0023
vn -0.0238 -0.9997 0.0025
vn -0.0234 -0.9997 0.0048
vn -0.0230 -0.9997 0.0073
vn 0.4559 0.4875 0.7446
vn 0.4675 0.4535 0.7588
vn 0.4756 0.5466 0.6892
vn 0.3236 0.5585 0.7638
vn 0.2996 0.4970 0.8144
vn 0.3031 0.4582 0.8356
vn 0.1500 0.5014 0.8521
vn 0.1490 0.4613 0.8746
vn 0.1655 0.5627 0.8099
vn -0.0000 0.5639 0.8258
vn -0.0000 0.5027 0.8645
vn -0.0000 0.4624 0.8867
vn -0.1500 0.5014 0.8521
vn -0.1490 0.4613 0.8746
vn -0.1655 0.5627 0.8099
vn -0.3236 0.5585 0.7638
vn -0.2996 0.4970 0.8144
vn -0.3031 0.4582 0.8356
vn -0.4559 0.4875 0.7446
vn -0.4675 0.4535 0.7588
vn -0.4756 0.5466 0.6892
vn -0.0001 -1.0000 0.0001
vn -0.0001 -1.0000 -0.0000
vn -0.9196 0.0006 -0.3928
vn -0.3349 0.2956 0.8947
vn -0.3321 0.3233 0.8861
vn -0.5036 0.3265 0.7998
vn -0.5079 0.2992 0.8078
vn -0.3292 0.3462 0.8785
vn -0.4995 0.3487 0.7931
vn -0.0000 0.2917 0.9565
vn -0.0000 0.3198 0.9475
vn -0.1636 0.3208 0.9329
vn -0.1649 0.2928 0.9418
vn -0.0000 0.3436 0.9391
vn -0.1619 0.3442 0.9248
vn 0.1636 0.3208 0.9329
vn 0.1649 0.2928 0.9418
vn 0.1619 0.3442 0.9248
vn 0.3446 -0.2277 0.9107
vn 0.1700 -0.2262 0.9592
vn 0.1518 -0.4881 0.8595
vn 0.3079 -0.4891 0.8161
vn -0.0000 -0.2255 0.9742
vn -0.0000 -0.4877 0.8730
vn -0.0000 -0.8022 0.5970
vn 0.1038 -0.8015 0.5890
vn 0.2117 -0.7993 0.5623
vn -0.1699 -0.2262 0.9592
vn -0.1518 -0.4881 0.8595
vn -0.3446 -0.2277 0.9107
vn -0.3079 -0.4891 0.8161
vn -0.2117 -0.7993 0.5623
vn -0.1038 -0.8015 0.5890
vn 0.0511 -0.9547 0.2931
vn 0.1065 -0.9524 0.2857
vn -0.0000 -0.9555 0.2950
vn -0.0000 -0.9923 0.1235
vn 0.0210 -0.9920 0.1242
vn 0.0453 -0.9911 0.1255
vn -0.0511 -0.9547 0.2931
vn -0.1065 -0.9524 0.2857
vn -0.0454 -0.9911 0.1255
vn -0.0211 -0.9920 0.1242
vn 0.7069 -0.0268 0.7069
vn 0.5355 -0.0266 0.8441
vn 0.5339 -0.0866 0.8411
vn 0.7044 -0.0870 0.7044
vn 0.3537 -0.0263 0.9350
vn 0.3527 -0.0856 0.9318
vn 0.5214 -0.2293 0.8219
vn 0.6881 -0.2300 0.6881
vn 0.1744 -0.0260 0.9843
vn 0.1740 -0.0848 0.9811
vn -0.0000 -0.0259 0.9997
vn -0.0000 -0.0844 0.9964
vn -0.1744 -0.0260 0.9843
vn -0.1740 -0.0848 0.9811
vn -0.3537 -0.0263 0.9350
vn -0.3527 -0.0856 0.9318
vn -0.5355 -0.0266 0.8441
vn -0.5339 -0.0866 0.8411
vn -0.7069 -0.0268 0.7069
vn -0.7044 -0.0870 0.7044
vn -0.6881 -0.2300 0.6881
vn -0.5214 -0.2293 0.8219
vn -0.4664 -0.4901 0.7364
vn -0.6162 -0.4905 0.6162
vn -0.4284 -0.7956 0.4284
vn -0.3230 -0.7968 0.5106
vn -0.1672 -0.9493 0.2661
vn -0.2256 -0.9478 0.2256
vn -0.1062 -0.9887 0.1062
vn -0.0755 -0.9895 0.1229
vn -0.0303 -0.9982 0.0518
vn -0.0169 -0.9986 0.0498
vn -0.0459 -0.9979 0.0459
vn -0.0195 -0.9996 0.0195
vn -0.0118 -0.9997 0.0196
vn -0.0063 -0.9998 0.0184
vn -0.0077 -0.9988 0.0477
vn -0.0000 -0.9989 0.0471
vn -0.0030 -0.9998 0.0176
vn -0.0000 -0.9998 0.0174
vn 0.0077 -0.9988 0.0477
vn 0.0169 -0.9986 0.0498
vn 0.0029 -0.9998 0.0176
vn 0.0063 -0.9998 0.0184
vn 0.1062 -0.9887 0.1062
vn 0.0756 -0.9895 0.1229
vn 0.0303 -0.9982 0.0518
vn 0.0459 -0.9979 0.0459
vn 0.0118 -0.9997 0.0196
vn 0.0195 -0.9996 0.0195
vn 0.4284 -0.7956 0.4284
vn 0.3230 -0.7968 0.5106
vn 0.1672 -0.9493 0.2661
vn 0.2255 -0.9478 0.2256
vn 0.4664 -0.4901 0.7364
vn 0.6162 -0.4905 0.6162
vn 0.5015 0.7050 -0.5015
vn 0.2753 0.7581 -0.5911
vn 0.3478 0.8707 -0.3478
vn 0.5911 0.7581 -0.2753
vn -0.0000 0.7790 -0.6271
vn -0.0000 0.9242 -0.3820
vn 0.3820 0.9242 -0.0000
vn 0.6271 0.7790 -0.0000
vn -0.2753 0.7581 -0.5911
vn -0.3478 0.8707 -0.3478
vn -0.5015 0.7050 -0.5015
vn -0.5911 0.7581 -0.2753
vn -0.6271 0.7790 -0.0000
vn -0.3820 0.9242 -0.0000
vn 0.3478 0.8707 0.3478
vn 0.5911 0.7581 0.2753
vn -0.0000 0.9242 0.3820
vn -0.0000 0.7790 0.6271
vn 0.2753 0.7581 0.5911
vn 0.5015 0.7050 0.5015
vn -0.3478 0.8707 0.3478
vn -0.5911 0.7581 0.2753
vn -0.5015 0.7050 0.5015
vn -0.2753 0.7581 0.5911
vn 0.5640 0.6032 -0.5640
vn 0.3974 0.6335 -0.6638
vn 0.6638 0.6336 -0.3974
vn 0.2075 0.6484 -0.7325
vn -0.0000 0.6532 -0.7572
vn -0.2075 0.6484 -0.7325
vn -0.3974 0.6335 -0.6638
vn -0.5640 0.6032 -0.5640
vn -0.6638 0.6336 -0.3974
vn -0.7325 0.6484 -0.2075
vn -0.7571 0.6533 -0.0000
vn -0.7325 0.6484 0.2075
vn -0.6638 0.6336 0.3974
vn -0.5639 0.6032 0.5640
vn -0.3974 0.6336 0.6638
vn -0.2075 0.6484 0.7325
vn -0.0000 0.6532 0.7572
vn 0.2075 0.6484 0.7325
vn 0.3974 0.6336 0.6638
vn 0.6638 0.6336 0.3974
vn 0.5639 0.6032 0.5640
vn 0.7571 0.6533 -0.0000
vn 0.7325 0.6484 0.2075
vn 0.7325 0.6484 -0.2075
vn 0.3488 -0.0861 0.9332
vn 0.3485 -0.0681 0.9348
vn 0.1714 -0.0661 0.9830
vn 0.1716 -0.0840 0.9816
vn 0.3483 -0.0480 0.9362
vn 0.1712 -0.0462 0.9841
vn -0.0000 -0.0456 0.9990
vn -0.0000 -0.0654 0.9979
vn -0.0000 -0.0832 0.9965
vn 0.3480 -0.0259 0.9372
vn 0.1710 -0.0244 0.9850
vn 0.3476 -0.0017 0.9376
vn 0.1708 -0.0008 0.9853
vn -0.0000 -0.0004 1.0000
vn -0.0000 -0.0240 0.9997
vn -0.1714 -0.0661 0.9830
vn -0.1716 -0.0840 0.9816
vn -0.1712 -0.0462 0.9841
vn -0.3483 -0.0480 0.9362
vn -0.3485 -0.0681 0.9348
vn -0.3488 -0.0861 0.9332
vn -0.1710 -0.0244 0.9850
vn -0.1708 -0.0008 0.9853
vn -0.3476 -0.0017 0.9376
vn -0.3480 -0.0259 0.9372
vn 0.7006 -0.1166 0.7040
vn 0.7008 -0.1077 0.7052
vn 0.5295 -0.1049 0.8418
vn 0.5295 -0.1142 0.8406
vn 0.7013 -0.0920 0.7069
vn 0.5296 -0.0891 0.8436
vn 0.3490 -0.1020 0.9316
vn 0.3492 -0.1118 0.9304
vn 0.7018 -0.0739 0.7085
vn 0.5296 -0.0710 0.8453
vn 0.7022 -0.0532 0.7099
vn 0.5295 -0.0506 0.8468
vn 0.7025 -0.0301 0.7111
vn 0.5293 -0.0279 0.8480
vn 0.7024 -0.0046 0.7117
vn 0.5290 -0.0031 0.8486
vn 0.7020 0.0231 0.7118
vn 0.5285 0.0238 0.8486
vn 0.7011 0.0528 0.7111
vn 0.5277 0.0526 0.8478
vn 0.3466 0.0522 0.9366
vn 0.3471 0.0244 0.9375
vn 0.1705 0.0247 0.9850
vn 0.1702 0.0518 0.9840
vn -0.0000 0.0517 0.9987
vn -0.0000 0.0248 0.9997
vn -0.1705 0.0247 0.9850
vn -0.1702 0.0518 0.9840
vn -0.3466 0.0522 0.9366
vn -0.3471 0.0244 0.9375
vn -0.5285 0.0238 0.8486
vn -0.5290 -0.0031 0.8486
vn -0.5277 0.0526 0.8478
vn -0.7011 0.0528 0.7111
vn -0.7020 0.0231 0.7118
vn -0.7024 -0.0046 0.7117
vn -0.5293 -0.0279 0.8480
vn -0.5295 -0.0506 0.8468
vn -0.7025 -0.0301 0.7111
vn -0.7022 -0.0532 0.7099
vn -0.5296 -0.0710 0.8453
vn -0.5296 -0.0891 0.8436
vn -0.7018 -0.0739 0.7085
vn -0.7013 -0.0920 0.7069
vn -0.3492 -0.1118 0.9304
vn -0.3490 -0.1020 0.9316
vn -0.5295 -0.1049 0.8418
vn -0.5295 -0.1142 0.8406
vn -0.7008 -0.1077 0.7052
vn -0.7006 -0.1166 0.7040
vn -0.0000 -0.1094 0.9940
vn -0.0000 -0.0991 0.9951
vn -0.1718 -0.0998 0.9801
vn -0.1719 -0.1100 0.9790
vn 0.1718 -0.0998 0.9801
vn 0.1719 -0.1100 0.9790
vn 0.9294 -0.0903 -0.3579
vn 0.9303 -0.0723 -0.3597
vn 0.9807 -0.0737 -0.1810
vn 0.9795 -0.0915 -0.1794
vn 0.9310 -0.0520 -0.3614
vn 0.9818 -0.0534 -0.1825
vn 0.9985 -0.0546 -0.0071
vn 0.9972 -0.0750 -0.0060
vn 0.9957 -0.0927 -0.0049
vn 0.9314 -0.0292 -0.3628
vn 0.9825 -0.0305 -0.1838
vn 0.9315 -0.0042 -0.3638
vn 0.9828 -0.0053 -0.1847
vn 0.9999 -0.0061 -0.0088
vn 0.9995 -0.0317 -0.0080
vn 0.9825 -0.0760 0.1700
vn 0.9809 -0.0938 0.1705
vn 0.9839 -0.0556 0.1696
vn 0.9343 -0.0558 0.3521
vn 0.9330 -0.0764 0.3518
vn 0.9315 -0.0943 0.3514
vn 0.9851 -0.0324 0.1691
vn 0.9856 -0.0066 0.1687
vn 0.9359 -0.0066 0.3523
vn 0.9353 -0.0325 0.3523
vn 0.7009 -0.1131 -0.7043
vn 0.7010 -0.1036 -0.7056
vn 0.8375 -0.1048 -0.5363
vn 0.8373 -0.1142 -0.5346
vn 0.7015 -0.0876 -0.7072
vn 0.8382 -0.0890 -0.5380
vn 0.9284 -0.1058 -0.3562
vn 0.9279 -0.1151 -0.3546
vn 0.7019 -0.0695 -0.7089
vn 0.8388 -0.0709 -0.5398
vn 0.7022 -0.0491 -0.7103
vn 0.8392 -0.0505 -0.5414
vn 0.7023 -0.0266 -0.7114
vn 0.8394 -0.0279 -0.5427
vn 0.7021 -0.0020 -0.7121
vn 0.8393 -0.0030 -0.5436
vn 0.7016 0.0245 -0.7121
vn 0.8388 0.0239 -0.5439
vn 0.7007 0.0528 -0.7115
vn 0.8377 0.0526 -0.5436
vn 0.9299 0.0522 -0.3642
vn 0.9310 0.0231 -0.3643
vn 0.9824 0.0223 -0.1853
vn 0.9813 0.0518 -0.1854
vn 0.9986 0.0517 -0.0096
vn 0.9997 0.0218 -0.0094
vn 0.9855 0.0216 0.1683
vn 0.9844 0.0518 0.1680
vn 0.9347 0.0522 0.3517
vn 0.9357 0.0218 0.3521
vn 0.8425 0.0223 0.5382
vn 0.8428 -0.0059 0.5382
vn 0.8415 0.0526 0.5376
vn 0.8425 -0.0318 0.5378
vn 0.8418 -0.0551 0.5370
vn 0.8408 -0.0758 0.5360
vn 0.8397 -0.0938 0.5348
vn 0.9290 -0.1183 0.3507
vn 0.9299 -0.1095 0.3510
vn 0.8386 -0.1093 0.5337
vn 0.8380 -0.1180 0.5327
vn 0.9931 -0.1170 -0.0029
vn 0.9942 -0.1078 -0.0039
vn 0.9793 -0.1089 0.1709
vn 0.9782 -0.1178 0.1712
vn 0.9782 -0.1068 -0.1779
vn 0.9775 -0.1160 -0.1765
vn -0.3512 -0.0845 -0.9325
vn -0.3514 -0.0665 -0.9339
vn -0.1733 -0.0656 -0.9827
vn -0.1732 -0.0835 -0.9813
vn -0.3515 -0.0465 -0.9350
vn -0.1734 -0.0458 -0.9838
vn -0.0000 -0.0455 -0.9990
vn -0.0000 -0.0653 -0.9979
vn -0.0000 -0.0831 -0.9965
vn -0.3516 -0.0246 -0.9358
vn -0.1734 -0.0240 -0.9846
vn -0.3515 -0.0007 -0.9362
vn -0.1734 -0.0005 -0.9849
vn -0.0000 -0.0004 -1.0000
vn -0.0000 -0.0239 -0.9997
vn 0.1733 -0.0656 -0.9827
vn 0.1732 -0.0835 -0.9813
vn 0.1734 -0.0458 -0.9838
vn 0.3515 -0.0465 -0.9350
vn 0.3514 -0.0665 -0.9339
vn 0.3512 -0.0845 -0.9325
vn 0.1734 -0.0240 -0.9846
vn 0.1734 -0.0005 -0.9849
vn 0.3515 -0.0007 -0.9362
vn 0.3516 -0.0246 -0.9358
vn -0.7009 -0.1131 -0.7043
vn -0.7010 -0.1036 -0.7056
vn -0.5311 -0.1020 -0.8411
vn -0.5308 -0.1118 -0.8401
vn -0.7015 -0.0876 -0.7072
vn -0.5315 -0.0860 -0.8427
vn -0.3509 -0.1005 -0.9310
vn -0.3506 -0.1105 -0.9300
vn -0.7019 -0.0695 -0.7089
vn -0.5318 -0.0679 -0.8441
vn -0.7022 -0.0491 -0.7103
vn -0.5320 -0.0477 -0.8454
vn -0.7023 -0.0266 -0.7114
vn -0.5321 -0.0254 -0.8463
vn -0.7021 -0.0020 -0.7121
vn -0.5319 -0.0012 -0.8468
vn -0.7016 0.0245 -0.7121
vn -0.5315 0.0248 -0.8467
vn -0.7007 0.0528 -0.7115
vn -0.5309 0.0526 -0.8458
vn -0.3508 0.0522 -0.9350
vn -0.3513 0.0249 -0.9359
vn -0.1733 0.0249 -0.9846
vn -0.1731 0.0518 -0.9835
vn -0.0000 0.0517 -0.9987
vn -0.0000 0.0249 -0.9997
vn 0.1733 0.0249 -0.9846
vn 0.1731 0.0518 -0.9835
vn 0.3508 0.0522 -0.9350
vn 0.3513 0.0249 -0.9359
vn 0.5315 0.0248 -0.8467
vn 0.5319 -0.0012 -0.8468
vn 0.5309 0.0526 -0.8458
vn 0.5321 -0.0254 -0.8463
vn 0.5320 -0.0477 -0.8454
vn 0.5318 -0.0679 -0.8441
vn 0.5315 -0.0860 -0.8427
vn 0.3506 -0.1105 -0.9300
vn 0.3509 -0.1005 -0.9310
vn 0.5311 -0.1020 -0.8411
vn 0.5308 -0.1118 -0.8401
vn -0.0000 -0.1093 -0.9940
vn -0.0000 -0.0990 -0.9951
vn 0.1730 -0.0994 -0.9799
vn 0.1728 -0.1096 -0.9788
vn -0.1730 -0.0994 -0.9799
vn -0.1728 -0.1096 -0.9788
vn -0.9315 -0.0943 0.3514
vn -0.9330 -0.0764 0.3518
vn -0.9825 -0.0760 0.1700
vn -0.9809 -0.0938 0.1705
vn -0.9343 -0.0558 0.3521
vn -0.9839 -0.0556 0.1696
vn -0.9985 -0.0546 -0.0071
vn -0.9972 -0.0750 -0.0060
vn -0.9957 -0.0927 -0.0049
vn -0.9353 -0.0325 0.3523
vn -0.9851 -0.0324 0.1691
vn -0.9359 -0.0066 0.3523
vn -0.9856 -0.0066 0.1687
vn -0.9999 -0.0061 -0.0088
vn -0.9995 -0.0317 -0.0080
vn -0.9807 -0.0737 -0.1810
vn -0.9795 -0.0915 -0.1794
vn -0.9818 -0.0534 -0.1825
vn -0.9310 -0.0520 -0.3614
vn -0.9303 -0.0723 -0.3597
vn -0.9294 -0.0903 -0.3579
vn -0.9825 -0.0305 -0.1837
vn -0.9828 -0.0053 -0.1847
vn -0.9315 -0.0042 -0.3638
vn -0.9314 -0.0292 -0.3628
vn -0.8386 -0.1093 0.5337
vn -0.8380 -0.1180 0.5327
vn -0.8397 -0.0938 0.5348
vn -0.9299 -0.1095 0.3510
vn -0.9290 -0.1183 0.3507
vn -0.8408 -0.0758 0.5360
vn -0.8418 -0.0551 0.5370
vn -0.8425 -0.0318 0.5378
vn -0.8428 -0.0059 0.5382
vn -0.8425 0.0223 0.5382
vn -0.8415 0.0526 0.5376
vn -0.9347 0.0522 0.3517
vn -0.9357 0.0218 0.3521
vn -0.9855 0.0216 0.1683
vn -0.9844 0.0518 0.1680
vn -0.9986 0.0517 -0.0096
vn -0.9997 0.0218 -0.0094
vn -0.9824 0.0223 -0.1853
vn -0.9813 0.0518 -0.1854
vn -0.9299 0.0522 -0.3642
vn -0.9310 0.0231 -0.3643
vn -0.8388 0.0239 -0.5439
vn -0.8393 -0.0030 -0.5436
vn -0.8377 0.0526 -0.5436
vn -0.8394 -0.0279 -0.5427
vn -0.8392 -0.0505 -0.5414
vn -0.8388 -0.0709 -0.5398
vn -0.8382 -0.0890 -0.5380
vn -0.9279 -0.1151 -0.3546
vn -0.9284 -0.1058 -0.3562
vn -0.8375 -0.1048 -0.5363
vn -0.8373 -0.1142 -0.5346
vn -0.9931 -0.1170 -0.0029
vn -0.9942 -0.1078 -0.0039
vn -0.9782 -0.1068 -0.1779
vn -0.9775 -0.1160 -0.1765
vn -0.9793 -0.1089 0.1709
vn -0.9782 -0.1178 0.1712
vn 0.3451 0.1111 0.9320
vn 0.3440 0.1416 0.9282
vn 0.1691 0.1395 0.9757
vn 0.1695 0.1095 0.9794
vn 0.3428 0.1725 0.9234
vn 0.1685 0.1700 0.9709
vn -0.0000 0.1691 0.9856
vn -0.0000 0.1387 0.9903
vn -0.0000 0.1089 0.9941
vn 0.3413 0.2037 0.9176
vn 0.1679 0.2009 0.9651
vn 0.3395 0.2350 0.9108
vn 0.1671 0.2320 0.9583
vn -0.0000 0.2310 0.9730
vn -0.0000 0.1999 0.9798
vn -0.1691 0.1395 0.9757
vn -0.1695 0.1095 0.9794
vn -0.1685 0.1700 0.9709
vn -0.3428 0.1725 0.9234
vn -0.3440 0.1416 0.9282
vn -0.3451 0.1111 0.9320
vn -0.1679 0.2009 0.9651
vn -0.1671 0.2320 0.9583
vn -0.3395 0.2350 0.9108
vn -0.3413 0.2037 0.9176
vn 0.6996 0.0837 0.7096
vn 0.5266 0.0826 0.8461
vn 0.6975 0.1153 0.7073
vn 0.5252 0.1133 0.8434
vn 0.3459 0.0812 0.9348
vn 0.6947 0.1471 0.7040
vn 0.5234 0.1445 0.8397
vn 0.6914 0.1790 0.6999
vn 0.5212 0.1759 0.8351
vn 0.6874 0.2107 0.6950
vn 0.5186 0.2074 0.8295
vn 0.6828 0.2421 0.6893
vn 0.5155 0.2388 0.8229
vn 0.6776 0.2728 0.6830
vn 0.5119 0.2696 0.8156
vn 0.3374 0.2658 0.9031
vn 0.1661 0.2629 0.9504
vn -0.0000 0.2618 0.9651
vn -0.1661 0.2629 0.9504
vn -0.3374 0.2658 0.9031
vn -0.5119 0.2696 0.8156
vn -0.5155 0.2388 0.8229
vn -0.6776 0.2728 0.6830
vn -0.6828 0.2421 0.6893
vn -0.5186 0.2074 0.8295
vn -0.5212 0.1759 0.8351
vn -0.6874 0.2107 0.6950
vn -0.6914 0.1790 0.6999
vn -0.5234 0.1445 0.8397
vn -0.5252 0.1133 0.8434
vn -0.6947 0.1471 0.7040
vn -0.6975 0.1153 0.7073
vn -0.3459 0.0812 0.9348
vn -0.5266 0.0826 0.8461
vn -0.6996 0.0837 0.7096
vn -0.0000 0.0798 0.9968
vn -0.1699 0.0802 0.9822
vn 0.1699 0.0802 0.9822
vn 0.9253 0.1136 -0.3619
vn 0.9217 0.1450 -0.3597
vn 0.9724 0.1454 -0.1825
vn 0.9763 0.1139 -0.1840
vn 0.9173 0.1764 -0.3569
vn 0.9675 0.1769 -0.1806
vn 0.9840 0.1778 -0.0077
vn 0.9892 0.1462 -0.0085
vn 0.9934 0.1145 -0.0092
vn 0.9120 0.2078 -0.3536
vn 0.9617 0.2082 -0.1784
vn 0.9058 0.2389 -0.3499
vn 0.9549 0.2391 -0.1759
vn 0.9708 0.2398 -0.0056
vn 0.9779 0.2090 -0.0067
vn 0.9749 0.1472 0.1670
vn 0.9791 0.1152 0.1673
vn 0.9697 0.1789 0.1666
vn 0.9205 0.1800 0.3467
vn 0.9256 0.1481 0.3485
vn 0.9296 0.1160 0.3499
vn 0.9634 0.2103 0.1661
vn 0.9563 0.2411 0.1656
vn 0.9078 0.2426 0.3422
vn 0.9146 0.2116 0.3446
vn 0.6993 0.0824 -0.7101
vn 0.8360 0.0826 -0.5424
vn 0.6974 0.1127 -0.7078
vn 0.8337 0.1133 -0.5405
vn 0.9280 0.0826 -0.3634
vn 0.6949 0.1437 -0.7046
vn 0.8306 0.1445 -0.5378
vn 0.6918 0.1750 -0.7006
vn 0.8268 0.1759 -0.5343
vn 0.6880 0.2065 -0.6957
vn 0.8222 0.2074 -0.5301
vn 0.6835 0.2381 -0.6901
vn 0.8167 0.2388 -0.5253
vn 0.6783 0.2691 -0.6837
vn 0.8105 0.2696 -0.5199
vn 0.8988 0.2694 -0.3458
vn 0.9474 0.2692 -0.1732
vn 0.9629 0.2698 -0.0046
vn 0.9483 0.2711 0.1648
vn 0.9002 0.2727 0.3395
vn 0.8113 0.2737 0.5166
vn 0.8180 0.2433 0.5213
vn 0.8239 0.2120 0.5255
vn 0.8291 0.1803 0.5292
vn 0.8335 0.1483 0.5323
vn 0.8370 0.1161 0.5347
vn 0.9326 0.0838 0.3509
vn 0.8397 0.0841 0.5365
vn 0.9965 0.0828 -0.0095
vn 0.9823 0.0833 0.1676
vn 0.9793 0.0826 -0.1850
vn -0.3492 0.1102 -0.9305
vn -0.3480 0.1404 -0.9269
vn -0.1717 0.1391 -0.9753
vn -0.1723 0.1092 -0.9790
vn -0.3464 0.1711 -0.9223
vn -0.1709 0.1696 -0.9706
vn -0.0000 0.1690 -0.9856
vn -0.0000 0.1387 -0.9903
vn -0.0000 0.1089 -0.9941
vn -0.3446 0.2022 -0.9167
vn -0.1700 0.2005 -0.9648
vn -0.3423 0.2335 -0.9101
vn -0.1689 0.2316 -0.9580
vn -0.0000 0.2309 -0.9730
vn -0.0000 0.1998 -0.9798
vn 0.1717 0.1391 -0.9753
vn 0.1723 0.1092 -0.9790
vn 0.1709 0.1696 -0.9706
vn 0.3464 0.1711 -0.9223
vn 0.3480 0.1404 -0.9269
vn 0.3492 0.1102 -0.9305
vn 0.1700 0.2005 -0.9648
vn 0.1689 0.2316 -0.9580
vn 0.3423 0.2335 -0.9101
vn 0.3446 0.2022 -0.9167
vn -0.6993 0.0824 -0.7101
vn -0.5298 0.0816 -0.8442
vn -0.6974 0.1127 -0.7078
vn -0.5284 0.1116 -0.8416
vn -0.3502 0.0807 -0.9332
vn -0.6949 0.1437 -0.7046
vn -0.5265 0.1421 -0.8382
vn -0.6918 0.1750 -0.7006
vn -0.5242 0.1732 -0.8338
vn -0.6880 0.2065 -0.6957
vn -0.5213 0.2045 -0.8285
vn -0.6835 0.2381 -0.6901
vn -0.5179 0.2360 -0.8222
vn -0.6783 0.2691 -0.6837
vn -0.5140 0.2671 -0.8152
vn -0.3397 0.2645 -0.9026
vn -0.1676 0.2625 -0.9503
vn -0.0000 0.2617 -0.9651
vn 0.1676 0.2625 -0.9503
vn 0.3397 0.2645 -0.9026
vn 0.5140 0.2671 -0.8152
vn 0.5179 0.2360 -0.8222
vn 0.5213 0.2045 -0.8285
vn 0.5242 0.1732 -0.8338
vn 0.5265 0.1421 -0.8382
vn 0.5284 0.1116 -0.8416
vn 0.3502 0.0807 -0.9332
vn 0.5298 0.0816 -0.8442
vn -0.0000 0.0798 -0.9968
vn 0.1727 0.0801 -0.9817
vn -0.1727 0.0801 -0.9817
vn -0.9296 0.1160 0.3499
vn -0.9256 0.1481 0.3485
vn -0.9749 0.1472 0.1670
vn -0.9791 0.1152 0.1673
vn -0.9205 0.1800 0.3467
vn -0.9697 0.1789 0.1666
vn -0.9840 0.1778 -0.0077
vn -0.9892 0.1462 -0.0085
vn -0.9934 0.1145 -0.0092
vn -0.9146 0.2116 0.3446
vn -0.9634 0.2103 0.1661
vn -0.9078 0.2426 0.3422
vn -0.9563 0.2411 0.1656
vn -0.9708 0.2398 -0.0056
vn -0.9779 0.2090 -0.0067
vn -0.9724 0.1454 -0.1825
vn -0.9763 0.1139 -0.1840
vn -0.9675 0.1769 -0.1806
vn -0.9173 0.1764 -0.3569
vn -0.9217 0.1450 -0.3597
vn -0.9253 0.1136 -0.3619
vn -0.9617 0.2082 -0.1784
vn -0.9549 0.2391 -0.1759
vn -0.9058 0.2389 -0.3499
vn -0.9120 0.2078 -0.3536
vn -0.8397 0.0841 0.5365
vn -0.8370 0.1161 0.5347
vn -0.9326 0.0838 0.3509
vn -0.8335 0.1483 0.5323
vn -0.8291 0.1803 0.5292
vn -0.8239 0.2120 0.5255
vn -0.8180 0.2433 0.5213
vn -0.8113 0.2737 0.5166
vn -0.9002 0.2727 0.3395
vn -0.9483 0.2711 0.1648
vn -0.9629 0.2698 -0.0046
vn -0.9474 0.2692 -0.1732
vn -0.8988 0.2694 -0.3458
vn -0.8105 0.2696 -0.5199
vn -0.8167 0.2388 -0.5253
vn -0.8222 0.2074 -0.5301
vn -0.8268 0.1759 -0.5343
vn -0.8306 0.1445 -0.5378
vn -0.8337 0.1133 -0.5405
vn -0.9280 0.0826 -0.3634
vn -0.8360 0.0826 -0.5424
vn -0.9965 0.0828 -0.0095
vn -0.9793 0.0826 -0.1850
vn -0.9823 0.0833 0.1676
vn -0.7061 -0.0034 -0.7081
vn -0.7061 -0.0033 -0.7081
vn -0.7060 -0.0034 -0.7082
vn -0.7060 -0.0033 -0.7082
vn -0.7060 -0.0032 -0.7082
vn -0.7061 -0.0032 -0.7081
vn 0.9179 0.0130 -0.3966
vn 0.9179 0.0131 -0.3967
vn 0.9178 0.0126 -0.3968
vn 0.9179 0.0128 -0.3966
vn 0.9178 0.0132 -0.3969
vn 0.9178 0.0124 -0.3969
vn 0.9178 0.0121 -0.3969
vn 0.9179 0.0120 -0.3966
vn -0.0111 -0.9997 0.0202
vn -0.0131 -0.9997 0.0190
vn -0.0136 -0.9997 0.0199
vn -0.0116 -0.9997 0.0210
vn -0.0149 -0.9997 0.0179
vn -0.0154 -0.9997 0.0186
vn -0.0162 -0.9997 0.0195
vn -0.0141 -0.9997 0.0208
vn -0.0121 -0.9997 0.0220
vn 0.0153 0.9997 -0.0185
vn 0.0134 0.9997 -0.0196
vn 0.0140 0.9997 -0.0205
vn 0.0159 0.9997 -0.0191
vn 0.0114 0.9997 -0.0208
vn 0.0119 0.9997 -0.0216
vn 0.0124 0.9997 -0.0226
vn 0.0145 0.9997 -0.0214
vn 0.0167 0.9997 -0.0201
vn -0.7069 0.0005 0.7073
vn -0.0000 1.0000 -0.0001
vn -0.3921 -0.0012 0.9199
vn -0.3921 -0.0011 0.9199
vn -0.0149 -0.9997 -0.0180
vn -0.0131 -0.9997 -0.0191
vn -0.0136 -0.9997 -0.0199
vn -0.0155 -0.9997 -0.0186
vn -0.0111 -0.9997 -0.0202
vn -0.0116 -0.9997 -0.0210
vn -0.0121 -0.9997 -0.0220
vn -0.0141 -0.9997 -0.0208
vn -0.0162 -0.9997 -0.0195
vn 0.3917 -0.0021 -0.9201
vn 0.3917 -0.0020 -0.9201
vn 0.3918 -0.0021 -0.9201
vn 0.3918 -0.0020 -0.9201
vn 0.3918 -0.0019 -0.9201
vn 0.3917 -0.0019 -0.9201
vn -0.3925 -0.0002 0.9197
vn -0.3965 0.0140 0.9179
vn -0.3963 0.0139 0.9180
vn -0.3964 0.0134 0.9180
vn -0.3965 0.0132 0.9179
vn -0.3962 0.0139 0.9181
vn -0.3962 0.0136 0.9181
vn -0.3962 0.0128 0.9181
vn -0.3964 0.0129 0.9180
vn -0.3965 0.0129 0.9179
vn 0.3925 -0.0004 -0.9197
vn -0.0022 -0.9998 0.0219
vn -0.0046 -0.9998 0.0215
vn -0.0047 -0.9997 0.0225
vn -0.0023 -0.9997 0.0227
vn -0.0067 -0.9998 0.0212
vn -0.0070 -0.9997 0.0219
vn -0.0073 -0.9997 0.0230
vn -0.0048 -0.9997 0.0234
vn -0.0025 -0.9997 0.0238
vn 0.0023 0.9998 0.0222
vn 0.0046 0.9998 0.0218
vn 0.0048 0.9997 0.0228
vn 0.0024 0.9997 0.0231
vn 0.0068 0.9997 0.0215
vn 0.0071 0.9997 0.0223
vn 0.0074 0.9997 0.0234
vn 0.0049 0.9997 0.0238
vn 0.0025 0.9997 0.0241
vn -0.3918 -0.0021 -0.9201
vn -0.3917 -0.0021 -0.9201
vn -0.3917 -0.0020 -0.9201
vn -0.3918 -0.0020 -0.9201
vn -0.3917 -0.0019 -0.9201
vn -0.3918 -0.0019 -0.9201
vn -0.3960 0.0143 -0.9181
vn -0.3961 0.0143 -0.9181
vn -0.3962 0.0138 -0.9181
vn -0.3960 0.0141 -0.9181
vn -0.3963 0.0144 -0.9180
vn -0.3963 0.0135 -0.9180
vn -0.3963 0.0133 -0.9180
vn -0.3962 0.0133 -0.9180
vn -0.3960 0.0132 -0.9182
vn 0.3921 -0.0012 0.9199
vn 0.3921 -0.0011 0.9199
vn -0.3925 -0.0004 -0.9197
vn 0.0202 -0.9997 0.0112
vn 0.0191 -0.9997 0.0131
vn 0.0199 -0.9997 0.0136
vn 0.0210 -0.9997 0.0116
vn 0.0180 -0.9997 0.0150
vn 0.0186 -0.9997 0.0155
vn 0.0195 -0.9997 0.0162
vn 0.0208 -0.9997 0.0141
vn 0.0220 -0.9997 0.0121
vn 0.3925 -0.0002 0.9197
vn -0.0183 0.9997 -0.0152
vn -0.0194 0.9997 -0.0134
vn -0.0203 0.9997 -0.0139
vn -0.0190 0.9997 -0.0158
vn -0.0206 0.9997 -0.0114
vn -0.0215 0.9997 -0.0118
vn -0.0224 0.9997 -0.0124
vn -0.0212 0.9997 -0.0144
vn -0.0199 0.9997 -0.0166
vn 0.0206 0.9997 -0.0114
vn 0.0194 0.9997 -0.0134
vn 0.0203 0.9997 -0.0139
vn 0.0215 0.9997 -0.0118
vn 0.0183 0.9997 -0.0152
vn 0.0190 0.9997 -0.0158
vn 0.0199 0.9997 -0.0166
vn 0.0212 0.9997 -0.0144
vn 0.0224 0.9997 -0.0123
vn -0.0180 -0.9997 0.0149
vn -0.0191 -0.9997 0.0131
vn -0.0199 -0.9997 0.0136
vn -0.0186 -0.9997 0.0155
vn -0.0203 -0.9997 0.0112
vn -0.0210 -0.9997 0.0116
vn -0.0220 -0.9997 0.0121
vn -0.0208 -0.9997 0.0141
vn -0.0195 -0.9997 0.0163
vn -0.0215 0.9997 -0.0068
vn -0.0218 0.9998 -0.0046
vn -0.0228 0.9997 -0.0048
vn -0.0222 0.9997 -0.0071
vn -0.0222 0.9998 -0.0023
vn -0.0231 0.9997 -0.0024
vn -0.0241 0.9997 -0.0025
vn -0.0237 0.9997 -0.0049
vn -0.0233 0.9997 -0.0074
vn 0.9176 0.0122 0.3974
vn 0.9177 0.0121 0.3972
vn 0.9176 0.0117 0.3972
vn 0.9176 0.0115 0.3974
vn 0.9177 0.0121 0.3971
vn 0.9177 0.0119 0.3971
vn 0.9177 0.0111 0.3971
vn 0.9176 0.0112 0.3973
vn 0.9176 0.0113 0.3974
vn -0.7068 0.0011 -0.7075
vn -0.7068 0.0011 -0.7074
vn 0.0222 0.9998 -0.0023
vn 0.0218 0.9998 -0.0046
vn 0.0228 0.9997 -0.0048
vn 0.0231 0.9997 -0.0024
vn 0.0215 0.9997 -0.0068
vn 0.0222 0.9997 -0.0071
vn 0.0233 0.9997 -0.0074
vn 0.0237 0.9997 -0.0049
vn 0.0241 0.9997 -0.0025
vn 0.0001 -1.0000 -0.0000
vn 0.0001 -1.0000 0.0001
vn -0.9177 0.0121 0.3971
vn -0.9177 0.0121 0.3972
vn -0.9176 0.0117 0.3972
vn -0.9177 0.0119 0.3971
vn -0.9176 0.0122 0.3974
vn -0.9176 0.0115 0.3974
vn -0.9176 0.0113 0.3974
vn -0.9176 0.0112 0.3973
vn -0.9177 0.0111 0.3971
vn -0.0001 1.0000 -0.0000
vn 0.0111 -0.9997 -0.0202
vn 0.0131 -0.9997 -0.0191
vn 0.0136 -0.9997 -0.0199
vn 0.0116 -0.9997 -0.0211
vn 0.0149 -0.9997 -0.0180
vn 0.0155 -0.9997 -0.0186
vn 0.0162 -0.9997 -0.0195
vn 0.0141 -0.9997 -0.0208
vn 0.0121 -0.9997 -0.0220
vn -0.0153 0.9997 0.0184
vn -0.0134 0.9997 0.0196
vn -0.0139 0.9997 0.0205
vn -0.0158 0.9997 0.0191
vn -0.0114 0.9997 0.0208
vn -0.0119 0.9997 0.0216
vn -0.0124 0.9997 0.0226
vn -0.0144 0.9997 0.0214
vn -0.0166 0.9997 0.0200
vn 0.7065 0.0016 -0.7077
vn 0.7065 0.0015 -0.7077
vn -0.0114 0.9997 -0.0208
vn -0.0134 0.9997 -0.0196
vn -0.0140 0.9997 -0.0205
vn -0.0119 0.9997 -0.0216
vn -0.0153 0.9997 -0.0185
vn -0.0159 0.9997 -0.0191
vn -0.0167 0.9997 -0.0201
vn -0.0145 0.9997 -0.0214
vn -0.0124 0.9997 -0.0226
vn 0.0149 -0.9997 0.0179
vn 0.0131 -0.9997 0.0190
vn 0.0136 -0.9997 0.0199
vn 0.0154 -0.9997 0.0186
vn 0.0111 -0.9997 0.0202
vn 0.0116 -0.9997 0.0210
vn 0.0121 -0.9997 0.0220
vn 0.0141 -0.9997 0.0208
vn 0.0162 -0.9997 0.0195
vn -0.4837 -0.8560 -0.1823
vn -0.5111 -0.8548 -0.0901
vn -0.7358 -0.6647 -0.1299
vn -0.6973 -0.6668 -0.2630
vn -0.5197 -0.8543 -0.0000
vn -0.7479 -0.6639 -0.0000
vn -0.8717 -0.4900 -0.0000
vn -0.8579 -0.4909 -0.1516
vn -0.8139 -0.4932 -0.3073
vn -0.5111 -0.8548 0.0901
vn -0.7358 -0.6647 0.1299
vn -0.4837 -0.8560 0.1823
vn -0.6973 -0.6668 0.2630
vn -0.8139 -0.4932 0.3073
vn -0.8579 -0.4909 0.1516
vn -0.9140 -0.3721 -0.1617
vn -0.8675 -0.3742 -0.3278
vn -0.9285 -0.3713 -0.0000
vn -0.9550 -0.2967 -0.0000
vn -0.9402 -0.2974 -0.1664
vn -0.8926 -0.2992 -0.3373
vn -0.9140 -0.3721 0.1617
vn -0.8675 -0.3742 0.3278
vn -0.8926 -0.2992 0.3373
vn -0.9402 -0.2974 0.1664
vn -0.0604 -0.9964 -0.0603
vn -0.0723 -0.9963 -0.0457
vn -0.2122 -0.9680 -0.1342
vn -0.1773 -0.9681 -0.1773
vn -0.0804 -0.9963 -0.0302
vn -0.2362 -0.9676 -0.0889
vn -0.4349 -0.8574 -0.2752
vn -0.3633 -0.8579 -0.3633
vn -0.0850 -0.9963 -0.0150
vn -0.2496 -0.9673 -0.0440
vn -0.0864 -0.9963 -0.0000
vn -0.2539 -0.9672 -0.0000
vn -0.0850 -0.9963 0.0150
vn -0.2496 -0.9673 0.0440
vn -0.0804 -0.9963 0.0302
vn -0.2362 -0.9676 0.0889
vn -0.0722 -0.9963 0.0457
vn -0.2122 -0.9680 0.1342
vn -0.0603 -0.9964 0.0603
vn -0.1773 -0.9681 0.1773
vn -0.3633 -0.8579 0.3633
vn -0.4349 -0.8574 0.2752
vn -0.6278 -0.6692 0.3976
vn -0.5248 -0.6703 0.5248
vn -0.6136 -0.4970 0.6136
vn -0.7336 -0.4958 0.4649
vn -0.7824 -0.3765 0.4960
vn -0.6547 -0.3777 0.6547
vn -0.6740 -0.3023 0.6740
vn -0.8053 -0.3013 0.5106
vn -0.8168 -0.2542 0.5179
vn -0.9051 -0.2524 0.3421
vn -0.6837 -0.2551 0.6837
vn -0.6878 -0.2323 0.6878
vn -0.8218 -0.2311 0.5208
vn -0.9106 -0.2289 0.3440
vn -0.9532 -0.2507 0.1687
vn -0.9682 -0.2501 -0.0000
vn -0.9590 -0.2270 0.1696
vn -0.9741 -0.2263 -0.0000
vn -0.9532 -0.2507 -0.1687
vn -0.9051 -0.2523 -0.3421
vn -0.9590 -0.2270 -0.1696
vn -0.9106 -0.2289 -0.3440
vn -0.6740 -0.3023 -0.6740
vn -0.8053 -0.3013 -0.5106
vn -0.8168 -0.2542 -0.5179
vn -0.6837 -0.2551 -0.6837
vn -0.8218 -0.2310 -0.5208
vn -0.6878 -0.2322 -0.6878
vn -0.6136 -0.4970 -0.6136
vn -0.7336 -0.4958 -0.4649
vn -0.7824 -0.3765 -0.4960
vn -0.6547 -0.3777 -0.6547
vn -0.6278 -0.6692 -0.3976
vn -0.5248 -0.6703 -0.5248
vn 0.1823 -0.8560 -0.4837
vn 0.0901 -0.8548 -0.5111
vn 0.1299 -0.6647 -0.7358
vn 0.2630 -0.6668 -0.6973
vn -0.0000 -0.8543 -0.5197
vn -0.0000 -0.6639 -0.7479
vn -0.0000 -0.4900 -0.8717
vn 0.1516 -0.4909 -0.8579
vn 0.3073 -0.4932 -0.8139
vn -0.0901 -0.8548 -0.5111
vn -0.1299 -0.6647 -0.7358
vn -0.1823 -0.8560 -0.4837
vn -0.2630 -0.6668 -0.6973
vn -0.3073 -0.4932 -0.8139
vn -0.1516 -0.4909 -0.8579
vn 0.1617 -0.3721 -0.9140
vn 0.3278 -0.3742 -0.8675
vn -0.0000 -0.3713 -0.9285
vn -0.0000 -0.2967 -0.9550
vn 0.1664 -0.2974 -0.9402
vn 0.3373 -0.2992 -0.8926
vn -0.1617 -0.3721 -0.9140
vn -0.3278 -0.3742 -0.8675
vn -0.3373 -0.2992 -0.8926
vn -0.1664 -0.2974 -0.9402
vn 0.0603 -0.9964 -0.0603
vn 0.0457 -0.9963 -0.0723
vn 0.1342 -0.9680 -0.2122
vn 0.1773 -0.9681 -0.1773
vn 0.0302 -0.9963 -0.0804
vn 0.0889 -0.9676 -0.2362
vn 0.2752 -0.8574 -0.4349
vn 0.3633 -0.8579 -0.3633
vn 0.0150 -0.9963 -0.0850
vn 0.0440 -0.9673 -0.2496
vn -0.0000 -0.9963 -0.0864
vn -0.0000 -0.9672 -0.2539
vn -0.0150 -0.9963 -0.0850
vn -0.0440 -0.9673 -0.2496
vn -0.0302 -0.9963 -0.0804
vn -0.0889 -0.9676 -0.2362
vn -0.0457 -0.9963 -0.0723
vn -0.1342 -0.9680 -0.2122
vn -0.2752 -0.8574 -0.4349
vn -0.3976 -0.6692 -0.6278
vn -0.4649 -0.4958 -0.7336
vn -0.4960 -0.3765 -0.7824
vn -0.5106 -0.3013 -0.8053
vn -0.5179 -0.2542 -0.8168
vn -0.3421 -0.2523 -0.9051
vn -0.5208 -0.2310 -0.8218
vn -0.3440 -0.2288 -0.9107
vn -0.1687 -0.2507 -0.9533
vn -0.0000 -0.2501 -0.9682
vn -0.1696 -0.2269 -0.9590
vn -0.0000 -0.2262 -0.9741
vn 0.1687 -0.2507 -0.9533
vn 0.3421 -0.2523 -0.9051
vn 0.1696 -0.2269 -0.9590
vn 0.3440 -0.2288 -0.9107
vn 0.6740 -0.3023 -0.6740
vn 0.5106 -0.3013 -0.8053
vn 0.5179 -0.2542 -0.8168
vn 0.6837 -0.2551 -0.6837
vn 0.5208 -0.2310 -0.8218
vn 0.6878 -0.2322 -0.6878
vn 0.6136 -0.4970 -0.6136
vn 0.4649 -0.4958 -0.7336
vn 0.4960 -0.3765 -0.7824
vn 0.6547 -0.3777 -0.6547
vn 0.3976 -0.6692 -0.6278
vn 0.5248 -0.6703 -0.5248
vn 0.4837 -0.8560 0.1823
vn 0.5111 -0.8548 0.0901
vn 0.7358 -0.6647 0.1299
vn 0.6973 -0.6668 0.2630
vn 0.5197 -0.8543 -0.0000
vn 0.7479 -0.6639 -0.0000
vn 0.8717 -0.4900 -0.0000
vn 0.8579 -0.4909 0.1516
vn 0.8139 -0.4932 0.3073
vn 0.5111 -0.8548 -0.0901
vn 0.7358 -0.6647 -0.1299
vn 0.4837 -0.8560 -0.1823
vn 0.6973 -0.6668 -0.2630
vn 0.8139 -0.4932 -0.3073
vn 0.8579 -0.4909 -0.1516
vn 0.9140 -0.3721 0.1617
vn 0.8675 -0.3742 0.3278
vn 0.9285 -0.3713 -0.0000
vn 0.9550 -0.2967 -0.0000
vn 0.9402 -0.2974 0.1664
vn 0.8926 -0.2992 0.3373
vn 0.9140 -0.3721 -0.1617
vn 0.8675 -0.3742 -0.3278
vn 0.8926 -0.2992 -0.3373
vn 0.9402 -0.2974 -0.1664
vn 0.0604 -0.9964 0.0603
vn 0.0723 -0.9963 0.0457
vn 0.2122 -0.9680 0.1342
vn 0.1773 -0.9681 0.1773
vn 0.0804 -0.9963 0.0302
vn 0.2362 -0.9676 0.0889
vn 0.4349 -0.8574 0.2752
vn 0.3633 -0.8579 0.3633
vn 0.0850 -0.9963 0.0150
vn 0.2496 -0.9673 0.0440
vn 0.0864 -0.9963 -0.0000
vn 0.2539 -0.9672 -0.0000
vn 0.0850 -0.9963 -0.0150
vn 0.2496 -0.9673 -0.0440
vn 0.0804 -0.9963 -0.0302
vn 0.2362 -0.9676 -0.0889
vn 0.0722 -0.9963 -0.0457
vn 0.2122 -0.9680 -0.1342
vn 0.4349 -0.8574 -0.2752
vn 0.6278 -0.6692 -0.3976
vn 0.7336 -0.4958 -0.4649
vn 0.7824 -0.3765 -0.4960
vn 0.8053 -0.3013 -0.5106
vn 0.8168 -0.2542 -0.5179
vn 0.9051 -0.2523 -0.3421
vn 0.8218 -0.2310 -0.5208
vn 0.9106 -0.2289 -0.3440
vn 0.9532 -0.2507 -0.1687
vn 0.9682 -0.2501 -0.0000
vn 0.9590 -0.2270 -0.1696
vn 0.9741 -0.2263 -0.0000
vn 0.9532 -0.2507 0.1687
vn 0.9051 -0.2524 0.3421
vn 0.9590 -0.2270 0.1696
vn 0.9106 -0.2289 0.3440
vn 0.6740 -0.3023 0.6740
vn 0.8053 -0.3013 0.5106
vn 0.8168 -0.2542 0.5179
vn 0.6837 -0.2551 0.6837
vn 0.8218 -0.2311 0.5208
vn 0.6878 -0.2323 0.6878
vn 0.6136 -0.4970 0.6136
vn 0.7336 -0.4958 0.4649
vn 0.7824 -0.3765 0.4960
vn 0.6547 -0.3777 0.6547
vn 0.6278 -0.6692 0.3976
vn 0.5248 -0.6703 0.5248
vn -0.1823 -0.8560 0.4837
vn -0.0901 -0.8548 0.5111
vn -0.1299 -0.6647 0.7358
vn -0.2630 -0.6668 0.6973
vn -0.0000 -0.8543 0.5197
vn -0.0000 -0.6639 0.7479
vn -0.0000 -0.4900 0.8717
vn -0.1516 -0.4909 0.8579
vn -0.3073 -0.4932 0.8139
vn 0.0901 -0.8548 0.5111
vn 0.1299 -0.6647 0.7358
vn 0.1823 -0.8560 0.4837
vn 0.2630 -0.6668 0.6973
vn 0.3073 -0.4932 0.8139
vn 0.1516 -0.4909 0.8579
vn -0.1617 -0.3721 0.9140
vn -0.3278 -0.3742 0.8675
vn -0.0000 -0.3713 0.9285
vn -0.0000 -0.2967 0.9550
vn -0.1664 -0.2974 0.9402
vn -0.3373 -0.2992 0.8926
vn 0.1617 -0.3721 0.9140
vn 0.3278 -0.3742 0.8675
vn 0.3373 -0.2992 0.8926
vn 0.1664 -0.2974 0.9402
vn -0.0457 -0.9963 0.0723
vn -0.1342 -0.9680 0.2122
vn -0.0302 -0.9963 0.0804
vn -0.0889 -0.9676 0.2362
vn -0.2752 -0.8574 0.4349
vn -0.0150 -0.9963 0.0850
vn -0.0440 -0.9673 0.2496
vn -0.0000 -0.9963 0.0864
vn -0.0000 -0.9672 0.2539
vn 0.0150 -0.9963 0.0850
vn 0.0440 -0.9673 0.2496
vn 0.0302 -0.9963 0.0804
vn 0.0889 -0.9676 0.2362
vn 0.0457 -0.9963 0.0723
vn 0.1342 -0.9680 0.2122
vn 0.2752 -0.8574 0.4349
vn 0.3976 -0.6692 0.6278
vn 0.4649 -0.4958 0.7336
vn 0.4960 -0.3765 0.7824
vn 0.5106 -0.3013 0.8053
vn 0.5179 -0.2542 0.8168
vn 0.3421 -0.2523 0.9051
vn 0.5208 -0.2310 0.8218
vn 0.3440 -0.2288 0.9107
vn 0.1687 -0.2507 0.9533
vn -0.0000 -0.2501 0.9682
vn 0.1696 -0.2269 0.9590
vn -0.0000 -0.2262 0.9741
vn -0.1687 -0.2507 0.9533
vn -0.3421 -0.2523 0.9051
vn -0.1696 -0.2269 0.9590
vn -0.3440 -0.2288 0.9107
vn -0.5106 -0.3013 0.8053
vn -0.5179 -0.2542 0.8168
vn -0.5208 -0.2310 0.8218
vn -0.4649 -0.4958 0.7336
vn -0.4960 -0.3765 0.7824
vn -0.3976 -0.6692 0.6278
vn -0.0033 -1.0000 -0.0033
vn -0.0015 -1.0000 -0.0033
vn -0.0014 -1.0000 -0.0014
vn -0.0033 -1.0000 -0.0015
vn -0.0000 -1.0000 -0.0033
vn -0.0000 -1.0000 -0.0014
vn -0.0014 -1.0000 -0.0000
vn -0.0033 -1.0000 -0.0000
vn 0.0015 -1.0000 -0.0033
vn 0.0014 -1.0000 -0.0014
vn 0.0033 -1.0000 -0.0033
vn 0.0033 -1.0000 -0.0015
vn 0.0033 -1.0000 -0.0000
vn 0.0014 -1.0000 -0.0000
vn -0.0014 -1.0000 0.0014
vn -0.0033 -1.0000 0.0015
vn -0.0000 -1.0000 0.0014
vn -0.0000 -1.0000 0.0033
vn -0.0015 -1.0000 0.0033
vn -0.0033 -1.0000 0.0033
vn 0.0014 -1.0000 0.0014
vn 0.0033 -1.0000 0.0015
vn 0.0033 -1.0000 0.0033
vn 0.0015 -1.0000 0.0033
vn -0.0195 -0.9996 -0.0195
vn -0.0118 -0.9997 -0.0196
vn -0.0077 -0.9999 -0.0077
vn -0.0196 -0.9997 -0.0118
vn -0.0063 -0.9998 -0.0184
vn -0.0037 -1.0000 -0.0074
vn -0.0074 -1.0000 -0.0037
vn -0.0184 -0.9998 -0.0063
vn -0.0029 -0.9998 -0.0176
vn -0.0017 -1.0000 -0.0073
vn -0.0000 -0.9998 -0.0174
vn -0.0000 -1.0000 -0.0072
vn 0.0030 -0.9998 -0.0176
vn 0.0017 -1.0000 -0.0073
vn 0.0063 -0.9998 -0.0184
vn 0.0037 -1.0000 -0.0074
vn 0.0118 -0.9997 -0.0196
vn 0.0077 -0.9999 -0.0077
vn 0.0195 -0.9996 -0.0195
vn 0.0196 -0.9997 -0.0118
vn 0.0184 -0.9998 -0.0063
vn 0.0074 -1.0000 -0.0037
vn 0.0073 -1.0000 -0.0017
vn 0.0176 -0.9998 -0.0029
vn 0.0174 -0.9998 -0.0000
vn 0.0072 -1.0000 -0.0000
vn 0.0073 -1.0000 0.0017
vn 0.0176 -0.9998 0.0030
vn 0.0184 -0.9998 0.0063
vn 0.0074 -1.0000 0.0037
vn 0.0077 -0.9999 0.0077
vn 0.0037 -1.0000 0.0074
vn 0.0196 -0.9997 0.0118
vn 0.0017 -1.0000 0.0073
vn -0.0000 -1.0000 0.0072
vn -0.0017 -1.0000 0.0073
vn -0.0037 -1.0000 0.0074
vn -0.0184 -0.9998 0.0063
vn -0.0074 -1.0000 0.0037
vn -0.0077 -0.9999 0.0077
vn -0.0196 -0.9997 0.0118
vn -0.0174 -0.9998 -0.0000
vn -0.0072 -1.0000 -0.0000
vn -0.0073 -1.0000 0.0017
vn -0.0176 -0.9998 0.0030
vn -0.0073 -1.0000 -0.0017
vn -0.0176 -0.9998 -0.0029
vn -0.3446 -0.2277 -0.9107
vn -0.1700 -0.2262 -0.9592
vn -0.1518 -0.4881 -0.8595
vn -0.3079 -0.4891 -0.8161
vn -0.0000 -0.2255 -0.9742
vn -0.0000 -0.4877 -0.8730
vn -0.0000 -0.8022 -0.5970
vn -0.1038 -0.8015 -0.5890
vn -0.2117 -0.7993 -0.5623
vn 0.1699 -0.2262 -0.9592
vn 0.1518 -0.4881 -0.8595
vn 0.3446 -0.2277 -0.9107
vn 0.3079 -0.4891 -0.8161
vn 0.2117 -0.7993 -0.5623
vn 0.1038 -0.8015 -0.5890
vn -0.0511 -0.9547 -0.2931
vn -0.1065 -0.9524 -0.2857
vn -0.0000 -0.9555 -0.2950
vn -0.0000 -0.9923 -0.1235
vn -0.0210 -0.9920 -0.1242
vn -0.0453 -0.9911 -0.1255
vn 0.0511 -0.9547 -0.2931
vn 0.1065 -0.9524 -0.2857
vn 0.0454 -0.9911 -0.1255
vn 0.0211 -0.9920 -0.1242
vn -0.7069 -0.0267 -0.7069
vn -0.5355 -0.0266 -0.8441
vn -0.5339 -0.0866 -0.8411
vn -0.7044 -0.0870 -0.7044
vn -0.3537 -0.0263 -0.9350
vn -0.3527 -0.0856 -0.9318
vn -0.5214 -0.2293 -0.8219
vn -0.6881 -0.2300 -0.6881
vn -0.1744 -0.0260 -0.9843
vn -0.1740 -0.0848 -0.9811
vn -0.0000 -0.0259 -0.9997
vn -0.0000 -0.0844 -0.9964
vn 0.1744 -0.0260 -0.9843
vn 0.1740 -0.0848 -0.9811
vn 0.3537 -0.0263 -0.9350
vn 0.3527 -0.0856 -0.9318
vn 0.5355 -0.0266 -0.8441
vn 0.5339 -0.0866 -0.8411
vn 0.7068 -0.0268 -0.7069
vn 0.7044 -0.0870 -0.7044
vn 0.6881 -0.2300 -0.6881
vn 0.5214 -0.2293 -0.8219
vn 0.4664 -0.4901 -0.7364
vn 0.6162 -0.4905 -0.6162
vn 0.4284 -0.7956 -0.4284
vn 0.3230 -0.7968 -0.5106
vn 0.1672 -0.9493 -0.2661
vn 0.2256 -0.9478 -0.2256
vn 0.1062 -0.9887 -0.1062
vn 0.0756 -0.9895 -0.1229
vn 0.0303 -0.9982 -0.0518
vn 0.0169 -0.9986 -0.0498
vn 0.0459 -0.9979 -0.0459
vn 0.0077 -0.9988 -0.0477
vn -0.0000 -0.9989 -0.0471
vn -0.0077 -0.9988 -0.0477
vn -0.0169 -0.9986 -0.0498
vn -0.1062 -0.9887 -0.1062
vn -0.0756 -0.9895 -0.1229
vn -0.0303 -0.9982 -0.0518
vn -0.0459 -0.9979 -0.0459
vn -0.4284 -0.7956 -0.4284
vn -0.3230 -0.7968 -0.5106
vn -0.1672 -0.9493 -0.2661
vn -0.2255 -0.9478 -0.2256
vn -0.4664 -0.4901 -0.7364
vn -0.6162 -0.4905 -0.6162
vn 0.9107 -0.2277 -0.3446
vn 0.9592 -0.2262 -0.1699
vn 0.8595 -0.4881 -0.1518
vn 0.8161 -0.4891 -0.3079
vn 0.9742 -0.2255 -0.0000
vn 0.8730 -0.4877 -0.0000
vn 0.5970 -0.8022 -0.0000
vn 0.5890 -0.8015 -0.1038
vn 0.5624 -0.7993 -0.2117
vn 0.9592 -0.2262 0.1699
vn 0.8595 -0.4881 0.1518
vn 0.9107 -0.2277 0.3446
vn 0.8161 -0.4891 0.3079
vn 0.5624 -0.7993 0.2117
vn 0.5890 -0.8015 0.1038
vn 0.2931 -0.9547 -0.0511
vn 0.2857 -0.9524 -0.1065
vn 0.2950 -0.9555 -0.0000
vn 0.1235 -0.9923 -0.0000
vn 0.1242 -0.9920 -0.0211
vn 0.1255 -0.9911 -0.0454
vn 0.2931 -0.9547 0.0511
vn 0.2857 -0.9524 0.1065
vn 0.1255 -0.9911 0.0454
vn 0.1242 -0.9920 0.0211
vn 0.8441 -0.0266 -0.5355
vn 0.8411 -0.0866 -0.5339
vn 0.9350 -0.0263 -0.3537
vn 0.9318 -0.0856 -0.3527
vn 0.8219 -0.2293 -0.5214
vn 0.9843 -0.0260 -0.1744
vn 0.9811 -0.0848 -0.1739
vn 0.9997 -0.0259 -0.0000
vn 0.9964 -0.0844 -0.0000
vn 0.9843 -0.0260 0.1744
vn 0.9811 -0.0848 0.1739
vn 0.9350 -0.0263 0.3537
vn 0.9318 -0.0856 0.3527
vn 0.8441 -0.0266 0.5355
vn 0.8411 -0.0866 0.5339
vn 0.8219 -0.2293 0.5214
vn 0.7364 -0.4901 0.4664
vn 0.5106 -0.7968 0.3230
vn 0.2661 -0.9493 0.1672
vn 0.1229 -0.9895 0.0755
vn 0.0518 -0.9982 0.0303
vn 0.0498 -0.9986 0.0169
vn 0.0477 -0.9988 0.0077
vn 0.0471 -0.9989 -0.0000
vn 0.0477 -0.9988 -0.0077
vn 0.0498 -0.9986 -0.0169
vn 0.1229 -0.9895 -0.0756
vn 0.0518 -0.9982 -0.0303
vn 0.5106 -0.7968 -0.3230
vn 0.2661 -0.9493 -0.1672
vn 0.7364 -0.4901 -0.4664
vn -0.9107 -0.2277 0.3446
vn -0.9592 -0.2262 0.1699
vn -0.8595 -0.4881 0.1518
vn -0.8161 -0.4891 0.3079
vn -0.9742 -0.2255 -0.0000
vn -0.8730 -0.4877 -0.0000
vn -0.5970 -0.8022 -0.0000
vn -0.5890 -0.8015 0.1038
vn -0.5624 -0.7993 0.2117
vn -0.9592 -0.2262 -0.1699
vn -0.8595 -0.4881 -0.1518
vn -0.9107 -0.2277 -0.3446
vn -0.8161 -0.4891 -0.3079
vn -0.5624 -0.7993 -0.2117
vn -0.5890 -0.8015 -0.1038
vn -0.2931 -0.9547 0.0511
vn -0.2857 -0.9524 0.1065
vn -0.2950 -0.9555 -0.0000
vn -0.1235 -0.9923 -0.0000
vn -0.1242 -0.9920 0.0211
vn -0.1255 -0.9911 0.0454
vn -0.2931 -0.9547 -0.0511
vn -0.2857 -0.9524 -0.1065
vn -0.1255 -0.9911 -0.0454
vn -0.1242 -0.9920 -0.0211
vn -0.8441 -0.0266 0.5355
vn -0.8411 -0.0866 0.5339
vn -0.9350 -0.0263 0.3537
vn -0.9318 -0.0856 0.3527
vn -0.8219 -0.2293 0.5214
vn -0.9843 -0.0260 0.1744
vn -0.9811 -0.0848 0.1739
vn -0.9997 -0.0259 -0.0000
vn -0.9964 -0.0844 -0.0000
vn -0.9843 -0.0260 -0.1744
vn -0.9811 -0.0848 -0.1739
vn -0.9350 -0.0263 -0.3537
vn -0.9318 -0.0856 -0.3527
vn -0.8441 -0.0266 -0.5355
vn -0.8411 -0.0866 -0.5339
vn -0.8219 -0.2293 -0.5214
vn -0.7364 -0.4901 -0.4664
vn -0.5106 -0.7968 -0.3230
vn -0.2661 -0.9493 -0.1672
vn -0.1229 -0.9895 -0.0755
vn -0.0518 -0.9982 -0.0303
vn -0.0498 -0.9986 -0.0169
vn -0.0477 -0.9988 -0.0077
vn -0.0471 -0.9989 -0.0000
vn -0.0477 -0.9988 0.0077
vn -0.0498 -0.9986 0.0169
vn -0.1229 -0.9895 0.0756
vn -0.0518 -0.9982 0.0303
vn -0.5106 -0.7968 0.3230
vn -0.2661 -0.9493 0.1672
vn -0.7364 -0.4901 0.4664
vn -0.3536 0.0006 -0.9354
vn -0.1742 0.0005 -0.9847
vn -0.1718 0.0228 -0.9849
vn -0.3517 0.0254 -0.9358
vn 0.0001 0.0004 -1.0000
vn 0.0030 0.0197 -0.9998
vn 0.0002 -0.0535 -0.9986
vn -0.1743 -0.0473 -0.9836
vn -0.3538 -0.0427 -0.9344
vn -0.9353 -0.0003 0.3538
vn -0.8444 -0.0002 0.5358
vn -0.3411 -0.7128 -0.6129
vn -0.2226 -0.9213 -0.3187
vn -0.7070 -0.0000 0.7073
vn -0.7302 0.1633 -0.6634
vn 0.7131 0.0934 -0.6948
vn 0.8481 0.0686 -0.5254
vn 0.9372 0.0473 -0.3457
vn 0.0001 0.0005 1.0000
vn 0.1744 0.0006 0.9847
vn 0.0249 0.7921 0.6098
vn -0.1173 0.8191 0.5616
vn 0.3538 0.0007 0.9353
vn 0.1747 0.7660 0.6187
vn -0.3422 0.2045 -0.9171
vn -0.1654 0.1927 -0.9672
vn 0.0073 0.1786 -0.9839
vn 0.7073 -0.0002 -0.7069
vn 0.8446 -0.0004 -0.5354
vn 0.8471 -0.0064 -0.5313
vn 0.7110 -0.0003 -0.7032
vn 0.9354 -0.0005 -0.3535
vn 0.9368 -0.0117 -0.3497
vn 0.9285 -0.1164 -0.3527
vn 0.8389 -0.1062 -0.5338
vn 0.7034 -0.0944 -0.7045
vn 0.3538 -0.0010 0.9353
vn 0.1744 -0.0009 0.9847
vn 0.1767 -0.0228 0.9840
vn 0.3553 -0.0253 0.9344
vn 0.0001 -0.0008 1.0000
vn 0.0029 -0.0198 0.9998
vn -0.0008 -0.1322 0.9912
vn 0.1722 -0.1386 0.9753
vn 0.3499 -0.1439 0.9257
vn -0.9225 0.1443 0.3580
vn -0.8327 0.1246 0.5396
vn -0.7340 0.4839 0.4766
vn -0.8089 0.4971 0.3139
vn -0.6965 0.1025 0.7101
vn -0.6167 0.4680 0.6329
vn -0.0812 0.9933 0.0823
vn -0.0953 0.9936 0.0606
vn -0.1034 0.9939 0.0390
vn 0.9902 -0.1395 -0.0005
vn 0.9742 -0.1457 0.1723
vn 0.8500 -0.5062 0.1457
vn 0.8667 -0.4987 -0.0052
vn 0.9246 -0.1508 0.3497
vn 0.8046 -0.5125 0.2999
vn 0.2089 -0.9748 0.0780
vn 0.2210 -0.9745 0.0383
vn 0.2256 -0.9742 -0.0005
vn 0.3536 -0.0791 -0.9320
vn 0.5340 -0.0903 -0.8406
vn 0.4725 -0.4369 -0.7654
vn 0.3113 -0.4231 -0.8510
vn 0.7033 -0.1024 -0.7035
vn 0.6230 -0.4519 -0.6385
vn 0.1638 -0.9726 -0.1651
vn 0.1246 -0.9720 -0.1992
vn 0.0827 -0.9713 -0.2228
vn 0.9278 -0.1240 -0.3519
vn 0.9759 -0.1324 -0.1736
vn 0.8573 -0.4901 -0.1578
vn 0.8181 -0.4797 -0.3171
vn 0.2234 -0.9739 -0.0397
vn 0.2135 -0.9736 -0.0808
vn 0.7102 0.1025 -0.6965
vn 0.5396 0.1246 -0.8326
vn 0.4766 0.4839 -0.7340
vn 0.6329 0.4680 -0.6167
vn 0.3580 0.1443 -0.9225
vn 0.3138 0.4971 -0.8090
vn 0.0390 0.9939 -0.1034
vn 0.0606 0.9936 -0.0953
vn 0.0823 0.9933 -0.0811
vn -0.5274 0.0810 0.8457
vn -0.4678 0.4526 0.7591
vn -0.3477 0.0620 0.9356
vn -0.3082 0.4384 0.8443
vn -0.0404 0.9930 0.1108
vn -0.0614 0.9932 0.0994
vn -0.7066 -0.0386 -0.7066
vn -0.5355 -0.0397 -0.8436
vn -0.5071 -0.3295 -0.7964
vn -0.6679 -0.3283 -0.6679
vn -0.3364 -0.3323 -0.8812
vn -0.2051 -0.8144 -0.5429
vn -0.3098 -0.8154 -0.4891
vn -0.4090 -0.8158 -0.4090
vn -0.9171 0.2045 -0.3422
vn -0.9672 0.1927 -0.1654
vn -0.8815 0.4471 -0.1520
vn -0.8350 0.4532 -0.3122
vn -0.9839 0.1786 0.0073
vn -0.8979 0.4402 0.0045
vn -0.4827 0.8758 0.0007
vn -0.4733 0.8770 -0.0828
vn -0.4471 0.8786 -0.1679
vn -0.7035 -0.1024 0.7033
vn -0.8406 -0.0903 0.5340
vn -0.7654 -0.4369 0.4725
vn -0.6385 -0.4519 0.6230
vn -0.9320 -0.0791 0.3536
vn -0.8510 -0.4231 0.3113
vn -0.2228 -0.9713 0.0827
vn -0.1992 -0.9720 0.1246
vn -0.1651 -0.9726 0.1638
vn -0.3519 -0.1240 0.9278
vn -0.5329 -0.1140 0.8385
vn -0.4812 -0.4671 0.7418
vn -0.3170 -0.4797 0.8181
vn -0.1235 -0.9732 0.1941
vn -0.0808 -0.9736 0.2135
vn -0.1698 0.0463 0.9844
vn -0.1493 0.4265 0.8921
vn 0.0037 0.0337 0.9994
vn 0.0067 0.4167 0.9090
vn 0.0005 0.9928 0.1199
vn -0.0197 0.9929 0.1172
vn -0.1520 0.4471 -0.8815
vn 0.0045 0.4402 -0.8979
vn -0.3122 0.4532 -0.8350
vn -0.1679 0.8786 -0.4471
vn -0.0828 0.8770 -0.4733
vn 0.0007 0.8758 -0.4827
vn 0.7071 0.0094 0.7071
vn 0.8435 0.0111 0.5371
vn 0.7735 0.3986 0.4927
vn 0.6491 0.3967 0.6491
vn 0.9342 0.0160 0.3563
vn 0.8549 0.4027 0.3270
vn 0.1148 0.9925 0.0429
vn 0.1048 0.9923 0.0659
vn 0.0882 0.9922 0.0882
vn 0.6992 -0.1491 0.6992
vn 0.5297 -0.1477 0.8352
vn 0.4785 -0.4431 0.7581
vn 0.6334 -0.4446 0.6334
vn 0.3149 -0.4385 0.8417
vn 0.1951 -0.8323 0.5189
vn 0.2946 -0.8344 0.4659
vn 0.3889 -0.8352 0.3889
vn 0.1745 -0.0613 -0.9827
vn 0.1569 -0.3512 -0.9231
vn -0.0052 -0.3431 -0.9393
vn 0.3533 -0.0710 -0.9328
vn 0.3224 -0.3615 -0.8748
vn 0.2010 -0.8195 -0.5367
vn 0.0993 -0.8164 -0.5688
vn -0.0008 -0.8145 -0.5802
vn -0.5213 0.2130 -0.8264
vn -0.4745 0.4577 -0.7519
vn -0.6904 0.2162 -0.6904
vn -0.6281 0.4593 -0.6281
vn -0.3350 0.8806 -0.3350
vn -0.2536 0.8801 -0.4014
vn 0.0001 0.0005 -1.0000
vn 0.1745 0.0004 -0.9847
vn 0.1776 0.0146 -0.9840
vn 0.0028 0.0180 -0.9998
vn 0.3538 0.0003 -0.9353
vn 0.3575 0.0104 -0.9339
vn 0.1749 -0.0695 -0.9821
vn 0.0007 -0.0616 -0.9981
vn 1.0000 -0.0005 0.0001
vn 0.9847 -0.0006 -0.1742
vn 0.4087 0.8726 -0.2675
vn 0.4989 0.8572 -0.1279
vn 0.9354 -0.0007 -0.3535
vn 0.2450 0.8673 -0.4333
vn -0.9706 0.1612 0.1790
vn -0.9845 0.1754 0.0056
vn -0.9353 0.0003 0.3538
vn -0.9847 0.0004 0.1745
vn -0.9840 0.0146 0.1776
vn -0.9339 0.0104 0.3575
vn -1.0000 0.0005 0.0001
vn -0.9998 0.0180 0.0028
vn -0.9981 -0.0616 0.0007
vn -0.9821 -0.0695 0.1749
vn -0.1742 0.0006 -0.9847
vn -0.1720 0.0209 -0.9849
vn -0.3519 0.0233 -0.9358
vn -0.1739 -0.0554 -0.9832
vn -0.3534 -0.0507 -0.9341
vn -0.9354 -0.0007 -0.3536
vn -0.9847 -0.0006 -0.1742
vn -0.3557 -0.9195 -0.1676
vn -0.3647 -0.9063 -0.2138
vn -1.0000 -0.0005 0.0001
vn -0.3186 -0.9365 -0.1464
vn 0.9999 0.0160 0.0052
vn 0.9839 0.0051 0.1788
vn 0.9340 -0.0032 0.3572
vn 0.3538 -0.0003 -0.9353
vn 0.1745 -0.0004 -0.9847
vn -0.1805 -0.9483 -0.2610
vn -0.3190 -0.9213 -0.2224
vn 0.0001 -0.0005 -1.0000
vn -0.1464 -0.9366 -0.3184
vn 0.0052 0.0161 0.9999
vn -0.1681 0.0299 0.9853
vn -0.3457 0.0473 0.9372
vn -1.0000 0.0004 0.0001
vn -0.9847 0.0005 -0.1742
vn -0.9849 0.0228 -0.1718
vn -0.9998 0.0197 0.0030
vn -0.9354 0.0006 -0.3536
vn -0.9358 0.0254 -0.3517
vn -0.9344 -0.0426 -0.3538
vn -0.9836 -0.0473 -0.1743
vn -0.9986 -0.0535 0.0002
vn 1.0000 -0.0008 0.0001
vn 0.9847 -0.0009 0.1744
vn 0.9840 -0.0228 0.1767
vn 0.9998 -0.0198 0.0029
vn 0.9353 -0.0010 0.3538
vn 0.9344 -0.0253 0.3554
vn 0.9257 -0.1439 0.3499
vn 0.9753 -0.1386 0.1722
vn 0.9912 -0.1323 -0.0008
vn 0.1745 0.0003 -0.9847
vn 0.1779 0.0159 -0.9839
vn 0.3539 0.0002 -0.9353
vn 0.3577 0.0113 -0.9338
vn 0.3538 -0.0006 0.9353
vn 0.1744 -0.0006 0.9847
vn 0.1765 -0.0209 0.9841
vn 0.3553 -0.0232 0.9345
vn 0.0001 -0.0005 1.0000
vn 0.0027 -0.0181 0.9998
vn -0.0005 -0.1395 0.9902
vn 0.1723 -0.1457 0.9742
vn 0.3497 -0.1508 0.9246
vn -0.9847 -0.0004 0.1745
vn -0.2612 -0.9483 -0.1801
vn 0.9853 0.0299 -0.1681
vn 1.0000 0.0005 0.0001
vn 0.9847 0.0004 -0.1742
vn 0.4689 0.8429 -0.2640
vn 0.5616 0.8191 -0.1173
vn 0.9354 0.0003 -0.3535
vn 0.2987 0.8506 -0.4328
vn -0.9219 0.1423 0.3605
vn -0.9701 0.1620 0.1810
vn -0.1742 -0.0006 -0.9847
vn -0.1674 -0.9196 -0.3554
vn -0.3536 -0.0007 -0.9354
vn -0.2135 -0.9064 -0.3646
vn 0.3572 -0.0032 0.9340
vn 0.1788 0.0051 0.9839
vn -0.3535 0.0003 0.9354
vn -0.1742 0.0004 0.9847
vn -0.2642 0.8428 0.4690
vn -0.4331 0.8505 0.2985
vn 0.1809 0.1620 -0.9701
vn 0.3605 0.1423 -0.9218
vn -0.9353 0.0002 0.3539
vn -0.9847 0.0003 0.1745
vn -0.9839 0.0159 0.1779
vn -0.9338 0.0113 0.3577
vn -0.9827 -0.0613 0.1745
vn -0.9328 -0.0709 0.3533
vn 0.9847 -0.0007 -0.1742
vn 0.9852 -0.0161 -0.1708
vn 0.9768 -0.1250 -0.1741
vn -0.1742 -0.0007 0.9847
vn -0.1708 -0.0161 0.9852
vn -0.3535 -0.0005 0.9354
vn -0.3496 -0.0117 0.9368
vn -0.3527 -0.1164 0.9285
vn -0.1741 -0.1250 0.9768
vn 0.8446 0.0002 -0.5355
vn -0.0467 0.7688 -0.6378
vn 0.7073 -0.0000 -0.7070
vn -0.6636 0.1634 -0.7300
vn -0.6948 0.0934 0.7131
vn -0.8315 0.1191 0.5426
vn -0.7069 -0.0002 0.7073
vn -0.8443 -0.0000 0.5358
vn -0.8417 0.0058 0.5399
vn -0.7032 -0.0003 0.7110
vn -0.8416 -0.0822 0.5338
vn -0.7045 -0.0944 0.7034
vn 0.5357 0.0007 0.8444
vn 0.3318 0.7457 0.5778
vn 0.7071 0.0007 0.7071
vn 0.4787 0.7360 0.4787
vn -0.8436 -0.0397 -0.5355
vn -0.7965 -0.3295 -0.5070
vn -0.8812 -0.3323 -0.3364
vn -0.4891 -0.8154 -0.3098
vn -0.5429 -0.8144 -0.2051
vn -0.1558 0.3631 0.9186
vn -0.3204 0.3737 0.8705
vn 0.0054 0.3547 0.9350
vn 0.0008 0.8638 0.5038
vn -0.0860 0.8654 0.4936
vn -0.1740 0.8678 0.4654
vn 0.5375 -0.0085 0.8432
vn 0.5050 0.3405 0.7931
vn 0.3350 0.3435 0.8774
vn 0.7071 -0.0103 0.7071
vn 0.6652 0.3392 0.6652
vn 0.3558 0.8642 0.3558
vn 0.2694 0.8640 0.4254
vn 0.1782 0.8634 0.4720
vn 0.1623 0.4326 -0.8868
vn 0.3263 0.4238 -0.8449
vn 0.0848 0.8751 -0.4764
vn 0.1717 0.8747 -0.4532
vn -0.7648 0.4129 0.4945
vn -0.8449 0.4238 0.3263
vn -0.6415 0.3997 0.6548
vn -0.3442 0.8728 0.3461
vn -0.4097 0.8742 0.2606
vn -0.4532 0.8747 0.1717
vn 0.8352 -0.1477 0.5297
vn 0.7581 -0.4431 0.4785
vn 0.8417 -0.4385 0.3149
vn 0.4659 -0.8344 0.2946
vn 0.5189 -0.8323 0.1951
vn 0.0056 0.1754 -0.9845
vn -0.1669 0.1875 -0.9680
vn -0.1436 0.5245 -0.8392
vn 0.0054 0.5169 -0.8560
vn -0.3436 0.1977 -0.9181
vn -0.2958 0.5309 -0.7941
vn -0.0367 0.9943 -0.0999
vn -0.0178 0.9943 -0.1050
vn 0.0004 0.9942 -0.1072
vn 0.5425 0.1191 -0.8316
vn 0.4945 0.4129 -0.7648
vn 0.6548 0.3997 -0.6415
vn 0.2606 0.8742 -0.4097
vn 0.3461 0.8728 -0.3442
vn 0.8343 -0.1545 0.5293
vn 0.7241 -0.5171 0.4563
vn 0.6985 -0.1559 0.6985
vn 0.6046 -0.5185 0.6047
vn 0.1569 -0.9751 0.1569
vn 0.1879 -0.9750 0.1183
vn -0.7880 -0.3738 0.4893
vn -0.6584 -0.3869 0.6456
vn -0.8748 -0.3615 0.3224
vn -0.5367 -0.8195 0.2010
vn -0.4806 -0.8231 0.3026
vn -0.3997 -0.8259 0.3977
vn 0.5293 -0.1545 0.8343
vn 0.4563 -0.5171 0.7241
vn 0.2999 -0.5125 0.8046
vn 0.0780 -0.9748 0.2089
vn 0.1183 -0.9750 0.1878
vn -0.8868 0.4326 0.1623
vn -0.4764 0.8751 0.0848
vn -0.8988 -0.4115 0.1509
vn -0.9156 -0.4021 -0.0064
vn -0.2417 -0.9703 -0.0006
vn -0.2365 -0.9708 0.0407
vn 0.1676 0.3482 0.9223
vn 0.0882 0.8632 0.4971
vn -0.9341 -0.0507 -0.3534
vn -0.8434 -0.0477 -0.5352
vn -0.7785 -0.3849 -0.4958
vn -0.8606 -0.3887 -0.3290
vn -0.7063 -0.0467 -0.7063
vn -0.6531 -0.3832 -0.6532
vn -0.1727 -0.9697 -0.1727
vn -0.2061 -0.9698 -0.1302
vn -0.2279 -0.9699 -0.0858
vn 0.9994 0.0337 0.0037
vn 0.9844 0.0463 -0.1698
vn 0.8921 0.4265 -0.1493
vn 0.9090 0.4168 0.0067
vn 0.9356 0.0620 -0.3477
vn 0.8443 0.4384 -0.3082
vn 0.1108 0.9930 -0.0404
vn 0.1172 0.9929 -0.0197
vn 0.1199 0.9928 0.0005
vn 0.9847 -0.0006 0.1744
vn 0.9841 -0.0209 0.1765
vn 0.9998 -0.0181 0.0027
vn 0.9353 -0.0006 0.3538
vn 0.9345 -0.0232 0.3552
vn -1.0000 -0.0018 0.0001
vn -0.9847 -0.0016 0.1745
vn -0.1898 -0.9612 -0.2001
vn -0.2322 -0.9605 -0.1536
vn -0.9353 -0.0015 0.3539
vn -0.1761 -0.9232 -0.3417
vn 0.0001 -0.0018 -1.0000
vn -0.1742 -0.0019 -0.9847
vn -0.1577 -0.9520 -0.2623
vn -0.1537 -0.9604 -0.2322
vn -0.3536 -0.0020 -0.9354
vn -0.1838 -0.9451 -0.2704
vn 0.3563 0.0160 0.9342
vn 0.1775 0.0236 0.9838
vn 0.9354 -0.0003 -0.3535
vn 0.9847 -0.0004 -0.1742
vn 0.9851 -0.0148 -0.1711
vn 0.9367 -0.0107 -0.3499
vn -0.1742 -0.0004 0.9847
vn -0.1711 -0.0148 0.9851
vn -0.3535 -0.0003 0.9354
vn -0.3499 -0.0107 0.9367
vn -0.1736 -0.1324 0.9759
vn 0.9353 0.0007 0.3538
vn 0.9847 0.0006 0.1744
vn 0.6099 0.7921 0.0251
vn 0.6186 0.7660 0.1750
vn 0.1745 -0.0004 0.9847
vn 0.0057 0.8359 0.5488
vn -0.1277 0.8572 0.4989
vn 0.3538 -0.0003 0.9353
vn 0.1471 0.8135 0.5627
vn 0.1763 -0.8676 0.4650
vn 0.0876 -0.8655 0.4932
vn 0.1455 -0.5527 0.8206
vn 0.2942 -0.5561 0.7773
vn -0.0000 -0.8647 0.5022
vn -0.0000 -0.5514 0.8342
vn -0.0000 -0.2694 0.9630
vn 0.1677 -0.2702 0.9481
vn 0.3401 -0.2722 0.9001
vn -0.0876 -0.8655 0.4932
vn -0.1455 -0.5527 0.8206
vn -0.1763 -0.8676 0.4650
vn -0.2942 -0.5561 0.7773
vn -0.3401 -0.2722 0.9001
vn -0.1677 -0.2702 0.9481
vn 0.1730 -0.1158 0.9781
vn 0.3510 -0.1166 0.9291
vn -0.0000 -0.1154 0.9933
vn -0.0000 -0.0440 0.9990
vn 0.1741 -0.0442 0.9837
vn 0.3532 -0.0445 0.9345
vn -0.1730 -0.1158 0.9781
vn -0.3510 -0.1166 0.9291
vn -0.3532 -0.0445 0.9345
vn -0.1741 -0.0442 0.9837
vn 0.0343 -0.9988 0.0343
vn 0.0262 -0.9988 0.0412
vn 0.0972 -0.9834 0.1529
vn 0.1273 -0.9837 0.1273
vn 0.0175 -0.9988 0.0462
vn 0.0650 -0.9831 0.1713
vn 0.2644 -0.8699 0.4163
vn 0.3471 -0.8712 0.3471
vn 0.0087 -0.9988 0.0492
vn 0.0324 -0.9827 0.1822
vn -0.0000 -0.9987 0.0502
vn -0.0000 -0.9826 0.1857
vn -0.0088 -0.9988 0.0492
vn -0.0324 -0.9827 0.1822
vn -0.0176 -0.9988 0.0462
vn -0.0650 -0.9831 0.1713
vn -0.0262 -0.9988 0.0412
vn -0.0972 -0.9835 0.1529
vn -0.0343 -0.9988 0.0343
vn -0.1273 -0.9837 0.1273
vn -0.3471 -0.8712 0.3471
vn -0.2644 -0.8699 0.4163
vn -0.4439 -0.5600 0.6995
vn -0.5848 -0.5621 0.5848
vn -0.6797 -0.2758 0.6797
vn -0.5149 -0.2745 0.8121
vn -0.5317 -0.1177 0.8387
vn -0.7022 -0.1182 0.7022
vn -0.7064 -0.0451 0.7064
vn -0.5350 -0.0449 0.8437
vn -0.5355 -0.0151 0.8444
vn -0.3536 -0.0150 0.9353
vn -0.7070 -0.0152 0.7070
vn -0.7071 -0.0045 0.7071
vn -0.5356 -0.0045 0.8445
vn -0.3537 -0.0044 0.9354
vn -0.1743 -0.0149 0.9846
vn -0.0000 -0.0148 0.9999
vn -0.1743 -0.0044 0.9847
vn -0.0000 -0.0044 1.0000
vn 0.1743 -0.0149 0.9846
vn 0.3536 -0.0150 0.9353
vn 0.1743 -0.0044 0.9847
vn 0.3537 -0.0044 0.9354
vn 0.7064 -0.0451 0.7064
vn 0.5350 -0.0449 0.8437
vn 0.5355 -0.0151 0.8444
vn 0.7070 -0.0152 0.7070
vn 0.5356 -0.0045 0.8445
vn 0.7071 -0.0045 0.7071
vn 0.6797 -0.2758 0.6797
vn 0.5148 -0.2745 0.8121
vn 0.5317 -0.1177 0.8387
vn 0.7022 -0.1182 0.7022
vn 0.4439 -0.5600 0.6995
vn 0.5848 -0.5621 0.5848
vn -0.1763 -0.8676 -0.4650
vn -0.0876 -0.8655 -0.4932
vn -0.1455 -0.5527 -0.8206
vn -0.2942 -0.5561 -0.7773
vn -0.0000 -0.8647 -0.5022
vn -0.0000 -0.5514 -0.8342
vn -0.0000 -0.2694 -0.9630
vn -0.1677 -0.2702 -0.9481
vn -0.3401 -0.2722 -0.9001
vn 0.0876 -0.8655 -0.4932
vn 0.1455 -0.5527 -0.8206
vn 0.1763 -0.8676 -0.4650
vn 0.2942 -0.5561 -0.7773
vn 0.3401 -0.2722 -0.9001
vn 0.1677 -0.2702 -0.9481
vn -0.1730 -0.1158 -0.9781
vn -0.3510 -0.1166 -0.9291
vn -0.0000 -0.1154 -0.9933
vn -0.0000 -0.0440 -0.9990
vn -0.1741 -0.0442 -0.9837
vn -0.3532 -0.0445 -0.9345
vn 0.1730 -0.1158 -0.9781
vn 0.3510 -0.1166 -0.9291
vn 0.3532 -0.0445 -0.9345
vn 0.1741 -0.0442 -0.9837
vn -0.0343 -0.9988 -0.0343
vn -0.0262 -0.9988 -0.0412
vn -0.0972 -0.9834 -0.1529
vn -0.1273 -0.9837 -0.1273
vn -0.0175 -0.9988 -0.0462
vn -0.0650 -0.9831 -0.1713
vn -0.2644 -0.8699 -0.4163
vn -0.3471 -0.8712 -0.3471
vn -0.0087 -0.9988 -0.0492
vn -0.0324 -0.9827 -0.1822
vn -0.0000 -0.9987 -0.0502
vn -0.0000 -0.9826 -0.1857
vn 0.0088 -0.9988 -0.0492
vn 0.0324 -0.9827 -0.1822
vn 0.0176 -0.9988 -0.0462
vn 0.0650 -0.9831 -0.1713
vn 0.0262 -0.9988 -0.0412
vn 0.0972 -0.9835 -0.1529
vn 0.0343 -0.9988 -0.0343
vn 0.1273 -0.9837 -0.1273
vn 0.3471 -0.8712 -0.3471
vn 0.2644 -0.8699 -0.4163
vn 0.4439 -0.5600 -0.6995
vn 0.5848 -0.5621 -0.5848
vn 0.6797 -0.2758 -0.6797
vn 0.5149 -0.2745 -0.8121
vn 0.5317 -0.1177 -0.8387
vn 0.7022 -0.1182 -0.7022
vn 0.7064 -0.0451 -0.7064
vn 0.5350 -0.0449 -0.8437
vn 0.5355 -0.0151 -0.8444
vn 0.3536 -0.0150 -0.9353
vn 0.7070 -0.0152 -0.7070
vn 0.7071 -0.0045 -0.7071
vn 0.5356 -0.0045 -0.8445
vn 0.3537 -0.0045 -0.9354
vn 0.1743 -0.0149 -0.9846
vn -0.0000 -0.0148 -0.9999
vn 0.1743 -0.0044 -0.9847
vn -0.0000 -0.0044 -1.0000
vn -0.1743 -0.0149 -0.9846
vn -0.3536 -0.0150 -0.9353
vn -0.1743 -0.0044 -0.9847
vn -0.3537 -0.0045 -0.9354
vn -0.7064 -0.0451 -0.7064
vn -0.5350 -0.0449 -0.8437
vn -0.5355 -0.0151 -0.8444
vn -0.7070 -0.0152 -0.7070
vn -0.5356 -0.0045 -0.8445
vn -0.7071 -0.0045 -0.7071
vn -0.6797 -0.2758 -0.6797
vn -0.5148 -0.2745 -0.8121
vn -0.5317 -0.1177 -0.8387
vn -0.7022 -0.1182 -0.7022
vn -0.4439 -0.5600 -0.6995
vn -0.5848 -0.5621 -0.5848
vn 0.4650 -0.8676 -0.1763
vn 0.4932 -0.8655 -0.0876
vn 0.8206 -0.5527 -0.1455
vn 0.7773 -0.5561 -0.2942
vn 0.5023 -0.8647 -0.0000
vn 0.8342 -0.5514 -0.0000
vn 0.9630 -0.2694 -0.0000
vn 0.9481 -0.2702 -0.1677
vn 0.9001 -0.2722 -0.3401
vn 0.4932 -0.8655 0.0876
vn 0.8206 -0.5527 0.1455
vn 0.4650 -0.8676 0.1763
vn 0.7773 -0.5561 0.2942
vn 0.9001 -0.2722 0.3401
vn 0.9481 -0.2702 0.1677
vn 0.9781 -0.1158 -0.1730
vn 0.9291 -0.1166 -0.3510
vn 0.9933 -0.1154 -0.0000
vn 0.9990 -0.0440 -0.0000
vn 0.9837 -0.0442 -0.1741
vn 0.9345 -0.0445 -0.3532
vn 0.9781 -0.1158 0.1730
vn 0.9291 -0.1166 0.3510
vn 0.9345 -0.0445 0.3532
vn 0.9837 -0.0442 0.1741
vn 0.0412 -0.9988 -0.0262
vn 0.1529 -0.9834 -0.0972
vn 0.0462 -0.9988 -0.0175
vn 0.1713 -0.9831 -0.0650
vn 0.4163 -0.8699 -0.2644
vn 0.0492 -0.9988 -0.0088
vn 0.1822 -0.9827 -0.0324
vn 0.0502 -0.9987 -0.0000
vn 0.1857 -0.9826 -0.0000
vn 0.0492 -0.9988 0.0088
vn 0.1822 -0.9827 0.0324
vn 0.0462 -0.9988 0.0175
vn 0.1713 -0.9831 0.0650
vn 0.0412 -0.9988 0.0262
vn 0.1529 -0.9834 0.0972
vn 0.4163 -0.8699 0.2644
vn 0.6995 -0.5600 0.4439
vn 0.8121 -0.2745 0.5148
vn 0.8387 -0.1177 0.5317
vn 0.8437 -0.0449 0.5350
vn 0.8444 -0.0151 0.5355
vn 0.9353 -0.0150 0.3536
vn 0.8445 -0.0045 0.5356
vn 0.9354 -0.0044 0.3537
vn 0.9846 -0.0149 0.1743
vn 0.9999 -0.0148 -0.0000
vn 0.9847 -0.0044 0.1743
vn 1.0000 -0.0044 -0.0000
vn 0.9846 -0.0149 -0.1743
vn 0.9353 -0.0150 -0.3536
vn 0.9847 -0.0044 -0.1743
vn 0.9354 -0.0044 -0.3537
vn 0.8437 -0.0449 -0.5350
vn 0.8444 -0.0151 -0.5355
vn 0.8445 -0.0045 -0.5356
vn 0.8121 -0.2745 -0.5148
vn 0.8387 -0.1177 -0.5317
vn 0.6995 -0.5600 -0.4439
vn -0.4650 -0.8676 0.1763
vn -0.4932 -0.8655 0.0876
vn -0.8206 -0.5527 0.1455
vn -0.7773 -0.5561 0.2942
vn -0.5023 -0.8647 -0.0000
vn -0.8342 -0.5514 -0.0000
vn -0.9630 -0.2694 -0.0000
vn -0.9481 -0.2702 0.1677
vn -0.9001 -0.2722 0.3401
vn -0.4932 -0.8655 -0.0876
vn -0.8206 -0.5527 -0.1455
vn -0.4650 -0.8676 -0.1763
vn -0.7773 -0.5561 -0.2942
vn -0.9001 -0.2722 -0.3401
vn -0.9481 -0.2702 -0.1677
vn -0.9781 -0.1158 0.1730
vn -0.9291 -0.1166 0.3510
vn -0.9933 -0.1154 -0.0000
vn -0.9990 -0.0440 -0.0000
vn -0.9837 -0.0442 0.1741
vn -0.9345 -0.0445 0.3532
vn -0.9781 -0.1158 -0.1730
vn -0.9291 -0.1166 -0.3510
vn -0.9345 -0.0445 -0.3532
vn -0.9837 -0.0442 -0.1741
vn -0.0412 -0.9988 0.0262
vn -0.1529 -0.9834 0.0972
vn -0.0462 -0.9988 0.0175
vn -0.1713 -0.9831 0.0650
vn -0.4163 -0.8699 0.2644
vn -0.0492 -0.9988 0.0088
vn -0.1822 -0.9827 0.0324
vn -0.0502 -0.9987 -0.0000
vn -0.1857 -0.9826 -0.0000
vn -0.0492 -0.9988 -0.0088
vn -0.1822 -0.9827 -0.0324
vn -0.0462 -0.9988 -0.0175
vn -0.1713 -0.9831 -0.0650
vn -0.0412 -0.9988 -0.0262
vn -0.1529 -0.9834 -0.0972
vn -0.4163 -0.8699 -0.2644
vn -0.6995 -0.5600 -0.4439
vn -0.8121 -0.2745 -0.5148
vn -0.8387 -0.1177 -0.5317
vn -0.8437 -0.0449 -0.5350
vn -0.8444 -0.0151 -0.5355
vn -0.9353 -0.0150 -0.3536
vn -0.8445 -0.0045 -0.5356
vn -0.9354 -0.0045 -0.3537
vn -0.9846 -0.0149 -0.1743
vn -0.9999 -0.0148 -0.0000
vn -0.9847 -0.0044 -0.1743
vn -1.0000 -0.0044 -0.0000
vn -0.9846 -0.0149 0.1743
vn -0.9353 -0.0150 0.3536
vn -0.9847 -0.0044 0.1743
vn -0.9354 -0.0045 0.3537
vn -0.8437 -0.0449 0.5350
vn -0.8444 -0.0151 0.5355
vn -0.8445 -0.0045 0.5356
vn -0.8121 -0.2745 0.5148
vn -0.8387 -0.1177 0.5317
vn -0.6995 -0.5600 0.4439
vn -0.0004 -1.0000 0.0011
vn -0.0002 -1.0000 0.0011
vn -0.0000 -1.0000 0.0012
vn 0.0002 -1.0000 0.0012
vn 0.0004 -1.0000 0.0011
vn -0.0000 -1.0000 0.0028
vn -0.0005 -1.0000 0.0027
vn -0.0010 -1.0000 0.0026
vn 0.0010 -1.0000 0.0026
vn 0.0005 -1.0000 0.0027
vn -0.0057 -0.9999 0.0090
vn -0.0075 -0.9999 0.0075
vn -0.0038 -0.9999 0.0101
vn -0.0006 -1.0000 0.0010
vn -0.0008 -1.0000 0.0008
vn -0.0019 -0.9999 0.0107
vn -0.0000 -0.9999 0.0110
vn 0.0019 -0.9999 0.0107
vn 0.0038 -0.9999 0.0101
vn 0.0057 -0.9999 0.0090
vn 0.0075 -0.9999 0.0075
vn 0.0008 -1.0000 0.0008
vn 0.0006 -1.0000 0.0010
vn 0.0019 -1.0000 0.0019
vn 0.0015 -1.0000 0.0023
vn 0.0119 -0.9998 0.0188
vn 0.0079 -0.9998 0.0209
vn 0.0157 -0.9998 0.0157
vn 0.0039 -0.9997 0.0221
vn -0.0000 -0.9997 0.0225
vn -0.0039 -0.9997 0.0221
vn -0.0079 -0.9998 0.0209
vn -0.0019 -1.0000 0.0019
vn -0.0015 -1.0000 0.0023
vn -0.0119 -0.9998 0.0188
vn -0.0157 -0.9998 0.0157
vn 0.0011 -1.0000 0.0004
vn 0.0011 -1.0000 0.0002
vn 0.0012 -1.0000 -0.0000
vn 0.0011 -1.0000 -0.0002
vn 0.0011 -1.0000 -0.0004
vn 0.0028 -1.0000 -0.0000
vn 0.0027 -1.0000 0.0005
vn 0.0026 -1.0000 0.0010
vn 0.0026 -1.0000 -0.0010
vn 0.0027 -1.0000 -0.0005
vn 0.0090 -0.9999 0.0057
vn 0.0101 -0.9999 0.0038
vn 0.0009 -1.0000 0.0006
vn 0.0107 -0.9999 0.0019
vn 0.0110 -0.9999 -0.0000
vn 0.0107 -0.9999 -0.0019
vn 0.0101 -0.9999 -0.0038
vn 0.0090 -0.9999 -0.0057
vn 0.0075 -0.9999 -0.0075
vn 0.0008 -1.0000 -0.0008
vn 0.0010 -1.0000 -0.0006
vn 0.0019 -1.0000 -0.0019
vn 0.0023 -1.0000 -0.0015
vn 0.0188 -0.9998 -0.0119
vn 0.0209 -0.9998 -0.0079
vn 0.0157 -0.9998 -0.0157
vn 0.0221 -0.9997 -0.0039
vn 0.0225 -0.9997 -0.0000
vn 0.0221 -0.9997 0.0039
vn 0.0209 -0.9998 0.0079
vn 0.0023 -1.0000 0.0015
vn 0.0188 -0.9998 0.0119
vn 0.0004 -1.0000 -0.0011
vn 0.0002 -1.0000 -0.0011
vn -0.0000 -1.0000 -0.0012
vn -0.0002 -1.0000 -0.0012
vn -0.0004 -1.0000 -0.0011
vn -0.0000 -1.0000 -0.0028
vn 0.0005 -1.0000 -0.0027
vn 0.0010 -1.0000 -0.0026
vn -0.0010 -1.0000 -0.0026
vn -0.0005 -1.0000 -0.0027
vn 0.0057 -0.9999 -0.0090
vn 0.0038 -0.9999 -0.0101
vn 0.0006 -1.0000 -0.0010
vn 0.0019 -0.9999 -0.0107
vn -0.0000 -0.9999 -0.0110
vn -0.0019 -0.9999 -0.0107
vn -0.0038 -0.9999 -0.0101
vn -0.0057 -0.9999 -0.0090
vn -0.0075 -0.9999 -0.0075
vn -0.0008 -1.0000 -0.0008
vn -0.0006 -1.0000 -0.0010
vn -0.0019 -1.0000 -0.0019
vn -0.0015 -1.0000 -0.0023
vn -0.0119 -0.9998 -0.0188
vn -0.0079 -0.9998 -0.0209
vn -0.0157 -0.9998 -0.0157
vn -0.0039 -0.9997 -0.0221
vn -0.0000 -0.9997 -0.0225
vn 0.0039 -0.9997 -0.0221
vn 0.0079 -0.9998 -0.0209
vn 0.0015 -1.0000 -0.0023
vn 0.0119 -0.9998 -0.0188
vn -0.0011 -1.0000 -0.0004
vn -0.0011 -1.0000 -0.0002
vn -0.0012 -1.0000 -0.0000
vn -0.0011 -1.0000 0.0002
vn -0.0011 -1.0000 0.0004
vn -0.0028 -1.0000 -0.0000
vn -0.0027 -1.0000 -0.0005
vn -0.0026 -1.0000 -0.0010
vn -0.0026 -1.0000 0.0010
vn -0.0027 -1.0000 0.0005
vn -0.0090 -0.9999 -0.0057
vn -0.0101 -0.9999 -0.0038
vn -0.0009 -1.0000 -0.0006
vn -0.0107 -0.9999 -0.0019
vn -0.0110 -0.9999 -0.0000
vn -0.0107 -0.9999 0.0019
vn -0.0101 -0.9999 0.0038
vn -0.0090 -0.9999 0.0057
vn -0.0010 -1.0000 0.0006
vn -0.0023 -1.0000 0.0015
vn -0.0188 -0.9998 0.0119
vn -0.0209 -0.9998 0.0079
vn -0.0221 -0.9997 0.0039
vn -0.0225 -0.9997 -0.0000
vn -0.0221 -0.9997 -0.0039
vn -0.0209 -0.9998 -0.0079
vn -0.0023 -1.0000 -0.0015
vn -0.0188 -0.9998 -0.0119
vn -0.9027 0.4025 0.1523
vn -0.9025 0.4028 0.1522
vn -0.9025 0.4028 0.1523
vn -0.9024 0.4031 0.1522
vn -0.9024 0.4031 0.1523
vn -0.9023 0.4028 -0.1534
vn -0.9026 0.4023 -0.1535
vn -0.9023 0.4028 -0.1535
vn -0.9028 0.4018 -0.1535
vn -0.9028 0.4018 -0.1536
vn -0.9025 0.4023 -0.1536
vn -0.9023 0.4028 -0.1536
vn -0.7792 0.4022 0.4807
vn -0.7789 0.4028 0.4806
vn -0.7789 0.4028 0.4807
vn -0.7791 0.4022 0.4808
vn -0.7787 0.4034 0.4805
vn -0.7787 0.4034 0.4806
vn -0.7786 0.4034 0.4807
vn -0.7789 0.4028 0.4808
vn -0.7791 0.4022 0.4809
vn -0.7793 0.4010 -0.4816
vn -0.7790 0.4017 -0.4815
vn -0.7791 0.4017 -0.4814
vn -0.7793 0.4010 -0.4815
vn -0.7787 0.4024 -0.4813
vn -0.7788 0.4024 -0.4812
vn -0.7788 0.4024 -0.4811
vn -0.7791 0.4017 -0.4813
vn -0.7794 0.4010 -0.4814
vn -0.1527 0.4002 -0.9036
vn -0.1527 0.4006 -0.9034
vn -0.1528 0.4006 -0.9034
vn -0.1528 0.4002 -0.9036
vn -0.1527 0.4010 -0.9033
vn -0.1528 0.4010 -0.9033
vn -0.1528 0.4010 -0.9032
vn 0.1527 0.4010 -0.9033
vn 0.1527 0.4006 -0.9034
vn 0.1528 0.4006 -0.9034
vn 0.1528 0.4010 -0.9033
vn 0.1527 0.4002 -0.9036
vn 0.1528 0.4002 -0.9036
vn 0.1528 0.4010 -0.9032
vn -0.4807 0.4005 -0.7801
vn -0.4806 0.4011 -0.7799
vn -0.4806 0.4011 -0.7798
vn -0.4807 0.4005 -0.7800
vn -0.4804 0.4016 -0.7797
vn -0.4805 0.4016 -0.7796
vn -0.4806 0.4016 -0.7796
vn -0.4807 0.4010 -0.7798
vn -0.4808 0.4005 -0.7800
vn 0.4808 0.4005 -0.7800
vn 0.4807 0.4010 -0.7798
vn 0.4806 0.4011 -0.7798
vn 0.4806 0.4016 -0.7796
vn 0.4805 0.4016 -0.7796
vn 0.4805 0.4016 -0.7797
vn 0.4806 0.4011 -0.7799
vn 0.4807 0.4005 -0.7801
vn 0.9028 0.4017 -0.1535
vn 0.9026 0.4023 -0.1535
vn 0.9028 0.4018 -0.1536
vn 0.9023 0.4028 -0.1534
vn 0.9023 0.4028 -0.1535
vn 0.9023 0.4028 -0.1536
vn 0.9025 0.4023 -0.1536
vn 0.9024 0.4031 0.1522
vn 0.9025 0.4028 0.1522
vn 0.9025 0.4028 0.1523
vn 0.9024 0.4031 0.1523
vn 0.9027 0.4025 0.1523
vn 0.7794 0.4010 -0.4814
vn 0.7791 0.4017 -0.4813
vn 0.7791 0.4017 -0.4814
vn 0.7793 0.4010 -0.4815
vn 0.7788 0.4024 -0.4811
vn 0.7788 0.4024 -0.4812
vn 0.7787 0.4024 -0.4813
vn 0.7790 0.4017 -0.4815
vn 0.7793 0.4010 -0.4816
vn 0.7791 0.4022 0.4809
vn 0.7789 0.4028 0.4808
vn 0.7789 0.4028 0.4807
vn 0.7791 0.4022 0.4808
vn 0.7786 0.4034 0.4807
vn 0.7787 0.4034 0.4806
vn 0.7787 0.4034 0.4805
vn 0.7789 0.4028 0.4806
vn 0.7792 0.4022 0.4808
vn 0.1525 0.4004 0.9036
vn 0.1525 0.4007 0.9034
vn 0.1526 0.4007 0.9034
vn 0.1526 0.4004 0.9036
vn 0.1525 0.4011 0.9033
vn 0.1526 0.4011 0.9033
vn -0.1525 0.4011 0.9033
vn -0.1525 0.4007 0.9034
vn -0.1526 0.4007 0.9034
vn -0.1526 0.4011 0.9033
vn -0.1525 0.4004 0.9036
vn -0.1526 0.4004 0.9036
vn 0.4803 0.4012 0.7800
vn 0.4802 0.4017 0.7798
vn 0.4802 0.4017 0.7797
vn 0.4803 0.4013 0.7799
vn 0.4801 0.4022 0.7796
vn 0.4802 0.4022 0.7795
vn 0.4803 0.4017 0.7797
vn 0.4804 0.4013 0.7799
vn -0.4804 0.4013 0.7799
vn -0.4803 0.4017 0.7797
vn -0.4802 0.4017 0.7797
vn -0.4803 0.4013 0.7799
vn -0.4802 0.4022 0.7795
vn -0.4801 0.4022 0.7796
vn -0.4802 0.4017 0.7798
vn -0.4803 0.4012 0.7800
vn -0.9683 -0.1866 0.1660
vn -0.9683 -0.1865 0.1660
vn -0.9754 -0.1445 0.1663
vn -0.9755 -0.1443 0.1663
vn -0.9755 -0.1441 0.1663
vn -0.9755 -0.1441 0.1664
vn -0.9755 -0.1443 0.1664
vn -0.9754 -0.1445 0.1664
vn -0.9683 -0.1864 -0.1661
vn -0.9683 -0.1863 -0.1661
vn -0.9684 -0.1863 -0.1661
vn -0.9752 -0.1435 -0.1687
vn -0.9752 -0.1431 -0.1687
vn -0.9753 -0.1428 -0.1688
vn -0.9753 -0.1428 -0.1687
vn -0.8343 -0.1893 0.5178
vn -0.8403 -0.1459 0.5221
vn -0.8403 -0.1460 0.5220
vn -0.8403 -0.1459 0.5220
vn -0.8403 -0.1461 0.5220
vn -0.8404 -0.1459 0.5220
vn -0.8402 -0.1432 -0.5231
vn -0.8402 -0.1435 -0.5230
vn -0.8401 -0.1435 -0.5231
vn -0.8401 -0.1438 -0.5230
vn -0.8401 -0.1438 -0.5231
vn -0.8343 -0.1888 -0.5179
vn -0.8343 -0.1889 -0.5179
vn -0.1660 -0.1856 -0.9685
vn -0.1672 -0.1392 -0.9760
vn 0.1660 -0.1856 -0.9685
vn 0.1672 -0.1392 -0.9760
vn -0.5179 -0.1886 -0.8344
vn -0.5215 -0.1421 -0.8413
vn -0.5215 -0.1420 -0.8413
vn -0.5215 -0.1419 -0.8414
vn -0.5215 -0.1419 -0.8413
vn -0.5216 -0.1419 -0.8413
vn 0.5215 -0.1421 -0.8413
vn 0.5215 -0.1420 -0.8413
vn 0.5216 -0.1419 -0.8413
vn 0.5215 -0.1419 -0.8413
vn 0.5215 -0.1419 -0.8414
vn 0.5179 -0.1886 -0.8344
vn 0.9684 -0.1863 -0.1661
vn 0.9683 -0.1863 -0.1661
vn 0.9683 -0.1864 -0.1661
vn 0.9753 -0.1428 -0.1688
vn 0.9752 -0.1431 -0.1687
vn 0.9753 -0.1428 -0.1687
vn 0.9752 -0.1435 -0.1687
vn 0.9683 -0.1865 0.1660
vn 0.9683 -0.1866 0.1660
vn 0.9755 -0.1441 0.1663
vn 0.9755 -0.1443 0.1663
vn 0.9755 -0.1441 0.1664
vn 0.9754 -0.1445 0.1663
vn 0.9754 -0.1445 0.1664
vn 0.9755 -0.1443 0.1664
vn 0.8343 -0.1888 -0.5179
vn 0.8343 -0.1889 -0.5179
vn 0.8402 -0.1432 -0.5231
vn 0.8401 -0.1435 -0.5231
vn 0.8401 -0.1438 -0.5231
vn 0.8401 -0.1438 -0.5230
vn 0.8402 -0.1435 -0.5230
vn 0.8404 -0.1459 0.5220
vn 0.8403 -0.1460 0.5220
vn 0.8403 -0.1459 0.5220
vn 0.8403 -0.1460 0.5221
vn 0.8403 -0.1459 0.5221
vn 0.8343 -0.1893 0.5178
vn 0.1660 -0.1857 0.9685
vn 0.1668 -0.1396 0.9761
vn 0.1668 -0.1394 0.9761
vn 0.1668 -0.1395 0.9761
vn 0.1668 -0.1393 0.9761
vn -0.1660 -0.1857 0.9685
vn -0.1660 -0.1856 0.9685
vn -0.1668 -0.1393 0.9761
vn -0.1668 -0.1394 0.9761
vn -0.1668 -0.1395 0.9761
vn 0.5178 -0.1889 0.8344
vn 0.5178 -0.1888 0.8344
vn 0.5209 -0.1438 0.8414
vn 0.5209 -0.1435 0.8415
vn 0.5209 -0.1433 0.8415
vn 0.5210 -0.1433 0.8415
vn 0.5209 -0.1435 0.8414
vn -0.5209 -0.1438 0.8414
vn -0.5209 -0.1435 0.8414
vn -0.5209 -0.1435 0.8415
vn -0.5210 -0.1433 0.8415
vn -0.5209 -0.1433 0.8415
vn -0.5178 -0.1889 0.8344
vn -0.5178 -0.1888 0.8344
vn -0.3281 0.3491 0.8778
vn -0.4969 0.3480 0.7950
vn -0.3271 0.3411 0.8813
vn -0.4959 0.3369 0.8004
vn -0.6641 0.3396 0.6661
vn -0.6616 0.3504 0.6630
vn -0.6240 0.4702 0.6242
vn -0.6287 0.4570 0.6292
vn -0.7566 0.4537 0.4709
vn -0.7520 0.4634 0.4688
vn -0.8350 0.4560 0.3080
vn -0.8278 0.4653 0.3136
vn -0.7934 0.3496 0.4982
vn -0.7991 0.3384 0.4970
vn -0.8800 0.3436 0.3280
vn -0.8765 0.3519 0.3285
vn -0.3137 0.4643 0.8283
vn -0.3078 0.4551 0.8356
vn -0.4706 0.4531 0.7571
vn -0.4685 0.4628 0.7526
vn -0.7048 -0.0503 -0.7076
vn -0.7036 -0.0826 -0.7058
vn -0.5302 -0.0833 -0.8438
vn -0.5293 -0.0528 -0.8468
vn -0.3508 -0.0854 -0.9325
vn -0.3544 -0.0578 -0.9333
vn -0.9228 -0.1627 -0.3493
vn -0.9173 -0.1966 -0.3463
vn -0.8286 -0.1992 -0.5231
vn -0.8331 -0.1635 -0.5285
vn -0.9093 -0.2266 -0.3491
vn -0.8238 -0.2308 -0.5177
vn -0.6864 -0.2378 -0.6872
vn -0.6918 -0.2033 -0.6928
vn -0.6972 -0.1638 -0.6979
vn -0.9319 -0.0615 -0.3574
vn -0.9312 -0.0893 -0.3535
vn -0.8418 -0.0854 -0.5330
vn -0.8451 -0.0547 -0.5318
vn -0.5222 -0.1983 -0.8294
vn -0.5278 -0.1627 -0.8336
vn -0.5166 -0.2299 -0.8248
vn -0.3482 -0.2248 -0.9101
vn -0.3452 -0.1948 -0.9181
vn -0.3486 -0.1613 -0.9233
vn -0.7042 -0.0876 -0.7046
vn -0.7016 -0.1230 -0.7019
vn -0.5287 -0.1242 -0.8397
vn -0.5286 -0.0905 -0.8441
vn -0.3497 -0.1269 -0.9283
vn -0.3538 -0.0965 -0.9303
vn -0.9038 -0.2601 -0.3399
vn -0.8160 -0.2642 -0.5142
vn -0.8915 -0.2973 -0.3419
vn -0.8073 -0.3034 -0.5062
vn -0.6716 -0.3130 -0.6716
vn -0.6808 -0.2701 -0.6809
vn -0.9301 -0.0974 -0.3541
vn -0.9280 -0.1279 -0.3500
vn -0.8393 -0.1248 -0.5291
vn -0.8439 -0.0910 -0.5288
vn -0.5142 -0.2641 -0.8160
vn -0.5062 -0.3034 -0.8073
vn -0.3419 -0.2971 -0.8915
vn -0.3399 -0.2600 -0.9038
vn 0.7048 -0.0503 -0.7076
vn 0.7036 -0.0826 -0.7058
vn 0.8418 -0.0854 -0.5330
vn 0.8451 -0.0547 -0.5318
vn 0.9312 -0.0893 -0.3535
vn 0.9319 -0.0615 -0.3574
vn 0.3486 -0.1613 -0.9233
vn 0.3452 -0.1948 -0.9181
vn 0.5222 -0.1983 -0.8294
vn 0.5278 -0.1627 -0.8336
vn 0.3482 -0.2248 -0.9101
vn 0.5166 -0.2299 -0.8248
vn 0.6864 -0.2378 -0.6872
vn 0.6918 -0.2033 -0.6928
vn 0.6972 -0.1638 -0.6979
vn 0.3544 -0.0578 -0.9333
vn 0.3508 -0.0854 -0.9325
vn 0.5302 -0.0833 -0.8438
vn 0.5293 -0.0528 -0.8468
vn 0.8286 -0.1992 -0.5231
vn 0.8331 -0.1635 -0.5285
vn 0.8238 -0.2308 -0.5177
vn 0.9093 -0.2266 -0.3491
vn 0.9173 -0.1966 -0.3463
vn 0.9228 -0.1627 -0.3493
vn 0.7042 -0.0876 -0.7046
vn 0.7016 -0.1230 -0.7019
vn 0.8393 -0.1248 -0.5291
vn 0.8439 -0.0910 -0.5288
vn 0.9280 -0.1279 -0.3500
vn 0.9301 -0.0974 -0.3541
vn 0.3399 -0.2600 -0.9038
vn 0.5142 -0.2641 -0.8160
vn 0.3419 -0.2971 -0.8915
vn 0.5062 -0.3034 -0.8073
vn 0.6716 -0.3130 -0.6716
vn 0.6808 -0.2701 -0.6809
vn 0.3538 -0.0965 -0.9303
vn 0.3497 -0.1269 -0.9283
vn 0.5287 -0.1242 -0.8397
vn 0.5286 -0.0905 -0.8441
vn 0.8160 -0.2642 -0.5142
vn 0.8073 -0.3034 -0.5062
vn 0.8915 -0.2973 -0.3419
vn 0.9038 -0.2601 -0.3399
vn 0.7042 -0.0529 0.7080
vn 0.7035 -0.0854 0.7055
vn 0.5292 -0.0853 0.8442
vn 0.5284 -0.0546 0.8472
vn 0.3499 -0.0865 0.9328
vn 0.3530 -0.0588 0.9338
vn 0.9229 -0.1637 0.3486
vn 0.9174 -0.1979 0.3452
vn 0.8287 -0.2008 0.5224
vn 0.8331 -0.1647 0.5281
vn 0.9095 -0.2281 0.3476
vn 0.8239 -0.2326 0.5168
vn 0.6865 -0.2395 0.6865
vn 0.6916 -0.2047 0.6927
vn 0.6971 -0.1649 0.6978
vn 0.9325 -0.0639 0.3554
vn 0.9320 -0.0920 0.3507
vn 0.8423 -0.0886 0.5317
vn 0.8456 -0.0576 0.5308
vn 0.5218 -0.1993 0.8294
vn 0.5275 -0.1635 0.8337
vn 0.5162 -0.2310 0.8247
vn 0.3480 -0.2255 0.9100
vn 0.3444 -0.1957 0.9182
vn 0.3471 -0.1624 0.9237
vn 0.7040 -0.0883 0.7047
vn 0.7015 -0.1238 0.7018
vn 0.5285 -0.1248 0.8397
vn 0.5284 -0.0910 0.8441
vn 0.3479 -0.1268 0.9289
vn 0.3522 -0.0954 0.9310
vn 0.9038 -0.2602 0.3398
vn 0.8160 -0.2643 0.5142
vn 0.8915 -0.2974 0.3418
vn 0.8072 -0.3036 0.5062
vn 0.6716 -0.3131 0.6715
vn 0.6808 -0.2702 0.6808
vn 0.9301 -0.0980 0.3540
vn 0.9280 -0.1286 0.3496
vn 0.8393 -0.1257 0.5289
vn 0.8438 -0.0917 0.5287
vn 0.5142 -0.2642 0.8160
vn 0.5062 -0.3034 0.8073
vn 0.3419 -0.2972 0.8915
vn 0.3398 -0.2600 0.9038
vn -0.6241 0.4696 -0.6245
vn -0.6289 0.4565 -0.6294
vn -0.4708 0.4528 -0.7572
vn -0.4687 0.4624 -0.7526
vn -0.3080 0.4549 -0.8356
vn -0.3138 0.4641 -0.8283
vn -0.8763 0.3505 -0.3304
vn -0.7935 0.3480 -0.4993
vn -0.8799 0.3425 -0.3294
vn -0.7991 0.3370 -0.4978
vn -0.6646 0.3382 -0.6662
vn -0.6619 0.3489 -0.6634
vn -0.8278 0.4648 -0.3143
vn -0.8350 0.4555 -0.3086
vn -0.7567 0.4531 -0.4713
vn -0.7521 0.4628 -0.4693
vn -0.4976 0.3470 -0.7950
vn -0.4965 0.3360 -0.8004
vn -0.3279 0.3407 -0.8812
vn -0.3288 0.3486 -0.8777
vn 0.6241 0.4696 -0.6245
vn 0.6289 0.4565 -0.6294
vn 0.7567 0.4531 -0.4713
vn 0.7521 0.4628 -0.4693
vn 0.8350 0.4555 -0.3085
vn 0.8278 0.4648 -0.3143
vn 0.3288 0.3486 -0.8777
vn 0.4976 0.3470 -0.7950
vn 0.3279 0.3407 -0.8812
vn 0.4965 0.3360 -0.8004
vn 0.6646 0.3382 -0.6662
vn 0.6619 0.3489 -0.6634
vn 0.3138 0.4641 -0.8283
vn 0.3080 0.4549 -0.8356
vn 0.4708 0.4528 -0.7572
vn 0.4687 0.4624 -0.7526
vn 0.7935 0.3480 -0.4993
vn 0.7991 0.3370 -0.4978
vn 0.8799 0.3425 -0.3294
vn 0.8763 0.3505 -0.3304
vn 0.6240 0.4702 0.6242
vn 0.6287 0.4570 0.6292
vn 0.4706 0.4531 0.7571
vn 0.4685 0.4628 0.7526
vn 0.3078 0.4551 0.8356
vn 0.3137 0.4643 0.8283
vn 0.8765 0.3519 0.3285
vn 0.7934 0.3496 0.4982
vn 0.8800 0.3436 0.3280
vn 0.7991 0.3384 0.4970
vn 0.6641 0.3396 0.6661
vn 0.6616 0.3504 0.6630
vn 0.8278 0.4653 0.3136
vn 0.8350 0.4560 0.3080
vn 0.7566 0.4537 0.4709
vn 0.7520 0.4634 0.4688
vn 0.4969 0.3480 0.7950
vn 0.4959 0.3369 0.8004
vn 0.3271 0.3411 0.8813
vn 0.3281 0.3491 0.8778
vn -0.3398 -0.2600 0.9038
vn -0.5142 -0.2642 0.8160
vn -0.3419 -0.2972 0.8915
vn -0.5062 -0.3034 0.8073
vn -0.6716 -0.3131 0.6715
vn -0.6808 -0.2702 0.6808
vn -0.7246 -0.0617 0.6865
vn -0.6683 -0.1192 0.7342
vn -0.8309 -0.1201 0.5433
vn -0.8385 -0.0743 0.5399
vn -0.6873 -0.1767 0.7046
vn -0.8267 -0.1713 0.5360
vn -0.9220 -0.1647 0.3503
vn -0.9272 -0.1281 0.3521
vn -0.9295 -0.0958 0.3562
vn -0.8160 -0.2643 0.5142
vn -0.8072 -0.3036 0.5062
vn -0.8915 -0.2974 0.3418
vn -0.9038 -0.2602 0.3398
vn 0.5374 -0.4512 -0.7124
vn -0.4153 -0.4181 0.8079
vn -0.0117 -0.2123 0.9771
vn 0.7407 -0.3237 -0.5887
vn -0.3475 -0.1373 0.9276
vn -0.5364 -0.1624 0.8282
vn -0.5523 -0.0785 0.8300
vn -0.3611 -0.1272 0.9238
vn -0.4070 0.2766 0.8705
vn 0.3040 0.5539 -0.7751
vn 0.6022 0.5042 -0.6190
vn 0.6319 0.5450 -0.5510
vn 0.5846 0.5305 -0.6138
vn 0.5050 0.5018 -0.7023
vn 0.5302 0.5032 -0.6825
vn 0.5670 0.5042 -0.6514
vn 0.6091 0.4975 -0.6176
vn 0.6598 0.4869 -0.5723
vn 0.7105 0.4624 -0.5305
vn 0.7595 0.4345 -0.4841
vn 0.8109 0.3850 -0.4407
vn 0.8518 0.3389 -0.3995
vn 0.8912 0.2656 -0.3676
vn 0.9182 0.2041 -0.3394
vn 0.9353 0.1220 -0.3322
vn 0.9447 0.0499 -0.3242
vn 0.9391 -0.0209 -0.3431
vn 0.9276 -0.0961 -0.3611
vn 0.9052 -0.1486 -0.3981
vn 0.8730 -0.2107 -0.4400
vn 0.8373 -0.2455 -0.4886
vn 0.7932 -0.2824 -0.5395
vn 0.7457 -0.2996 -0.5951
vn 0.7028 -0.3127 -0.6390
vn 0.6610 -0.3145 -0.6813
vn 0.6345 -0.3151 -0.7058
vn 0.7244 -0.3513 -0.5932
vn 0.7665 -0.3677 -0.5265
vn -0.3455 -0.1867 0.9197
vn -0.5294 -0.1982 0.8249
vn -0.3484 -0.2240 0.9102
vn -0.5174 -0.2307 0.8240
vn -0.6872 -0.2404 0.6856
vn -0.6912 -0.2097 0.6916
vn -0.7042 -0.0529 0.7080
vn -0.7035 -0.0854 0.7055
vn -0.8423 -0.0886 0.5317
vn -0.8456 -0.0576 0.5308
vn -0.9320 -0.0920 0.3507
vn -0.9325 -0.0639 0.3554
vn -0.8268 -0.2041 0.5241
vn -0.8234 -0.2334 0.5172
vn -0.9094 -0.2282 0.3477
vn -0.9171 -0.1984 0.3457
vn -0.3530 -0.0588 0.9338
vn -0.3499 -0.0865 0.9328
vn -0.5292 -0.0853 0.8442
vn -0.5284 -0.0546 0.8472
vn -0.8782 0.4541 0.1504
vn -0.8751 0.4600 0.1504
vn -0.8902 0.4556 -0.0004
vn -0.8867 0.4623 -0.0005
vn -0.9230 0.3505 0.1591
vn -0.9264 0.3422 0.1573
vn -0.9385 0.3454 -0.0010
vn -0.9361 0.3518 -0.0013
vn -0.8782 0.4538 -0.1512
vn -0.8751 0.4598 -0.1513
vn -0.9228 0.3497 -0.1615
vn -0.9263 0.3415 -0.1592
vn -0.1507 0.4530 -0.8787
vn -0.1507 0.4589 -0.8756
vn -0.0000 0.4546 -0.8907
vn -0.0000 0.4612 -0.8873
vn -0.1600 0.3470 -0.9241
vn -0.1580 0.3391 -0.9274
vn -0.0000 0.3425 -0.9395
vn -0.0000 0.3486 -0.9373
vn 0.1507 0.4530 -0.8787
vn 0.1507 0.4589 -0.8756
vn 0.1600 0.3470 -0.9241
vn 0.1580 0.3391 -0.9274
vn 0.8782 0.4538 -0.1512
vn 0.8751 0.4598 -0.1513
vn 0.8902 0.4556 -0.0004
vn 0.8867 0.4623 -0.0005
vn 0.9228 0.3497 -0.1615
vn 0.9263 0.3415 -0.1592
vn 0.9385 0.3454 -0.0010
vn 0.9361 0.3518 -0.0013
vn 0.8782 0.4541 0.1504
vn 0.8751 0.4600 0.1504
vn 0.9230 0.3505 0.1591
vn 0.9264 0.3422 0.1573
vn 0.1505 0.4531 0.8787
vn 0.1506 0.4589 0.8756
vn -0.0000 0.4547 0.8907
vn -0.0000 0.4612 0.8873
vn 0.1595 0.3472 0.9241
vn 0.1576 0.3392 0.9274
vn -0.0000 0.3425 0.9395
vn -0.0000 0.3486 0.9373
vn -0.1505 0.4531 0.8787
vn -0.1506 0.4589 0.8756
vn -0.1595 0.3472 0.9241
vn -0.1576 0.3392 0.9274
vn -0.9767 -0.1295 0.1709
vn -0.9803 -0.1004 0.1702
vn -0.9717 -0.1625 0.1714
vn -0.9868 -0.1619 -0.0005
vn -0.9914 -0.1309 -0.0003
vn -0.9946 -0.1035 -0.0002
vn -0.9526 -0.2542 0.1671
vn -0.9435 -0.2879 0.1643
vn -0.9581 -0.2866 -0.0000
vn -0.9674 -0.2533 -0.0000
vn -0.9665 -0.1933 0.1689
vn -0.9610 -0.2207 0.1666
vn -0.9756 -0.2194 -0.0009
vn -0.9813 -0.1923 -0.0008
vn -0.9809 -0.0932 0.1705
vn -0.9832 -0.0668 0.1698
vn -0.9956 -0.0940 -0.0021
vn -0.9976 -0.0690 -0.0017
vn -0.9767 -0.1291 -0.1714
vn -0.9803 -0.1001 -0.1705
vn -0.9716 -0.1619 -0.1723
vn -0.9526 -0.2541 -0.1671
vn -0.9435 -0.2878 -0.1644
vn -0.9664 -0.1925 -0.1704
vn -0.9609 -0.2199 -0.1685
vn -0.9804 -0.0917 -0.1743
vn -0.9828 -0.0654 -0.1729
vn -0.1711 -0.1276 -0.9770
vn -0.1703 -0.0988 -0.9804
vn -0.1717 -0.1600 -0.9721
vn -0.0000 -0.1596 -0.9872
vn -0.0000 -0.1292 -0.9916
vn -0.0000 -0.1020 -0.9948
vn -0.1671 -0.2540 -0.9527
vn -0.1643 -0.2877 -0.9435
vn -0.0000 -0.2864 -0.9581
vn -0.0000 -0.2531 -0.9674
vn -0.1695 -0.1901 -0.9670
vn -0.1674 -0.2173 -0.9617
vn -0.0000 -0.2163 -0.9763
vn -0.0000 -0.1894 -0.9819
vn -0.1717 -0.0863 -0.9814
vn -0.1706 -0.0603 -0.9835
vn -0.0000 -0.0875 -0.9962
vn -0.0000 -0.0629 -0.9980
vn 0.1711 -0.1276 -0.9770
vn 0.1703 -0.0988 -0.9804
vn 0.1717 -0.1600 -0.9721
vn 0.1671 -0.2540 -0.9527
vn 0.1643 -0.2877 -0.9435
vn 0.1695 -0.1901 -0.9670
vn 0.1674 -0.2173 -0.9617
vn 0.1717 -0.0863 -0.9814
vn 0.1706 -0.0603 -0.9835
vn 0.9767 -0.1291 -0.1714
vn 0.9803 -0.1001 -0.1705
vn 0.9716 -0.1619 -0.1723
vn 0.9868 -0.1619 -0.0005
vn 0.9914 -0.1309 -0.0003
vn 0.9946 -0.1035 -0.0002
vn 0.9526 -0.2541 -0.1671
vn 0.9435 -0.2878 -0.1644
vn 0.9581 -0.2866 -0.0000
vn 0.9674 -0.2533 -0.0000
vn 0.9664 -0.1925 -0.1704
vn 0.9609 -0.2199 -0.1685
vn 0.9756 -0.2194 -0.0009
vn 0.9813 -0.1923 -0.0008
vn 0.9804 -0.0917 -0.1743
vn 0.9828 -0.0654 -0.1729
vn 0.9956 -0.0940 -0.0021
vn 0.9976 -0.0690 -0.0017
vn 0.9767 -0.1295 0.1709
vn 0.9803 -0.1004 0.1702
vn 0.9717 -0.1625 0.1714
vn 0.9526 -0.2542 0.1671
vn 0.9435 -0.2879 0.1643
vn 0.9665 -0.1933 0.1689
vn 0.9610 -0.2207 0.1666
vn 0.9809 -0.0932 0.1705
vn 0.9832 -0.0668 0.1698
vn 0.1608 -0.1244 0.9791
vn 0.1632 -0.0879 0.9827
vn 0.1652 -0.1643 0.9725
vn -0.0072 -0.1676 0.9858
vn -0.0298 -0.1274 0.9914
vn 0.0174 -0.0857 0.9962
vn 0.1671 -0.2540 0.9527
vn 0.1643 -0.2877 0.9435
vn -0.0000 -0.2864 0.9581
vn -0.0000 -0.2531 0.9674
vn 0.1677 -0.1923 0.9669
vn 0.1667 -0.2180 0.9616
vn 0.0008 -0.2169 0.9762
vn 0.0007 -0.1923 0.9813
vn 0.1709 -0.0866 0.9815
vn 0.1700 -0.0605 0.9836
vn -0.0000 -0.0876 0.9962
vn -0.0000 -0.0630 0.9980
vn -0.5212 -0.1869 0.8327
vn -0.1978 0.6020 -0.7736
vn -0.1479 -0.0962 0.9843
vn -0.1587 -0.1580 0.9746
vn -0.3092 -0.6470 -0.6970
vn -0.2442 -0.6045 -0.7583
vn -0.0924 -0.5259 -0.8455
vn 0.0820 -0.4146 -0.9063
vn 0.0495 -0.4295 -0.9017
vn -0.0004 -0.4512 -0.8924
vn -0.0568 -0.4671 -0.8824
vn -0.1399 -0.4876 -0.8618
vn -0.2103 -0.4916 -0.8450
vn -0.2976 -0.4929 -0.8176
vn -0.3797 -0.4765 -0.7930
vn -0.4595 -0.4562 -0.7621
vn -0.5422 -0.4118 -0.7324
vn -0.6061 -0.3725 -0.7028
vn -0.6730 -0.3009 -0.6757
vn -0.7177 -0.2463 -0.6513
vn -0.7560 -0.1584 -0.6351
vn -0.7805 -0.0900 -0.6186
vn -0.7871 -0.0035 -0.6169
vn -0.7878 0.0797 -0.6108
vn -0.7690 0.1543 -0.6204
vn -0.7395 0.2447 -0.6271
vn -0.7006 0.3072 -0.6441
vn -0.6430 0.3871 -0.6608
vn -0.5874 0.4360 -0.6818
vn -0.5129 0.4936 -0.7023
vn -0.4459 0.5262 -0.7240
vn -0.3682 0.5588 -0.7431
vn -0.2966 0.5743 -0.7630
vn -0.2257 0.5862 -0.7781
vn -0.1563 0.5862 -0.7949
vn -0.0966 0.5839 -0.8060
vn -0.0491 0.5758 -0.8161
vn -0.0120 0.5686 -0.8225
vn -0.1333 0.6076 -0.7830
vn -0.2338 0.6320 -0.7389
vn -0.1671 -0.2540 0.9527
vn -0.1643 -0.2877 0.9435
vn -0.1619 -0.1876 0.9688
vn -0.1660 -0.2167 0.9620
vn -0.1709 -0.0866 0.9815
vn -0.1700 -0.0605 0.9836
vn -1.0000 -0.0000 -0.0000
vn -0.0222 0.9997 0.0023
vn -0.0219 0.9998 0.0046
vn -0.0228 0.9997 0.0048
vn -0.0231 0.9997 0.0024
vn -0.0215 0.9997 0.0069
vn -0.0223 0.9997 0.0071
vn -0.0234 0.9997 0.0074
vn -0.0238 0.9997 0.0049
vn -0.0242 0.9997 0.0025
vn 0.7071 -0.0006 -0.7072
vn -0.7068 -0.0011 0.7075
vn -0.7068 -0.0011 0.7074
vn -0.0219 -0.9998 -0.0023
vn -0.0215 -0.9998 -0.0046
vn -0.0225 -0.9997 -0.0047
vn -0.0228 -0.9997 -0.0023
vn -0.0212 -0.9998 -0.0068
vn -0.0220 -0.9997 -0.0070
vn -0.0230 -0.9997 -0.0073
vn -0.0234 -0.9997 -0.0048
vn -0.0238 -0.9997 -0.0024
vn -0.9178 0.0132 -0.3969
vn -0.9179 0.0131 -0.3967
vn -0.9178 0.0126 -0.3968
vn -0.9178 0.0124 -0.3969
vn -0.9179 0.0130 -0.3966
vn -0.9179 0.0128 -0.3966
vn -0.9179 0.0120 -0.3966
vn -0.9178 0.0121 -0.3969
vn 0.0001 -1.0000 -0.0001
vn 0.0215 0.9997 0.0068
vn 0.0219 0.9998 0.0046
vn 0.0228 0.9997 0.0048
vn 0.0223 0.9997 0.0071
vn 0.0222 0.9997 0.0023
vn 0.0231 0.9997 0.0024
vn 0.0242 0.9997 0.0025
vn 0.0238 0.9997 0.0049
vn 0.0234 0.9997 0.0074
vn -0.9197 0.0005 0.3926
vn -0.7071 -0.0002 0.7071
vn 0.0180 -0.9997 -0.0149
vn 0.0191 -0.9997 -0.0131
vn 0.0199 -0.9997 -0.0136
vn 0.0186 -0.9997 -0.0155
vn 0.0202 -0.9997 -0.0111
vn 0.0210 -0.9997 -0.0116
vn 0.0220 -0.9997 -0.0121
vn 0.0208 -0.9997 -0.0141
vn 0.0195 -0.9997 -0.0162
vn -0.0207 0.9997 0.0114
vn -0.0195 0.9997 0.0134
vn -0.0204 0.9997 0.0139
vn -0.0215 0.9997 0.0118
vn -0.0184 0.9997 0.0153
vn -0.0190 0.9997 0.0158
vn -0.0200 0.9997 0.0166
vn -0.0213 0.9997 0.0144
vn -0.0225 0.9997 0.0124
vn -0.7069 -0.0006 -0.7073
vn -0.7069 -0.0005 -0.7073
vn 0.9197 0.0001 -0.3926
vn 0.0184 0.9997 0.0153
vn 0.0195 0.9997 0.0134
vn 0.0204 0.9997 0.0139
vn 0.0190 0.9997 0.0158
vn 0.0207 0.9997 0.0114
vn 0.0215 0.9997 0.0118
vn 0.0225 0.9997 0.0124
vn 0.0213 0.9997 0.0144
vn 0.0200 0.9997 0.0166
vn -0.9193 0.0027 0.3936
vn -0.9193 0.0025 0.3936
vn -0.9193 0.0026 0.3936
vn -0.9193 0.0024 0.3936
vn -0.0202 -0.9997 -0.0112
vn -0.0191 -0.9997 -0.0131
vn -0.0199 -0.9997 -0.0136
vn -0.0211 -0.9997 -0.0116
vn -0.0180 -0.9997 -0.0149
vn -0.0186 -0.9997 -0.0155
vn -0.0195 -0.9997 -0.0162
vn -0.0208 -0.9997 -0.0141
vn -0.0220 -0.9997 -0.0121
vn 0.3962 0.0139 0.9181
vn 0.3963 0.0139 0.9180
vn 0.3964 0.0134 0.9180
vn 0.3962 0.0136 0.9181
vn 0.3965 0.0140 0.9179
vn 0.3965 0.0132 0.9179
vn 0.3965 0.0129 0.9179
vn 0.3964 0.0129 0.9180
vn 0.3962 0.0128 0.9181
vn 0.0067 -0.9998 0.0212
vn 0.0046 -0.9998 0.0215
vn 0.0047 -0.9997 0.0225
vn 0.0070 -0.9997 0.0219
vn 0.0022 -0.9998 0.0219
vn 0.0023 -0.9997 0.0227
vn 0.0025 -0.9997 0.0238
vn 0.0048 -0.9997 0.0234
vn 0.0073 -0.9997 0.0230
vn 0.9196 0.0006 -0.3928
vn -0.0023 0.9997 -0.0223
vn -0.0046 0.9997 -0.0220
vn -0.0048 0.9997 -0.0229
vn -0.0024 0.9997 -0.0232
vn -0.0069 0.9997 -0.0216
vn -0.0071 0.9997 -0.0224
vn -0.0075 0.9997 -0.0235
vn -0.0049 0.9997 -0.0239
vn -0.0025 0.9997 -0.0243
vn 0.9197 0.0005 0.3926
vn 0.0023 -0.9998 -0.0219
vn 0.0046 -0.9998 -0.0216
vn 0.0047 -0.9997 -0.0225
vn 0.0023 -0.9997 -0.0228
vn 0.0068 -0.9998 -0.0212
vn 0.0070 -0.9997 -0.0220
vn 0.0073 -0.9997 -0.0231
vn 0.0048 -0.9997 -0.0235
vn 0.0024 -0.9997 -0.0238
vn 0.3963 0.0145 -0.9180
vn 0.3961 0.0143 -0.9181
vn 0.3962 0.0138 -0.9181
vn 0.3963 0.0135 -0.9180
vn 0.3960 0.0143 -0.9181
vn 0.3960 0.0140 -0.9181
vn 0.3960 0.0132 -0.9182
vn 0.3963 0.0133 -0.9180
vn -0.8443 -0.0013 0.5358
vn -0.3235 -0.7140 -0.6209
vn -0.7069 -0.0011 0.7073
vn -0.7264 0.1307 -0.6747
vn 0.8458 0.0810 -0.5274
vn 0.8446 -0.0009 -0.5354
vn -0.0891 0.7625 -0.6408
vn 0.7073 -0.0011 -0.7069
vn -0.6745 0.1308 -0.7266
vn 0.7071 -0.0011 0.7071
vn 0.5357 -0.0010 0.8444
vn 0.5363 -0.0270 0.8436
vn 0.7068 -0.0276 0.7068
vn -0.8444 0.0001 0.5358
vn -0.8419 0.0054 0.5396
vn -0.7035 -0.0003 0.7107
vn 0.8446 -0.0001 -0.5355
vn 0.8470 -0.0058 -0.5316
vn 0.7108 -0.0003 -0.7034
vn 0.8385 -0.1140 -0.5329
vn 0.5357 -0.0002 0.8444
vn 0.2967 0.7953 0.5287
vn 0.7071 -0.0002 0.7071
vn 0.4369 0.7860 0.4374
vn -0.6917 0.2077 -0.6917
vn -0.5227 0.2050 -0.8275
vn -0.5356 -0.0007 -0.8445
vn -0.2656 -0.8992 -0.3477
vn -0.7071 -0.0007 -0.7071
vn -0.3098 -0.8989 -0.3100
vn 0.7071 -0.0007 0.7071
vn 0.5357 -0.0007 0.8444
vn 0.5363 -0.0248 0.8436
vn 0.7069 -0.0254 0.7069
vn -0.7071 0.0007 -0.7071
vn -0.5356 0.0007 -0.8445
vn -0.5344 0.0273 -0.8448
vn -0.7068 0.0280 -0.7068
vn -0.8445 0.0007 -0.5356
vn -0.8448 0.0250 -0.5345
vn -0.9358 0.0233 -0.3519
vn -0.7069 0.0256 -0.7069
vn 0.8444 -0.0007 0.5357
vn 0.8437 -0.0248 0.5363
vn -0.5355 -0.0001 0.8446
vn -0.5316 -0.0058 0.8469
vn -0.5356 -0.0020 -0.8445
vn -0.2134 -0.9418 -0.2597
vn -0.7071 -0.0021 -0.7071
vn -0.2358 -0.9426 -0.2364
vn 0.5371 0.0111 0.8434
vn -0.8445 -0.0020 -0.5356
vn -0.2592 -0.9418 -0.2140
vn -0.9354 -0.0020 -0.3536
vn -0.2701 -0.9451 -0.1840
vn 0.8444 -0.0002 0.5357
vn 0.5285 0.7953 0.2971
vn 0.9353 -0.0003 0.3538
vn 0.5626 0.8135 0.1473
vn -0.9181 0.1977 -0.3436
vn -0.8275 0.2050 -0.5227
vn -0.5354 -0.0009 0.8446
vn -0.6395 0.7637 -0.0877
vn -0.3535 -0.0007 0.9354
vn -0.4325 0.8676 0.2455
vn -0.5346 0.0250 -0.8448
vn -0.5352 -0.0477 -0.8434
vn -0.5354 -0.0004 0.8446
vn -0.5313 -0.0064 0.8471
vn -0.5338 -0.1062 0.8389
vn 0.5358 0.0001 -0.8444
vn 0.5396 0.0054 -0.8419
vn -0.8448 0.0273 -0.5345
vn 0.8444 -0.0010 0.5357
vn 0.8436 -0.0270 0.5364
vn -0.5355 0.0002 0.8446
vn -0.6377 0.7688 -0.0468
vn 0.5358 -0.0013 -0.8443
vn -0.6220 -0.7127 -0.3244
vn 0.3539 -0.0015 -0.9353
vn -0.3424 -0.9228 -0.1764
vn -0.8445 -0.0007 -0.5356
vn -0.3476 -0.8992 -0.2658
vn 0.8432 -0.0085 0.5375
vn 0.8444 0.0007 0.5357
vn 0.5777 0.7457 0.3319
vn -0.8264 0.2130 -0.5213
vn -0.1742 -0.0006 0.9847
vn -0.2670 0.8726 0.4089
vn 0.1790 0.1612 -0.9706
vn 0.5358 -0.0000 -0.8443
vn 0.5399 0.0058 -0.8417
vn 0.5338 -0.0822 -0.8416
vn 0.5358 -0.0002 -0.8444
vn -0.6137 -0.7118 -0.3416
vn -0.5254 0.0687 0.8481
vn -0.9847 -0.0019 -0.1742
vn -0.2623 -0.9520 -0.1576
vn 0.9838 0.0236 0.1776
vn 0.9847 -0.0004 0.1745
vn 0.5488 0.8359 0.0059
vn -0.9680 0.1875 -0.1669
vn 0.1745 -0.0016 -0.9847
vn -0.2004 -0.9611 -0.1899
vn -0.9847 0.0006 -0.1742
vn -0.9849 0.0209 -0.1720
vn -0.9832 -0.0554 -0.1739
vn -0.5356 -0.0012 0.8444
vn -0.3537 -0.0011 0.9354
vn -0.7071 -0.0012 0.7071
vn -0.8445 -0.0013 0.5356
vn -0.9354 -0.0013 0.3537
vn -0.5356 -0.0000 0.8444
vn -0.3537 -0.0001 0.9354
vn -0.7071 -0.0000 0.7071
vn -0.5356 -0.0000 0.8445
vn -0.3537 -0.0000 0.9354
vn -0.8445 -0.0000 0.5356
vn -0.9354 0.0001 0.3537
vn -0.9354 -0.0000 0.3537
vn -0.3537 0.0001 0.9354
vn -0.9354 -0.0001 0.3537
vn -0.5357 -0.0073 0.8444
vn -0.3537 -0.0072 0.9353
vn -0.7071 -0.0073 0.7071
vn -0.8444 -0.0072 0.5356
vn -0.9353 -0.0071 0.3537
vn 0.5356 -0.0013 -0.8445
vn 0.3537 -0.0013 -0.9354
vn 0.7071 -0.0012 -0.7071
vn 0.8444 -0.0012 -0.5356
vn 0.9354 -0.0011 -0.3537
vn 0.5356 -0.0000 -0.8445
vn 0.3537 0.0001 -0.9354
vn 0.7071 -0.0000 -0.7071
vn 0.3537 -0.0000 -0.9354
vn 0.8444 -0.0000 -0.5356
vn 0.9354 -0.0001 -0.3537
vn 0.9354 -0.0000 -0.3537
vn 0.8445 -0.0000 -0.5356
vn 0.3537 -0.0001 -0.9354
vn 0.9354 0.0001 -0.3537
vn 0.5356 -0.0072 -0.8444
vn 0.3537 -0.0071 -0.9353
vn 0.7071 -0.0073 -0.7071
vn 0.8444 -0.0073 -0.5357
vn 0.9353 -0.0072 -0.3537
vn 0.5356 -0.0074 0.8444
vn 0.7071 -0.0074 0.7071
vn 0.3537 -0.0073 0.9353
vn 0.8444 -0.0074 0.5356
vn 0.9353 -0.0073 0.3537
vn 0.7071 -0.0000 0.7071
vn 0.5356 -0.0000 0.8445
vn 0.5356 0.0001 0.8445
vn 0.7071 0.0001 0.7071
vn 0.3537 -0.0000 0.9354
vn 0.3537 0.0001 0.9354
vn 0.9354 -0.0000 0.3537
vn 0.8445 -0.0000 0.5356
vn 0.8445 0.0001 0.5356
vn 0.9354 0.0001 0.3537
vn 0.5356 -0.0001 0.8445
vn 0.7071 -0.0001 0.7071
vn 0.3537 -0.0001 0.9354
vn 0.8445 -0.0001 0.5356
vn 0.9354 -0.0001 0.3537
vn 0.5356 -0.0010 0.8445
vn 0.7071 -0.0010 0.7071
vn 0.3537 -0.0010 0.9354
vn 0.8445 -0.0010 0.5356
vn 0.9354 -0.0010 0.3537
vn -0.5356 -0.0070 -0.8444
vn -0.7071 -0.0071 -0.7071
vn -0.3537 -0.0070 -0.9353
vn -0.8444 -0.0070 -0.5356
vn -0.9353 -0.0070 -0.3537
vn -0.7071 -0.0000 -0.7071
vn -0.5356 -0.0000 -0.8445
vn -0.5356 -0.0001 -0.8445
vn -0.7071 -0.0001 -0.7071
vn -0.3537 -0.0000 -0.9354
vn -0.3537 -0.0001 -0.9354
vn -0.9354 -0.0000 -0.3537
vn -0.8445 -0.0000 -0.5356
vn -0.8445 -0.0001 -0.5356
vn -0.9354 -0.0001 -0.3537
vn -0.5356 0.0001 -0.8445
vn -0.7071 0.0001 -0.7071
vn -0.3537 0.0001 -0.9354
vn -0.8445 0.0001 -0.5356
vn -0.9354 0.0001 -0.3537
vn -0.5356 -0.0014 -0.8445
vn -0.7071 -0.0014 -0.7071
vn -0.3537 -0.0014 -0.9354
vn -0.8445 -0.0014 -0.5356
vn -0.9354 -0.0014 -0.3537
vn -0.9847 -0.0013 0.1743
vn -1.0000 -0.0013 -0.0000
vn -0.9847 0.0001 0.1743
vn -1.0000 0.0001 -0.0000
vn -0.9847 -0.0000 0.1743
vn -0.9847 0.0001 -0.1743
vn -0.9847 -0.0000 -0.1743
vn -0.9847 -0.0013 -0.1743
vn -0.9847 -0.0001 0.1743
vn -1.0000 -0.0001 -0.0000
vn -0.9847 -0.0069 0.1743
vn -1.0000 -0.0069 -0.0000
vn -0.9847 -0.0001 -0.1743
vn -0.9847 -0.0069 -0.1744
vn 0.9847 -0.0011 -0.1744
vn 1.0000 -0.0011 -0.0000
vn 0.9847 -0.0001 -0.1744
vn 1.0000 -0.0001 -0.0000
vn 0.9847 -0.0000 -0.1743
vn 0.9847 -0.0001 0.1743
vn 0.9847 -0.0000 0.1743
vn 0.9847 -0.0010 0.1743
vn 0.9847 0.0001 -0.1744
vn 1.0000 0.0001 -0.0000
vn 0.9847 -0.0072 -0.1744
vn 1.0000 -0.0071 -0.0000
vn 0.9847 0.0001 0.1743
vn 0.9847 -0.0072 0.1743
vn -0.1743 -0.0013 -0.9847
vn -0.0000 -0.0013 -1.0000
vn -0.1743 0.0001 -0.9847
vn -0.0000 0.0001 -1.0000
vn -0.1743 -0.0000 -0.9847
vn 0.1743 0.0001 -0.9847
vn 0.1743 -0.0000 -0.9847
vn 0.1743 -0.0013 -0.9847
vn -0.1743 -0.0001 -0.9847
vn -0.0000 -0.0001 -1.0000
vn -0.1744 -0.0069 -0.9847
vn -0.0000 -0.0069 -1.0000
vn 0.1743 -0.0001 -0.9847
vn 0.1743 -0.0069 -0.9847
vn 0.1743 -0.0010 0.9847
vn -0.0000 -0.0011 1.0000
vn 0.1743 -0.0001 0.9847
vn -0.0000 -0.0001 1.0000
vn 0.1743 -0.0000 0.9847
vn -0.1743 -0.0001 0.9847
vn -0.1743 -0.0000 0.9847
vn -0.1744 -0.0011 0.9847
vn 0.1743 0.0001 0.9847
vn -0.0000 0.0001 1.0000
vn 0.1743 -0.0072 0.9847
vn -0.0000 -0.0071 1.0000
vn -0.1744 0.0001 0.9847
vn -0.1744 -0.0072 0.9847
vn 0.0963 -0.8301 0.5492
vn 0.0730 -0.9078 0.4129
vn 0.1472 -0.9091 0.3897
vn -0.0007 -0.8286 0.5598
vn -0.0001 -0.9073 0.4205
vn -0.0000 -0.7181 0.6959
vn 0.1214 -0.7194 0.6839
vn 0.2449 -0.7227 0.6464
vn 0.1941 -0.9732 -0.1234
vn 0.0068 -1.0000 -0.0044
vn 0.0056 -1.0000 -0.0056
vn 0.0078 -1.0000 -0.0030
vn 0.4275 -0.8893 -0.1626
vn 0.3817 -0.8918 -0.2430
vn 0.3179 -0.8932 -0.3179
vn -0.0084 -1.0000 0.0016
vn -0.0078 -1.0000 0.0030
vn -0.0086 -1.0000 -0.0000
vn -0.4633 -0.8862 -0.0000
vn -0.4545 -0.8870 0.0810
vn -0.4275 -0.8893 0.1626
vn -0.0983 -0.8279 0.5523
vn -0.0732 -0.9076 0.4134
vn -0.1989 -0.8277 0.5248
vn -0.1477 -0.9087 0.3905
vn -0.2450 -0.7226 0.6464
vn -0.1214 -0.7193 0.6840
vn -0.0565 0.9943 -0.0904
vn 0.1569 0.9562 0.2470
vn 0.1047 0.9553 0.2764
vn -0.0758 0.9942 -0.0758
vn 0.2058 0.9567 0.2058
vn 0.4788 0.7358 0.4788
vn 0.3643 0.7337 0.5735
vn 0.2422 0.7300 0.6391
vn -0.2951 0.9540 0.0524
vn -0.3008 0.9537 -0.0000
vn -0.2777 0.9549 0.1052
vn -0.6393 0.7298 0.2423
vn -0.6766 0.7265 0.1201
vn -0.6885 0.7253 -0.0000
vn -0.3014 -0.8274 0.4739
vn -0.2223 -0.9099 0.3504
vn -0.2927 -0.9103 0.2925
vn -0.4845 -0.7283 0.4845
vn -0.3685 -0.7263 0.5803
vn 0.4654 0.8678 -0.1740
vn 0.4165 0.8706 -0.2619
vn 0.1179 0.9902 -0.0743
vn 0.1310 0.9902 -0.0490
vn 0.0984 0.9903 -0.0983
vn -0.3080 0.9001 0.3080
vn -0.3700 0.8987 0.2356
vn -0.4146 0.8962 0.1578
vn 0.1193 0.9926 0.0210
vn -0.2954 0.9539 -0.0525
vn -0.2782 0.9547 -0.1054
vn -0.6766 0.7265 -0.1201
vn -0.6393 0.7298 -0.2423
vn 0.0383 -0.9745 0.2210
vn 0.0016 -1.0000 0.0085
vn 0.0031 -1.0000 0.0079
vn -0.0005 -0.9742 0.2256
vn -0.0000 -1.0000 0.0088
vn -0.0000 -0.8862 0.4633
vn 0.0810 -0.8871 0.4545
vn 0.1626 -0.8893 0.4275
vn -0.1015 -0.8139 -0.5721
vn -0.0737 -0.9064 -0.4160
vn -0.1485 -0.9075 -0.3929
vn -0.0001 -0.9060 -0.4232
vn -0.0000 -0.7179 -0.6961
vn -0.1215 -0.7191 -0.6842
vn -0.2450 -0.7224 -0.6466
vn 0.5248 -0.8277 -0.1989
vn 0.5523 -0.8279 -0.0983
vn 0.4134 -0.9076 -0.0732
vn 0.3905 -0.9087 -0.1477
vn 0.5598 -0.8286 -0.0007
vn 0.4205 -0.9073 -0.0001
vn 0.6959 -0.7181 -0.0000
vn 0.6840 -0.7193 -0.1214
vn 0.6464 -0.7226 -0.2450
vn 0.5038 0.8638 0.0008
vn 0.4936 0.8654 -0.0860
vn 0.1383 0.9901 -0.0242
vn 0.1407 0.9901 0.0001
vn -0.4409 0.8941 0.0787
vn -0.4495 0.8933 -0.0000
vn 0.3977 -0.8259 -0.3997
vn 0.4739 -0.8274 -0.3014
vn 0.3504 -0.9099 -0.2223
vn 0.2925 -0.9103 -0.2927
vn 0.5803 -0.7263 -0.3685
vn 0.4845 -0.7283 -0.4845
vn 0.5492 -0.8301 0.0963
vn 0.4129 -0.9078 0.0730
vn 0.3897 -0.9091 0.1472
vn 0.6464 -0.7226 0.2449
vn 0.6839 -0.7194 0.1214
vn 0.4720 0.8634 0.1782
vn 0.4971 0.8632 0.0882
vn 0.1386 0.9901 0.0243
vn 0.1316 0.9901 0.0494
vn -0.4409 0.8941 -0.0787
vn -0.4145 0.8963 -0.1578
vn 0.2477 0.9560 -0.1573
vn 0.2769 0.9552 -0.1050
vn 0.2065 0.9564 -0.2065
vn 0.4789 0.7357 -0.4789
vn 0.5736 0.7336 -0.3643
vn 0.6391 0.7299 -0.2423
vn -0.5688 -0.8164 0.0993
vn -0.4155 -0.9066 0.0734
vn -0.3920 -0.9080 0.1480
vn -0.5802 -0.8145 -0.0008
vn -0.4232 -0.9060 -0.0001
vn -0.6961 -0.7179 -0.0000
vn -0.6841 -0.7192 0.1214
vn -0.6465 -0.7225 0.2450
vn 0.0190 0.9941 -0.1068
vn -0.0522 0.9544 0.2939
vn -0.1050 0.9552 0.2769
vn -0.0000 0.9541 0.2993
vn -0.0000 0.7255 0.6883
vn -0.1201 0.7267 0.6764
vn -0.2423 0.7299 0.6391
vn 0.0044 -1.0000 -0.0068
vn 0.0030 -1.0000 -0.0078
vn 0.2430 -0.8918 -0.3818
vn 0.1626 -0.8893 -0.4275
vn -0.5721 -0.8139 -0.1015
vn -0.4160 -0.9064 -0.0737
vn -0.3929 -0.9075 -0.1485
vn -0.6466 -0.7224 -0.2450
vn -0.6842 -0.7191 -0.1215
vn -0.1573 0.9560 0.2477
vn -0.2065 0.9564 0.2065
vn -0.3643 0.7336 0.5736
vn -0.4789 0.7357 0.4789
vn 0.0524 0.9540 -0.2951
vn 0.1052 0.9549 -0.2777
vn -0.0000 0.9537 -0.3008
vn -0.0000 0.7253 -0.6885
vn 0.1201 0.7265 -0.6765
vn 0.2423 0.7298 -0.6393
vn -0.0397 -0.9739 0.2234
vn -0.0016 -1.0000 0.0085
vn -0.0030 -1.0000 0.0079
vn -0.1626 -0.8893 0.4275
vn -0.0810 -0.8871 0.4545
vn -0.0044 -1.0000 0.0068
vn -0.0056 -1.0000 0.0056
vn -0.3179 -0.8932 0.3179
vn -0.2430 -0.8918 0.3817
vn 0.0734 -0.9066 -0.4155
vn 0.1480 -0.9080 -0.3921
vn 0.2450 -0.7225 -0.6466
vn 0.1214 -0.7192 -0.6841
vn 0.2214 -0.9105 0.3493
vn 0.2913 -0.9112 0.2913
vn 0.3684 -0.7264 0.5802
vn 0.4844 -0.7285 0.4844
vn -0.0242 0.9901 0.1383
vn -0.0490 0.9902 0.1310
vn 0.0001 0.9901 0.1407
vn -0.0000 0.8933 -0.4495
vn 0.0787 0.8941 -0.4409
vn 0.1578 0.8963 -0.4145
vn 0.0085 -1.0000 0.0016
vn 0.0088 -1.0000 -0.0000
vn 0.0079 -1.0000 0.0031
vn 0.4275 -0.8893 0.1626
vn 0.4545 -0.8871 0.0810
vn 0.4633 -0.8862 -0.0000
vn -0.2392 -0.9701 -0.0423
vn -0.0084 -1.0000 -0.0015
vn -0.0077 -1.0000 -0.0030
vn -0.4275 -0.8893 -0.1626
vn -0.4545 -0.8870 -0.0810
vn -0.0735 0.9905 -0.1165
vn -0.0484 0.9904 -0.1294
vn -0.0974 0.9905 -0.0974
vn 0.3080 0.9002 0.3080
vn 0.2356 0.8987 0.3700
vn 0.1578 0.8963 0.4145
vn 0.0085 -1.0000 -0.0016
vn 0.4545 -0.8871 -0.0810
vn 0.7700 -0.3996 -0.4974
vn 0.6456 -0.3869 -0.6584
vn 0.8509 -0.4100 -0.3284
vn 0.7931 0.3405 0.5050
vn 0.8774 0.3435 0.3350
vn 0.4254 0.8640 0.2694
vn -0.1682 -0.3368 -0.9264
vn -0.1633 -0.4185 0.8934
vn -0.0043 -0.4259 0.9048
vn -0.3284 -0.4100 0.8509
vn -0.1578 -0.4901 0.8573
vn -0.0052 -0.4987 0.8667
vn -0.4974 -0.3996 0.7700
vn 0.1534 -0.4325 0.8885
vn 0.1562 0.5079 -0.8471
vn -0.9039 -0.3945 -0.1650
vn -0.4501 0.5355 -0.7146
vn -0.5966 0.5368 -0.5966
vn 0.4927 0.3986 0.7735
vn 0.3270 0.4027 0.8549
vn 0.0659 0.9923 0.1048
vn 0.0429 0.9925 0.1148
vn 0.8885 -0.4325 0.1534
vn 0.9048 -0.4259 -0.0043
vn 0.7418 -0.4671 -0.4812
vn -0.4958 -0.3849 -0.7785
vn -0.3290 -0.3887 -0.8606
vn -0.0858 -0.9699 -0.2279
vn -0.1303 -0.9698 -0.2061
vn 0.1457 -0.5062 0.8500
vn 0.8934 -0.4185 -0.1633
vn -0.7146 0.5354 -0.4501
vn -0.7941 0.5309 -0.2958
vn -0.0999 0.9943 -0.0367
vn -0.0905 0.9943 -0.0565
vn 0.4893 -0.3738 -0.7880
vn 0.3026 -0.8231 -0.4806
vn 0.7839 0.3863 -0.4862
vn 0.8705 0.3737 -0.3204
vn 0.1509 -0.4115 -0.8988
vn -0.0064 -0.4021 -0.9156
vn 0.0408 -0.9708 -0.2365
vn -0.0006 -0.9703 -0.2417
vn -0.4862 0.3863 0.7839
vn -0.2619 0.8706 0.4165
vn -0.1650 -0.3945 -0.9039
vn -0.0424 -0.9701 -0.2392
vn -0.9264 -0.3368 -0.1682
vn -0.9393 -0.3431 -0.0052
vn -0.7519 0.4577 -0.4745
vn -0.4014 0.8801 -0.2536
vn 0.1641 0.4089 0.8977
vn 0.0210 0.9926 0.1193
vn -0.9231 -0.3512 0.1569
vn 0.9223 0.3482 0.1676
vn 0.9350 0.3547 0.0054
vn 0.9186 0.3631 -0.1558
vn -0.8392 0.5245 -0.1436
vn -0.8560 0.5169 0.0054
vn -0.1072 0.9942 0.0004
vn -0.1050 0.9943 -0.0178
vn 0.8977 0.4089 0.1641
vn 0.7591 0.4526 -0.4678
vn 0.0994 0.9931 -0.0614
vn -0.8471 0.5079 0.1562
vn -0.1068 0.9941 0.0190
vn 0.3179 -0.8933 0.3179
vn 0.2430 -0.8918 0.3817
vn 0.5337 -0.0225 0.8453
vn 0.7069 -0.0225 0.7069
vn 0.3513 -0.0224 0.9360
vn -0.2356 0.8987 0.3700
vn -0.5337 0.0225 0.8453
vn -0.7069 0.0225 0.7069
vn -0.1577 0.8963 0.4145
vn -0.3513 0.0225 0.9360
vn 0.1728 -0.0224 0.9847
vn -0.0000 -0.0224 0.9997
vn 0.1201 0.7267 0.6764
vn 0.1728 0.0224 0.9847
vn 0.3513 0.0224 0.9360
vn -0.0000 0.0224 0.9997
vn -0.0000 0.8933 0.4495
vn 0.0787 0.8941 0.4409
vn -0.3179 -0.8932 -0.3179
vn -0.2430 -0.8917 -0.3818
vn -0.5337 -0.0225 -0.8453
vn -0.7069 -0.0225 -0.7069
vn -0.1626 -0.8893 -0.4275
vn -0.3513 -0.0225 -0.9360
vn -0.2423 0.7298 -0.6393
vn -0.3644 0.7335 -0.5738
vn -0.4790 0.7356 -0.4790
vn 0.3080 0.9001 -0.3080
vn 0.2356 0.8987 -0.3700
vn 0.5337 0.0225 -0.8453
vn 0.7069 0.0225 -0.7069
vn 0.3513 0.0225 -0.9360
vn 0.3685 -0.7262 -0.5804
vn -0.0810 -0.8870 -0.4545
vn -0.1728 -0.0224 -0.9847
vn -0.0000 -0.8862 -0.4633
vn -0.0000 -0.0224 -0.9997
vn -0.1201 0.7265 -0.6766
vn -0.1728 0.0224 -0.9847
vn -0.3513 0.0224 -0.9360
vn -0.0000 0.0224 -0.9997
vn -0.0787 0.8941 -0.4409
vn -0.1578 0.8963 -0.4145
vn 0.8454 -0.0225 -0.5337
vn 0.7069 -0.0225 -0.7069
vn 0.9360 -0.0225 -0.3513
vn 0.3699 0.8987 0.2356
vn 0.8453 0.0225 0.5337
vn 0.7069 0.0225 0.7069
vn 0.4145 0.8963 0.1577
vn 0.9360 0.0225 0.3513
vn 0.5802 -0.7264 0.3684
vn 0.9847 -0.0224 -0.1728
vn 0.9997 -0.0224 -0.0000
vn 0.6883 0.7255 -0.0000
vn 0.6764 0.7267 -0.1201
vn 0.9847 0.0224 -0.1728
vn 0.9360 0.0224 -0.3513
vn 0.9997 0.0224 -0.0000
vn 0.4495 0.8933 -0.0000
vn 0.4409 0.8941 -0.0787
vn 0.4145 0.8963 -0.1578
vn -0.3817 -0.8918 0.2430
vn -0.8454 -0.0225 0.5337
vn -0.7069 -0.0225 0.7069
vn -0.9360 -0.0225 0.3513
vn -0.5737 0.7336 0.3643
vn -0.3080 0.9001 -0.3080
vn -0.3700 0.8987 -0.2356
vn -0.8453 0.0225 -0.5337
vn -0.7069 0.0225 -0.7069
vn -0.9360 0.0225 -0.3513
vn -0.5804 -0.7261 -0.3686
vn -0.4846 -0.7282 -0.4846
vn -0.9847 -0.0224 0.1728
vn -0.9997 -0.0224 -0.0000
vn -0.9847 0.0224 0.1728
vn -0.9360 0.0224 0.3513
vn -0.9997 0.0224 -0.0000
vn 0.5337 0.0225 0.8453
vn -0.5337 -0.0225 0.8453
vn -0.3513 -0.0224 0.9360
vn -0.1728 -0.0224 0.9847
vn -0.1728 0.0224 0.9847
vn -0.0787 0.8941 0.4409
vn -0.3686 -0.7261 -0.5804
vn -0.5337 0.0225 -0.8453
vn -0.2356 0.8987 -0.3700
vn 0.3643 0.7336 -0.5737
vn 0.5337 -0.0225 -0.8453
vn 0.3513 -0.0224 -0.9360
vn 0.0810 -0.8870 -0.4545
vn 0.1728 -0.0224 -0.9847
vn 0.1728 0.0224 -0.9847
vn 0.8453 0.0225 -0.5337
vn 0.3700 0.8987 -0.2356
vn 0.5735 0.7337 0.3643
vn 0.8453 -0.0225 0.5337
vn 0.6391 0.7300 0.2422
vn 0.9360 -0.0225 0.3513
vn 0.3817 -0.8918 0.2430
vn 0.9847 -0.0224 0.1728
vn 0.6764 0.7267 0.1201
vn 0.9847 0.0224 0.1728
vn 0.4409 0.8941 0.0787
vn -0.5803 -0.7262 0.3685
vn -0.8453 0.0225 0.5337
vn -0.5738 0.7335 -0.3644
vn -0.8454 -0.0225 -0.5337
vn -0.9360 -0.0225 -0.3513
vn -0.3818 -0.8917 -0.2430
vn -0.9847 -0.0224 -0.1728
vn -0.9847 0.0224 -0.1728
vn 0.0044 -1.0000 0.0069
vn 0.0057 -1.0000 0.0057
vn 0.2470 0.9562 0.1569
vn 0.2764 0.9553 0.1047
vn 0.0741 0.9903 -0.1173
vn 0.0488 0.9903 -0.1299
vn -0.2481 0.9558 0.1575
vn -0.1580 0.9556 -0.2487
vn -0.1054 0.9547 -0.2782
vn -0.2072 0.9561 -0.2072
vn -0.0067 -1.0000 -0.0044
vn -0.0055 -1.0000 -0.0055
vn -0.0044 -1.0000 -0.0067
vn -0.0030 -1.0000 -0.0077
vn -0.1367 0.9903 0.0240
vn -0.1387 0.9903 0.0001
vn -0.1299 0.9903 0.0488
vn -0.1165 0.9905 -0.0735
vn -0.1294 0.9904 -0.0485
vn 0.2225 -0.9095 -0.3512
vn 0.2937 0.9545 0.0521
vn 0.2993 0.9541 -0.0000
vn -0.0743 0.9902 0.1179
vn -0.0983 0.9903 0.0984
vn -0.3512 -0.9095 0.2225
vn 0.2939 0.9544 -0.0522
vn 0.0015 -1.0000 -0.0084
vn -0.0000 -1.0000 -0.0086
vn -0.2234 -0.9088 -0.3523
vn -0.2940 -0.9095 -0.2940
vn 0.0521 0.9545 0.2937
vn -0.0015 -1.0000 -0.0084
vn 0.0240 0.9903 -0.1367
vn 0.0001 0.9903 -0.1387
vn -0.0525 0.9539 -0.2954
vn -0.3523 -0.9088 -0.2234
vn -0.2487 0.9556 -0.1580
vn 0.0069 -1.0000 0.0045
vn -0.0068 -1.0000 0.0044
vn 0.3493 -0.9105 0.2214
vn 0.0243 0.9901 0.1386
vn 0.0494 0.9901 0.1316
vn 0.1575 0.9558 -0.2481
vn 0.0749 0.9901 0.1187
vn 0.0993 0.9901 0.0993
vn 0.1187 0.9901 0.0749
vn -0.0239 0.9904 -0.1364
vn -0.1364 0.9904 -0.0239
vn -0.1173 0.9903 0.0741
vn 0.3399 0.8754 -0.3438
vn 0.2891 0.9177 0.2725
vn -0.3588 0.8818 0.3060
vn -0.3989 0.8928 -0.2093
vn 0.1514 0.9401 -0.3055
vn 0.0785 0.9573 0.2782
vn -0.6036 0.7369 0.3044
vn -0.5106 0.8391 -0.1875
vn -0.0818 0.9617 -0.2615
vn -0.1215 0.9521 0.2808
vn -0.7327 0.6090 0.3038
vn -0.6495 0.7440 -0.1569
vn -0.3199 0.9226 -0.2156
vn -0.3151 0.9060 0.2827
vn -0.8355 0.4591 0.3019
vn -0.7718 0.6226 -0.1291
vn -0.5415 0.8230 -0.1714
vn -0.4936 0.8220 0.2839
vn -0.9084 0.2923 0.2989
vn -0.8722 0.4777 -0.1053
vn -0.7277 0.6729 -0.1327
vn -0.6500 0.7048 0.2843
vn -0.9486 0.1142 0.2950
vn -0.9460 0.3125 -0.0866
vn -0.8667 0.4883 -0.1024
vn -0.7781 0.5603 0.2840
vn -0.9544 -0.0691 0.2903
vn -0.9886 0.1310 -0.0741
vn -0.9548 0.2858 -0.0814
vn -0.8739 0.3952 0.2830
vn -0.9250 -0.2514 0.2851
vn -0.9957 -0.0617 -0.0687
vn -0.9944 0.0795 -0.0699
vn -0.9347 0.2168 0.2816
vn -0.8606 -0.4258 0.2794
vn -0.9630 -0.2598 -0.0711
vn -0.9905 -0.1203 -0.0670
vn -0.9595 0.0323 0.2797
vn -0.7629 -0.5858 0.2735
vn -0.8864 -0.4555 -0.0820
vn -0.9491 -0.3068 -0.0716
vn -0.9487 -0.1516 0.2775
vn -0.6348 -0.7249 0.2675
vn -0.7628 -0.6386 -0.1021
vn -0.8759 -0.4754 -0.0827
vn -0.9036 -0.3283 0.2751
vn -0.4805 -0.8371 0.2615
vn -0.5915 -0.7955 -0.1311
vn -0.7759 -0.6229 -0.0994
vn -0.8268 -0.4920 0.2726
vn -0.3055 -0.9172 0.2557
vn -0.3775 -0.9106 -0.1679
vn -0.6540 -0.7468 -0.1207
vn -0.7215 -0.6376 0.2701
vn -0.1167 -0.9611 0.2502
vn -0.1334 -0.9685 -0.2101
vn -0.5916 -0.7605 0.2676
vn 0.0783 -0.9663 0.2452
vn 0.1204 -0.9597 -0.2540
vn -0.5143 -0.8451 -0.1459
vn -0.3615 -0.9160 -0.1742
vn -0.4417 -0.8571 0.2651
vn 0.2713 -0.9319 0.2409
vn 0.3598 -0.8849 -0.2956
vn -0.2615 -0.9470 -0.1868
vn -0.1843 -0.9465 0.2649
vn 0.4670 -0.8525 0.2350
vn 0.5448 -0.7702 -0.3317
vn 0.2034 -0.9209 -0.3324
vn 0.2641 -0.9144 -0.3068
vn -0.2968 -0.9355 0.1919
vn 0.6805 -0.7019 0.2104
vn 0.3357 -0.8686 -0.3644
vn 0.2213 -0.9373 -0.2693
vn 0.0280 -0.9627 0.2690
vn 0.5758 -0.7553 0.3131
vn 0.7046 -0.7039 -0.0892
vn 0.4466 -0.8722 -0.1996
vn 0.2365 -0.9241 0.3003
vn 0.7571 -0.5586 0.3388
vn 0.7721 -0.6306 -0.0788
vn 0.6508 -0.7478 -0.1316
vn 0.4169 -0.8472 0.3294
vn 0.8417 -0.3991 0.3637
vn 0.8600 -0.5078 -0.0497
vn 0.8094 -0.5826 -0.0738
vn 0.5778 -0.7333 0.3583
vn 0.8951 -0.2219 0.3866
vn 0.9311 -0.3640 -0.0235
vn 0.9195 -0.3920 -0.0300
vn 0.7119 -0.5874 0.3851
vn 0.9134 -0.0326 0.4058
vn 0.9800 -0.1987 -0.0033
vn 0.9819 -0.1896 -0.0026
vn 0.8130 -0.4159 0.4074
vn 0.8935 0.1618 0.4190
vn 0.9999 -0.0139 0.0071
vn 0.9999 0.0124 0.0077
vn 0.8771 -0.2271 0.4232
vn 0.8339 0.3528 0.4244
vn 0.9827 0.1852 0.0034
vn 0.9790 0.2038 0.0022
vn 0.9020 -0.0299 0.4307
vn 0.7353 0.5311 0.4211
vn 0.9212 0.3887 -0.0180
vn 0.9261 0.3770 -0.0161
vn 0.8877 0.1664 0.4292
vn 0.6010 0.6867 0.4089
vn 0.8112 0.5818 -0.0584
vn 0.8484 0.5275 -0.0435
vn 0.8364 0.3533 0.4191
vn 0.4368 0.8112 0.3889
vn 0.6541 0.7475 -0.1158
vn 0.7530 0.6536 -0.0759
vn 0.7517 0.5232 0.4016
vn 0.2507 0.8974 0.3631
vn 0.4578 0.8695 -0.1852
vn 0.6455 0.7558 -0.1101
vn 0.6383 0.6703 0.3786
vn 0.0522 0.9411 0.3340
vn 0.2351 0.9367 -0.2596
vn 0.0114 0.3993 0.9167
vn -0.2244 0.4551 0.8617
vn 0.1788 0.4251 0.8873
vn -0.1032 0.4048 0.9086
vn -0.2129 0.3730 0.9031
vn -0.2899 0.3308 0.8981
vn -0.3569 0.2745 0.8929
vn -0.4114 0.2064 0.8878
vn -0.4515 0.1291 0.8829
vn -0.4758 0.0455 0.8784
vn -0.4834 -0.0410 0.8744
vn -0.4741 -0.1273 0.8712
vn -0.4483 -0.2101 0.8688
vn -0.4071 -0.2864 0.8673
vn -0.3520 -0.3533 0.8668
vn -0.2850 -0.4084 0.8672
vn -0.2087 -0.4496 0.8685
vn -0.1259 -0.4753 0.8707
vn -0.0099 -0.4850 0.8745
vn 0.2918 -0.4435 0.8475
vn -0.1615 -0.5592 0.8131
vn 0.0922 -0.4554 0.8855
vn 0.1879 -0.3860 0.9032
vn 0.2475 -0.3164 0.9158
vn 0.2924 -0.2353 0.9269
vn 0.3204 -0.1460 0.9360
vn 0.3302 -0.0522 0.9425
vn 0.3211 0.0424 0.9461
vn 0.2935 0.1334 0.9466
vn 0.2485 0.2172 0.9440
vn 0.1882 0.2900 0.9383
vn 0.1151 0.3490 0.9300
vn 0.5824 0.8051 -0.1126
vn 0.4422 0.8244 0.3532
vn -0.1643 0.9396 0.3003
vn 0.0125 0.9436 -0.3307
vn 0.1768 0.9065 -0.3834
vn 0.5307 0.8113 0.2452
vn -0.4808 0.8510 0.2113
vn 0.0737 0.9256 -0.3712
vn 0.0972 0.9149 -0.3918
vt 0.391523 0.437500
vt 0.390557 0.437500
vt 0.390557 0.437500
vt 0.389591 0.437500
vt 0.422603 0.937500
vt 0.421860 0.937500
vt 0.421860 0.937500
vt 0.422603 0.937500
vt 0.421116 0.937500
vt 0.421116 0.937500
vt 0.595020 0.687500
vt 0.595380 0.656250
vt 0.595380 0.656250
vt 0.595020 0.687500
vt 0.595739 0.625000
vt 0.391481 0.375000
vt 0.391502 0.406250
vt 0.391502 0.406250
vt 0.391481 0.375000
vt 0.562500 0.000000
vt 0.570313 0.000000
vt 0.570303 0.031250
vt 0.562500 0.031250
vt 0.578125 0.000000
vt 0.578041 0.031250
vt 0.578034 0.062500
vt 0.570301 0.062500
vt 0.562500 0.062500
vt 0.594361 0.312500
vt 0.594349 0.343750
vt 0.594349 0.343750
vt 0.594361 0.312500
vt 0.594337 0.375000
vt 0.594337 0.375000
vt 0.422621 0.750000
vt 0.421883 0.750000
vt 0.421883 0.750000
vt 0.422621 0.750000
vt 0.421145 0.750000
vt 0.421145 0.750000
vt 0.609375 0.000000
vt 0.617188 0.000000
vt 0.617198 0.031250
vt 0.609470 0.031250
vt 0.625000 0.000000
vt 0.625000 0.031250
vt 0.625000 0.062500
vt 0.617200 0.062500
vt 0.609477 0.062500
vt 0.617200 0.093750
vt 0.609475 0.093750
vt 0.625000 0.093750
vt 0.625000 0.125000
vt 0.617200 0.125000
vt 0.609474 0.125000
vt 0.617200 0.156250
vt 0.609475 0.156250
vt 0.625000 0.156250
vt 0.625000 0.187500
vt 0.617200 0.187500
vt 0.609477 0.187500
vt 0.617201 0.218750
vt 0.609479 0.218750
vt 0.625000 0.218750
vt 0.625000 0.250000
vt 0.617201 0.250000
vt 0.609480 0.250000
vt 0.422624 0.500000
vt 0.422642 0.531250
vt 0.422642 0.531250
vt 0.422660 0.562500
vt 0.422660 0.562500
vt 0.422642 0.531250
vt 0.389550 0.000000
vt 0.390515 0.000000
vt 0.390515 0.000000
vt 0.391479 0.000000
vt 0.390515 0.000000
vt 0.562500 0.187500
vt 0.570301 0.187500
vt 0.570301 0.218750
vt 0.562500 0.218750
vt 0.578034 0.187500
vt 0.578033 0.218750
vt 0.578033 0.250000
vt 0.570301 0.250000
vt 0.562500 0.250000
vt 0.562500 0.125000
vt 0.570301 0.125000
vt 0.570301 0.156250
vt 0.562500 0.156250
vt 0.578035 0.125000
vt 0.578035 0.156250
vt 0.570301 0.093750
vt 0.562500 0.093750
vt 0.578035 0.093750
vt 0.593205 0.062500
vt 0.593200 0.031250
vt 0.593200 0.031250
vt 0.593205 0.062500
vt 0.593195 0.000000
vt 0.421197 0.687500
vt 0.421212 0.656250
vt 0.421212 0.656250
vt 0.421197 0.687500
vt 0.421227 0.625000
vt 0.421227 0.625000
vt 0.422602 0.125000
vt 0.422603 0.156250
vt 0.422603 0.156250
vt 0.422602 0.125000
vt 0.422603 0.187500
vt 0.422603 0.187500
vt 0.422603 0.156250
vt 0.593794 0.000000
vt 0.593794 0.000000
vt 0.594392 0.000000
vt 0.570301 0.281250
vt 0.562500 0.281250
vt 0.578033 0.281250
vt 0.578034 0.312500
vt 0.570301 0.312500
vt 0.562500 0.312500
vt 0.593204 0.187500
vt 0.593209 0.156250
vt 0.593209 0.156250
vt 0.593204 0.187500
vt 0.593213 0.125000
vt 0.593209 0.156250
vt 0.391177 0.687064
vt 0.391554 0.656032
vt 0.391554 0.656032
vt 0.391931 0.625000
vt 0.391931 0.625000
vt 0.617201 0.281250
vt 0.609479 0.281250
vt 0.625000 0.281250
vt 0.625000 0.312500
vt 0.617200 0.312500
vt 0.609477 0.312500
vt 0.617202 0.343750
vt 0.609478 0.343750
vt 0.625000 0.343750
vt 0.625000 0.375000
vt 0.617213 0.375000
vt 0.609496 0.375000
vt 0.617258 0.406250
vt 0.609567 0.406250
vt 0.625000 0.406250
vt 0.625000 0.437500
vt 0.617406 0.437500
vt 0.609800 0.437500
vt 0.617902 0.468750
vt 0.610400 0.468750
vt 0.625000 0.468750
vt 0.625000 0.500000
vt 0.620044 0.500000
vt 0.611876 0.500000
vt 0.393586 0.625000
vt 0.393270 0.656129
vt 0.393270 0.656129
vt 0.393586 0.625000
vt 0.392954 0.687258
vt 0.393270 0.656129
vt 0.421859 0.125000
vt 0.421859 0.125000
vt 0.421117 0.125000
vt 0.421859 0.125000
vt 0.562504 0.437500
vt 0.570314 0.437500
vt 0.570332 0.468750
vt 0.562508 0.468750
vt 0.578074 0.437500
vt 0.578129 0.468750
vt 0.578219 0.500000
vt 0.570362 0.500000
vt 0.562516 0.500000
vt 0.562500 0.375000
vt 0.570302 0.375000
vt 0.570305 0.406250
vt 0.562501 0.406250
vt 0.578038 0.375000
vt 0.578048 0.406250
vt 0.570301 0.343750
vt 0.562500 0.343750
vt 0.578035 0.343750
vt 0.594360 0.062500
vt 0.594348 0.093750
vt 0.594348 0.093750
vt 0.594336 0.125000
vt 0.422670 0.593750
vt 0.422670 0.593750
vt 0.422681 0.625000
vt 0.422681 0.625000
vt 0.422670 0.593750
vt 0.389550 0.125000
vt 0.389550 0.093750
vt 0.389550 0.093750
vt 0.389550 0.125000
vt 0.389550 0.062500
vt 0.389550 0.062500
vt 0.391479 0.125000
vt 0.390515 0.125000
vt 0.390515 0.125000
vt 0.570402 0.531250
vt 0.562527 0.531250
vt 0.578343 0.531250
vt 0.578473 0.562500
vt 0.570445 0.562500
vt 0.562537 0.562500
vt 0.392758 0.625000
vt 0.392954 0.562742
vt 0.393270 0.593871
vt 0.393270 0.593871
vt 0.392954 0.562742
vt 0.393270 0.593871
vt 0.625390 0.531250
vt 0.614497 0.531250
vt 0.640400 0.531250
vt 0.647376 0.562500
vt 0.630430 0.562500
vt 0.617275 0.562500
vt 0.633380 0.593750
vt 0.619111 0.593750
vt 0.650965 0.593750
vt 0.652030 0.625000
vt 0.634291 0.625000
vt 0.619736 0.625000
vt 0.633380 0.656250
vt 0.619110 0.656250
vt 0.650965 0.656250
vt 0.647376 0.687500
vt 0.630430 0.687500
vt 0.617275 0.687500
vt 0.625390 0.718750
vt 0.614497 0.718750
vt 0.640400 0.718750
vt 0.625000 0.750000
vt 0.620044 0.750000
vt 0.611876 0.750000
vt 0.389964 0.500060
vt 0.389777 0.468780
vt 0.389777 0.468780
vt 0.389777 0.468780
vt 0.391909 0.500061
vt 0.390937 0.500060
vt 0.390937 0.500060
vt 0.391909 0.500061
vt 0.562537 0.687500
vt 0.570445 0.687500
vt 0.570402 0.718750
vt 0.562527 0.718750
vt 0.578473 0.687500
vt 0.578343 0.718750
vt 0.578219 0.750000
vt 0.570362 0.750000
vt 0.562516 0.750000
vt 0.562549 0.625000
vt 0.570490 0.625000
vt 0.570477 0.656250
vt 0.562546 0.656250
vt 0.578613 0.625000
vt 0.578573 0.656250
vt 0.570477 0.593750
vt 0.562546 0.593750
vt 0.578573 0.593750
vt 0.594337 0.875000
vt 0.594348 0.906250
vt 0.594360 0.937500
vt 0.594360 0.937500
vt 0.391480 0.937500
vt 0.391480 0.968750
vt 0.391480 0.968750
vt 0.391480 0.937500
vt 0.391479 1.000000
vt 0.421115 0.312500
vt 0.421115 0.281250
vt 0.421115 0.250000
vt 0.421115 0.250000
vt 0.593775 0.875000
vt 0.593775 0.875000
vt 0.593213 0.875000
vt 0.593775 0.875000
vt 0.570332 0.781250
vt 0.562508 0.781250
vt 0.578129 0.781250
vt 0.578074 0.812500
vt 0.570314 0.812500
vt 0.562504 0.812500
vt 0.594445 0.812500
vt 0.594391 0.843750
vt 0.594391 0.843750
vt 0.594445 0.812500
vt 0.421117 1.000000
vt 0.421117 0.968750
vt 0.421116 0.968750
vt 0.421117 0.968750
vt 0.617901 0.781250
vt 0.610400 0.781250
vt 0.625000 0.781250
vt 0.625000 0.812500
vt 0.617406 0.812500
vt 0.609800 0.812500
vt 0.617258 0.843750
vt 0.609567 0.843750
vt 0.625000 0.843750
vt 0.625000 0.875000
vt 0.617213 0.875000
vt 0.609496 0.875000
vt 0.617202 0.906250
vt 0.609478 0.906250
vt 0.625000 0.906250
vt 0.625000 0.937500
vt 0.617200 0.937500
vt 0.609477 0.937500
vt 0.617198 0.968750
vt 0.609471 0.968750
vt 0.625000 0.968750
vt 0.625000 1.000000
vt 0.617188 1.000000
vt 0.609375 1.000000
vt 0.422613 0.781250
vt 0.422613 0.781250
vt 0.422605 0.812500
vt 0.422605 0.812500
vt 0.422613 0.781250
vt 0.422608 0.437500
vt 0.421863 0.437500
vt 0.421863 0.437500
vt 0.422607 0.437500
vt 0.421118 0.437500
vt 0.421118 0.437500
vt 0.562500 0.937500
vt 0.570301 0.937500
vt 0.570303 0.968750
vt 0.562500 0.968750
vt 0.578034 0.937500
vt 0.578041 0.968750
vt 0.578125 1.000000
vt 0.570313 1.000000
vt 0.562500 1.000000
vt 0.562500 0.875000
vt 0.570302 0.875000
vt 0.570301 0.906250
vt 0.562500 0.906250
vt 0.578038 0.875000
vt 0.578035 0.906250
vt 0.570306 0.843750
vt 0.562501 0.843750
vt 0.578048 0.843750
vt 0.278833 0.692854
vt 0.264734 0.696673
vt 0.264509 0.695576
vt 0.278392 0.691813
vt 0.250000 0.697947
vt 0.250000 0.696830
vt 0.250000 0.694846
vt 0.264136 0.693627
vt 0.277653 0.689976
vt 0.235266 0.696673
vt 0.235491 0.695576
vt 0.221167 0.692854
vt 0.221608 0.691814
vt 0.222347 0.689976
vt 0.235864 0.693627
vt 0.263612 0.690555
vt 0.276603 0.687105
vt 0.250000 0.691711
vt 0.250000 0.687150
vt 0.263042 0.686103
vt 0.275412 0.683015
vt 0.236388 0.690555
vt 0.223397 0.687105
vt 0.224589 0.683015
vt 0.236958 0.686103
vt 0.304864 0.679864
vt 0.292434 0.687580
vt 0.292040 0.687031
vt 0.303246 0.678246
vt 0.280004 0.695295
vt 0.279120 0.693496
vt 0.291679 0.686508
vt 0.302723 0.677723
vt 0.265002 0.697867
vt 0.264863 0.697270
vt 0.250000 0.700438
vt 0.250000 0.698624
vt 0.234998 0.697867
vt 0.235138 0.697270
vt 0.219996 0.695295
vt 0.220881 0.693495
vt 0.207816 0.687297
vt 0.207997 0.686992
vt 0.196755 0.678245
vt 0.196891 0.678109
vt 0.197277 0.677723
vt 0.208322 0.686507
vt 0.208961 0.685564
vt 0.198086 0.676914
vt 0.199480 0.675520
vt 0.210045 0.683914
vt 0.211624 0.681385
vt 0.201564 0.673436
vt 0.204235 0.670765
vt 0.213523 0.677933
vt 0.215410 0.673483
vt 0.225657 0.677506
vt 0.207301 0.667699
vt 0.210045 0.664955
vt 0.216406 0.667571
vt 0.226150 0.670256
vt 0.237439 0.680026
vt 0.250000 0.680911
vt 0.237653 0.672121
vt 0.250000 0.672812
vt 0.262562 0.680026
vt 0.274343 0.677506
vt 0.262347 0.672121
vt 0.273850 0.670256
vt 0.295765 0.670765
vt 0.286477 0.677933
vt 0.284590 0.673483
vt 0.292699 0.667699
vt 0.283594 0.667571
vt 0.289955 0.664955
vt 0.300520 0.675520
vt 0.289955 0.683914
vt 0.288376 0.681385
vt 0.298436 0.673436
vt 0.291039 0.685563
vt 0.301914 0.676914
vt 0.694946 0.562500
vt 0.722842 0.562500
vt 0.724057 0.593750
vt 0.697005 0.593750
vt 0.752134 0.562500
vt 0.752792 0.593750
vt 0.753029 0.625000
vt 0.724483 0.625000
vt 0.697679 0.625000
vt 0.782254 0.562500
vt 0.782570 0.593750
vt 0.812907 0.562500
vt 0.813036 0.593750
vt 0.813083 0.625000
vt 0.782686 0.625000
vt 0.724057 0.656250
vt 0.697005 0.656250
vt 0.752792 0.656250
vt 0.752134 0.687500
vt 0.722842 0.687500
vt 0.694946 0.687500
vt 0.782570 0.656250
vt 0.813036 0.656250
vt 0.812907 0.687500
vt 0.782254 0.687500
vt 0.656250 0.500000
vt 0.663736 0.531250
vt 0.687500 0.500000
vt 0.691582 0.531250
vt 0.669270 0.562500
vt 0.718750 0.500000
vt 0.720970 0.531250
vt 0.750000 0.500000
vt 0.751152 0.531250
vt 0.781250 0.500000
vt 0.781790 0.531250
vt 0.812500 0.500000
vt 0.812719 0.531250
vt 0.843750 0.500000
vt 0.843818 0.531250
vt 0.875000 0.500000
vt 0.875000 0.531250
vt 0.875000 0.562500
vt 0.843877 0.562500
vt 0.843918 0.593750
vt 0.875000 0.593750
vt 0.875000 0.625000
vt 0.843932 0.625000
vt 0.843918 0.656250
vt 0.875000 0.656250
vt 0.875000 0.687500
vt 0.843877 0.687500
vt 0.843818 0.718750
vt 0.812719 0.718750
vt 0.875000 0.718750
vt 0.875000 0.750000
vt 0.843750 0.750000
vt 0.812500 0.750000
vt 0.781791 0.718750
vt 0.751152 0.718750
vt 0.781250 0.750000
vt 0.750000 0.750000
vt 0.720970 0.718750
vt 0.691582 0.718750
vt 0.718750 0.750000
vt 0.687500 0.750000
vt 0.669270 0.687500
vt 0.663736 0.718750
vt 0.656250 0.750000
vt 0.673309 0.625000
vt 0.672366 0.656250
vt 0.672366 0.593750
vt 0.453125 0.812500
vt 0.460938 0.812500
vt 0.460938 0.843750
vt 0.453125 0.843750
vt 0.468750 0.812500
vt 0.468750 0.843750
vt 0.468750 0.875000
vt 0.460938 0.875000
vt 0.453125 0.875000
vt 0.476563 0.812500
vt 0.476563 0.843750
vt 0.484375 0.812500
vt 0.484375 0.843750
vt 0.484375 0.875000
vt 0.476563 0.875000
vt 0.460938 0.906250
vt 0.453125 0.906250
vt 0.468750 0.906250
vt 0.468750 0.937500
vt 0.460938 0.937500
vt 0.453125 0.937500
vt 0.476563 0.906250
vt 0.484375 0.906250
vt 0.484375 0.937500
vt 0.476563 0.937500
vt 0.437625 0.750000
vt 0.445328 0.750000
vt 0.445328 0.781250
vt 0.437623 0.781250
vt 0.453125 0.750000
vt 0.453125 0.781250
vt 0.445328 0.812500
vt 0.437622 0.812500
vt 0.460938 0.750000
vt 0.460938 0.781250
vt 0.468750 0.750000
vt 0.468750 0.781250
vt 0.476563 0.750000
vt 0.476563 0.781250
vt 0.484375 0.750000
vt 0.484375 0.781250
vt 0.492188 0.750000
vt 0.492188 0.781250
vt 0.500000 0.750000
vt 0.500000 0.781250
vt 0.500000 0.812500
vt 0.492188 0.812500
vt 0.492188 0.843750
vt 0.500000 0.843750
vt 0.500000 0.875000
vt 0.492188 0.875000
vt 0.492188 0.906250
vt 0.500000 0.906250
vt 0.500000 0.937500
vt 0.492188 0.937500
vt 0.492188 0.968750
vt 0.484375 0.968750
vt 0.500000 0.968750
vt 0.500000 1.000000
vt 0.492188 1.000000
vt 0.484375 1.000000
vt 0.476563 0.968750
vt 0.468750 0.968750
vt 0.476563 1.000000
vt 0.468750 1.000000
vt 0.460938 0.968750
vt 0.453125 0.968750
vt 0.460938 1.000000
vt 0.453125 1.000000
vt 0.437621 0.937500
vt 0.445328 0.937500
vt 0.445325 0.968750
vt 0.437611 0.968750
vt 0.445313 1.000000
vt 0.437500 1.000000
vt 0.437622 0.875000
vt 0.445328 0.875000
vt 0.445328 0.906250
vt 0.437622 0.906250
vt 0.445328 0.843750
vt 0.437622 0.843750
vt 0.453125 0.562500
vt 0.460938 0.562500
vt 0.460938 0.593750
vt 0.453125 0.593750
vt 0.468750 0.562500
vt 0.468750 0.593750
vt 0.468750 0.625000
vt 0.460938 0.625000
vt 0.453125 0.625000
vt 0.476563 0.562500
vt 0.476563 0.593750
vt 0.484375 0.562500
vt 0.484375 0.593750
vt 0.484375 0.625000
vt 0.476563 0.625000
vt 0.460938 0.656250
vt 0.453125 0.656250
vt 0.468750 0.656250
vt 0.468750 0.687500
vt 0.460938 0.687500
vt 0.453125 0.687500
vt 0.476563 0.656250
vt 0.484375 0.656250
vt 0.484375 0.687500
vt 0.476563 0.687500
vt 0.437625 0.500000
vt 0.445328 0.500000
vt 0.445329 0.531250
vt 0.437628 0.531250
vt 0.453125 0.500000
vt 0.453125 0.531250
vt 0.445329 0.562500
vt 0.437630 0.562500
vt 0.460938 0.500000
vt 0.460938 0.531250
vt 0.468750 0.500000
vt 0.468750 0.531250
vt 0.476563 0.500000
vt 0.476563 0.531250
vt 0.484375 0.500000
vt 0.484375 0.531250
vt 0.492188 0.500000
vt 0.492188 0.531250
vt 0.500000 0.500000
vt 0.500000 0.531250
vt 0.500000 0.562500
vt 0.492188 0.562500
vt 0.492188 0.593750
vt 0.500000 0.593750
vt 0.500000 0.625000
vt 0.492188 0.625000
vt 0.492188 0.656250
vt 0.500000 0.656250
vt 0.500000 0.687500
vt 0.492188 0.687500
vt 0.492188 0.718750
vt 0.484375 0.718750
vt 0.500000 0.718750
vt 0.476563 0.718750
vt 0.468750 0.718750
vt 0.460938 0.718750
vt 0.453125 0.718750
vt 0.437630 0.687500
vt 0.445329 0.687500
vt 0.445329 0.718750
vt 0.437628 0.718750
vt 0.437633 0.625000
vt 0.445329 0.625000
vt 0.445329 0.656250
vt 0.437632 0.656250
vt 0.445329 0.593750
vt 0.437632 0.593750
vt 0.453125 0.312500
vt 0.460938 0.312500
vt 0.460938 0.343750
vt 0.453125 0.343750
vt 0.468750 0.312500
vt 0.468750 0.343750
vt 0.468750 0.375000
vt 0.460938 0.375000
vt 0.453125 0.375000
vt 0.476563 0.312500
vt 0.476563 0.343750
vt 0.484375 0.312500
vt 0.484375 0.343750
vt 0.484375 0.375000
vt 0.476563 0.375000
vt 0.460938 0.406250
vt 0.453125 0.406250
vt 0.468750 0.406250
vt 0.468750 0.437500
vt 0.460938 0.437500
vt 0.453125 0.437500
vt 0.476563 0.406250
vt 0.484375 0.406250
vt 0.484375 0.437500
vt 0.476563 0.437500
vt 0.437622 0.250000
vt 0.445328 0.250000
vt 0.445328 0.281250
vt 0.437622 0.281250
vt 0.453125 0.250000
vt 0.453125 0.281250
vt 0.445328 0.312500
vt 0.437622 0.312500
vt 0.460938 0.250000
vt 0.460938 0.281250
vt 0.468750 0.250000
vt 0.468750 0.281250
vt 0.476563 0.250000
vt 0.476563 0.281250
vt 0.484375 0.250000
vt 0.484375 0.281250
vt 0.492188 0.250000
vt 0.492188 0.281250
vt 0.500000 0.250000
vt 0.500000 0.281250
vt 0.500000 0.312500
vt 0.492188 0.312500
vt 0.492188 0.343750
vt 0.500000 0.343750
vt 0.500000 0.375000
vt 0.492188 0.375000
vt 0.492188 0.406250
vt 0.500000 0.406250
vt 0.500000 0.437500
vt 0.492188 0.437500
vt 0.492188 0.468750
vt 0.484375 0.468750
vt 0.500000 0.468750
vt 0.476563 0.468750
vt 0.468750 0.468750
vt 0.460938 0.468750
vt 0.453125 0.468750
vt 0.437623 0.437500
vt 0.445328 0.437500
vt 0.445328 0.468750
vt 0.437624 0.468750
vt 0.437622 0.375000
vt 0.445328 0.375000
vt 0.445328 0.406250
vt 0.437622 0.406250
vt 0.445328 0.343750
vt 0.437622 0.343750
vt 0.453125 0.062500
vt 0.460938 0.062500
vt 0.460938 0.093750
vt 0.453125 0.093750
vt 0.468750 0.062500
vt 0.468750 0.093750
vt 0.468750 0.125000
vt 0.460938 0.125000
vt 0.453125 0.125000
vt 0.476563 0.062500
vt 0.476563 0.093750
vt 0.484375 0.062500
vt 0.484375 0.093750
vt 0.484375 0.125000
vt 0.476563 0.125000
vt 0.460938 0.156250
vt 0.453125 0.156250
vt 0.468750 0.156250
vt 0.468750 0.187500
vt 0.460938 0.187500
vt 0.453125 0.187500
vt 0.476563 0.156250
vt 0.484375 0.156250
vt 0.484375 0.187500
vt 0.476563 0.187500
vt 0.437500 0.000000
vt 0.445313 0.000000
vt 0.445325 0.031250
vt 0.437611 0.031250
vt 0.453125 0.000000
vt 0.453125 0.031250
vt 0.445328 0.062500
vt 0.437621 0.062500
vt 0.460938 0.000000
vt 0.460938 0.031250
vt 0.468750 0.000000
vt 0.468750 0.031250
vt 0.476563 0.000000
vt 0.476563 0.031250
vt 0.484375 0.000000
vt 0.484375 0.031250
vt 0.492188 0.000000
vt 0.492188 0.031250
vt 0.500000 0.000000
vt 0.500000 0.031250
vt 0.500000 0.062500
vt 0.492188 0.062500
vt 0.492188 0.093750
vt 0.500000 0.093750
vt 0.500000 0.125000
vt 0.492188 0.125000
vt 0.492188 0.156250
vt 0.500000 0.156250
vt 0.500000 0.187500
vt 0.492188 0.187500
vt 0.492188 0.218750
vt 0.484375 0.218750
vt 0.500000 0.218750
vt 0.476563 0.218750
vt 0.468750 0.218750
vt 0.460938 0.218750
vt 0.453125 0.218750
vt 0.437621 0.187500
vt 0.445328 0.187500
vt 0.445328 0.218750
vt 0.437622 0.218750
vt 0.437621 0.125000
vt 0.445328 0.125000
vt 0.445328 0.156250
vt 0.437621 0.156250
vt 0.445328 0.093750
vt 0.437621 0.093750
vt 0.515625 0.812500
vt 0.523438 0.812500
vt 0.523438 0.843750
vt 0.515625 0.843750
vt 0.531250 0.812500
vt 0.531250 0.843750
vt 0.531250 0.875000
vt 0.523438 0.875000
vt 0.515625 0.875000
vt 0.539063 0.812500
vt 0.539063 0.843750
vt 0.546875 0.812500
vt 0.546875 0.843750
vt 0.546875 0.875000
vt 0.539063 0.875000
vt 0.523438 0.906250
vt 0.515625 0.906250
vt 0.531250 0.906250
vt 0.531250 0.937500
vt 0.523438 0.937500
vt 0.515625 0.937500
vt 0.539063 0.906250
vt 0.546875 0.906250
vt 0.546875 0.937500
vt 0.539063 0.937500
vt 0.507813 0.750000
vt 0.507812 0.781250
vt 0.515625 0.750000
vt 0.515625 0.781250
vt 0.507813 0.812500
vt 0.523438 0.750000
vt 0.523438 0.781250
vt 0.531250 0.750000
vt 0.531250 0.781250
vt 0.539063 0.750000
vt 0.539063 0.781250
vt 0.546875 0.750000
vt 0.546875 0.781250
vt 0.554690 0.750000
vt 0.554689 0.781250
vt 0.554688 0.812500
vt 0.554688 0.843750
vt 0.554688 0.875000
vt 0.554688 0.906250
vt 0.554688 0.937500
vt 0.554688 0.968750
vt 0.546875 0.968750
vt 0.554688 1.000000
vt 0.546875 1.000000
vt 0.539063 0.968750
vt 0.531250 0.968750
vt 0.539063 1.000000
vt 0.531250 1.000000
vt 0.523438 0.968750
vt 0.515625 0.968750
vt 0.523438 1.000000
vt 0.515625 1.000000
vt 0.507813 0.937500
vt 0.507813 0.968750
vt 0.507813 1.000000
vt 0.507813 0.875000
vt 0.507812 0.906250
vt 0.507812 0.843750
vt 0.515625 0.562500
vt 0.523438 0.562500
vt 0.523438 0.593750
vt 0.515625 0.593750
vt 0.531250 0.562500
vt 0.531250 0.593750
vt 0.531250 0.625000
vt 0.523438 0.625000
vt 0.515625 0.625000
vt 0.539063 0.562500
vt 0.539063 0.593750
vt 0.546875 0.562500
vt 0.546875 0.593750
vt 0.546875 0.625000
vt 0.539063 0.625000
vt 0.523438 0.656250
vt 0.515625 0.656250
vt 0.531250 0.656250
vt 0.531250 0.687500
vt 0.523438 0.687500
vt 0.515625 0.687500
vt 0.539063 0.656250
vt 0.546875 0.656250
vt 0.546875 0.687500
vt 0.539063 0.687500
vt 0.507813 0.500000
vt 0.507812 0.531250
vt 0.515625 0.500000
vt 0.515625 0.531250
vt 0.507813 0.562500
vt 0.523438 0.500000
vt 0.523438 0.531250
vt 0.531250 0.500000
vt 0.531250 0.531250
vt 0.539063 0.500000
vt 0.539063 0.531250
vt 0.546875 0.500000
vt 0.546875 0.531250
vt 0.554690 0.500000
vt 0.554691 0.531250
vt 0.554692 0.562500
vt 0.554693 0.593750
vt 0.554694 0.625000
vt 0.554693 0.656250
vt 0.554692 0.687500
vt 0.554691 0.718750
vt 0.546875 0.718750
vt 0.539063 0.718750
vt 0.531250 0.718750
vt 0.523438 0.718750
vt 0.515625 0.718750
vt 0.507813 0.687500
vt 0.507812 0.718750
vt 0.507813 0.625000
vt 0.507812 0.656250
vt 0.507812 0.593750
vt 0.515625 0.312500
vt 0.523438 0.312500
vt 0.523438 0.343750
vt 0.515625 0.343750
vt 0.531250 0.312500
vt 0.531250 0.343750
vt 0.531250 0.375000
vt 0.523438 0.375000
vt 0.515625 0.375000
vt 0.539063 0.312500
vt 0.539063 0.343750
vt 0.546875 0.312500
vt 0.546875 0.343750
vt 0.546875 0.375000
vt 0.539063 0.375000
vt 0.523438 0.406250
vt 0.515625 0.406250
vt 0.531250 0.406250
vt 0.531250 0.437500
vt 0.523438 0.437500
vt 0.515625 0.437500
vt 0.539063 0.406250
vt 0.546875 0.406250
vt 0.546875 0.437500
vt 0.539063 0.437500
vt 0.507813 0.250000
vt 0.507812 0.281250
vt 0.515625 0.250000
vt 0.515625 0.281250
vt 0.507813 0.312500
vt 0.523438 0.250000
vt 0.523438 0.281250
vt 0.531250 0.250000
vt 0.531250 0.281250
vt 0.539063 0.250000
vt 0.539063 0.281250
vt 0.546875 0.250000
vt 0.546875 0.281250
vt 0.554688 0.250000
vt 0.554688 0.281250
vt 0.554688 0.312500
vt 0.554688 0.343750
vt 0.554688 0.375000
vt 0.554688 0.406250
vt 0.554688 0.437500
vt 0.554689 0.468750
vt 0.546875 0.468750
vt 0.539063 0.468750
vt 0.531250 0.468750
vt 0.523438 0.468750
vt 0.515625 0.468750
vt 0.507813 0.437500
vt 0.507812 0.468750
vt 0.507813 0.375000
vt 0.507812 0.406250
vt 0.507812 0.343750
vt 0.515625 0.062500
vt 0.523438 0.062500
vt 0.523438 0.093750
vt 0.515625 0.093750
vt 0.531250 0.062500
vt 0.531250 0.093750
vt 0.531250 0.125000
vt 0.523438 0.125000
vt 0.515625 0.125000
vt 0.539063 0.062500
vt 0.539063 0.093750
vt 0.546875 0.062500
vt 0.546875 0.093750
vt 0.546875 0.125000
vt 0.539063 0.125000
vt 0.523438 0.156250
vt 0.515625 0.156250
vt 0.531250 0.156250
vt 0.531250 0.187500
vt 0.523438 0.187500
vt 0.515625 0.187500
vt 0.539063 0.156250
vt 0.546875 0.156250
vt 0.546875 0.187500
vt 0.539063 0.187500
vt 0.507813 0.000000
vt 0.507813 0.031250
vt 0.515625 0.000000
vt 0.515625 0.031250
vt 0.507813 0.062500
vt 0.523438 0.000000
vt 0.523438 0.031250
vt 0.531250 0.000000
vt 0.531250 0.031250
vt 0.539063 0.000000
vt 0.539063 0.031250
vt 0.546875 0.000000
vt 0.546875 0.031250
vt 0.554688 0.000000
vt 0.554688 0.031250
vt 0.554688 0.062500
vt 0.554688 0.093750
vt 0.554688 0.125000
vt 0.554688 0.156250
vt 0.554688 0.187500
vt 0.554688 0.218750
vt 0.546875 0.218750
vt 0.539063 0.218750
vt 0.531250 0.218750
vt 0.523438 0.218750
vt 0.515625 0.218750
vt 0.507813 0.187500
vt 0.507812 0.218750
vt 0.507813 0.125000
vt 0.507812 0.156250
vt 0.507812 0.093750
vt 0.421171 0.718750
vt 0.421171 0.718750
vt 0.421117 0.000000
vt 0.421859 0.000000
vt 0.421859 0.000000
vt 0.421117 0.000000
vt 0.422602 0.000000
vt 0.421859 0.000000
vt 0.593203 0.312500
vt 0.593782 0.312500
vt 0.593782 0.312500
vt 0.593203 0.312500
vt 0.593782 0.312500
vt 0.389550 0.031250
vt 0.389550 0.031250
vt 0.389550 0.031250
vt 0.421195 0.562500
vt 0.421169 0.531250
vt 0.421143 0.500000
vt 0.421169 0.531250
vt 0.594360 0.187500
vt 0.594376 0.218750
vt 0.594360 0.187500
vt 0.594393 0.250000
vt 0.391479 0.031250
vt 0.391479 0.031250
vt 0.391479 0.062500
vt 0.391479 0.062500
vt 0.593194 0.250000
vt 0.593199 0.218750
vt 0.593199 0.218750
vt 0.391177 0.562936
vt 0.390570 0.531498
vt 0.390570 0.531498
vt 0.391177 0.562936
vt 0.390570 0.531498
vt 0.593793 0.250000
vt 0.593793 0.250000
vt 0.421116 0.187500
vt 0.421116 0.156250
vt 0.421116 0.156250
vt 0.421116 0.187500
vt 0.421116 0.156250
vt 0.392432 0.531401
vt 0.392432 0.531401
vt 0.392432 0.531401
vt 0.421860 0.187500
vt 0.421860 0.187500
vt 0.421860 0.187500
vt 0.594376 0.031250
vt 0.594376 0.031250
vt 0.422658 0.687500
vt 0.421927 0.687500
vt 0.421927 0.687500
vt 0.422658 0.687500
vt 0.421927 0.687500
vt 0.389550 0.187500
vt 0.389550 0.156250
vt 0.389550 0.187500
vt 0.422669 0.656250
vt 0.422669 0.656250
vt 0.422669 0.656250
vt 0.391480 0.187500
vt 0.390515 0.187500
vt 0.391480 0.187500
vt 0.390515 0.187500
vt 0.593782 0.187500
vt 0.391480 0.156250
vt 0.391480 0.156250
vt 0.391480 0.156250
vt 0.392065 0.687161
vt 0.392065 0.687161
vt 0.594348 0.156250
vt 0.594348 0.156250
vt 0.594348 0.156250
vt 0.421117 0.093750
vt 0.421117 0.093750
vt 0.421117 0.062500
vt 0.593209 0.093750
vt 0.593209 0.093750
vt 0.421211 0.593750
vt 0.421211 0.593750
vt 0.593775 0.125000
vt 0.593775 0.125000
vt 0.593775 0.125000
vt 0.422601 0.062500
vt 0.422602 0.093750
vt 0.422602 0.093750
vt 0.422602 0.093750
vt 0.421954 0.625000
vt 0.421954 0.625000
vt 0.421859 0.062500
vt 0.421859 0.062500
vt 0.593782 0.062500
vt 0.421928 0.562500
vt 0.421928 0.562500
vt 0.391554 0.593968
vt 0.391554 0.593968
vt 0.391479 0.093750
vt 0.391479 0.093750
vt 0.390515 0.062500
vt 0.390515 0.062500
vt 0.594376 0.968750
vt 0.594376 0.968750
vt 0.594392 1.000000
vt 0.392066 0.562839
vt 0.392065 0.562839
vt 0.593195 1.000000
vt 0.593200 0.968750
vt 0.593200 0.968750
vt 0.593204 0.937500
vt 0.593204 0.937500
vt 0.391716 0.468780
vt 0.391716 0.468780
vt 0.593283 0.812500
vt 0.593555 0.781250
vt 0.593283 0.812500
vt 0.593826 0.750000
vt 0.593826 0.750000
vt 0.593555 0.781250
vt 0.595097 0.750000
vt 0.594771 0.781250
vt 0.594771 0.781250
vt 0.595097 0.750000
vt 0.594771 0.781250
vt 0.593208 0.906250
vt 0.593208 0.906250
vt 0.593208 0.906250
vt 0.422616 0.468750
vt 0.422616 0.468750
vt 0.422616 0.468750
vt 0.593782 0.937500
vt 0.593782 0.937500
vt 0.421131 0.468750
vt 0.421131 0.468750
vt 0.421883 0.500000
vt 0.593248 0.843750
vt 0.593248 0.843750
vt 0.389550 1.000000
vt 0.389550 0.968750
vt 0.389550 0.968750
vt 0.389550 0.937500
vt 0.389550 0.937500
vt 0.422605 0.250000
vt 0.422605 0.281250
vt 0.422605 0.281250
vt 0.422605 0.312500
vt 0.422602 0.968750
vt 0.422602 0.968750
vt 0.422602 1.000000
vt 0.422602 0.968750
vt 0.389550 0.312500
vt 0.389550 0.281250
vt 0.389550 0.281250
vt 0.389550 0.312500
vt 0.389550 0.250000
vt 0.389550 0.250000
vt 0.593864 0.812500
vt 0.593864 0.812500
vt 0.593864 0.812500
vt 0.391480 0.250000
vt 0.391480 0.281250
vt 0.391480 0.281250
vt 0.391480 0.250000
vt 0.391481 0.312500
vt 0.391481 0.312500
vt 0.391480 0.281250
vt 0.421120 0.812500
vt 0.421132 0.781250
vt 0.421132 0.781250
vt 0.421120 0.812500
vt 0.421132 0.781250
vt 0.596430 0.687500
vt 0.595763 0.718750
vt 0.596430 0.687500
vt 0.595763 0.718750
vt 0.421117 0.406250
vt 0.421117 0.406250
vt 0.421115 0.375000
vt 0.421115 0.375000
vt 0.421117 0.406250
vt 0.594423 0.718750
vt 0.594423 0.718750
vt 0.594423 0.718750
vt 0.389591 0.812500
vt 0.389777 0.781220
vt 0.389777 0.781220
vt 0.389591 0.812500
vt 0.389964 0.749941
vt 0.389777 0.781220
vt 0.594461 0.750000
vt 0.594461 0.750000
vt 0.422605 0.375000
vt 0.422606 0.406250
vt 0.422606 0.406250
vt 0.422605 0.375000
vt 0.391908 0.749940
vt 0.391715 0.781220
vt 0.391715 0.781220
vt 0.391908 0.749940
vt 0.391522 0.812500
vt 0.391522 0.812500
vt 0.391715 0.781220
vt 0.595018 0.562500
vt 0.594422 0.531250
vt 0.594421 0.531250
vt 0.593824 0.500000
vt 0.594421 0.531250
vt 0.389570 0.406250
vt 0.389570 0.406250
vt 0.389550 0.375000
vt 0.389550 0.375000
vt 0.421116 0.906250
vt 0.421116 0.906250
vt 0.421116 0.875000
vt 0.421116 0.906250
vt 0.595097 0.500000
vt 0.595764 0.531250
vt 0.595764 0.531250
vt 0.596430 0.562500
vt 0.595764 0.531250
vt 0.155363 0.584513
vt 0.150175 0.604296
vt 0.147395 0.603468
vt 0.152541 0.582930
vt 0.148458 0.625000
vt 0.145709 0.625000
vt 0.142547 0.625000
vt 0.144141 0.602341
vt 0.149099 0.580777
vt 0.150175 0.645704
vt 0.147395 0.646532
vt 0.155363 0.665487
vt 0.152541 0.667070
vt 0.149099 0.669223
vt 0.144141 0.647659
vt 0.140254 0.600820
vt 0.144777 0.577821
vt 0.138841 0.625000
vt 0.134606 0.625000
vt 0.135695 0.598846
vt 0.139287 0.573770
vt 0.140254 0.649180
vt 0.144777 0.672179
vt 0.139287 0.676230
vt 0.135695 0.651154
vt 0.180125 0.555125
vt 0.168501 0.569753
vt 0.166381 0.568266
vt 0.178273 0.553273
vt 0.160111 0.586775
vt 0.157814 0.585735
vt 0.164051 0.566547
vt 0.176178 0.551178
vt 0.155066 0.605465
vt 0.152672 0.604930
vt 0.153385 0.625000
vt 0.150962 0.625000
vt 0.155066 0.644535
vt 0.152672 0.645070
vt 0.160111 0.663225
vt 0.157813 0.664265
vt 0.168501 0.680247
vt 0.166381 0.681734
vt 0.180125 0.694875
vt 0.178273 0.696727
vt 0.176178 0.698822
vt 0.164051 0.683454
vt 0.161256 0.685649
vt 0.173570 0.701430
vt 0.170093 0.704907
vt 0.157676 0.688626
vt 0.152886 0.692797
vt 0.165238 0.709762
vt 0.157964 0.717036
vt 0.146125 0.698925
vt 0.136702 0.707702
vt 0.132509 0.681515
vt 0.146721 0.728279
vt 0.125000 0.750000
vt 0.125000 0.718750
vt 0.125000 0.687500
vt 0.130517 0.653577
vt 0.129923 0.625000
vt 0.125000 0.656250
vt 0.125000 0.625000
vt 0.130517 0.596423
vt 0.132509 0.568486
vt 0.125000 0.593750
vt 0.125000 0.562500
vt 0.157964 0.532964
vt 0.146125 0.551075
vt 0.136702 0.542299
vt 0.146721 0.521721
vt 0.125000 0.531250
vt 0.125000 0.500000
vt 0.170093 0.545093
vt 0.157676 0.561374
vt 0.152886 0.557203
vt 0.165238 0.540238
vt 0.161256 0.564352
vt 0.173570 0.548570
vt 0.290497 0.530363
vt 0.270708 0.525175
vt 0.271540 0.522395
vt 0.292094 0.527541
vt 0.250001 0.523458
vt 0.250002 0.520709
vt 0.250004 0.517547
vt 0.272673 0.519141
vt 0.294269 0.524101
vt 0.229296 0.525175
vt 0.228468 0.522395
vt 0.209513 0.530363
vt 0.207930 0.527541
vt 0.205777 0.524099
vt 0.227342 0.519141
vt 0.274201 0.515254
vt 0.297249 0.519782
vt 0.250005 0.513841
vt 0.250005 0.509606
vt 0.276176 0.510696
vt 0.301306 0.514294
vt 0.225821 0.515254
vt 0.202821 0.519777
vt 0.198770 0.514287
vt 0.223847 0.510695
vt 0.319879 0.555125
vt 0.305249 0.543501
vt 0.306742 0.541381
vt 0.321743 0.553273
vt 0.288226 0.535111
vt 0.289268 0.532814
vt 0.308478 0.539051
vt 0.323870 0.551178
vt 0.269536 0.530066
vt 0.270071 0.527672
vt 0.250000 0.528385
vt 0.250000 0.525962
vt 0.230465 0.530066
vt 0.229930 0.527672
vt 0.211775 0.535111
vt 0.210735 0.532814
vt 0.194753 0.543501
vt 0.193266 0.541381
vt 0.191547 0.539051
vt 0.189352 0.536256
vt 0.186374 0.532676
vt 0.182203 0.527886
vt 0.176075 0.521125
vt 0.167299 0.511702
vt 0.193486 0.507509
vt 0.156250 0.500000
vt 0.187500 0.500000
vt 0.221423 0.505517
vt 0.250003 0.504923
vt 0.218750 0.500000
vt 0.250000 0.500000
vt 0.278591 0.505517
vt 0.306563 0.507513
vt 0.281250 0.500000
vt 0.312500 0.500000
vt 0.342522 0.533101
vt 0.324129 0.521159
vt 0.332847 0.511739
vt 0.353721 0.522035
vt 0.343750 0.500000
vt 0.375000 0.500000
vt 0.330133 0.545107
vt 0.313738 0.532682
vt 0.317974 0.527905
vt 0.335132 0.540289
vt 0.310707 0.536257
vt 0.326546 0.548572
vt 0.344751 0.665487
vt 0.349964 0.645704
vt 0.352944 0.646530
vt 0.347735 0.667066
vt 0.351691 0.625000
vt 0.354655 0.625000
vt 0.358193 0.625000
vt 0.356546 0.647639
vt 0.351456 0.669193
vt 0.349964 0.604296
vt 0.352944 0.603470
vt 0.344751 0.584513
vt 0.347735 0.582934
vt 0.351456 0.580807
vt 0.356546 0.602361
vt 0.360969 0.649096
vt 0.356199 0.672052
vt 0.362480 0.625000
vt 0.367521 0.625000
vt 0.366253 0.650855
vt 0.362223 0.675789
vt 0.360969 0.600904
vt 0.356199 0.577948
vt 0.362223 0.574211
vt 0.366253 0.599145
vt 0.319879 0.694875
vt 0.331506 0.680247
vt 0.333645 0.681734
vt 0.321743 0.696727
vt 0.339899 0.663225
vt 0.342223 0.664265
vt 0.336029 0.683454
vt 0.323870 0.698822
vt 0.344946 0.644535
vt 0.347373 0.645070
vt 0.346627 0.625000
vt 0.349086 0.625000
vt 0.344946 0.605465
vt 0.347373 0.604930
vt 0.339899 0.586775
vt 0.342223 0.585735
vt 0.331506 0.569753
vt 0.333645 0.568266
vt 0.336029 0.566547
vt 0.338937 0.564355
vt 0.342710 0.561400
vt 0.347775 0.557305
vt 0.354840 0.551407
vt 0.364401 0.543362
vt 0.369543 0.569753
vt 0.375047 0.535449
vt 0.377227 0.565894
vt 0.372318 0.597229
vt 0.373226 0.625000
vt 0.378755 0.595588
vt 0.379309 0.625000
vt 0.372318 0.652771
vt 0.369543 0.680248
vt 0.378755 0.654412
vt 0.377227 0.684106
vt 0.342521 0.716899
vt 0.354840 0.698593
vt 0.364401 0.706638
vt 0.353721 0.727966
vt 0.375047 0.714551
vt 0.375000 0.750000
vt 0.330133 0.704893
vt 0.342710 0.688601
vt 0.347775 0.692695
vt 0.335132 0.709711
vt 0.338937 0.685645
vt 0.326546 0.701429
vt 0.209513 0.719638
vt 0.229296 0.724825
vt 0.228468 0.727605
vt 0.207930 0.722459
vt 0.250001 0.726542
vt 0.250002 0.729291
vt 0.250004 0.732453
vt 0.227342 0.730859
vt 0.205777 0.725901
vt 0.270708 0.724825
vt 0.271540 0.727605
vt 0.290497 0.719638
vt 0.292094 0.722459
vt 0.294269 0.725899
vt 0.272673 0.730859
vt 0.225821 0.734746
vt 0.202821 0.730223
vt 0.250005 0.736159
vt 0.250005 0.740394
vt 0.223847 0.739305
vt 0.198770 0.735713
vt 0.274201 0.734746
vt 0.297249 0.730218
vt 0.301306 0.735706
vt 0.276176 0.739304
vt 0.194753 0.706499
vt 0.193266 0.708620
vt 0.211775 0.714889
vt 0.210735 0.717187
vt 0.191547 0.710949
vt 0.230465 0.719934
vt 0.229930 0.722328
vt 0.250000 0.721615
vt 0.250000 0.724038
vt 0.269536 0.719934
vt 0.270071 0.722328
vt 0.288226 0.714889
vt 0.289268 0.717187
vt 0.305249 0.706499
vt 0.306742 0.708620
vt 0.308478 0.710949
vt 0.310707 0.713743
vt 0.313738 0.717318
vt 0.317974 0.722095
vt 0.324129 0.728841
vt 0.332847 0.738261
vt 0.306563 0.742487
vt 0.343750 0.750000
vt 0.312500 0.750000
vt 0.278591 0.744483
vt 0.250003 0.745077
vt 0.281250 0.750000
vt 0.250000 0.750000
vt 0.221423 0.744483
vt 0.193486 0.742492
vt 0.218750 0.750000
vt 0.187500 0.750000
vt 0.176075 0.728875
vt 0.167299 0.738298
vt 0.156250 0.750000
vt 0.186374 0.717324
vt 0.182203 0.722114
vt 0.189352 0.713744
vt 0.224902 0.599902
vt 0.237119 0.599152
vt 0.236773 0.611774
vt 0.224152 0.612119
vt 0.250000 0.598840
vt 0.250000 0.611624
vt 0.250000 0.625000
vt 0.236624 0.625000
vt 0.223840 0.625000
vt 0.262881 0.599152
vt 0.263227 0.611774
vt 0.275098 0.599902
vt 0.275848 0.612119
vt 0.276160 0.625000
vt 0.263376 0.625000
vt 0.236773 0.638227
vt 0.224152 0.637881
vt 0.250000 0.638377
vt 0.250000 0.651160
vt 0.237119 0.650848
vt 0.224902 0.650098
vt 0.263227 0.638227
vt 0.275848 0.637881
vt 0.275098 0.650098
vt 0.262881 0.650848
vt 0.210045 0.585045
vt 0.216406 0.582429
vt 0.215545 0.590545
vt 0.207429 0.591406
vt 0.226150 0.579744
vt 0.225755 0.588967
vt 0.213967 0.600755
vt 0.204744 0.601150
vt 0.237653 0.577879
vt 0.237489 0.587707
vt 0.250000 0.577188
vt 0.250000 0.587212
vt 0.262347 0.577879
vt 0.262511 0.587707
vt 0.273850 0.579745
vt 0.274245 0.588967
vt 0.283594 0.582429
vt 0.284455 0.590545
vt 0.289955 0.585045
vt 0.292571 0.591406
vt 0.295256 0.601150
vt 0.286033 0.600755
vt 0.287293 0.612489
vt 0.297121 0.612653
vt 0.297812 0.625000
vt 0.287788 0.625000
vt 0.287293 0.637511
vt 0.297121 0.637347
vt 0.295256 0.648850
vt 0.286033 0.649245
vt 0.284455 0.659455
vt 0.274245 0.661033
vt 0.292571 0.658594
vt 0.262511 0.662293
vt 0.250000 0.662788
vt 0.237489 0.662293
vt 0.225755 0.661033
vt 0.204744 0.648850
vt 0.213967 0.649245
vt 0.215545 0.659455
vt 0.207429 0.658594
vt 0.202188 0.625000
vt 0.212212 0.625000
vt 0.212707 0.637511
vt 0.202879 0.637347
vt 0.212707 0.612489
vt 0.202879 0.612653
vt 0.221167 0.557146
vt 0.235266 0.553327
vt 0.235491 0.554425
vt 0.221608 0.558187
vt 0.250000 0.552054
vt 0.250000 0.553170
vt 0.250000 0.555154
vt 0.235864 0.556373
vt 0.222347 0.560024
vt 0.264734 0.553327
vt 0.264509 0.554424
vt 0.278833 0.557146
vt 0.278392 0.558187
vt 0.277653 0.560024
vt 0.264136 0.556373
vt 0.236388 0.559445
vt 0.223397 0.562895
vt 0.250000 0.558290
vt 0.250000 0.562850
vt 0.236958 0.563898
vt 0.224589 0.566985
vt 0.263612 0.559445
vt 0.276603 0.562895
vt 0.275412 0.566985
vt 0.263042 0.563898
vt 0.196755 0.571755
vt 0.207816 0.562703
vt 0.207997 0.563008
vt 0.196891 0.571891
vt 0.219996 0.554705
vt 0.220881 0.556505
vt 0.208322 0.563493
vt 0.197277 0.572277
vt 0.234998 0.552134
vt 0.235138 0.552730
vt 0.250000 0.549562
vt 0.250000 0.551376
vt 0.265002 0.552134
vt 0.264863 0.552730
vt 0.280004 0.554705
vt 0.279120 0.556504
vt 0.292434 0.562421
vt 0.292040 0.562970
vt 0.304864 0.570136
vt 0.303246 0.571755
vt 0.302723 0.572277
vt 0.291679 0.563493
vt 0.291039 0.564437
vt 0.301914 0.573086
vt 0.300520 0.574480
vt 0.289955 0.566086
vt 0.288376 0.568616
vt 0.298436 0.576564
vt 0.295765 0.579236
vt 0.286477 0.572067
vt 0.284590 0.576517
vt 0.274343 0.572494
vt 0.292699 0.582301
vt 0.262562 0.569974
vt 0.250000 0.569090
vt 0.237439 0.569974
vt 0.225657 0.572494
vt 0.204235 0.579235
vt 0.213523 0.572067
vt 0.215410 0.576517
vt 0.207301 0.582301
vt 0.199480 0.574480
vt 0.210045 0.566086
vt 0.211624 0.568616
vt 0.201564 0.576564
vt 0.208961 0.564437
vt 0.198086 0.573086
vt 0.317854 0.596167
vt 0.321673 0.610266
vt 0.320576 0.610491
vt 0.316813 0.596608
vt 0.322947 0.625000
vt 0.321830 0.625000
vt 0.319846 0.625000
vt 0.318627 0.610865
vt 0.314976 0.597347
vt 0.321673 0.639734
vt 0.320576 0.639509
vt 0.317854 0.653833
vt 0.316813 0.653392
vt 0.314976 0.652654
vt 0.318627 0.639136
vt 0.315555 0.611388
vt 0.312105 0.598397
vt 0.316710 0.625000
vt 0.312150 0.625000
vt 0.311103 0.611958
vt 0.308015 0.599589
vt 0.315555 0.638613
vt 0.312105 0.651603
vt 0.308015 0.650412
vt 0.311103 0.638042
vt 0.312580 0.582566
vt 0.312031 0.582960
vt 0.320295 0.594996
vt 0.318495 0.595880
vt 0.311507 0.583322
vt 0.322558 0.610027
vt 0.322228 0.610139
vt 0.323659 0.625000
vt 0.323473 0.625000
vt 0.322558 0.639973
vt 0.322228 0.639861
vt 0.320295 0.655004
vt 0.318495 0.654120
vt 0.312580 0.667434
vt 0.312031 0.667040
vt 0.311507 0.666679
vt 0.310563 0.666040
vt 0.308914 0.664955
vt 0.306384 0.663376
vt 0.302933 0.661477
vt 0.298483 0.659591
vt 0.302506 0.649343
vt 0.305026 0.637562
vt 0.305911 0.625000
vt 0.305026 0.612439
vt 0.302506 0.600657
vt 0.302933 0.588523
vt 0.298483 0.590410
vt 0.308914 0.585045
vt 0.306385 0.586624
vt 0.310563 0.583961
vt 0.182146 0.653833
vt 0.178327 0.639734
vt 0.179424 0.639509
vt 0.183187 0.653392
vt 0.177054 0.625000
vt 0.178170 0.625000
vt 0.180154 0.625000
vt 0.181373 0.639136
vt 0.185024 0.652654
vt 0.178327 0.610266
vt 0.179424 0.610491
vt 0.182146 0.596167
vt 0.183187 0.596608
vt 0.185024 0.597347
vt 0.181373 0.610865
vt 0.184445 0.638612
vt 0.187895 0.651603
vt 0.183290 0.625000
vt 0.187850 0.625000
vt 0.188898 0.638042
vt 0.191985 0.650412
vt 0.184445 0.611388
vt 0.187895 0.598397
vt 0.191985 0.599589
vt 0.188898 0.611958
vt 0.187886 0.667093
vt 0.188045 0.666985
vt 0.181480 0.654121
vt 0.181654 0.654046
vt 0.188493 0.666679
vt 0.177442 0.639881
vt 0.177772 0.639843
vt 0.174562 0.625000
vt 0.176378 0.625000
vt 0.177134 0.609998
vt 0.177730 0.610138
vt 0.179705 0.594996
vt 0.181505 0.595881
vt 0.187703 0.582816
vt 0.188008 0.582997
vt 0.188493 0.583322
vt 0.189437 0.583961
vt 0.191086 0.585045
vt 0.193616 0.586624
vt 0.197067 0.588523
vt 0.201517 0.590410
vt 0.197494 0.600657
vt 0.194974 0.612439
vt 0.194090 0.625000
vt 0.194974 0.637562
vt 0.197494 0.649343
vt 0.197067 0.661477
vt 0.201517 0.659591
vt 0.191086 0.664955
vt 0.193616 0.663376
vt 0.189437 0.666039
vt 0.219996 0.554705
vt 0.235016 0.552384
vt 0.235087 0.552527
vt 0.220782 0.556277
vt 0.250000 0.551276
vt 0.250000 0.551276
vt 0.235105 0.552562
vt 0.220853 0.556420
vt 0.179705 0.655004
vt 0.187421 0.667434
vt 0.187763 0.667181
vt 0.181277 0.654218
vt 0.195136 0.679864
vt 0.196577 0.678424
vt 0.196707 0.678293
vt 0.187831 0.667130
vt 0.181420 0.654147
vt 0.250000 0.700438
vt 0.264984 0.697795
vt 0.264913 0.697509
vt 0.250000 0.698867
vt 0.280004 0.695295
vt 0.279218 0.693723
vt 0.279147 0.693580
vt 0.264895 0.697438
vt 0.250000 0.698724
vt 0.304864 0.570136
vt 0.312580 0.582566
vt 0.312237 0.582819
vt 0.303424 0.571577
vt 0.320295 0.594996
vt 0.318723 0.595782
vt 0.318580 0.595854
vt 0.312169 0.582870
vt 0.303293 0.571708
vt 0.280004 0.695295
vt 0.264913 0.697509
vt 0.250000 0.700438
vt 0.250000 0.698867
vt 0.250000 0.698724
vt 0.264895 0.697438
vt 0.279147 0.693580
vt 0.318580 0.595854
vt 0.312169 0.582870
vt 0.312169 0.582870
vt 0.303293 0.571708
vt 0.303293 0.571708
vt 0.323724 0.625000
vt 0.322438 0.639895
vt 0.322438 0.639895
vt 0.323724 0.625000
vt 0.318580 0.654147
vt 0.279147 0.556420
vt 0.292130 0.562831
vt 0.292131 0.562832
vt 0.303293 0.571708
vt 0.318580 0.595854
vt 0.322438 0.610105
vt 0.322438 0.610105
vt 0.196707 0.678293
vt 0.207870 0.687169
vt 0.220853 0.693580
vt 0.220853 0.693580
vt 0.292130 0.562832
vt 0.279147 0.556420
vt 0.196707 0.571707
vt 0.207870 0.562831
vt 0.207870 0.562831
vt 0.196707 0.571707
vt 0.220853 0.556420
vt 0.318580 0.654147
vt 0.322438 0.639895
vt 0.323724 0.625000
vt 0.187831 0.667131
vt 0.187831 0.667130
vt 0.196707 0.678293
vt 0.181420 0.654147
vt 0.207870 0.687169
vt 0.207870 0.687169
vt 0.220853 0.693580
vt 0.264895 0.552562
vt 0.264895 0.552562
vt 0.264895 0.697438
vt 0.250000 0.698724
vt 0.279147 0.693580
vt 0.279147 0.693580
vt 0.264895 0.697438
vt 0.250000 0.698724
vt 0.196707 0.571708
vt 0.187831 0.582870
vt 0.187831 0.582870
vt 0.196707 0.571708
vt 0.181420 0.595854
vt 0.181420 0.595854
vt 0.303293 0.678293
vt 0.292130 0.687169
vt 0.303293 0.678293
vt 0.279147 0.556420
vt 0.292130 0.687169
vt 0.292131 0.687169
vt 0.265002 0.552134
vt 0.264913 0.552491
vt 0.250000 0.551134
vt 0.280004 0.554705
vt 0.279218 0.556277
vt 0.264895 0.552562
vt 0.250000 0.551276
vt 0.322617 0.610016
vt 0.322474 0.610088
vt 0.320295 0.594996
vt 0.318723 0.595782
vt 0.322438 0.610105
vt 0.179705 0.655004
vt 0.177134 0.640002
vt 0.177491 0.639913
vt 0.181277 0.654218
vt 0.174562 0.625000
vt 0.176133 0.625000
vt 0.176276 0.625000
vt 0.177562 0.639895
vt 0.220853 0.556420
vt 0.235105 0.552384
vt 0.235105 0.552527
vt 0.220853 0.556420
vt 0.235105 0.552562
vt 0.179705 0.594996
vt 0.177134 0.609998
vt 0.177491 0.610088
vt 0.181277 0.595782
vt 0.174562 0.625000
vt 0.176133 0.625000
vt 0.176276 0.625000
vt 0.177562 0.610105
vt 0.279147 0.556420
vt 0.264895 0.552562
vt 0.279147 0.556420
vt 0.250000 0.551276
vt 0.250000 0.551276
vt 0.174562 0.625000
vt 0.177134 0.609998
vt 0.177491 0.610087
vt 0.176133 0.625000
vt 0.179705 0.594996
vt 0.181277 0.595782
vt 0.181420 0.595853
vt 0.177562 0.610105
vt 0.176276 0.625000
vt 0.325438 0.625000
vt 0.322617 0.639895
vt 0.322474 0.639895
vt 0.323867 0.625000
vt 0.322438 0.639895
vt 0.279147 0.693580
vt 0.264895 0.697438
vt 0.264895 0.697438
vt 0.250000 0.698724
vt 0.177134 0.640002
vt 0.177491 0.639913
vt 0.177562 0.639895
vt 0.325438 0.625000
vt 0.322617 0.610105
vt 0.322474 0.610105
vt 0.318580 0.595854
vt 0.235105 0.552562
vt 0.235105 0.552562
vt 0.220853 0.556420
vt 0.220853 0.556420
vt 0.220853 0.556420
vt 0.219996 0.695295
vt 0.234998 0.697867
vt 0.235087 0.697510
vt 0.220782 0.693723
vt 0.235105 0.697438
vt 0.220853 0.693580
vt 0.179705 0.655004
vt 0.177134 0.640002
vt 0.181277 0.654218
vt 0.177562 0.639895
vt 0.322867 0.609998
vt 0.322509 0.610087
vt 0.322438 0.610105
vt 0.234998 0.697867
vt 0.235087 0.697510
vt 0.220782 0.693723
vt 0.235105 0.697438
vt 0.312169 0.582870
vt 0.312169 0.582870
vt 0.303293 0.571707
vt 0.303293 0.571707
vt 0.195136 0.679864
vt 0.187489 0.667383
vt 0.187763 0.667181
vt 0.196577 0.678424
vt 0.187831 0.667130
vt 0.196707 0.678293
vt 0.292434 0.687580
vt 0.292181 0.687237
vt 0.304864 0.679864
vt 0.303424 0.678424
vt 0.187831 0.582870
vt 0.187831 0.582870
vt 0.181420 0.595853
vt 0.207870 0.562831
vt 0.207870 0.562832
vt 0.235105 0.697438
vt 0.235105 0.697438
vt 0.220853 0.693580
vt 0.318580 0.595854
vt 0.318580 0.595853
vt 0.312169 0.667130
vt 0.312169 0.667130
vt 0.250000 0.698724
vt 0.207870 0.687169
vt 0.207870 0.687169
vt 0.196708 0.678293
vt 0.312169 0.667130
vt 0.181420 0.654147
vt 0.187831 0.667131
vt 0.322438 0.610106
vt 0.177562 0.639895
vt 0.176276 0.625000
vt 0.177562 0.639895
vt 0.187831 0.582870
vt 0.187831 0.582870
vt 0.181420 0.595854
vt 0.177562 0.639895
vt 0.181420 0.654147
vt 0.322438 0.639895
vt 0.177384 0.639895
vt 0.177526 0.639895
vt 0.181420 0.654147
vt 0.234998 0.552134
vt 0.235087 0.552491
vt 0.219996 0.554705
vt 0.220782 0.556277
vt 0.235105 0.552562
vt 0.235016 0.697616
vt 0.235087 0.697474
vt 0.219996 0.695295
vt 0.220782 0.693723
vt 0.235105 0.697438
vt 0.320295 0.655004
vt 0.322867 0.640002
vt 0.322509 0.639913
vt 0.318723 0.654218
vt 0.250000 0.700438
vt 0.265002 0.697867
vt 0.264913 0.697509
vt 0.250000 0.698867
vt 0.279914 0.695387
vt 0.265287 0.699346
vt 0.265132 0.698591
vt 0.279611 0.694672
vt 0.250000 0.700666
vt 0.250000 0.699897
vt 0.250000 0.699371
vt 0.265026 0.698074
vt 0.279403 0.694182
vt 0.234713 0.699346
vt 0.234868 0.698591
vt 0.220086 0.695387
vt 0.220390 0.694672
vt 0.220598 0.694182
vt 0.234975 0.698074
vt 0.264959 0.697748
vt 0.279271 0.693874
vt 0.250000 0.699039
vt 0.250000 0.698853
vt 0.264921 0.697565
vt 0.279198 0.693701
vt 0.235042 0.697748
vt 0.220729 0.693874
vt 0.220802 0.693701
vt 0.235079 0.697565
vt 0.306455 0.681455
vt 0.294631 0.690858
vt 0.293844 0.689697
vt 0.305460 0.680460
vt 0.280876 0.697650
vt 0.280332 0.696370
vt 0.293240 0.688806
vt 0.304696 0.679696
vt 0.265779 0.701737
vt 0.265501 0.700384
vt 0.250000 0.703099
vt 0.250000 0.701723
vt 0.234221 0.701737
vt 0.234499 0.700384
vt 0.219124 0.697650
vt 0.219668 0.696370
vt 0.205369 0.690858
vt 0.206156 0.689697
vt 0.193545 0.681455
vt 0.194540 0.680460
vt 0.195304 0.679696
vt 0.206760 0.688806
vt 0.207199 0.688158
vt 0.195859 0.679141
vt 0.196240 0.678761
vt 0.207500 0.687715
vt 0.207689 0.687435
vt 0.196479 0.678521
vt 0.196614 0.678386
vt 0.207796 0.687278
vt 0.207796 0.687271
vt 0.220766 0.693761
vt 0.196547 0.678453
vt 0.195136 0.679864
vt 0.207566 0.687580
vt 0.235079 0.697549
vt 0.250000 0.698907
vt 0.250000 0.700438
vt 0.264921 0.697549
vt 0.279234 0.693761
vt 0.280004 0.695295
vt 0.303386 0.678386
vt 0.292204 0.687278
vt 0.292172 0.687240
vt 0.303323 0.678323
vt 0.292226 0.687356
vt 0.303300 0.678300
vt 0.303761 0.678761
vt 0.292500 0.687715
vt 0.292311 0.687435
vt 0.303521 0.678521
vt 0.292801 0.688158
vt 0.304141 0.679141
vt 0.220086 0.554613
vt 0.234713 0.550654
vt 0.234868 0.551409
vt 0.220390 0.555328
vt 0.250000 0.549334
vt 0.250000 0.550103
vt 0.250000 0.550629
vt 0.234975 0.551926
vt 0.220598 0.555818
vt 0.265287 0.550654
vt 0.265132 0.551409
vt 0.279914 0.554613
vt 0.279611 0.555328
vt 0.279403 0.555818
vt 0.265026 0.551926
vt 0.235042 0.552252
vt 0.220729 0.556126
vt 0.250000 0.550961
vt 0.250000 0.551147
vt 0.235079 0.552435
vt 0.220802 0.556299
vt 0.264959 0.552252
vt 0.279271 0.556126
vt 0.279198 0.556300
vt 0.264921 0.552435
vt 0.193545 0.568545
vt 0.205369 0.559142
vt 0.206156 0.560303
vt 0.194540 0.569540
vt 0.219124 0.552350
vt 0.219668 0.553630
vt 0.206760 0.561194
vt 0.195304 0.570304
vt 0.234221 0.548263
vt 0.234499 0.549616
vt 0.250000 0.546901
vt 0.250000 0.548278
vt 0.265779 0.548263
vt 0.265501 0.549616
vt 0.280876 0.552350
vt 0.280332 0.553630
vt 0.294631 0.559142
vt 0.293844 0.560303
vt 0.306455 0.568545
vt 0.305460 0.569540
vt 0.304696 0.570304
vt 0.293240 0.561194
vt 0.292801 0.561842
vt 0.304141 0.570859
vt 0.303761 0.571240
vt 0.292500 0.562286
vt 0.292311 0.562565
vt 0.303521 0.571479
vt 0.303386 0.571614
vt 0.292204 0.562722
vt 0.292187 0.562764
vt 0.279163 0.556381
vt 0.303453 0.571547
vt 0.304864 0.570136
vt 0.292300 0.562659
vt 0.279151 0.556410
vt 0.264903 0.552521
vt 0.250000 0.551235
vt 0.264897 0.552552
vt 0.250000 0.551266
vt 0.235079 0.552486
vt 0.220766 0.556239
vt 0.235014 0.552374
vt 0.196614 0.571614
vt 0.207796 0.562722
vt 0.207796 0.562729
vt 0.196547 0.571547
vt 0.207566 0.562421
vt 0.195136 0.570136
vt 0.196240 0.571240
vt 0.207500 0.562286
vt 0.207689 0.562565
vt 0.196479 0.571479
vt 0.207199 0.561842
vt 0.195859 0.570859
vt 0.320387 0.595086
vt 0.324346 0.609713
vt 0.323591 0.609868
vt 0.319672 0.595390
vt 0.325666 0.625000
vt 0.324897 0.625000
vt 0.324371 0.625000
vt 0.323074 0.609975
vt 0.319182 0.595598
vt 0.324346 0.640287
vt 0.323591 0.640132
vt 0.320387 0.654914
vt 0.319672 0.654611
vt 0.319182 0.654403
vt 0.323074 0.640026
vt 0.322748 0.610042
vt 0.318874 0.595729
vt 0.324039 0.625000
vt 0.323853 0.625000
vt 0.322565 0.610079
vt 0.318701 0.595802
vt 0.322748 0.639959
vt 0.318874 0.654271
vt 0.318701 0.654198
vt 0.322565 0.639921
vt 0.315858 0.580369
vt 0.314697 0.581156
vt 0.322650 0.594124
vt 0.321370 0.594668
vt 0.313806 0.581760
vt 0.326737 0.609221
vt 0.325384 0.609500
vt 0.328099 0.625000
vt 0.326722 0.625000
vt 0.326737 0.640779
vt 0.325384 0.640501
vt 0.322650 0.655876
vt 0.321370 0.655332
vt 0.315858 0.669631
vt 0.314697 0.668844
vt 0.313806 0.668240
vt 0.313158 0.667801
vt 0.312715 0.667500
vt 0.312435 0.667311
vt 0.312278 0.667204
vt 0.312204 0.667154
vt 0.318619 0.654163
vt 0.312178 0.667137
vt 0.318590 0.654151
vt 0.322514 0.639903
vt 0.323907 0.625000
vt 0.322626 0.639897
vt 0.325438 0.625000
vt 0.322549 0.610079
vt 0.318761 0.595766
vt 0.322867 0.609998
vt 0.320295 0.594996
vt 0.312278 0.582796
vt 0.312271 0.582796
vt 0.312715 0.582500
vt 0.312435 0.582689
vt 0.313158 0.582199
vt 0.179613 0.654914
vt 0.175654 0.640287
vt 0.176409 0.640132
vt 0.180328 0.654611
vt 0.174334 0.625000
vt 0.175103 0.625000
vt 0.175629 0.625000
vt 0.176926 0.640026
vt 0.180818 0.654403
vt 0.175654 0.609713
vt 0.176409 0.609868
vt 0.179613 0.595086
vt 0.180328 0.595390
vt 0.180818 0.595598
vt 0.176926 0.609975
vt 0.177252 0.639959
vt 0.181126 0.654271
vt 0.175961 0.625000
vt 0.176147 0.625000
vt 0.177435 0.639921
vt 0.181299 0.654198
vt 0.177252 0.610042
vt 0.181126 0.595729
vt 0.181299 0.595802
vt 0.177435 0.610079
vt 0.184142 0.669631
vt 0.185303 0.668844
vt 0.177350 0.655876
vt 0.178630 0.655332
vt 0.186194 0.668240
vt 0.173263 0.640779
vt 0.174616 0.640501
vt 0.171901 0.625000
vt 0.173278 0.625000
vt 0.173263 0.609221
vt 0.174616 0.609500
vt 0.177350 0.594124
vt 0.178630 0.594668
vt 0.184142 0.580369
vt 0.185303 0.581156
vt 0.186194 0.581760
vt 0.186842 0.582199
vt 0.187285 0.582500
vt 0.187565 0.582689
vt 0.187722 0.582796
vt 0.187728 0.582796
vt 0.181239 0.595766
vt 0.187481 0.582611
vt 0.179705 0.594996
vt 0.177451 0.610079
vt 0.176093 0.625000
vt 0.177134 0.609998
vt 0.174562 0.625000
vt 0.177451 0.639921
vt 0.181239 0.654234
vt 0.187722 0.667204
vt 0.187728 0.667205
vt 0.187481 0.667389
vt 0.187285 0.667500
vt 0.187565 0.667311
vt 0.186842 0.667801
vt 0.217652 0.701112
vt 0.233469 0.705393
vt 0.233014 0.707607
vt 0.216762 0.703208
vt 0.250000 0.706820
vt 0.250000 0.709073
vt 0.250000 0.711501
vt 0.232524 0.709993
vt 0.215802 0.705467
vt 0.266531 0.705393
vt 0.266986 0.707607
vt 0.282348 0.701112
vt 0.283238 0.703208
vt 0.284198 0.705466
vt 0.267476 0.709993
vt 0.232012 0.712481
vt 0.214800 0.707823
vt 0.250000 0.714034
vt 0.250000 0.716601
vt 0.231493 0.715003
vt 0.213786 0.710210
vt 0.267988 0.712481
vt 0.285200 0.707823
vt 0.286214 0.710210
vt 0.268507 0.715003
vt 0.204391 0.692302
vt 0.192307 0.682693
vt 0.218447 0.699243
vt 0.203243 0.693996
vt 0.190855 0.684145
vt 0.233875 0.703419
vt 0.250000 0.704811
vt 0.266125 0.703419
vt 0.281553 0.699243
vt 0.295609 0.692302
vt 0.307693 0.682693
vt 0.309145 0.684145
vt 0.296757 0.693996
vt 0.298045 0.695896
vt 0.310774 0.685774
vt 0.312529 0.687529
vt 0.299432 0.697944
vt 0.300880 0.700080
vt 0.314360 0.689360
vt 0.316215 0.691216
vt 0.302347 0.702244
vt 0.303801 0.704387
vt 0.287221 0.712572
vt 0.318055 0.693054
vt 0.269021 0.717497
vt 0.250000 0.719138
vt 0.230979 0.717497
vt 0.212779 0.712572
vt 0.183785 0.691216
vt 0.197653 0.702244
vt 0.196199 0.704387
vt 0.181946 0.693054
vt 0.187471 0.687529
vt 0.200568 0.697944
vt 0.199120 0.700080
vt 0.185640 0.689360
vt 0.201955 0.695896
vt 0.189226 0.685774
vt 0.326112 0.657348
vt 0.330393 0.641531
vt 0.332607 0.641986
vt 0.328208 0.658238
vt 0.331820 0.625000
vt 0.334073 0.625000
vt 0.336501 0.625000
vt 0.334993 0.642476
vt 0.330466 0.659198
vt 0.330393 0.608470
vt 0.332607 0.608015
vt 0.326112 0.592652
vt 0.328208 0.591762
vt 0.330466 0.590802
vt 0.334993 0.607524
vt 0.337481 0.642988
vt 0.332823 0.660200
vt 0.339034 0.625000
vt 0.341601 0.625000
vt 0.340003 0.643507
vt 0.335210 0.661214
vt 0.337481 0.607012
vt 0.332823 0.589801
vt 0.335210 0.588786
vt 0.340003 0.606494
vt 0.317302 0.670609
vt 0.324243 0.656553
vt 0.318996 0.671757
vt 0.328419 0.641125
vt 0.329811 0.625000
vt 0.328419 0.608876
vt 0.324243 0.593447
vt 0.317302 0.579391
vt 0.307693 0.567307
vt 0.309145 0.565855
vt 0.318996 0.578243
vt 0.320896 0.576955
vt 0.310774 0.564226
vt 0.312529 0.562471
vt 0.322944 0.575568
vt 0.325080 0.574120
vt 0.314360 0.560640
vt 0.316215 0.558785
vt 0.327244 0.572654
vt 0.329388 0.571199
vt 0.337574 0.587779
vt 0.318055 0.556946
vt 0.342499 0.605979
vt 0.344140 0.625000
vt 0.342498 0.644021
vt 0.337574 0.662221
vt 0.327244 0.677347
vt 0.329388 0.678801
vt 0.322944 0.674432
vt 0.325080 0.675880
vt 0.320896 0.673045
vt 0.282348 0.548888
vt 0.266531 0.544607
vt 0.266986 0.542393
vt 0.283238 0.546793
vt 0.250000 0.543180
vt 0.250000 0.540927
vt 0.250000 0.538499
vt 0.267476 0.540008
vt 0.284198 0.544534
vt 0.233469 0.544607
vt 0.233014 0.542393
vt 0.217652 0.548888
vt 0.216762 0.546793
vt 0.215802 0.544534
vt 0.232524 0.540007
vt 0.267988 0.537519
vt 0.285200 0.542177
vt 0.250000 0.535966
vt 0.250000 0.533399
vt 0.268507 0.534997
vt 0.286214 0.539790
vt 0.232012 0.537519
vt 0.214800 0.542177
vt 0.213786 0.539790
vt 0.231493 0.534997
vt 0.295609 0.557698
vt 0.281553 0.550757
vt 0.296757 0.556004
vt 0.266125 0.546581
vt 0.250000 0.545189
vt 0.233875 0.546581
vt 0.218447 0.550757
vt 0.204391 0.557698
vt 0.192307 0.567307
vt 0.190855 0.565855
vt 0.203243 0.556004
vt 0.201955 0.554104
vt 0.189226 0.564226
vt 0.187471 0.562471
vt 0.200568 0.552057
vt 0.199120 0.549921
vt 0.185640 0.560640
vt 0.183785 0.558785
vt 0.197653 0.547756
vt 0.196199 0.545613
vt 0.212779 0.537428
vt 0.181946 0.556946
vt 0.230979 0.532503
vt 0.250000 0.530862
vt 0.269021 0.532503
vt 0.287221 0.537428
vt 0.302347 0.547756
vt 0.303801 0.545613
vt 0.299432 0.552056
vt 0.300880 0.549921
vt 0.298045 0.554104
vt 0.173888 0.592652
vt 0.169607 0.608470
vt 0.167393 0.608014
vt 0.171793 0.591762
vt 0.168180 0.625000
vt 0.165927 0.625000
vt 0.163499 0.625000
vt 0.165007 0.607524
vt 0.169534 0.590802
vt 0.169607 0.641531
vt 0.167393 0.641986
vt 0.173888 0.657348
vt 0.171793 0.658238
vt 0.169534 0.659198
vt 0.165007 0.642476
vt 0.162519 0.607012
vt 0.167177 0.589801
vt 0.160966 0.625000
vt 0.158399 0.625000
vt 0.159997 0.606494
vt 0.164790 0.588786
vt 0.162519 0.642988
vt 0.167177 0.660200
vt 0.164790 0.661214
vt 0.159997 0.643507
vt 0.182698 0.579391
vt 0.175757 0.593447
vt 0.181004 0.578243
vt 0.171581 0.608875
vt 0.170189 0.625000
vt 0.171581 0.641125
vt 0.175757 0.656553
vt 0.182698 0.670609
vt 0.181004 0.671758
vt 0.179104 0.673045
vt 0.177056 0.674432
vt 0.174921 0.675880
vt 0.172756 0.677347
vt 0.170613 0.678801
vt 0.162428 0.662221
vt 0.157503 0.644021
vt 0.155862 0.625000
vt 0.157503 0.605979
vt 0.162428 0.587779
vt 0.172756 0.572654
vt 0.170613 0.571199
vt 0.177056 0.575568
vt 0.174921 0.574120
vt 0.179104 0.576955
vt 0.593779 0.093750
vt 0.593778 0.156250
vt 0.593788 0.031250
vt 0.593788 0.218750
vt 0.593778 0.343750
vt 0.593774 0.375000
vt 0.593212 0.375000
vt 0.593207 0.343750
vt 0.594391 0.406250
vt 0.593819 0.406250
vt 0.594446 0.437500
vt 0.593864 0.437500
vt 0.593282 0.437500
vt 0.593247 0.406250
vt 0.594377 0.281250
vt 0.593787 0.281250
vt 0.593198 0.281250
vt 0.593553 0.468750
vt 0.594162 0.468750
vt 0.594461 0.500000
vt 0.594771 0.468750
vt 0.596814 0.593750
vt 0.596096 0.593750
vt 0.595724 0.562500
vt 0.597197 0.625000
vt 0.596468 0.625000
vt 0.595379 0.593750
vt 0.596813 0.656250
vt 0.596096 0.656250
vt 0.595725 0.687500
vt 0.595093 0.531250
vt 0.595093 0.718750
vt 0.593819 0.843750
vt 0.593778 0.906250
vt 0.594163 0.781250
vt 0.593788 0.968750
vt 0.593794 1.000000
vt 0.390515 0.093750
vt 0.421859 0.093750
vt 0.390515 0.156250
vt 0.421859 0.156250
vt 0.390515 0.031250
vt 0.422601 0.031250
vt 0.421859 0.031250
vt 0.421117 0.031250
vt 0.421116 0.218750
vt 0.421860 0.218750
vt 0.421860 0.250000
vt 0.422604 0.218750
vt 0.389550 0.218750
vt 0.390515 0.218750
vt 0.390515 0.250000
vt 0.391480 0.218750
vt 0.391481 0.343750
vt 0.390515 0.343750
vt 0.390515 0.312500
vt 0.390515 0.375000
vt 0.389550 0.343750
vt 0.422605 0.343750
vt 0.421860 0.343750
vt 0.421860 0.312500
vt 0.421860 0.375000
vt 0.421115 0.343750
vt 0.390536 0.406250
vt 0.421861 0.406250
vt 0.390515 0.281250
vt 0.421860 0.281250
vt 0.421873 0.468750
vt 0.390747 0.468780
vt 0.392412 0.593920
vt 0.421941 0.593750
vt 0.392412 0.656080
vt 0.421941 0.656250
vt 0.391501 0.531450
vt 0.421906 0.531250
vt 0.421905 0.718750
vt 0.422640 0.718750
vt 0.390570 0.718502
vt 0.391501 0.718550
vt 0.390936 0.749940
vt 0.392431 0.718599
vt 0.391501 0.843750
vt 0.390536 0.843750
vt 0.390557 0.812500
vt 0.391480 0.875000
vt 0.390515 0.875000
vt 0.389550 0.875000
vt 0.389570 0.843750
vt 0.422605 0.843750
vt 0.421861 0.843750
vt 0.421862 0.812500
vt 0.422604 0.875000
vt 0.421860 0.875000
vt 0.421118 0.843750
vt 0.391480 0.906250
vt 0.390515 0.906250
vt 0.390515 0.937500
vt 0.389550 0.906250
vt 0.422603 0.906250
vt 0.421860 0.906250
vt 0.390746 0.781220
vt 0.421873 0.781250
vt 0.421859 0.968750
vt 0.421859 1.000000
vt 0.390515 0.968750
vt 0.390515 1.000000
vt 0.585653 0.937500
vt 0.585653 0.968750
vt 0.585660 1.000000
vt 0.601884 0.000000
vt 0.601886 0.031250
vt 0.601881 0.062500
vt 0.585660 0.000000
vt 0.585653 0.031250
vt 0.585654 0.062500
vt 0.601881 0.937500
vt 0.601886 0.968750
vt 0.601884 1.000000
vt 0.430067 0.250000
vt 0.430068 0.281250
vt 0.430068 0.312500
vt 0.406266 0.187500
vt 0.413685 0.187500
vt 0.413685 0.218750
vt 0.406266 0.218750
vt 0.413685 0.250000
vt 0.406266 0.250000
vt 0.430067 0.187500
vt 0.430067 0.218750
vt 0.413685 0.281250
vt 0.406266 0.281250
vt 0.413684 0.312500
vt 0.406266 0.312500
vt 0.398867 0.250000
vt 0.398867 0.281250
vt 0.398867 0.312500
vt 0.375000 0.187500
vt 0.382275 0.187500
vt 0.382275 0.218750
vt 0.375000 0.218750
vt 0.382275 0.250000
vt 0.375000 0.250000
vt 0.398867 0.187500
vt 0.398867 0.218750
vt 0.382275 0.281250
vt 0.375000 0.281250
vt 0.382275 0.312500
vt 0.375000 0.312500
vt 0.430079 0.500000
vt 0.430087 0.531250
vt 0.430095 0.562500
vt 0.406311 0.437502
vt 0.413709 0.437500
vt 0.413744 0.468751
vt 0.406377 0.468756
vt 0.413801 0.500002
vt 0.406490 0.500013
vt 0.430070 0.437500
vt 0.430074 0.468750
vt 0.413880 0.531253
vt 0.406648 0.531274
vt 0.413962 0.562504
vt 0.406816 0.562529
vt 0.399228 0.500040
vt 0.399513 0.531327
vt 0.399814 0.562595
vt 0.375000 0.437500
vt 0.382318 0.437504
vt 0.382417 0.468788
vt 0.375000 0.468750
vt 0.382712 0.500316
vt 0.398934 0.437504
vt 0.399043 0.468767
vt 0.383397 0.532335
vt 0.384372 0.563806
vt 0.430078 0.750000
vt 0.430072 0.781250
vt 0.430069 0.812500
vt 0.406816 0.687472
vt 0.413963 0.687497
vt 0.413880 0.718747
vt 0.406648 0.718726
vt 0.413801 0.749998
vt 0.406490 0.749987
vt 0.430094 0.687500
vt 0.430086 0.718750
vt 0.413744 0.781249
vt 0.406377 0.781245
vt 0.413709 0.812500
vt 0.406311 0.812498
vt 0.399227 0.749960
vt 0.399043 0.781233
vt 0.398933 0.812496
vt 0.384372 0.686194
vt 0.383397 0.717665
vt 0.382712 0.749684
vt 0.399814 0.687405
vt 0.399512 0.718674
vt 0.382417 0.781213
vt 0.375000 0.781250
vt 0.382319 0.812496
vt 0.375000 0.812500
vt 0.601893 0.250000
vt 0.601888 0.281250
vt 0.601881 0.312500
vt 0.585653 0.187500
vt 0.585651 0.218750
vt 0.585649 0.250000
vt 0.601881 0.187500
vt 0.601888 0.218750
vt 0.585650 0.281250
vt 0.585653 0.312500
vt 0.603529 0.500000
vt 0.604885 0.531250
vt 0.606300 0.562500
vt 0.585737 0.437500
vt 0.585866 0.468750
vt 0.586067 0.500000
vt 0.602167 0.437500
vt 0.602646 0.468750
vt 0.586361 0.531250
vt 0.586666 0.562500
vt 0.603529 0.750000
vt 0.602646 0.781250
vt 0.602166 0.812500
vt 0.586667 0.687500
vt 0.586362 0.718750
vt 0.586068 0.750000
vt 0.606300 0.687500
vt 0.604885 0.718750
vt 0.585866 0.781250
vt 0.585738 0.812500
vt 0.375000 0.937500
vt 0.382275 0.937500
vt 0.382275 0.968750
vt 0.375000 0.968750
vt 0.382275 1.000000
vt 0.375000 1.000000
vt 0.398865 0.000000
vt 0.398866 0.031250
vt 0.406250 0.000000
vt 0.406265 0.031250
vt 0.406266 0.062500
vt 0.398867 0.062500
vt 0.375000 0.000000
vt 0.382275 0.000000
vt 0.382275 0.031250
vt 0.375000 0.031250
vt 0.382275 0.062500
vt 0.375000 0.062500
vt 0.403256 0.937500
vt 0.402016 0.936689
vt 0.398202 0.951218
vt 0.403212 0.938161
vt 0.406823 0.937127
vt 0.406269 0.964818
vt 0.406250 1.000000
vt 0.398865 1.000000
vt 0.395065 0.936703
vt 0.393271 0.937500
vt 0.393273 0.937562
vt 0.393274 0.937623
vt 0.393422 0.939809
vt 0.393570 0.941995
vt 0.393810 0.943982
vt 0.394050 0.945969
vt 0.394373 0.947663
vt 0.394696 0.949357
vt 0.395090 0.950691
vt 0.395484 0.952025
vt 0.395933 0.952949
vt 0.396382 0.953873
vt 0.396869 0.954355
vt 0.397356 0.954838
vt 0.397863 0.954865
vt 0.398370 0.954893
vt 0.398876 0.954470
vt 0.399383 0.954048
vt 0.399870 0.953197
vt 0.400358 0.952347
vt 0.400806 0.951106
vt 0.401255 0.949865
vt 0.401649 0.948284
vt 0.402043 0.946702
vt 0.402366 0.944841
vt 0.402688 0.942980
vt 0.402928 0.940901
vt 0.403168 0.938822
vt 0.413755 0.937454
vt 0.413685 0.968259
vt 0.413684 1.000000
vt 0.430051 0.000000
vt 0.430063 0.031250
vt 0.430066 0.062500
vt 0.413684 0.000000
vt 0.413685 0.031250
vt 0.413686 0.062500
vt 0.430067 0.937500
vt 0.430064 0.968750
vt 0.430051 1.000000
vt 0.601874 0.093750
vt 0.601871 0.125000
vt 0.585656 0.093750
vt 0.585657 0.125000
vt 0.601875 0.156250
vt 0.585655 0.156250
vt 0.601877 0.343750
vt 0.601891 0.375000
vt 0.585656 0.343750
vt 0.585662 0.375000
vt 0.601958 0.406250
vt 0.585682 0.406250
vt 0.607311 0.593750
vt 0.607703 0.625000
vt 0.586898 0.593750
vt 0.587004 0.625000
vt 0.607311 0.656250
vt 0.586898 0.656250
vt 0.601958 0.843750
vt 0.601891 0.875000
vt 0.585683 0.843750
vt 0.585663 0.875000
vt 0.601877 0.906250
vt 0.585656 0.906250
vt 0.398867 0.093750
vt 0.406266 0.093750
vt 0.406266 0.125000
vt 0.398867 0.125000
vt 0.382275 0.093750
vt 0.375000 0.093750
vt 0.382275 0.125000
vt 0.375000 0.125000
vt 0.413686 0.093750
vt 0.413685 0.125000
vt 0.430066 0.093750
vt 0.430066 0.125000
vt 0.398867 0.156250
vt 0.406266 0.156250
vt 0.382275 0.156250
vt 0.375000 0.156250
vt 0.413685 0.156250
vt 0.430066 0.156250
vt 0.398868 0.343750
vt 0.406266 0.343750
vt 0.406269 0.375000
vt 0.398872 0.375000
vt 0.382275 0.343750
vt 0.375000 0.343750
vt 0.382278 0.375000
vt 0.375000 0.375000
vt 0.413685 0.343750
vt 0.413686 0.375000
vt 0.430068 0.343750
vt 0.430068 0.375000
vt 0.398887 0.406251
vt 0.406280 0.406250
vt 0.382288 0.406251
vt 0.375000 0.406250
vt 0.413692 0.406250
vt 0.430069 0.406250
vt 0.400044 0.593810
vt 0.406946 0.593769
vt 0.406998 0.625000
vt 0.400148 0.625000
vt 0.385171 0.594578
vt 0.385505 0.625000
vt 0.414026 0.593752
vt 0.414052 0.625000
vt 0.430101 0.593750
vt 0.430104 0.625000
vt 0.400044 0.656190
vt 0.406946 0.656231
vt 0.385171 0.655422
vt 0.414026 0.656248
vt 0.430101 0.656250
vt 0.398881 0.844167
vt 0.406277 0.843946
vt 0.406246 0.876569
vt 0.398822 0.878335
vt 0.382288 0.843750
vt 0.375000 0.843750
vt 0.382278 0.875000
vt 0.375000 0.875000
vt 0.413692 0.843775
vt 0.413684 0.875196
vt 0.430068 0.843750
vt 0.430067 0.875000
vt 0.398655 0.920405
vt 0.393223 0.935640
vt 0.406368 0.909538
vt 0.403360 0.936204
vt 0.403464 0.934908
vt 0.403514 0.933036
vt 0.403564 0.931163
vt 0.403514 0.929318
vt 0.403464 0.927473
vt 0.403316 0.925718
vt 0.403169 0.923963
vt 0.402929 0.922362
vt 0.402689 0.920761
vt 0.402366 0.919372
vt 0.402043 0.917984
vt 0.401649 0.916861
vt 0.401256 0.915738
vt 0.400807 0.914925
vt 0.400358 0.914112
vt 0.399870 0.913643
vt 0.399383 0.913174
vt 0.398876 0.913071
vt 0.398369 0.912968
vt 0.397863 0.913240
vt 0.397356 0.913512
vt 0.396869 0.914154
vt 0.396381 0.914796
vt 0.395932 0.915787
vt 0.395483 0.916777
vt 0.395089 0.918081
vt 0.394696 0.919385
vt 0.394373 0.920954
vt 0.394050 0.922522
vt 0.393810 0.924292
vt 0.393570 0.926063
vt 0.393422 0.927965
vt 0.393274 0.929868
vt 0.393224 0.931823
vt 0.393174 0.933779
vt 0.382275 0.906250
vt 0.375000 0.906250
vt 0.413698 0.906661
vt 0.430067 0.906250
vt 0.422601 0.031250
vt 0.593212 0.375000
vt 0.422640 0.718750
vt 0.421117 0.031250
vt 0.421117 0.031250
vt 0.593207 0.343750
vt 0.390936 0.749940
vt 0.390936 0.749940
vt 0.421860 0.250000
vt 0.594391 0.406250
vt 0.390570 0.718502
vt 0.390570 0.718502
vt 0.421116 0.218750
vt 0.593864 0.437500
vt 0.392431 0.718599
vt 0.392431 0.718599
vt 0.422604 0.218750
vt 0.422604 0.218750
vt 0.593247 0.406250
vt 0.390557 0.812500
vt 0.390557 0.812500
vt 0.390515 0.250000
vt 0.594377 0.281250
vt 0.594377 0.281250
vt 0.391501 0.843750
vt 0.391480 0.875000
vt 0.391501 0.843750
vt 0.389550 0.218750
vt 0.390515 0.875000
vt 0.389550 0.875000
vt 0.390515 0.875000
vt 0.391480 0.218750
vt 0.390515 0.312500
vt 0.390515 0.312500
vt 0.593553 0.468750
vt 0.593553 0.468750
vt 0.421862 0.812500
vt 0.391481 0.343750
vt 0.594771 0.468750
vt 0.422605 0.843750
vt 0.422604 0.875000
vt 0.390515 0.375000
vt 0.421860 0.875000
vt 0.596813 0.593750
vt 0.421860 0.312500
vt 0.596468 0.625000
vt 0.391480 0.906250
vt 0.391480 0.906250
vt 0.422605 0.343750
vt 0.595379 0.593750
vt 0.595379 0.593750
vt 0.390515 0.937500
vt 0.596813 0.656250
vt 0.596813 0.656250
vt 0.389550 0.906250
vt 0.421115 0.343750
vt 0.421115 0.343750
vt 0.595725 0.687500
vt 0.595725 0.687500
vt 0.422603 0.906250
vt 0.187831 0.667130
vt 0.187831 0.667130
vt 0.312580 0.582566
vt 0.312237 0.582819
vt 0.304864 0.570136
vt 0.303424 0.571577
vt 0.303293 0.678293
vt 0.292220 0.687347
vt 0.292148 0.687204
vt 0.303293 0.678293
vt 0.187489 0.667383
vt 0.187763 0.667181
vt 0.196577 0.678424
vt 0.312332 0.582706
vt 0.312201 0.582837
vt 0.303424 0.571577
vt 0.312169 0.582870
vt 0.292434 0.687580
vt 0.304864 0.679864
vt 0.195136 0.570136
vt 0.207566 0.562421
vt 0.207819 0.562763
vt 0.196576 0.571577
vt 0.181420 0.595854
vt 0.207566 0.687580
vt 0.207819 0.687237
vt 0.207780 0.562653
vt 0.207852 0.562796
vt 0.196707 0.571708
vt 0.207870 0.562831
vt 0.187653 0.582780
vt 0.187796 0.582852
vt 0.179705 0.594996
vt 0.181277 0.595782
vt 0.312580 0.667434
vt 0.312237 0.667181
vt 0.318723 0.654218
vt 0.312169 0.667130
vt 0.207780 0.687347
vt 0.207852 0.687204
vt 0.220782 0.693723
vt 0.207870 0.562831
vt 0.207566 0.687580
vt 0.292434 0.562421
vt 0.292181 0.562763
vt 0.187489 0.582617
vt 0.187763 0.582819
vt 0.207617 0.687511
vt 0.292434 0.562421
vt 0.279218 0.556277
vt 0.187796 0.582852
vt 0.187831 0.582870
vt 0.312237 0.667181
vt 0.234998 0.697867
vt 0.235087 0.697509
vt 0.235105 0.697438
vt 0.292294 0.562668
vt 0.292163 0.562799
vt 0.292130 0.562831
vt 0.292130 0.562831
vt 0.292130 0.562831
vt 0.177491 0.610088
vt 0.177562 0.610105
vt 0.322617 0.639984
vt 0.322474 0.639913
vt 0.322438 0.639895
vt 0.264913 0.552491
vt 0.177384 0.610105
vt 0.177526 0.610105
vt 0.177562 0.610105
vt 0.207637 0.687437
vt 0.220711 0.693866
vt 0.195136 0.679864
vt 0.187420 0.667435
vt 0.179705 0.655004
vt 0.207566 0.687580
vt 0.219996 0.695295
vt 0.195136 0.679864
vt 0.195136 0.679864
vt 0.207566 0.687580
vt 0.219996 0.695295
vt 0.187563 0.667363
vt 0.181134 0.654290
vt 0.179705 0.655004
vt 0.187421 0.667434
vt 0.187421 0.667434
vt 0.207767 0.687377
vt 0.196713 0.678287
vt 0.187838 0.667126
vt 0.181427 0.654143
vt 0.292327 0.562634
vt 0.279147 0.556419
vt 0.312437 0.582638
vt 0.318866 0.595711
vt 0.292181 0.562763
vt 0.279218 0.556277
vt 0.303424 0.571577
vt 0.304864 0.570136
vt 0.292434 0.562421
vt 0.280004 0.554706
vt 0.312201 0.582837
vt 0.318580 0.595854
vt 0.312332 0.582706
vt 0.292363 0.562564
vt 0.279290 0.556134
vt 0.304864 0.570136
vt 0.312365 0.582673
vt 0.292232 0.562694
vt 0.279290 0.556134
vt 0.303555 0.571446
vt 0.312449 0.582697
vt 0.320295 0.594996
vt 0.292232 0.687306
vt 0.303555 0.678555
vt 0.279290 0.693866
vt 0.312449 0.667303
vt 0.320295 0.655004
vt 0.304864 0.679864
vt 0.303424 0.678424
vt 0.279218 0.693723
vt 0.320295 0.655004
vt 0.292303 0.687449
vt 0.303555 0.678555
vt 0.280004 0.695295
vt 0.312306 0.667232
vt 0.318866 0.654290
vt 0.292238 0.687384
vt 0.303294 0.678294
vt 0.280004 0.695295
vt 0.312170 0.667131
vt 0.318581 0.654147
vt 0.207767 0.562623
vt 0.196713 0.571713
vt 0.219996 0.554705
vt 0.187623 0.582767
vt 0.179705 0.594996
vt 0.196708 0.571708
vt 0.220853 0.556420
vt 0.179705 0.594996
vt 0.187653 0.582780
vt 0.187796 0.582852
vt 0.207870 0.562832
vt 0.187617 0.582763
vt 0.179705 0.594996
vt 0.207566 0.562421
vt 0.195136 0.570136
vt 0.219996 0.554705
vt 0.187420 0.582566
vt 0.177276 0.640002
vt 0.175991 0.625000
vt 0.177419 0.639931
vt 0.175991 0.625000
vt 0.174562 0.625000
vt 0.177205 0.639984
vt 0.177276 0.609998
vt 0.177134 0.609998
vt 0.177276 0.609998
vt 0.177134 0.640002
vt 0.174562 0.625000
vt 0.177354 0.639893
vt 0.177312 0.610088
vt 0.322724 0.610070
vt 0.325438 0.625000
vt 0.322652 0.610105
vt 0.322616 0.610105
vt 0.322724 0.639931
vt 0.322653 0.639895
vt 0.322646 0.609999
vt 0.323716 0.625000
vt 0.322509 0.639913
vt 0.322646 0.640001
vt 0.234998 0.552347
vt 0.250000 0.551275
vt 0.235105 0.552527
vt 0.250000 0.551134
vt 0.235105 0.552384
vt 0.265002 0.552134
vt 0.264895 0.552561
vt 0.235105 0.552348
vt 0.250000 0.549562
vt 0.234998 0.552276
vt 0.250000 0.550991
vt 0.264931 0.552277
vt 0.264931 0.552419
vt 0.265002 0.697724
vt 0.250000 0.699010
vt 0.250000 0.700438
vt 0.250000 0.700438
vt 0.264984 0.697795
vt 0.234998 0.697867
vt 0.235070 0.697581
vt 0.264913 0.697509
vt 0.250000 0.698867
vt 0.264931 0.697581
vt 0.234998 0.697688
vt 0.234998 0.697724
vt 0.264895 0.697438
vt 0.250000 0.698724
vt 0.250000 0.698724
vt 0.250000 0.698724
vt 0.177562 0.639895
vt 0.220853 0.693580
vt 0.220853 0.693580
vt 0.235105 0.697438
vt 0.292130 0.687169
vt 0.292163 0.687201
vt 0.303424 0.678424
vt 0.292294 0.687332
vt 0.207870 0.687169
vt 0.207870 0.687169
vt 0.181420 0.654147
vt 0.187831 0.667130
vt 0.187831 0.667130
vt 0.177562 0.610105
vt 0.177562 0.610106
vt 0.235105 0.552562
vt 0.235105 0.552562
vt 0.176276 0.625000
vt 0.177562 0.639895
vt 0.176276 0.625000
vt 0.312169 0.582870
vt 0.322438 0.639895
vt 0.177562 0.610105
vt 0.177562 0.610105
vt 0.177562 0.639895
vt 0.176276 0.625000
vt 0.177562 0.639895
vt 0.235105 0.697438
vt 0.177562 0.610105
vt 0.177562 0.610105
vt 0.264895 0.552527
vt 0.264895 0.552384
vt 0.322509 0.639913
vt 0.323867 0.625000
vt 0.318723 0.654218
vt 0.320295 0.655004
vt 0.322867 0.640002
vt 0.325438 0.625000
vt 0.322474 0.610105
vt 0.292131 0.687169
vt 0.207870 0.562832
vt 0.220853 0.556420
vt 0.318580 0.654147
vt 0.312169 0.667131
vt 0.235105 0.552562
vt 0.312169 0.667131
vt 0.235105 0.552562
vt 0.235105 0.552562
vt 0.177562 0.610106
vt 0.322438 0.639895
vt 0.323724 0.625000
vt 0.322438 0.610105
vt 0.292294 0.687332
vt 0.292327 0.687365
vt 0.250000 0.698724
vt 0.250000 0.698724
vt 0.264895 0.697438
vt 0.207566 0.562421
vt 0.207637 0.562564
vt 0.195136 0.570136
vt 0.219996 0.554705
vt 0.220711 0.556134
vt 0.234998 0.552134
vt 0.235070 0.552277
vt 0.235105 0.552562
vt 0.220853 0.556420
vt 0.235105 0.552562
vt 0.220853 0.556420
vt 0.322652 0.610105
vt 0.325438 0.625000
vt 0.322438 0.610106
vt 0.187831 0.667131
vt 0.196707 0.571708
vt 0.196707 0.571707
vt 0.177562 0.639895
vt 0.177562 0.639895
vt 0.207870 0.562831
vt 0.264895 0.552348
vt 0.264895 0.552562
vt 0.312437 0.667363
vt 0.318866 0.654289
vt 0.312580 0.667434
vt 0.322724 0.639930
vt 0.322438 0.639895
vt 0.187668 0.582706
vt 0.187635 0.582673
vt 0.181420 0.595854
vt 0.187668 0.582706
vt 0.292163 0.687201
vt 0.303424 0.678424
vt 0.312237 0.667181
vt 0.318723 0.654218
vt 0.196577 0.571577
vt 0.187799 0.582837
vt 0.196577 0.571577
vt 0.207819 0.562763
vt 0.220782 0.556277
vt 0.322509 0.639913
vt 0.323867 0.625000
vt 0.264895 0.552527
vt 0.235087 0.552491
vt 0.187799 0.582837
vt 0.968750 0.741861
vt 0.968750 0.870872
vt 0.984375 0.872364
vt 0.984375 0.744740
vt 0.968750 1.000000
vt 0.984375 1.000000
vt 1.000000 1.000000
vt 1.000000 0.873809
vt 1.000000 0.747618
vt 0.937500 0.735260
vt 0.937500 0.867589
vt 0.953125 0.869270
vt 0.953125 0.738561
vt 0.937500 1.000000
vt 0.953125 1.000000
vt 0.906250 0.728069
vt 0.906250 0.864013
vt 0.921875 0.865826
vt 0.921875 0.731664
vt 0.906250 1.000000
vt 0.921875 1.000000
vt 0.875000 0.720564
vt 0.875000 0.860280
vt 0.890625 0.862156
vt 0.890625 0.724316
vt 0.875000 1.000000
vt 0.890625 1.000000
vt 0.843750 0.713033
vt 0.843750 0.856535
vt 0.859375 0.858401
vt 0.859375 0.716799
vt 0.843750 1.000000
vt 0.859375 1.000000
vt 0.812500 0.705767
vt 0.812500 0.852921
vt 0.828125 0.854706
vt 0.828125 0.709400
vt 0.812500 1.000000
vt 0.828125 1.000000
vt 0.781250 0.699044
vt 0.781250 0.849578
vt 0.796875 0.851212
vt 0.796875 0.702406
vt 0.781250 1.000000
vt 0.796875 1.000000
vt 0.750000 0.693122
vt 0.750000 0.846633
vt 0.765625 0.848054
vt 0.765625 0.696083
vt 0.750000 1.000000
vt 0.765625 1.000000
vt 0.718750 0.688230
vt 0.718750 0.844200
vt 0.734375 0.845354
vt 0.734375 0.690676
vt 0.718750 1.000000
vt 0.734375 1.000000
vt 0.687500 0.684555
vt 0.687500 0.842372
vt 0.703125 0.843214
vt 0.703125 0.686393
vt 0.687500 1.000000
vt 0.703125 1.000000
vt 0.656250 0.682240
vt 0.656250 0.841220
vt 0.671875 0.841718
vt 0.671875 0.683398
vt 0.656250 1.000000
vt 0.671875 1.000000
vt 0.625000 0.681372
vt 0.625000 0.840789
vt 0.640625 0.840923
vt 0.640625 0.681806
vt 0.625000 1.000000
vt 0.640625 1.000000
vt 0.593750 0.681983
vt 0.593750 0.841093
vt 0.609375 0.840859
vt 0.609375 0.681678
vt 0.593750 1.000000
vt 0.562500 0.684051
vt 0.562500 0.842121
vt 0.578125 0.841528
vt 0.578125 0.683017
vt 0.562500 1.000000
vt 0.531250 1.000000
vt 0.546875 0.842905
vt 0.531250 0.843835
vt 0.546875 0.685774
vt 0.531250 0.687496
vt 0.500000 0.692188
vt 0.500000 0.846168
vt 0.515625 0.844937
vt 0.515625 0.689842
vt 0.500000 1.000000
vt 0.468750 0.697946
vt 0.468595 0.842602
vt 0.484340 0.846747
vt 0.484375 0.695067
vt 0.468750 1.000000
vt 0.484375 1.000000
vt 0.446752 0.702592
vt 0.442126 0.705559
vt 0.451799 0.820691
vt 0.457751 0.700269
vt 0.437500 0.708526
vt 0.436911 0.848343
vt 0.453125 1.000000
vt 0.406250 0.728303
vt 0.406250 0.864080
vt 0.421840 0.858436
vt 0.421875 0.718414
vt 0.406250 1.000000
vt 0.421875 1.000000
vt 0.375000 0.747057
vt 0.375000 0.873407
vt 0.390625 0.868821
vt 0.390625 0.737680
vt 0.375000 1.000000
vt 0.390625 1.000000
vt 0.343750 0.764067
vt 0.343750 0.881867
vt 0.359375 0.877752
vt 0.359375 0.755562
vt 0.343750 1.000000
vt 0.359375 1.000000
vt 0.312500 0.778680
vt 0.312500 0.889135
vt 0.328125 0.885650
vt 0.328125 0.771374
vt 0.312500 1.000000
vt 0.328125 1.000000
vt 0.281250 0.790333
vt 0.281250 0.894930
vt 0.296875 0.892209
vt 0.296875 0.784507
vt 0.281250 1.000000
vt 0.296875 1.000000
vt 0.250000 0.798579
vt 0.250000 0.899031
vt 0.265625 0.897179
vt 0.265625 0.794456
vt 0.250000 1.000000
vt 0.265625 1.000000
vt 0.218750 0.803101
vt 0.218750 0.901280
vt 0.234375 0.900367
vt 0.234375 0.800840
vt 0.218750 1.000000
vt 0.234375 1.000000
vt 0.187500 0.803726
vt 0.187500 0.901591
vt 0.203125 0.901653
vt 0.203125 0.803414
vt 0.187500 1.000000
vt 0.203125 1.000000
vt 0.156250 0.800429
vt 0.156250 0.899951
vt 0.171875 0.900985
vt 0.171875 0.802077
vt 0.156250 1.000000
vt 0.171875 1.000000
vt 0.125000 0.793337
vt 0.125000 0.896424
vt 0.140625 0.898391
vt 0.140625 0.796883
vt 0.125000 1.000000
vt 0.140625 1.000000
vt 0.093750 0.782722
vt 0.093750 0.891145
vt 0.109375 0.893969
vt 0.109375 0.788029
vt 0.093750 1.000000
vt 0.109375 1.000000
vt 0.062500 0.768992
vt 0.062500 0.884317
vt 0.078125 0.887889
vt 0.078125 0.775857
vt 0.062500 1.000000
vt 0.078125 1.000000
vt 0.158156 0.471731
vt 0.180667 0.478560
vt 0.250000 0.250000
vt 0.137410 0.460642
vt 0.203178 0.485389
vt 0.226589 0.487694
vt 0.250000 0.490000
vt 0.273411 0.487694
vt 0.296822 0.485389
vt 0.319333 0.478560
vt 0.341844 0.471731
vt 0.362590 0.460642
vt 0.383337 0.449553
vt 0.401521 0.434629
vt 0.419706 0.419706
vt 0.434629 0.401521
vt 0.449553 0.383337
vt 0.460642 0.362590
vt 0.471731 0.341844
vt 0.478560 0.319333
vt 0.485389 0.296822
vt 0.487694 0.273411
vt 0.490000 0.250000
vt 0.487694 0.226589
vt 0.485389 0.203178
vt 0.478560 0.180667
vt 0.471731 0.158156
vt 0.460642 0.137410
vt 0.449553 0.116663
vt 0.434629 0.098479
vt 0.419706 0.080294
vt 0.401521 0.065371
vt 0.383337 0.050447
vt 0.362590 0.039358
vt 0.341844 0.028269
vt 0.319333 0.021440
vt 0.296822 0.014612
vt 0.273411 0.012306
vt 0.250000 0.010000
vt 0.226589 0.012306
vt 0.203178 0.014612
vt 0.180667 0.021440
vt 0.158156 0.028269
vt 0.137410 0.039358
vt 0.116663 0.050447
vt 0.098479 0.065371
vt 0.080294 0.080294
vt 0.065371 0.098479
vt 0.050447 0.116663
vt 0.039358 0.137410
vt 0.028269 0.158156
vt 0.021440 0.180667
vt 0.014612 0.203178
vt 0.012306 0.226589
vt 0.010000 0.250000
vt 0.012306 0.273411
vt 0.014612 0.296822
vt 0.021440 0.319333
vt 0.028269 0.341844
vt 0.039358 0.362591
vt 0.050447 0.383337
vt 0.065371 0.401521
vt 0.080294 0.419706
vt 0.098479 0.434629
vt 0.116663 0.449553
vt 0.031250 0.752676
vt 0.032329 0.871722
vt 0.046957 0.879795
vt 0.046875 0.760834
vt 0.031250 1.000000
vt 0.046875 1.000000
vt 0.000000 0.747618
vt 0.000000 0.873809
vt 0.018641 0.850060
vt 0.015204 0.749901
vt 0.000000 1.000000
vt 0.015625 1.000000
vt 0.030829 0.752430
vt 0.030408 0.752184
s 1
usemtl Orange_metal
f 711/1/1 2628/2/1 3144/3/1 2627/1/1
f 2628/2/1 712/4/1 2894/4/1 3144/3/1
f 3144/3/1 2894/4/1 760/4/1 2629/3/1
f 2627/1/1 3144/3/1 2629/3/1 759/1/1
f 737/5/2 1046/6/3 3145/7/4 1045/8/2
f 1046/6/3 738/9/3 1316/10/4 3145/7/4
f 3145/7/4 1316/10/4 786/9/5 1047/7/5
f 1045/8/2 3145/7/4 1047/7/5 785/5/6
f 684/11/7 1317/12/8 3146/13/9 2371/14/10
f 1317/12/8 682/15/11 1848/15/12 3146/13/9
f 3146/13/9 1848/15/12 140/15/13 2372/13/14
f 2371/14/10 3146/13/9 2372/13/14 102/11/15
f 707/16/16 1573/17/16 3147/18/16 1572/19/16
f 1573/17/16 711/1/16 2627/1/16 3147/18/16
f 3147/18/16 2627/1/16 759/1/16 1574/17/16
f 1572/19/16 3147/18/16 1574/17/16 755/16/16
f 19/20/17 1576/21/18 3148/22/19 1575/23/20
f 1576/21/18 65/24/21 1048/25/22 3148/22/19
f 3148/22/19 1048/25/22 301/26/23 1318/27/24
f 1575/23/20 3148/22/19 1318/27/24 154/28/25
f 653/35/35 2092/36/36 3150/37/37 2632/38/38
f 2092/36/36 654/39/36 2093/40/37 3150/37/37
f 3150/37/37 2093/40/37 445/39/39 2094/37/39
f 2632/38/38 3150/37/37 2094/37/39 447/35/40
f 649/68/68 1050/69/69 3155/70/68 2096/68/68
f 1050/69/69 718/71/69 2377/72/69 3155/70/68
f 3155/70/68 2377/72/69 766/71/69 2097/73/68
f 2096/68/68 3155/70/68 2097/73/68 453/68/68
f 663/74/70 2634/75/71 3156/76/71 2898/74/70
f 2634/75/71 664/77/71 2378/77/71 3156/76/71
f 3156/76/71 2378/77/71 430/77/71 2379/78/71
f 2898/74/70 3156/76/71 2379/78/71 432/74/70
f 156/79/72 1850/80/73 3157/81/74 1849/82/75
f 1850/80/73 307/83/76 1324/84/77 3157/81/74
f 3157/81/74 1324/84/77 138/85/78 1851/86/79
f 1849/82/75 3157/81/74 1851/86/79 20/87/80
f 155/88/81 1578/89/82 3158/90/83 1577/91/84
f 1578/89/82 304/92/85 2899/93/86 3158/90/83
f 3158/90/83 2899/93/86 307/83/76 1850/80/73
f 1577/91/84 3158/90/83 1850/80/73 156/79/72
f 154/28/25 1318/27/24 3159/94/87 1325/95/88
f 1318/27/24 301/26/23 2098/96/89 3159/94/87
f 3159/94/87 2098/96/89 304/92/85 1578/89/82
f 1325/95/88 3159/94/87 1578/89/82 155/88/81
f 667/97/90 1579/98/91 3160/99/92 2635/100/93
f 1579/98/91 643/101/94 2380/101/95 3160/99/92
f 3160/99/92 2380/101/95 462/101/96 2636/98/97
f 2635/100/93 3160/99/92 2636/98/97 335/97/98
f 726/102/99 1326/103/99 3161/104/99 2381/105/99
f 1326/103/99 722/106/99 1327/107/99 3161/104/99
f 3161/104/99 1327/107/99 770/106/99 1328/104/99
f 2381/105/99 3161/104/99 1328/104/99 774/102/99
f 697/108/69 1052/109/69 3162/110/69 1051/111/69
f 1052/109/69 701/112/69 2099/113/69 3162/110/69
f 3162/110/69 2099/113/69 749/112/69 1053/114/69
f 1051/111/69 3162/110/69 1053/114/69 745/108/69
f 643/101/100 1580/115/100 3163/116/100 2380/101/100
f 1580/115/100 644/117/100 1852/117/101 3163/116/100
f 3163/116/100 1852/117/101 460/117/101 1853/116/101
f 2380/101/100 3163/116/100 1853/116/101 462/101/101
f 20/87/80 1851/86/79 3164/118/102 1854/119/103
f 1851/86/79 138/85/78 1329/120/104 3164/118/102
f 3164/118/102 1329/120/104 310/121/105 2637/122/106
f 1854/119/103 3164/118/102 2637/122/106 151/123/107
f 672/124/108 2382/125/109 3165/126/110 2900/127/111
f 2382/125/109 670/128/112 2383/128/113 3165/126/110
f 3165/126/110 2383/128/113 326/128/114 2901/129/115
f 2900/127/111 3165/126/110 2901/129/115 320/124/116
f 724/130/99 2902/131/99 3166/132/99 1855/130/99
f 2902/131/99 720/133/99 2903/134/99 3166/132/99
f 3166/132/99 2903/134/99 768/133/99 2904/131/99
f 1855/130/99 3166/132/99 2904/131/99 772/130/99
f 719/159/16 2639/160/16 3171/161/16 2638/162/16
f 2639/160/16 723/163/16 1585/163/16 3171/161/16
f 3171/161/16 1585/163/16 771/163/16 2640/164/16
f 2638/162/16 3171/161/16 2640/164/16 767/159/16
f 697/108/141 1054/165/141 3172/166/141 1051/111/141
f 1054/165/141 698/167/141 1330/167/141 3172/166/141
f 3172/166/141 1330/167/141 746/167/141 1055/168/141
f 1051/111/141 3172/166/141 1055/168/141 745/108/141
f 153/169/142 1056/170/143 3173/171/144 2386/172/145
f 1056/170/143 316/173/146 2102/174/147 3173/171/144
f 3173/171/144 2102/174/147 141/175/148 2387/176/149
f 2386/172/145 3173/171/144 2387/176/149 22/177/150
f 152/178/151 2908/179/152 3174/180/153 2907/181/154
f 2908/179/152 313/182/155 1057/183/156 3174/180/153
f 3174/180/153 1057/183/156 316/173/146 1056/170/143
f 2907/181/154 3174/180/153 1056/170/143 153/169/142
f 151/123/107 2637/122/106 3175/184/157 2641/185/158
f 2637/122/106 310/121/105 2388/186/159 3175/184/157
f 3175/184/157 2388/186/159 313/182/155 2908/179/152
f 2641/185/158 3175/184/157 2908/179/152 152/178/151
f 718/71/69 2389/191/69 3177/192/69 2377/72/69
f 2389/191/69 721/193/69 1060/194/69 3177/192/69
f 3177/192/69 1060/194/69 769/193/69 2390/195/69
f 2377/72/69 3177/192/69 2390/195/69 766/71/69
f 696/196/99 1586/197/99 3178/198/99 2909/199/99
f 1586/197/99 691/200/99 1587/201/99 3178/198/99
f 3178/198/99 1587/201/99 739/200/99 1588/197/99
f 2909/199/99 3178/198/99 1588/197/99 744/196/99
f 695/202/141 2643/203/141 3179/204/141 2642/202/141
f 2643/203/141 696/196/141 2909/199/141 3179/204/141
f 3179/204/141 2909/199/141 744/196/141 2644/203/141
f 2642/202/141 3179/204/141 2644/203/141 743/202/141
f 22/177/150 2387/176/149 3180/205/169 2391/206/170
f 2387/176/149 141/175/148 2103/207/171 3180/205/169
f 3180/205/169 2103/207/171 319/208/172 1860/209/173
f 2391/206/170 3180/205/169 1860/209/173 148/210/174
f 719/159/175 2645/211/175 3181/211/175 2638/162/175
f 2645/211/175 720/133/175 2903/134/175 3181/211/175
f 3181/211/175 2903/134/175 768/133/175 2646/211/175
f 2638/162/175 3181/211/175 2646/211/175 767/159/175
f 716/212/16 1862/213/16 3182/214/16 1861/215/16
f 1862/213/16 719/159/16 2638/162/16 3182/214/16
f 3182/214/16 2638/162/16 767/159/16 1863/216/16
f 1861/215/16 3182/214/16 1863/216/16 764/212/16
f 652/241/99 1866/242/99 3187/243/99 2912/241/99
f 1866/242/99 712/4/99 2894/4/99 3187/243/99
f 3187/243/99 2894/4/99 760/4/99 2913/244/99
f 2912/241/99 3187/243/99 2913/244/99 448/241/99
f 651/245/200 1591/246/200 3188/247/200 1333/248/200
f 1591/246/200 652/241/200 2912/241/200 3188/247/200
f 3188/247/200 2912/241/200 448/241/200 2914/246/200
f 1333/248/200 3188/247/200 2914/246/200 450/245/200
f 150/249/201 2393/250/202 3189/251/203 2647/252/204
f 2393/250/202 325/253/205 2915/254/206 3189/251/203
f 3189/251/203 2915/254/206 144/255/207 2648/256/208
f 2647/252/204 3189/251/203 2648/256/208 23/257/209
f 149/258/210 2105/259/211 3190/260/212 2104/261/213
f 2105/259/211 322/262/214 1334/263/215 3190/260/212
f 3190/260/212 1334/263/215 325/253/205 2393/250/202
f 2104/261/213 3190/260/212 2393/250/202 150/249/201
f 148/210/174 1860/209/173 3191/264/216 1867/265/217
f 1860/209/173 319/208/172 2649/266/218 3191/264/216
f 3191/264/216 2649/266/218 322/262/214 2105/259/211
f 1867/265/217 3191/264/216 2105/259/211 149/258/210
f 735/271/16 2917/272/16 3193/273/16 2651/274/16
f 2917/272/16 664/275/16 2378/275/16 3193/273/16
f 3193/273/16 2378/275/16 430/275/16 2394/272/16
f 2651/274/16 3193/273/16 2394/272/16 783/271/16
f 705/276/99 2395/277/99 3194/277/99 1064/276/99
f 2395/277/99 646/278/99 1065/279/99 3194/277/99
f 3194/277/99 1065/279/99 457/278/99 1066/277/99
f 1064/276/99 3194/277/99 1066/277/99 753/276/99
f 2652/280/228 688/282/228 2106/282/228 3195/281/228
f 3195/281/228 2106/282/228 77/282/228 2107/283/228
f 23/257/209 2648/256/208 3196/284/229 2653/285/230
f 2648/256/208 144/255/207 2918/286/231 3196/284/229
f 3196/284/229 2918/286/231 328/287/232 1067/288/233
f 2653/285/230 3196/284/229 1067/288/233 145/289/234
f 665/294/99 1068/295/99 3198/296/99 2108/294/99
f 1068/295/99 738/9/99 1316/10/99 3198/296/99
f 3198/296/99 1316/10/99 786/9/99 2109/297/99
f 2108/294/99 3198/296/99 2109/297/99 429/294/99
f 653/35/265 2112/322/265 3203/323/265 2632/38/265
f 2112/322/265 730/324/266 1339/325/266 3203/323/265
f 3203/323/265 1339/325/266 778/324/266 2654/326/265
f 2632/38/265 3203/323/265 2654/326/265 447/35/265
f 713/327/267 1070/328/267 3204/329/267 1069/330/267
f 1070/328/267 714/331/267 1340/332/267 3204/329/267
f 3204/329/267 1340/332/267 762/331/267 1071/329/267
f 1069/330/267 3204/329/267 1071/329/267 761/327/267
f 147/333/268 1598/334/269 3205/335/270 1597/336/271
f 1598/334/269 334/337/272 1072/338/273 3205/335/270
f 3205/335/270 1072/338/273 65/339/21 1576/340/18
f 1597/336/271 3205/335/270 1576/340/18 19/341/17
f 146/342/274 1342/343/275 3206/344/276 1341/345/277
f 1342/343/275 331/346/278 1599/347/279 3206/344/276
f 3206/344/276 1599/347/279 334/337/272 1598/334/269
f 1341/345/277 3206/344/276 1598/334/269 147/333/268
f 145/289/234 1067/288/233 3207/348/280 1073/349/281
f 1067/288/233 328/287/232 2921/350/282 3207/348/280
f 3207/348/280 2921/350/282 331/346/278 1342/343/275
f 1073/349/281 3207/348/280 1342/343/275 146/342/274
f 355/504/412 1612/505/413 3240/506/414 1611/507/415
f 1612/505/413 356/508/416 1874/509/417 3240/506/414
f 3240/506/414 1874/509/417 359/510/418 2407/511/419
f 1611/507/415 3240/506/414 2407/511/419 358/512/420
f 356/508/416 1875/513/421 3241/514/422 1874/509/417
f 1875/513/421 357/515/423 2120/516/424 3241/514/422
f 3241/514/422 2120/516/424 360/517/425 2659/518/426
f 1874/509/417 3241/514/422 2659/518/426 359/510/418
f 358/512/420 2407/511/419 3242/519/427 2408/520/428
f 2407/511/419 359/510/418 2660/521/429 3242/519/427
f 3242/519/427 2660/521/429 362/522/430 1085/523/431
f 2408/520/428 3242/519/427 1085/523/431 361/524/432
f 359/510/418 2659/518/426 3243/525/433 2660/521/429
f 2659/518/426 360/517/425 2928/526/434 3243/525/433
f 3243/525/433 2928/526/434 363/527/435 1354/528/436
f 2660/521/429 3243/525/433 1354/528/436 362/522/430
f 28/529/437 1877/530/438 3244/531/439 1876/532/440
f 1877/530/438 165/533/441 2121/534/442 3244/531/439
f 3244/531/439 2121/534/442 355/504/412 1355/535/443
f 1876/532/440 3244/531/439 1355/535/443 178/536/444
f 165/533/441 1878/537/445 3245/538/446 2121/534/442
f 1878/537/445 164/539/447 1879/540/448 3245/538/446
f 3245/538/446 1879/540/448 356/508/416 1612/505/413
f 2121/534/442 3245/538/446 1612/505/413 355/504/412
f 164/539/447 1613/541/449 3246/542/450 1879/540/448
f 1613/541/449 163/543/451 1614/544/452 3246/542/450
f 3246/542/450 1614/544/452 357/515/423 1875/513/421
f 1879/540/448 3246/542/450 1875/513/421 356/508/416
f 163/543/451 1356/545/453 3247/546/454 1614/544/452
f 1356/545/453 18/547/455 1357/548/456 3247/546/454
f 3247/546/454 1357/548/456 121/549/457 1086/550/458
f 1614/544/452 3247/546/454 1086/550/458 357/515/423
f 357/515/423 1086/550/458 3248/551/459 2120/516/424
f 1086/550/458 121/549/457 1087/552/460 3248/551/459
f 3248/551/459 1087/552/460 122/553/461 1358/554/462
f 2120/516/424 3248/551/459 1358/554/462 360/517/425
f 360/517/425 1358/554/462 3249/555/463 2928/526/434
f 1358/554/462 122/553/461 1359/556/464 3249/555/463
f 3249/555/463 1359/556/464 123/557/465 1615/558/466
f 2928/526/434 3249/555/463 1615/558/466 363/527/435
f 363/527/435 1615/558/466 3250/559/467 2661/560/468
f 1615/558/466 123/557/465 2122/561/469 3250/559/467
f 3250/559/467 2122/561/469 13/562/470 2123/563/471
f 2661/560/468 3250/559/467 2123/563/471 111/564/472
f 362/522/430 1354/528/436 3251/565/473 2409/566/474
f 1354/528/436 363/527/435 2661/560/468 3251/565/473
f 3251/565/473 2661/560/468 111/564/472 2410/567/475
f 2409/566/474 3251/565/473 2410/567/475 110/568/476
f 361/524/432 1085/523/431 3252/569/477 2124/570/478
f 1085/523/431 362/522/430 2409/566/474 3252/569/477
f 3252/569/477 2409/566/474 110/568/476 2125/571/479
f 2124/570/478 3252/569/477 2125/571/479 109/572/480
f 180/573/481 1880/574/482 3253/575/483 2126/576/484
f 1880/574/482 361/524/432 2124/570/478 3253/575/483
f 3253/575/483 2124/570/478 109/572/480 2127/577/485
f 2126/576/484 3253/575/483 2127/577/485 29/578/486
f 179/579/487 1617/580/488 3254/581/489 1616/582/490
f 1617/580/488 358/512/420 2408/520/428 3254/581/489
f 3254/581/489 2408/520/428 361/524/432 1880/574/482
f 1616/582/490 3254/581/489 1880/574/482 180/573/481
f 178/536/444 1355/535/443 3255/583/491 1360/584/492
f 1355/535/443 355/504/412 1611/507/415 3255/583/491
f 3255/583/491 1611/507/415 358/512/420 1617/580/488
f 1360/584/492 3255/583/491 1617/580/488 179/579/487
f 364/585/493 1882/586/494 3256/587/495 1881/588/496
f 1882/586/494 365/589/497 2128/590/498 3256/587/495
f 3256/587/495 2128/590/498 368/591/499 2662/592/500
f 1881/588/496 3256/587/495 2662/592/500 367/593/501
f 365/589/497 2129/594/502 3257/595/503 2128/590/498
f 2129/594/502 366/596/504 2411/597/505 3257/595/503
f 3257/595/503 2411/597/505 369/598/506 2929/599/507
f 2128/590/498 3257/595/503 2929/599/507 368/591/499
f 367/593/501 2662/592/500 3258/600/508 2663/601/509
f 2662/592/500 368/591/499 2930/602/510 3258/600/508
f 3258/600/508 2930/602/510 371/603/511 1361/604/512
f 2663/601/509 3258/600/508 1361/604/512 370/605/513
f 368/591/499 2929/599/507 3259/606/514 2930/602/510
f 2929/599/507 369/598/506 1088/607/515 3259/606/514
f 3259/606/514 1088/607/515 372/608/516 1618/609/517
f 2930/602/510 3259/606/514 1618/609/517 371/603/511
f 27/610/518 1620/611/519 3260/612/520 1619/613/521
f 1620/611/519 162/614/522 1362/615/523 3260/612/520
f 3260/612/520 1362/615/523 364/585/493 2664/616/524
f 1619/613/521 3260/612/520 2664/616/524 175/617/525
f 162/614/522 1089/618/526 3261/619/527 1362/615/523
f 1089/618/526 161/620/528 1090/621/529 3261/619/527
f 3261/619/527 1090/621/529 365/589/497 1882/586/494
f 1362/615/523 3261/619/527 1882/586/494 364/585/493
f 161/620/528 2931/622/530 3262/623/531 1090/621/529
f 2931/622/530 160/624/532 2932/625/533 3262/623/531
f 3262/623/531 2932/625/533 366/596/504 2129/594/502
f 1090/621/529 3262/623/531 2129/594/502 365/589/497
f 160/624/532 2933/626/534 3263/627/535 2932/625/533
f 2933/626/534 16/628/536 2934/629/537 3263/627/535
f 3263/627/535 2934/629/537 124/630/538 1883/631/539
f 2932/625/533 3263/627/535 1883/631/539 366/596/504
f 366/596/504 1883/631/539 3264/632/540 2411/597/505
f 1883/631/539 124/630/538 1884/633/541 3264/632/540
f 3264/632/540 1884/633/541 125/634/542 2130/635/543
f 2411/597/505 3264/632/540 2130/635/543 369/598/506
f 369/598/506 2130/635/543 3265/636/544 1088/607/515
f 2130/635/543 125/634/542 2131/637/545 3265/636/544
f 3265/636/544 2131/637/545 126/638/546 2412/639/547
f 1088/607/515 3265/636/544 2412/639/547 372/608/516
f 372/608/516 2412/639/547 3266/640/548 1621/641/549
f 2412/639/547 126/638/546 1363/642/550 3266/640/548
f 3266/640/548 1363/642/550 18/547/455 1356/545/453
f 1621/641/549 3266/640/548 1356/545/453 163/543/451
f 371/603/511 1618/609/517 3267/643/551 1885/644/552
f 1618/609/517 372/608/516 1621/641/549 3267/643/551
f 3267/643/551 1621/641/549 163/543/451 1613/541/449
f 1885/644/552 3267/643/551 1613/541/449 164/539/447
f 370/605/513 1361/604/512 3268/645/553 2132/646/554
f 1361/604/512 371/603/511 1885/644/552 3268/645/553
f 3268/645/553 1885/644/552 164/539/447 1878/537/445
f 2132/646/554 3268/645/553 1878/537/445 165/533/441
f 177/647/555 1091/648/556 3269/649/557 1886/650/558
f 1091/648/556 370/605/513 2132/646/554 3269/649/557
f 3269/649/557 2132/646/554 165/533/441 1877/530/438
f 1886/650/558 3269/649/557 1877/530/438 28/529/437
f 176/651/559 2936/652/560 3270/653/561 2935/654/562
f 2936/652/560 367/593/501 2663/601/509 3270/653/561
f 3270/653/561 2663/601/509 370/605/513 1091/648/556
f 2935/654/562 3270/653/561 1091/648/556 177/647/555
f 175/617/525 2664/616/524 3271/655/563 2665/656/564
f 2664/616/524 364/585/493 1881/588/496 3271/655/563
f 3271/655/563 1881/588/496 367/593/501 2936/652/560
f 2665/656/564 3271/655/563 2936/652/560 176/651/559
f 373/657/565 2134/658/566 3272/659/567 2133/660/568
f 2134/658/566 374/661/569 2413/662/570 3272/659/567
f 3272/659/567 2413/662/570 377/663/571 2937/664/572
f 2133/660/568 3272/659/567 2937/664/572 376/665/573
f 374/661/569 2414/666/574 3273/667/575 2413/662/570
f 2414/666/574 375/668/576 2666/669/577 3273/667/575
f 3273/667/575 2666/669/577 378/670/578 1092/671/579
f 2413/662/570 3273/667/575 1092/671/579 377/663/571
f 376/665/573 2937/664/572 3274/672/580 2938/673/581
f 2937/664/572 377/663/571 1093/674/582 3274/672/580
f 3274/672/580 1093/674/582 380/675/583 1622/676/584
f 2938/673/581 3274/672/580 1622/676/584 379/677/585
f 377/663/571 1092/671/579 3275/678/586 1093/674/582
f 1092/671/579 378/670/578 1364/679/587 3275/678/586
f 3275/678/586 1364/679/587 381/680/588 1887/681/589
f 1093/674/582 3275/678/586 1887/681/589 380/675/583
f 25/682/590 1095/683/591 3276/684/592 1094/685/593
f 1095/683/591 159/686/594 2667/687/595 3276/684/592
f 3276/684/592 2667/687/595 373/657/565 1888/688/596
f 1094/685/593 3276/684/592 1888/688/596 172/689/597
f 159/686/594 2415/690/598 3277/691/599 2667/687/595
f 2415/690/598 158/692/600 2416/693/601 3277/691/599
f 3277/691/599 2416/693/601 374/661/569 2134/658/566
f 2667/687/595 3277/691/599 2134/658/566 373/657/565
f 158/692/600 2135/694/602 3278/695/603 2416/693/601
f 2135/694/602 157/696/604 2136/697/605 3278/695/603
f 3278/695/603 2136/697/605 375/668/576 2414/666/574
f 2416/693/601 3278/695/603 2414/666/574 374/661/569
f 157/696/604 2417/698/606 3279/699/607 2136/697/605
f 2417/698/606 14/700/608 2418/701/609 3279/699/607
f 3279/699/607 2418/701/609 127/702/610 2668/703/611
f 2136/697/605 3279/699/607 2668/703/611 375/668/576
f 375/668/576 2668/703/611 3280/704/612 2666/669/577
f 2668/703/611 127/702/610 2669/705/613 3280/704/612
f 3280/704/612 2669/705/613 128/706/614 2939/707/615
f 2666/669/577 3280/704/612 2939/707/615 378/670/578
f 378/670/578 2939/707/615 3281/708/616 1364/679/587
f 2939/707/615 128/706/614 2940/709/617 3281/708/616
f 3281/708/616 2940/709/617 129/710/618 1096/711/619
f 1364/679/587 3281/708/616 1096/711/619 381/680/588
f 381/680/588 1096/711/619 3282/712/620 2941/713/621
f 1096/711/619 129/710/618 2942/714/622 3282/712/620
f 3282/712/620 2942/714/622 16/628/536 2933/626/534
f 2941/713/621 3282/712/620 2933/626/534 160/624/532
f 380/675/583 1887/681/589 3283/715/623 1097/716/624
f 1887/681/589 381/680/588 2941/713/621 3283/715/623
f 3283/715/623 2941/713/621 160/624/532 2931/622/530
f 1097/716/624 3283/715/623 2931/622/530 161/620/528
f 379/677/585 1622/676/584 3284/717/625 1365/718/626
f 1622/676/584 380/675/583 1097/716/624 3284/717/625
f 3284/717/625 1097/716/624 161/620/528 1089/618/526
f 1365/718/626 3284/717/625 1089/618/526 162/614/522
f 174/719/627 2419/720/628 3285/721/629 1623/722/630
f 2419/720/628 379/677/585 1365/718/626 3285/721/629
f 3285/721/629 1365/718/626 162/614/522 1620/611/519
f 1623/722/630 3285/721/629 1620/611/519 27/610/518
f 173/723/631 2138/724/632 3286/725/633 2137/726/634
f 2138/724/632 376/665/573 2938/673/581 3286/725/633
f 3286/725/633 2938/673/581 379/677/585 2419/720/628
f 2137/726/634 3286/725/633 2419/720/628 174/719/627
f 172/689/597 1888/688/596 3287/727/635 1889/728/636
f 1888/688/596 373/657/565 2133/660/568 3287/727/635
f 3287/727/635 2133/660/568 376/665/573 2138/724/632
f 1889/728/636 3287/727/635 2138/724/632 173/723/631
f 382/729/637 2421/730/638 3288/731/639 2420/732/640
f 2421/730/638 383/733/641 2670/734/642 3288/731/639
f 3288/731/639 2670/734/642 386/735/643 1098/736/644
f 2420/732/640 3288/731/639 1098/736/644 385/737/645
f 383/733/641 2671/738/646 3289/739/647 2670/734/642
f 2671/738/646 384/740/648 2943/741/649 3289/739/647
f 3289/739/647 2943/741/649 387/742/650 1366/743/651
f 2670/734/642 3289/739/647 1366/743/651 386/735/643
f 385/737/645 1098/736/644 3290/744/652 1099/745/653
f 1098/736/644 386/735/643 1367/746/654 3290/744/652
f 3290/744/652 1367/746/654 389/747/655 1890/748/656
f 1099/745/653 3290/744/652 1890/748/656 388/749/657
f 386/735/643 1366/743/651 3291/750/658 1367/746/654
f 1366/743/651 387/742/650 1624/751/659 3291/750/658
f 3291/750/658 1624/751/659 390/752/660 2139/753/661
f 1367/746/654 3291/750/658 2139/753/661 389/747/655
f 29/754/486 2127/755/485 3292/756/662 2140/757/663
f 2127/755/485 109/758/480 2141/759/664 3292/756/662
f 3292/756/662 2141/759/664 382/729/637 1100/760/665
f 2140/757/663 3292/756/662 1100/760/665 169/761/666
f 109/758/480 2125/762/479 3293/763/667 2141/759/664
f 2125/762/479 110/764/476 2422/765/668 3293/763/667
f 3293/763/667 2422/765/668 383/733/641 2421/730/638
f 2141/759/664 3293/763/667 2421/730/638 382/729/637
f 110/764/476 2410/766/475 3294/767/669 2422/765/668
f 2410/766/475 111/768/472 2672/769/670 3294/767/669
f 3294/767/669 2672/769/670 384/740/648 2671/738/646
f 2422/765/668 3294/767/669 2671/738/646 383/733/641
f 111/768/472 2123/770/471 3295/771/671 2672/769/670
f 2123/770/471 13/772/470 2142/773/672 3295/771/671
f 3295/771/671 2142/773/672 130/774/673 1368/775/674
f 2672/769/670 3295/771/671 1368/775/674 384/740/648
f 384/740/648 1368/775/674 3296/776/675 2943/741/649
f 1368/775/674 130/774/673 1369/777/676 3296/776/675
f 3296/776/675 1369/777/676 131/778/677 1625/779/678
f 2943/741/649 3296/776/675 1625/779/678 387/742/650
f 387/742/650 1625/779/678 3297/780/679 1624/751/659
f 1625/779/678 131/778/677 1626/781/680 3297/780/679
f 3297/780/679 1626/781/680 132/782/681 1891/783/682
f 1624/751/659 3297/780/679 1891/783/682 390/752/660
f 390/752/660 1891/783/682 3298/784/683 2143/785/684
f 1891/783/682 132/782/681 2423/786/685 3298/784/683
f 3298/784/683 2423/786/685 14/700/608 2417/698/606
f 2143/785/684 3298/784/683 2417/698/606 157/696/604
f 389/747/655 2139/753/661 3299/787/686 2424/788/687
f 2139/753/661 390/752/660 2143/785/684 3299/787/686
f 3299/787/686 2143/785/684 157/696/604 2135/694/602
f 2424/788/687 3299/787/686 2135/694/602 158/692/600
f 388/749/657 1890/748/656 3300/789/688 2673/790/689
f 1890/748/656 389/747/655 2424/788/687 3300/789/688
f 3300/789/688 2424/788/687 158/692/600 2415/690/598
f 2673/790/689 3300/789/688 2415/690/598 159/686/594
f 171/791/690 1627/792/691 3301/793/692 1101/794/693
f 1627/792/691 388/749/657 2673/790/689 3301/793/692
f 3301/793/692 2673/790/689 159/686/594 1095/683/591
f 1101/794/693 3301/793/692 1095/683/591 25/682/590
f 170/795/694 1371/796/695 3302/797/696 1370/798/697
f 1371/796/695 385/737/645 1099/745/653 3302/797/696
f 3302/797/696 1099/745/653 388/749/657 1627/792/691
f 1370/798/697 3302/797/696 1627/792/691 171/791/690
f 169/761/666 1100/760/665 3303/799/698 1102/800/699
f 1100/760/665 382/729/637 2420/732/640 3303/799/698
f 3303/799/698 2420/732/640 385/737/645 1371/796/695
f 1102/800/699 3303/799/698 1371/796/695 170/795/694
f 391/801/700 2675/802/701 3304/803/702 2674/804/703
f 2675/802/701 392/805/704 2944/806/705 3304/803/702
f 3304/803/702 2944/806/705 395/807/706 1372/808/707
f 2674/804/703 3304/803/702 1372/808/707 394/809/708
f 392/805/704 2945/810/709 3305/811/710 2944/806/705
f 2945/810/709 393/812/711 1103/813/712 3305/811/710
f 3305/811/710 1103/813/712 396/814/713 1628/815/714
f 2944/806/705 3305/811/710 1628/815/714 395/807/706
f 394/809/708 1372/808/707 3306/816/715 1373/817/716
f 1372/808/707 395/807/706 1629/818/717 3306/816/715
f 3306/816/715 1629/818/717 398/819/718 2144/820/719
f 1373/817/716 3306/816/715 2144/820/719 397/821/720
f 395/807/706 1628/815/714 3307/822/721 1629/818/717
f 1628/815/714 396/814/713 1892/823/722 3307/822/721
f 3307/822/721 1892/823/722 399/824/723 2425/825/724
f 1629/818/717 3307/822/721 2425/825/724 398/819/718
f 18/547/455 1374/826/725 3308/827/726 1357/548/456
f 1374/826/725 120/828/727 2946/829/728 3308/827/726
f 3308/827/726 2946/829/728 391/801/700 1104/830/729
f 1357/548/456 3308/827/726 1104/830/729 121/549/457
f 120/828/727 2676/831/730 3309/832/731 2946/829/728
f 2676/831/730 119/833/732 2677/834/733 3309/832/731
f 3309/832/731 2677/834/733 392/805/704 2675/802/701
f 2946/829/728 3309/832/731 2675/802/701 391/801/700
f 119/833/732 2426/835/734 3310/836/735 2677/834/733
f 2426/835/734 118/837/736 2427/838/737 3310/836/735
f 3310/836/735 2427/838/737 393/812/711 2945/810/709
f 2677/834/733 3310/836/735 2945/810/709 392/805/704
f 118/837/736 2678/839/738 3311/840/739 2427/838/737
f 2678/839/738 23/257/209 2653/285/230 3311/840/739
f 3311/840/739 2653/285/230 145/289/234 1105/841/740
f 2427/838/737 3311/840/739 1105/841/740 393/812/711
f 393/812/711 1105/841/740 3312/842/741 1103/813/712
f 1105/841/740 145/289/234 1073/349/281 3312/842/741
f 3312/842/741 1073/349/281 146/342/274 1375/843/742
f 1103/813/712 3312/842/741 1375/843/742 396/814/713
f 396/814/713 1375/843/742 3313/844/743 1892/823/722
f 1375/843/742 146/342/274 1341/345/277 3313/844/743
f 3313/844/743 1341/345/277 147/333/268 1630/845/744
f 1892/823/722 3313/844/743 1630/845/744 399/824/723
f 399/824/723 1630/845/744 3314/846/745 2679/847/746
f 1630/845/744 147/333/268 1597/336/271 3314/846/745
f 3314/846/745 1597/336/271 19/341/17 1631/848/747
f 2679/847/746 3314/846/745 1631/848/747 135/849/748
f 398/819/718 2425/825/724 3315/850/749 2428/851/750
f 2425/825/724 399/824/723 2679/847/746 3315/850/749
f 3315/850/749 2679/847/746 135/849/748 2429/852/751
f 2428/851/750 3315/850/749 2429/852/751 134/853/752
f 397/821/720 2144/820/719 3316/854/753 2145/855/754
f 2144/820/719 398/819/718 2428/851/750 3316/854/753
f 3316/854/753 2428/851/750 134/853/752 2146/856/755
f 2145/855/754 3316/854/753 2146/856/755 133/857/756
f 123/557/465 1632/858/757 3317/859/758 2122/561/469
f 1632/858/757 397/821/720 2145/855/754 3317/859/758
f 3317/859/758 2145/855/754 133/857/756 2147/860/759
f 2122/561/469 3317/859/758 2147/860/759 13/562/470
f 122/553/461 1376/861/760 3318/862/761 1359/556/464
f 1376/861/760 394/809/708 1373/817/716 3318/862/761
f 3318/862/761 1373/817/716 397/821/720 1632/858/757
f 1359/556/464 3318/862/761 1632/858/757 123/557/465
f 121/549/457 1104/830/729 3319/863/762 1087/552/460
f 1104/830/729 391/801/700 2674/804/703 3319/863/762
f 3319/863/762 2674/804/703 394/809/708 1376/861/760
f 1087/552/460 3319/863/762 1376/861/760 122/553/461
f 400/864/763 2948/865/764 3320/866/765 2947/867/766
f 2948/865/764 401/868/767 1106/869/768 3320/866/765
f 3320/866/765 1106/869/768 404/870/769 1633/871/770
f 2947/867/766 3320/866/765 1633/871/770 403/872/771
f 401/868/767 1107/873/772 3321/874/773 1106/869/768
f 1107/873/772 402/875/774 1377/876/775 3321/874/773
f 3321/874/773 1377/876/775 405/877/776 1893/878/777
f 1106/869/768 3321/874/773 1893/878/777 404/870/769
f 403/872/771 1633/871/770 3322/879/778 1634/880/779
f 1633/871/770 404/870/769 1894/881/780 3322/879/778
f 3322/879/778 1894/881/780 407/882/781 2430/883/782
f 1634/880/779 3322/879/778 2430/883/782 406/884/783
f 404/870/769 1893/878/777 3323/885/784 1894/881/780
f 1893/878/777 405/877/776 2148/886/785 3323/885/784
f 3323/885/784 2148/886/785 408/887/786 2680/888/787
f 1894/881/780 3323/885/784 2680/888/787 407/882/781
f 16/628/536 2949/889/788 3324/890/789 2934/629/537
f 2949/889/788 117/891/790 2149/892/791 3324/890/789
f 3324/890/789 2149/892/791 400/864/763 1895/893/792
f 2934/629/537 3324/890/789 1895/893/792 124/630/538
f 117/891/790 1896/894/793 3325/895/794 2149/892/791
f 1896/894/793 116/896/795 1897/897/796 3325/895/794
f 3325/895/794 1897/897/796 401/868/767 2948/865/764
f 2149/892/791 3325/895/794 2948/865/764 400/864/763
f 116/896/795 1635/898/797 3326/899/798 1897/897/796
f 1635/898/797 115/900/799 1636/901/800 3326/899/798
f 3326/899/798 1636/901/800 402/875/774 1107/873/772
f 1897/897/796 3326/899/798 1107/873/772 401/868/767
f 115/900/799 2431/902/801 3327/903/802 1636/901/800
f 2431/902/801 22/177/150 2391/206/170 3327/903/802
f 3327/903/802 2391/206/170 148/210/174 1898/904/803
f 1636/901/800 3327/903/802 1898/904/803 402/875/774
f 402/875/774 1898/904/803 3328/905/804 1377/876/775
f 1898/904/803 148/210/174 1867/265/217 3328/905/804
f 3328/905/804 1867/265/217 149/258/210 2150/906/805
f 1377/876/775 3328/905/804 2150/906/805 405/877/776
f 405/877/776 2150/906/805 3329/907/806 2148/886/785
f 2150/906/805 149/258/210 2104/261/213 3329/907/806
f 3329/907/806 2104/261/213 150/249/201 2432/908/807
f 2148/886/785 3329/907/806 2432/908/807 408/887/786
f 408/887/786 2432/908/807 3330/909/808 2433/910/809
f 2432/908/807 150/249/201 2647/252/204 3330/909/808
f 3330/909/808 2647/252/204 23/257/209 2678/839/738
f 2433/910/809 3330/909/808 2678/839/738 118/837/736
f 407/882/781 2680/888/787 3331/911/810 2681/912/811
f 2680/888/787 408/887/786 2433/910/809 3331/911/810
f 3331/911/810 2433/910/809 118/837/736 2426/835/734
f 2681/912/811 3331/911/810 2426/835/734 119/833/732
f 406/884/783 2430/883/782 3332/913/812 2950/914/813
f 2430/883/782 407/882/781 2681/912/811 3332/913/812
f 3332/913/812 2681/912/811 119/833/732 2676/831/730
f 2950/914/813 3332/913/812 2676/831/730 120/828/727
f 126/638/546 2434/915/814 3333/916/815 1363/642/550
f 2434/915/814 406/884/783 2950/914/813 3333/916/815
f 3333/916/815 2950/914/813 120/828/727 1374/826/725
f 1363/642/550 3333/916/815 1374/826/725 18/547/455
f 125/634/542 2151/917/816 3334/918/817 2131/637/545
f 2151/917/816 403/872/771 1634/880/779 3334/918/817
f 3334/918/817 1634/880/779 406/884/783 2434/915/814
f 2131/637/545 3334/918/817 2434/915/814 126/638/546
f 124/630/538 1895/893/792 3335/919/818 1884/633/541
f 1895/893/792 400/864/763 2947/867/766 3335/919/818
f 3335/919/818 2947/867/766 403/872/771 2151/917/816
f 1884/633/541 3335/919/818 2151/917/816 125/634/542
f 409/920/819 1109/921/820 3336/922/821 1108/923/822
f 1109/921/820 410/924/823 1378/925/824 3336/922/821
f 3336/922/821 1378/925/824 413/926/825 1899/927/826
f 1108/923/822 3336/922/821 1899/927/826 412/928/827
f 410/924/823 1379/929/828 3337/930/829 1378/925/824
f 1379/929/828 411/931/830 1637/932/831 3337/930/829
f 3337/930/829 1637/932/831 414/933/832 2152/934/833
f 1378/925/824 3337/930/829 2152/934/833 413/926/825
f 412/928/827 1899/927/826 3338/935/834 1900/936/835
f 1899/927/826 413/926/825 2153/937/836 3338/935/834
f 3338/935/834 2153/937/836 416/938/837 2682/939/838
f 1900/936/835 3338/935/834 2682/939/838 415/940/839
f 413/926/825 2152/934/833 3339/941/840 2153/937/836
f 2152/934/833 414/933/832 2435/942/841 3339/941/840
f 3339/941/840 2435/942/841 417/943/842 2951/944/843
f 2153/937/836 3339/941/840 2951/944/843 416/938/837
f 14/700/608 2436/945/844 3340/946/845 2418/701/609
f 2436/945/844 114/947/846 1380/948/847 3340/946/845
f 3340/946/845 1380/948/847 409/920/819 2683/949/848
f 2418/701/609 3340/946/845 2683/949/848 127/702/610
f 114/947/846 1110/950/849 3341/951/850 1380/948/847
f 1110/950/849 113/952/851 1111/953/852 3341/951/850
f 3341/951/850 1111/953/852 410/924/823 1109/921/820
f 1380/948/847 3341/951/850 1109/921/820 409/920/819
f 113/952/851 2952/954/853 3342/955/854 1111/953/852
f 2952/954/853 112/956/855 2953/957/856 3342/955/854
f 3342/955/854 2953/957/856 411/931/830 1379/929/828
f 1111/953/852 3342/955/854 1379/929/828 410/924/823
f 112/956/855 1901/958/857 3343/959/858 2953/957/856
f 1901/958/857 20/87/80 1854/119/103 3343/959/858
f 3343/959/858 1854/119/103 151/123/107 2684/960/859
f 2953/957/856 3343/959/858 2684/960/859 411/931/830
f 411/931/830 2684/960/859 3344/961/860 1637/932/831
f 2684/960/859 151/123/107 2641/185/158 3344/961/860
f 3344/961/860 2641/185/158 152/178/151 2954/962/861
f 1637/932/831 3344/961/860 2954/962/861 414/933/832
f 414/933/832 2954/962/861 3345/963/862 2435/942/841
f 2954/962/861 152/178/151 2907/181/154 3345/963/862
f 3345/963/862 2907/181/154 153/169/142 1112/964/863
f 2435/942/841 3345/963/862 1112/964/863 417/943/842
f 417/943/842 1112/964/863 3346/965/864 1638/966/865
f 1112/964/863 153/169/142 2386/172/145 3346/965/864
f 3346/965/864 2386/172/145 22/177/150 2431/902/801
f 1638/966/865 3346/965/864 2431/902/801 115/900/799
f 416/938/837 2951/944/843 3347/967/866 1902/968/867
f 2951/944/843 417/943/842 1638/966/865 3347/967/866
f 3347/967/866 1638/966/865 115/900/799 1635/898/797
f 1902/968/867 3347/967/866 1635/898/797 116/896/795
f 415/940/839 2682/939/838 3348/969/868 2154/970/869
f 2682/939/838 416/938/837 1902/968/867 3348/969/868
f 3348/969/868 1902/968/867 116/896/795 1896/894/793
f 2154/970/869 3348/969/868 1896/894/793 117/891/790
f 129/710/618 1113/971/870 3349/972/871 2942/714/622
f 1113/971/870 415/940/839 2154/970/869 3349/972/871
f 3349/972/871 2154/970/869 117/891/790 2949/889/788
f 2942/714/622 3349/972/871 2949/889/788 16/628/536
f 128/706/614 2955/973/872 3350/974/873 2940/709/617
f 2955/973/872 412/928/827 1900/936/835 3350/974/873
f 3350/974/873 1900/936/835 415/940/839 1113/971/870
f 2940/709/617 3350/974/873 1113/971/870 129/710/618
f 127/702/610 2683/949/848 3351/975/874 2669/705/613
f 2683/949/848 409/920/819 1108/923/822 3351/975/874
f 3351/975/874 1108/923/822 412/928/827 2955/973/872
f 2669/705/613 3351/975/874 2955/973/872 128/706/614
f 418/976/875 1382/977/876 3352/978/877 1381/979/878
f 1382/977/876 419/980/879 1639/981/880 3352/978/877
f 3352/978/877 1639/981/880 422/982/881 2155/983/882
f 1381/979/878 3352/978/877 2155/983/882 421/984/883
f 419/980/879 1640/985/884 3353/986/885 1639/981/880
f 1640/985/884 420/987/886 1903/988/887 3353/986/885
f 3353/986/885 1903/988/887 423/989/888 2437/990/889
f 1639/981/880 3353/986/885 2437/990/889 422/982/881
f 421/984/883 2155/983/882 3354/991/890 2156/992/891
f 2155/983/882 422/982/881 2438/993/892 3354/991/890
f 3354/991/890 2438/993/892 425/994/893 2956/995/894
f 2156/992/891 3354/991/890 2956/995/894 424/996/895
f 422/982/881 2437/990/889 3355/997/896 2438/993/892
f 2437/990/889 423/989/888 2685/998/897 3355/997/896
f 3355/997/896 2685/998/897 426/999/898 1114/1000/899
f 2438/993/892 3355/997/896 1114/1000/899 425/994/893
f 13/772/470 2147/1001/759 3356/1002/900 2142/773/672
f 2147/1001/759 133/1003/756 2157/1004/901 3356/1002/900
f 3356/1002/900 2157/1004/901 418/976/875 1383/1005/902
f 2142/773/672 3356/1002/900 1383/1005/902 130/774/673
f 133/1003/756 2146/1006/755 3357/1007/903 2157/1004/901
f 2146/1006/755 134/1008/752 2439/1009/904 3357/1007/903
f 3357/1007/903 2439/1009/904 419/980/879 1382/977/876
f 2157/1004/901 3357/1007/903 1382/977/876 418/976/875
f 134/1008/752 2429/1010/751 3358/1011/905 2439/1009/904
f 2429/1010/751 135/1012/748 2686/1013/906 3358/1011/905
f 3358/1011/905 2686/1013/906 420/987/886 1640/985/884
f 2439/1009/904 3358/1011/905 1640/985/884 419/980/879
f 135/1012/748 1631/1014/747 3359/1015/907 2686/1013/906
f 1631/1014/747 19/20/17 1575/23/20 3359/1015/907
f 3359/1015/907 1575/23/20 154/28/25 1384/1016/908
f 2686/1013/906 3359/1015/907 1384/1016/908 420/987/886
f 420/987/886 1384/1016/908 3360/1017/909 1903/988/887
f 1384/1016/908 154/28/25 1325/95/88 3360/1017/909
f 3360/1017/909 1325/95/88 155/88/81 1641/1018/910
f 1903/988/887 3360/1017/909 1641/1018/910 423/989/888
f 423/989/888 1641/1018/910 3361/1019/911 2685/998/897
f 1641/1018/910 155/88/81 1577/91/84 3361/1019/911
f 3361/1019/911 1577/91/84 156/79/72 1904/1020/912
f 2685/998/897 3361/1019/911 1904/1020/912 426/999/898
f 426/999/898 1904/1020/912 3362/1021/913 2957/1022/914
f 1904/1020/912 156/79/72 1849/82/75 3362/1021/913
f 3362/1021/913 1849/82/75 20/87/80 1901/958/857
f 2957/1022/914 3362/1021/913 1901/958/857 112/956/855
f 425/994/893 1114/1000/899 3363/1023/915 1115/1024/916
f 1114/1000/899 426/999/898 2957/1022/914 3363/1023/915
f 3363/1023/915 2957/1022/914 112/956/855 2952/954/853
f 1115/1024/916 3363/1023/915 2952/954/853 113/952/851
f 424/996/895 2956/995/894 3364/1025/917 1385/1026/918
f 2956/995/894 425/994/893 1115/1024/916 3364/1025/917
f 3364/1025/917 1115/1024/916 113/952/851 1110/950/849
f 1385/1026/918 3364/1025/917 1110/950/849 114/947/846
f 132/782/681 1905/1027/919 3365/1028/920 2423/786/685
f 1905/1027/919 424/996/895 1385/1026/918 3365/1028/920
f 3365/1028/920 1385/1026/918 114/947/846 2436/945/844
f 2423/786/685 3365/1028/920 2436/945/844 14/700/608
f 131/778/677 1642/1029/921 3366/1030/922 1626/781/680
f 1642/1029/921 421/984/883 2156/992/891 3366/1030/922
f 3366/1030/922 2156/992/891 424/996/895 1905/1027/919
f 1626/781/680 3366/1030/922 1905/1027/919 132/782/681
f 130/774/673 1383/1005/902 3367/1031/923 1369/777/676
f 1383/1005/902 418/976/875 1381/979/878 3367/1031/923
f 3367/1031/923 1381/979/878 421/984/883 1642/1029/921
f 1369/777/676 3367/1031/923 1642/1029/921 131/778/677
f 654/39/99 2440/1032/99 3368/1033/99 2093/40/99
f 2440/1032/99 726/102/99 2381/105/99 3368/1033/99
f 3368/1033/99 2381/105/99 774/102/99 2158/1032/99
f 2093/40/99 3368/1033/99 2158/1032/99 445/39/99
f 665/1034/924 1116/1035/924 3369/1036/925 2108/1037/925
f 1116/1035/924 666/1038/926 1643/1038/927 3369/1036/925
f 3369/1036/925 1643/1038/927 427/1038/928 1644/1039/929
f 2108/1037/925 3369/1036/925 1644/1039/929 429/1037/929
f 673/1040/930 1117/1041/931 3370/1042/932 2159/1043/933
f 2159/1043/933 3370/1042/932 1386/1044/936 317/1040/937
f 691/200/99 2687/1045/99 3371/1046/99 1587/201/99
f 2687/1045/99 663/74/99 2898/74/99 3371/1046/99
f 3371/1046/99 2898/74/99 432/74/99 2958/1047/99
f 1587/201/99 3371/1046/99 2958/1047/99 739/200/99
f 717/1048/99 1387/1049/99 3372/1049/99 2160/1048/99
f 1387/1049/99 650/1050/99 1645/1050/99 3372/1049/99
f 3372/1049/99 1645/1050/99 451/1050/99 1646/1051/99
f 2160/1048/99 3372/1049/99 1646/1051/99 765/1048/99
f 664/77/16 2959/1056/16 3374/1057/16 2378/77/16
f 2959/1056/16 692/1058/16 1906/1059/16 3374/1057/16
f 3374/1057/16 1906/1059/16 740/1058/16 2441/1056/16
f 2378/77/16 3374/1057/16 2441/1056/16 430/77/16
f 658/1060/947 1388/1061/948 3375/1062/949 2688/1060/950
f 1388/1061/948 672/124/951 2900/127/952 3375/1062/949
f 3375/1062/949 2900/127/952 320/124/953 2960/1061/954
f 2688/1060/950 3375/1062/949 2960/1061/954 439/1060/955
f 715/1063/99 1907/1064/99 3376/1065/99 1649/1066/99
f 1907/1064/99 652/241/99 2912/241/99 3376/1065/99
f 3376/1065/99 2912/241/99 448/241/99 2961/1067/99
f 1649/1066/99 3376/1065/99 2961/1067/99 763/1063/99
f 657/1055/956 1120/1068/956 3377/1069/956 1119/1055/956
f 1120/1068/956 658/1060/956 2688/1060/956 3377/1069/956
f 3377/1069/956 2688/1060/956 439/1060/956 2689/1068/956
f 1119/1055/956 3377/1069/956 2689/1068/956 441/1055/956
f 702/1070/99 1389/1071/957 3378/1072/957 2442/1073/957
f 1389/1071/957 698/167/957 1330/167/957 3378/1072/957
f 3378/1072/957 1330/167/957 746/167/957 1390/1074/957
f 2442/1073/957 3378/1072/957 1390/1074/957 750/1070/957
f 651/245/16 1650/1075/16 3379/1076/16 1333/248/16
f 1650/1075/16 716/212/16 1861/215/16 3379/1076/16
f 3379/1076/16 1861/215/16 764/212/16 1391/1077/16
f 1333/248/16 3379/1076/16 1391/1077/16 450/245/16
f 701/112/958 2161/1078/958 3380/1079/959 2099/113/958
f 2161/1078/958 702/1070/958 2442/1073/959 3380/1079/959
f 3380/1079/959 2442/1073/959 750/1070/959 2162/1080/959
f 2099/113/958 3380/1079/959 2162/1080/959 749/112/959
f 725/1083/969 2164/1084/969 3382/1085/970 2163/1086/970
f 2164/1084/969 726/102/971 2381/105/972 3382/1085/970
f 3382/1085/970 2381/105/972 774/102/973 2165/1087/974
f 2163/1086/970 3382/1085/970 2165/1087/974 773/1083/974
f 700/1088/99 2962/1089/99 3383/1089/99 1910/1090/99
f 2962/1089/99 696/196/99 2909/199/99 3383/1089/99
f 3383/1089/99 2909/199/99 744/196/99 2963/1089/99
f 1910/1090/99 3383/1089/99 2963/1089/99 748/1088/99
f 721/193/16 1121/1091/16 3384/1092/69 1060/194/69
f 1121/1091/16 725/1083/16 2163/1086/16 3384/1092/69
f 3384/1092/69 2163/1086/16 773/1083/69 1122/1093/69
f 1060/194/69 3384/1092/69 1122/1093/69 769/193/69
f 699/1094/975 1652/1095/975 3385/1095/975 1651/1096/975
f 1652/1095/975 700/1088/975 1910/1090/975 3385/1095/975
f 3385/1095/975 1910/1090/975 748/1088/975 1653/1097/975
f 1651/1096/975 3385/1095/975 1653/1097/975 747/1094/975
f 2690/1098/977 672/124/980 2900/127/981 3386/1098/978
f 3386/1098/978 2900/127/981 320/124/982 2964/1098/983
f 695/202/16 2691/1099/16 3387/1100/16 2642/202/16
f 2691/1099/16 699/1094/16 1651/1096/16 3387/1100/16
f 3387/1100/16 1651/1096/16 747/1094/16 2692/1101/16
f 2642/202/16 3387/1100/16 2692/1101/16 743/202/16
f 723/163/985 1654/1102/985 3388/1103/985 1585/163/985
f 1654/1102/985 724/130/985 1855/130/985 3388/1103/985
f 3388/1103/985 1855/130/985 772/130/985 1655/1102/985
f 1585/163/985 3388/1103/985 1655/1102/985 771/163/985
f 698/167/99 2167/1107/99 3390/1108/99 1330/167/99
f 2167/1107/99 693/1109/99 2168/1109/99 3390/1108/99
f 3390/1108/99 2168/1109/99 741/1109/99 2169/1108/99
f 1330/167/99 3390/1108/99 2169/1108/99 746/167/99
f 670/128/995 1657/1110/996 3391/1111/997 2383/128/998
f 1657/1110/996 667/97/999 2635/100/1000 3391/1111/997
f 3391/1111/997 2635/100/1000 335/97/1001 2443/1110/1002
f 2383/128/998 3391/1111/997 2443/1110/1002 326/128/1003
f 722/106/957 2170/1112/957 3392/1113/957 1327/107/957
f 2170/1112/957 717/1048/99 2160/1048/957 3392/1113/957
f 3392/1113/957 2160/1048/957 765/1048/957 2171/1112/957
f 1327/107/957 3392/1113/957 2171/1112/957 770/106/957
f 2172/1114/141 670/128/141 2383/128/141 3393/1115/141
f 3393/1115/141 2383/128/141 326/128/141 2444/1116/141
f 694/1117/16 2446/1118/16 3394/1119/69 2445/1117/16
f 2446/1118/16 697/108/16 1051/111/69 3394/1119/69
f 3394/1119/69 1051/111/69 745/108/69 2447/1120/69
f 2445/1117/16 3394/1119/69 2447/1120/69 742/1117/69
f 721/193/175 1123/1121/175 3395/1122/175 1060/194/175
f 1123/1121/175 722/106/175 1327/107/175 3395/1122/175
f 3395/1122/175 1327/107/175 770/106/175 1124/1121/175
f 1060/194/175 3395/1122/175 1124/1121/175 769/193/175
f 693/1109/1004 2173/1123/1005 3396/1124/1006 2168/1109/1007
f 2173/1123/1005 694/1117/1005 2445/1117/1006 3396/1124/1006
f 3396/1124/1006 2445/1117/1006 742/1117/1008 2174/1123/1008
f 2168/1109/1007 3396/1124/1006 2174/1123/1008 741/1109/1009
f 667/97/1010 1658/1125/1011 3397/1125/1012 2635/100/1013
f 2635/100/1013 3397/1125/1012 1911/1125/1017 335/97/1018
f 717/1048/1019 2175/1126/1019 3398/1127/1020 2160/1048/1020
f 2175/1126/1019 718/71/1019 2377/72/1019 3398/1127/1020
f 3398/1127/1020 2377/72/1019 766/71/1020 2176/1126/1020
f 2160/1048/1020 3398/1127/1020 2176/1126/1020 765/1048/1020
f 720/133/99 1659/1128/99 3399/1129/99 2903/134/99
f 1659/1128/99 715/1063/99 1649/1066/99 3399/1129/99
f 3399/1129/99 1649/1066/99 763/1063/99 1660/1128/99
f 2903/134/99 3399/1129/99 1660/1128/99 768/133/99
f 692/1058/16 1912/1130/16 3400/1131/16 1906/1059/16
f 1912/1130/16 695/202/16 2642/202/16 3400/1131/16
f 3400/1131/16 2642/202/16 743/202/16 1913/1130/16
f 1906/1059/16 3400/1131/16 1913/1130/16 740/1058/16
f 691/200/1021 1661/1132/1021 3401/1133/1021 1587/201/1021
f 1661/1132/1021 692/1058/1021 1906/1059/1021 3401/1133/1021
f 3401/1133/1021 1906/1059/1021 740/1058/1021 1662/1133/1021
f 1587/201/1021 3401/1133/1021 1662/1133/1021 739/200/1021
f 715/1063/1031 1664/1137/1031 3403/1138/1031 1649/1066/1031
f 1664/1137/1031 716/212/1031 1861/215/1031 3403/1138/1031
f 3403/1138/1031 1861/215/1031 764/212/1031 1665/1137/1031
f 1649/1066/1031 3403/1138/1031 1665/1137/1031 763/1063/1031
f 643/1139/1032 1666/1140/1033 3404/1141/1034 2380/1139/1035
f 1666/1140/1033 690/1142/1036 1667/1143/1037 3404/1141/1034
f 3404/1141/1034 1667/1143/1037 67/1142/1038 1668/1140/1039
f 2380/1139/1035 3404/1141/1034 1668/1140/1039 462/1139/1040
f 711/1/16 1669/1144/16 3405/1144/16 2627/1/16
f 1669/1144/16 651/245/16 1333/248/16 3405/1144/16
f 3405/1144/16 1333/248/16 450/245/16 1392/1145/16
f 2627/1/16 3405/1144/16 1392/1145/16 759/1/16
f 685/1146/1041 2448/1147/1042 3406/1147/1043 1915/1148/1044
f 2448/1147/1042 662/1149/1045 1125/1150/1046 3406/1147/1043
f 3406/1147/1043 1125/1150/1046 433/1149/1047 1916/1151/1048
f 1915/1148/1044 3406/1147/1043 1916/1151/1048 100/1146/1049
f 690/1142/1059 2965/1157/1060 3408/1158/1061 1667/1143/1062
f 2965/1157/1060 688/282/1063 2106/282/1064 3408/1158/1061
f 3408/1158/1061 2106/282/1064 77/282/1065 1672/1159/1066
f 1667/1143/1062 3408/1158/1061 1672/1159/1066 67/1142/1067
f 713/327/16 1126/1160/16 3409/1161/16 1069/330/16
f 1126/1160/16 649/68/16 2096/68/16 3409/1161/16
f 3409/1161/16 2096/68/16 453/68/16 2178/1162/16
f 1069/330/16 3409/1161/16 2178/1162/16 761/327/16
f 1127/1163/1069 690/1142/1072 1667/1143/1073 3410/1163/1070
f 3410/1163/1070 1667/1143/1073 67/1142/1074 1673/1164/1075
f 650/1050/99 1393/1165/99 3411/1166/99 1645/1050/99
f 1393/1165/99 714/331/99 1340/332/99 3411/1166/99
f 3411/1166/99 1340/332/99 762/331/99 1674/1165/99
f 1645/1050/99 3411/1166/99 1674/1165/99 451/1050/99
f 649/68/1077 1128/1167/1077 3412/1167/1077 2096/68/1077
f 1128/1167/1077 650/1050/1078 1645/1050/1078 3412/1167/1077
f 3412/1167/1077 1645/1050/1078 451/1050/1078 1675/1167/1077
f 2096/68/1077 3412/1167/1077 1675/1167/1077 453/68/1077
f 688/282/1079 2179/1168/1080 3413/1169/1081 2106/282/1082
f 2179/1168/1080 685/1146/1083 1915/1148/1084 3413/1169/1081
f 3413/1169/1081 1915/1148/1084 100/1146/1085 2180/1168/1086
f 2106/282/1082 3413/1169/1081 2180/1168/1086 77/282/1087
f 663/1170/99 2693/1171/99 3414/1172/99 2898/1170/99
f 2693/1171/99 736/1173/99 2966/1174/99 3414/1172/99
f 3414/1172/99 2966/1174/99 784/1173/99 2967/1171/99
f 2898/1170/99 3414/1172/99 2967/1171/99 432/1170/99
f 645/1175/16 2181/1176/16 3415/1177/16 1676/1175/16
f 2181/1176/16 706/1178/16 1394/1178/16 3415/1177/16
f 3415/1177/16 1394/1178/16 754/1178/16 1677/1176/16
f 1676/1175/16 3415/1177/16 1677/1176/16 459/1175/16
f 737/5/1088 1395/1179/1089 3416/1180/1089 1045/8/1088
f 1395/1179/1089 666/1181/1089 1643/1181/1089 3416/1180/1089
f 3416/1180/1089 1643/1181/1089 427/1181/1089 1678/1182/1089
f 1045/8/1088 3416/1180/1089 1678/1182/1089 785/5/1088
f 703/1183/99 2968/1184/99 3417/1185/99 2694/1186/99
f 2968/1184/99 648/1187/99 2449/1188/99 3417/1185/99
f 3417/1185/99 2449/1188/99 454/1187/99 2450/1185/99
f 2694/1186/99 3417/1185/99 2450/1185/99 751/1183/99
f 685/1146/1090 2182/1189/1091 3418/1190/1092 1915/1148/1093
f 1915/1148/1093 3418/1190/1092 1679/1191/1097 100/1146/1098
f 647/1192/16 2695/1193/16 3419/1194/16 2969/1195/16
f 2695/1193/16 704/1196/16 2970/1197/16 3419/1194/16
f 3419/1194/16 2970/1197/16 752/1196/16 2971/1198/16
f 2969/1195/16 3419/1194/16 2971/1198/16 456/1192/16
f 729/1199/99 2451/1200/99 3420/1201/99 1129/1202/99
f 2451/1200/99 654/39/99 2093/40/99 3420/1201/99
f 3420/1201/99 2093/40/99 445/39/99 2183/1203/99
f 1129/1202/99 3420/1201/99 2183/1203/99 777/1199/1099
f 714/331/99 2452/1208/99 3422/1209/99 1340/332/99
f 2452/1208/99 710/1210/99 2453/1211/99 3422/1209/99
f 3422/1209/99 2453/1211/99 758/1210/99 2454/1212/99
f 1340/332/99 3422/1209/99 2454/1212/99 762/331/99
f 662/1149/1109 2455/1213/1110 3423/1214/1111 1125/1150/1112
f 2455/1213/1110 684/11/1113 2371/14/1114 3423/1214/1111
f 3423/1214/1111 2371/14/1114 102/11/1115 2456/1215/1116
f 1125/1150/1112 3423/1214/1111 2456/1215/1116 433/1149/1117
f 727/1216/99 2972/1217/99 3424/1218/99 2696/1219/99
f 2972/1217/99 656/1220/99 1396/1220/99 3424/1218/99
f 3424/1218/99 1396/1220/99 442/1220/99 1397/1221/99
f 2696/1219/99 3424/1218/99 1397/1221/99 775/1216/99
f 661/1152/1118 2185/1222/1118 3425/1222/1118 1670/1155/1119
f 2185/1222/1118 662/1149/1118 1125/1150/1118 3425/1222/1118
f 3425/1222/1118 1125/1150/1118 433/1149/1119 1132/1223/1119
f 1670/1155/1119 3425/1222/1118 1132/1223/1119 435/1152/1119
f 709/1224/16 2187/1225/16 3426/1226/16 2186/1227/16
f 2187/1225/16 713/327/16 1069/330/16 3426/1226/16
f 3426/1226/16 1069/330/16 761/327/16 2188/1225/16
f 2186/1227/16 3426/1226/16 2188/1225/16 757/1224/16
f 655/1228/16 2697/1229/16 3427/1230/16 1917/1231/16
f 2697/1229/16 728/1232/16 2973/1233/16 3427/1230/16
f 3427/1230/16 2973/1233/16 776/1232/16 1918/1234/16
f 1917/1231/16 3427/1230/16 1918/1234/16 444/1228/16
f 679/1235/1120 1919/1236/1121 3428/1237/1122 2974/1235/1123
f 1919/1236/1121 660/1238/1124 1920/1238/1125 3428/1237/1122
f 3428/1237/1122 1920/1238/1125 436/1238/1126 2975/1239/1127
f 2974/1235/1123 3428/1237/1122 2975/1239/1127 168/1235/1128
f 712/4/99 1921/1240/99 3429/1241/99 2894/4/99
f 1921/1240/99 708/1242/99 1922/1243/99 3429/1241/99
f 3429/1241/99 1922/1243/99 756/1242/99 1923/1240/99
f 2894/4/99 3429/1241/99 1923/1240/99 760/4/99
f 738/9/99 2457/1244/99 3430/1245/99 1316/10/99
f 2457/1244/99 734/1246/99 2458/1246/99 3430/1245/99
f 3430/1245/99 2458/1246/99 782/1246/99 2459/1247/99
f 1316/10/99 3430/1245/99 2459/1247/99 786/9/99
f 463/1253/1138 2699/1254/1139 3432/1255/1140 2698/1256/1141
f 2699/1254/1139 464/1257/1142 2976/1258/1143 3432/1255/1140
f 3432/1255/1140 2976/1258/1143 467/1259/1144 1398/1260/1145
f 2698/1256/1141 3432/1255/1140 1398/1260/1145 466/1261/1146
f 464/1257/1142 2977/1262/1147 3433/1263/1148 2976/1258/1143
f 2977/1262/1147 465/1264/1149 1133/1265/1150 3433/1263/1148
f 3433/1263/1148 1133/1265/1150 468/1266/1151 1681/1267/1152
f 2976/1258/1143 3433/1263/1148 1681/1267/1152 467/1259/1144
f 466/1261/1146 1398/1260/1145 3434/1268/1153 1399/1269/1154
f 1398/1260/1145 467/1259/1144 1682/1270/1155 3434/1268/1153
f 3434/1268/1153 1682/1270/1155 470/1271/1156 2189/1272/1157
f 1399/1269/1154 3434/1268/1153 2189/1272/1157 469/1273/1158
f 467/1259/1144 1681/1267/1152 3435/1274/1159 1682/1270/1155
f 1681/1267/1152 468/1266/1151 1924/1275/1160 3435/1274/1159
f 3435/1274/1159 1924/1275/1160 471/1276/1161 2463/1277/1162
f 1682/1270/1155 3435/1274/1159 2463/1277/1162 470/1271/1156
f 55/1278/1163 2701/1279/1164 3436/1280/1165 2700/1281/1166
f 2701/1279/1164 300/1282/1167 1925/1283/1168 3436/1280/1165
f 3436/1280/1165 1925/1283/1168 463/1253/1138 2702/1284/1169
f 2700/1281/1166 3436/1280/1165 2702/1284/1169 279/1285/1170
f 300/1282/1167 1683/1286/1171 3437/1287/1172 1925/1283/1168
f 1683/1286/1171 299/1288/1173 1684/1289/1174 3437/1287/1172
f 3437/1287/1172 1684/1289/1174 464/1257/1142 2699/1254/1139
f 1925/1283/1168 3437/1287/1172 2699/1254/1139 463/1253/1138
f 299/1288/1173 1400/1290/1175 3438/1291/1176 1684/1289/1174
f 1400/1290/1175 298/1292/1177 1401/1293/1178 3438/1291/1176
f 3438/1291/1176 1401/1293/1178 465/1264/1149 2977/1262/1147
f 1684/1289/1174 3438/1291/1176 2977/1262/1147 464/1257/1142
f 298/1292/1177 1134/1294/1179 3439/1295/1180 1401/1293/1178
f 1134/1294/1179 57/1296/1181 1135/1297/1182 3439/1295/1180
f 3439/1295/1180 1135/1297/1182 196/1298/1183 1926/1299/1184
f 1401/1293/1178 3439/1295/1180 1926/1299/1184 465/1264/1149
f 465/1264/1149 1926/1299/1184 3440/1300/1185 1133/1265/1150
f 1926/1299/1184 196/1298/1183 1927/1301/1186 3440/1300/1185
f 3440/1300/1185 1927/1301/1186 197/1302/1187 2190/1303/1188
f 1133/1265/1150 3440/1300/1185 2190/1303/1188 468/1266/1151
f 468/1266/1151 2190/1303/1188 3441/1304/1189 1924/1275/1160
f 2190/1303/1188 197/1302/1187 2191/1305/1190 3441/1304/1189
f 3441/1304/1189 2191/1305/1190 198/1306/1191 2464/1307/1192
f 1924/1275/1160 3441/1304/1189 2464/1307/1192 471/1276/1161
f 471/1276/1161 2464/1307/1192 3442/1308/1193 2978/1309/1194
f 2464/1307/1192 198/1306/1191 1136/1310/1195 3442/1308/1193
f 3442/1308/1193 1136/1310/1195 33/1311/1196 1137/1312/1197
f 2978/1309/1194 3442/1308/1193 1137/1312/1197 64/1313/1198
f 470/1271/1156 2463/1277/1162 3443/1314/1199 2465/1315/1200
f 2463/1277/1162 471/1276/1161 2978/1309/1194 3443/1314/1199
f 3443/1314/1199 2978/1309/1194 64/1313/1198 2466/1316/1201
f 2465/1315/1200 3443/1314/1199 2466/1316/1201 62/1317/1202
f 469/1273/1158 2189/1272/1157 3444/1318/1203 2192/1319/1204
f 2189/1272/1157 470/1271/1156 2465/1315/1200 3444/1318/1203
f 3444/1318/1203 2465/1315/1200 62/1317/1202 2193/1320/1205
f 2192/1319/1204 3444/1318/1203 2193/1320/1205 61/1321/1206
f 277/1322/1207 2194/1323/1208 3445/1324/1209 2703/1325/1210
f 2194/1323/1208 469/1273/1158 2192/1319/1204 3445/1324/1209
f 3445/1324/1209 2192/1319/1204 61/1321/1206 2704/1326/1211
f 2703/1325/1210 3445/1324/1209 2704/1326/1211 31/1327/1212
f 278/1328/1213 2467/1329/1214 3446/1330/1215 2195/1331/1216
f 2467/1329/1214 466/1261/1146 1399/1269/1154 3446/1330/1215
f 3446/1330/1215 1399/1269/1154 469/1273/1158 2194/1323/1208
f 2195/1331/1216 3446/1330/1215 2194/1323/1208 277/1322/1207
f 279/1285/1170 2702/1284/1169 3447/1332/1217 2468/1333/1218
f 2702/1284/1169 463/1253/1138 2698/1256/1141 3447/1332/1217
f 3447/1332/1217 2698/1256/1141 466/1261/1146 2467/1329/1214
f 2468/1333/1218 3447/1332/1217 2467/1329/1214 278/1328/1213
f 472/1334/1219 2980/1335/1220 3448/1336/1221 2979/1337/1222
f 2980/1335/1220 473/1338/1223 1138/1339/1224 3448/1336/1221
f 3448/1336/1221 1138/1339/1224 476/1340/1225 1685/1341/1226
f 2979/1337/1222 3448/1336/1221 1685/1341/1226 475/1342/1227
f 473/1338/1223 1139/1343/1228 3449/1344/1229 1138/1339/1224
f 1139/1343/1228 474/1345/1230 1402/1346/1231 3449/1344/1229
f 3449/1344/1229 1402/1346/1231 477/1347/1232 1928/1348/1233
f 1138/1339/1224 3449/1344/1229 1928/1348/1233 476/1340/1225
f 475/1342/1227 1685/1341/1226 3450/1349/1234 1686/1350/1235
f 1685/1341/1226 476/1340/1225 1929/1351/1236 3450/1349/1234
f 3450/1349/1234 1929/1351/1236 479/1352/1237 2469/1353/1238
f 1686/1350/1235 3450/1349/1234 2469/1353/1238 478/1354/1239
f 476/1340/1225 1928/1348/1233 3451/1355/1240 1929/1351/1236
f 1928/1348/1233 477/1347/1232 2196/1356/1241 3451/1355/1240
f 3451/1355/1240 2196/1356/1241 480/1357/1242 2705/1358/1243
f 1929/1351/1236 3451/1355/1240 2705/1358/1243 479/1352/1237
f 58/1359/1244 1404/1360/1245 3452/1361/1246 1403/1362/1247
f 1404/1360/1245 297/1363/1248 1140/1364/1249 3452/1361/1246
f 3452/1361/1246 1140/1364/1249 472/1334/1219 2197/1365/1250
f 1403/1362/1247 3452/1361/1246 2197/1365/1250 285/1366/1251
f 297/1363/1248 2981/1367/1252 3453/1368/1253 1140/1364/1249
f 2981/1367/1252 296/1369/1254 2982/1370/1255 3453/1368/1253
f 3453/1368/1253 2982/1370/1255 473/1338/1223 2980/1335/1220
f 1140/1364/1249 3453/1368/1253 2980/1335/1220 472/1334/1219
f 296/1369/1254 2706/1371/1256 3454/1372/1257 2982/1370/1255
f 2706/1371/1256 295/1373/1258 2707/1374/1259 3454/1372/1257
f 3454/1372/1257 2707/1374/1259 474/1345/1230 1139/1343/1228
f 2982/1370/1255 3454/1372/1257 1139/1343/1228 473/1338/1223
f 295/1373/1258 2708/1375/1260 3455/1376/1261 2707/1374/1259
f 2708/1375/1260 55/1278/1163 2700/1281/1166 3455/1376/1261
f 3455/1376/1261 2700/1281/1166 279/1285/1170 2709/1377/1262
f 2707/1374/1259 3455/1376/1261 2709/1377/1262 474/1345/1230
f 474/1345/1230 2709/1377/1262 3456/1378/1263 1402/1346/1231
f 2709/1377/1262 279/1285/1170 2468/1333/1218 3456/1378/1263
f 3456/1378/1263 2468/1333/1218 278/1328/1213 2470/1379/1264
f 1402/1346/1231 3456/1378/1263 2470/1379/1264 477/1347/1232
f 477/1347/1232 2470/1379/1264 3457/1380/1265 2196/1356/1241
f 2470/1379/1264 278/1328/1213 2195/1331/1216 3457/1380/1265
f 3457/1380/1265 2195/1331/1216 277/1322/1207 2198/1381/1266
f 2196/1356/1241 3457/1380/1265 2198/1381/1266 480/1357/1242
f 480/1357/1242 2198/1381/1266 3458/1382/1267 1405/1383/1268
f 2198/1381/1266 277/1322/1207 2703/1325/1210 3458/1382/1267
f 3458/1382/1267 2703/1325/1210 31/1327/1212 2710/1384/1269
f 1405/1383/1268 3458/1382/1267 2710/1384/1269 82/1385/1270
f 479/1352/1237 2705/1358/1243 3459/1386/1271 1141/1387/1272
f 2705/1358/1243 480/1357/1242 1405/1383/1268 3459/1386/1271
f 3459/1386/1271 1405/1383/1268 82/1385/1270 1142/1388/1273
f 1141/1387/1272 3459/1386/1271 1142/1388/1273 81/1389/1274
f 478/1354/1239 2469/1353/1238 3460/1390/1275 2711/1391/1276
f 2469/1353/1238 479/1352/1237 1141/1387/1272 3460/1390/1275
f 3460/1390/1275 1141/1387/1272 81/1389/1274 2712/1392/1277
f 2711/1391/1276 3460/1390/1275 2712/1392/1277 79/1393/1278
f 283/1394/1279 1687/1395/1280 3461/1396/1281 1406/1397/1282
f 1687/1395/1280 478/1354/1239 2711/1391/1276 3461/1396/1281
f 3461/1396/1281 2711/1391/1276 79/1393/1278 1407/1398/1283
f 1406/1397/1282 3461/1396/1281 1407/1398/1283 34/1399/1284
f 284/1400/1285 1930/1401/1286 3462/1402/1287 1688/1403/1288
f 1930/1401/1286 475/1342/1227 1686/1350/1235 3462/1402/1287
f 3462/1402/1287 1686/1350/1235 478/1354/1239 1687/1395/1280
f 1688/1403/1288 3462/1402/1287 1687/1395/1280 283/1394/1279
f 285/1366/1251 2197/1365/1250 3463/1404/1289 1931/1405/1290
f 2197/1365/1250 472/1334/1219 2979/1337/1222 3463/1404/1289
f 3463/1404/1289 2979/1337/1222 475/1342/1227 1930/1401/1286
f 1931/1405/1290 3463/1404/1289 1930/1401/1286 284/1400/1285
f 481/1406/1291 1144/1407/1292 3464/1408/1293 1143/1409/1294
f 1144/1407/1292 482/1410/1295 1408/1411/1296 3464/1408/1293
f 3464/1408/1293 1408/1411/1296 485/1412/1297 1932/1413/1298
f 1143/1409/1294 3464/1408/1293 1932/1413/1298 484/1414/1299
f 482/1410/1295 1409/1415/1300 3465/1416/1301 1408/1411/1296
f 1409/1415/1300 483/1417/1302 1689/1418/1303 3465/1416/1301
f 3465/1416/1301 1689/1418/1303 486/1419/1304 2199/1420/1305
f 1408/1411/1296 3465/1416/1301 2199/1420/1305 485/1412/1297
f 484/1414/1299 1932/1413/1298 3466/1421/1306 1933/1422/1307
f 1932/1413/1298 485/1412/1297 2200/1423/1308 3466/1421/1306
f 3466/1421/1306 2200/1423/1308 488/1424/1309 2713/1425/1310
f 1933/1422/1307 3466/1421/1306 2713/1425/1310 487/1426/1311
f 485/1412/1297 2199/1420/1305 3467/1427/1312 2200/1423/1308
f 2199/1420/1305 486/1419/1304 2471/1428/1313 3467/1427/1312
f 3467/1427/1312 2471/1428/1313 489/1429/1314 2983/1430/1315
f 2200/1423/1308 3467/1427/1312 2983/1430/1315 488/1424/1309
f 59/1431/1316 1691/1432/1317 3468/1433/1318 1690/1434/1319
f 1691/1432/1317 294/1435/1320 2472/1436/1321 3468/1433/1318
f 3468/1433/1318 2472/1436/1321 481/1406/1291 2984/1437/1322
f 1690/1434/1319 3468/1433/1318 2984/1437/1322 288/1438/1323
f 294/1435/1320 2201/1439/1324 3469/1440/1325 2472/1436/1321
f 2201/1439/1324 293/1441/1326 2202/1442/1327 3469/1440/1325
f 3469/1440/1325 2202/1442/1327 482/1410/1295 1144/1407/1292
f 2472/1436/1321 3469/1440/1325 1144/1407/1292 481/1406/1291
f 293/1441/1326 1934/1443/1328 3470/1444/1329 2202/1442/1327
f 1934/1443/1328 292/1445/1330 1935/1446/1331 3470/1444/1329
f 3470/1444/1329 1935/1446/1331 483/1417/1302 1409/1415/1300
f 2202/1442/1327 3470/1444/1329 1409/1415/1300 482/1410/1295
f 292/1445/1330 1410/1447/1332 3471/1448/1333 1935/1446/1331
f 1410/1447/1332 58/1359/1244 1403/1362/1247 3471/1448/1333
f 3471/1448/1333 1403/1362/1247 285/1366/1251 2203/1449/1334
f 1935/1446/1331 3471/1448/1333 2203/1449/1334 483/1417/1302
f 483/1417/1302 2203/1449/1334 3472/1450/1335 1689/1418/1303
f 2203/1449/1334 285/1366/1251 1931/1405/1290 3472/1450/1335
f 3472/1450/1335 1931/1405/1290 284/1400/1285 1936/1451/1336
f 1689/1418/1303 3472/1450/1335 1936/1451/1336 486/1419/1304
f 486/1419/1304 1936/1451/1336 3473/1452/1337 2471/1428/1313
f 1936/1451/1336 284/1400/1285 1688/1403/1288 3473/1452/1337
f 3473/1452/1337 1688/1403/1288 283/1394/1279 1692/1453/1338
f 2471/1428/1313 3473/1452/1337 1692/1453/1338 489/1429/1314
f 489/1429/1314 1692/1453/1338 3474/1454/1339 2985/1455/1340
f 1692/1453/1338 283/1394/1279 1406/1397/1282 3474/1454/1339
f 3474/1454/1339 1406/1397/1282 34/1399/1284 1411/1456/1341
f 2985/1455/1340 3474/1454/1339 1411/1456/1341 96/1457/1342
f 488/1424/1309 2983/1430/1315 3475/1458/1343 2473/1459/1344
f 2983/1430/1315 489/1429/1314 2985/1455/1340 3475/1458/1343
f 3475/1458/1343 2985/1455/1340 96/1457/1342 2474/1460/1345
f 2473/1459/1344 3475/1458/1343 2474/1460/1345 94/1461/1346
f 487/1426/1311 2713/1425/1310 3476/1462/1347 2204/1463/1348
f 2713/1425/1310 488/1424/1309 2473/1459/1344 3476/1462/1347
f 3476/1462/1347 2473/1459/1344 94/1461/1346 2205/1464/1349
f 2204/1463/1348 3476/1462/1347 2205/1464/1349 93/1465/1350
f 286/1466/1351 2475/1467/1352 3477/1468/1353 1937/1469/1354
f 2475/1467/1352 487/1426/1311 2204/1463/1348 3477/1468/1353
f 3477/1468/1353 2204/1463/1348 93/1465/1350 1938/1470/1355
f 1937/1469/1354 3477/1468/1353 1938/1470/1355 36/1471/1356
f 287/1472/1357 2714/1473/1358 3478/1474/1359 2476/1475/1360
f 2714/1473/1358 484/1414/1299 1933/1422/1307 3478/1474/1359
f 3478/1474/1359 1933/1422/1307 487/1426/1311 2475/1467/1352
f 2476/1475/1360 3478/1474/1359 2475/1467/1352 286/1466/1351
f 288/1438/1323 2984/1437/1322 3479/1476/1361 2715/1477/1362
f 2984/1437/1322 481/1406/1291 1143/1409/1294 3479/1476/1361
f 3479/1476/1361 1143/1409/1294 484/1414/1299 2714/1473/1358
f 2715/1477/1362 3479/1476/1361 2714/1473/1358 287/1472/1357
f 490/1478/1363 1413/1479/1364 3480/1480/1365 1412/1481/1366
f 1413/1479/1364 491/1482/1367 1693/1483/1368 3480/1480/1365
f 3480/1480/1365 1693/1483/1368 494/1484/1369 2206/1485/1370
f 1412/1481/1366 3480/1480/1365 2206/1485/1370 493/1486/1371
f 491/1482/1367 1694/1487/1372 3481/1488/1373 1693/1483/1368
f 1694/1487/1372 492/1489/1374 1939/1490/1375 3481/1488/1373
f 3481/1488/1373 1939/1490/1375 495/1491/1376 2477/1492/1377
f 1693/1483/1368 3481/1488/1373 2477/1492/1377 494/1484/1369
f 493/1486/1371 2206/1485/1370 3482/1493/1378 2207/1494/1379
f 2206/1485/1370 494/1484/1369 2478/1495/1380 3482/1493/1378
f 3482/1493/1378 2478/1495/1380 497/1496/1381 2986/1497/1382
f 2207/1494/1379 3482/1493/1378 2986/1497/1382 496/1498/1383
f 494/1484/1369 2477/1492/1377 3483/1499/1384 2478/1495/1380
f 2477/1492/1377 495/1491/1376 2716/1500/1385 3483/1499/1384
f 3483/1499/1384 2716/1500/1385 498/1501/1386 1145/1502/1387
f 2478/1495/1380 3483/1499/1384 1145/1502/1387 497/1496/1381
f 57/1296/1181 1146/1503/1388 3484/1504/1389 1135/1297/1182
f 1146/1503/1388 291/1505/1390 1695/1506/1391 3484/1504/1389
f 3484/1504/1389 1695/1506/1391 490/1478/1363 1940/1507/1392
f 1135/1297/1182 3484/1504/1389 1940/1507/1392 196/1298/1183
f 291/1505/1390 1414/1508/1393 3485/1509/1394 1695/1506/1391
f 1414/1508/1393 290/1510/1395 1415/1511/1396 3485/1509/1394
f 3485/1509/1394 1415/1511/1396 491/1482/1367 1413/1479/1364
f 1695/1506/1391 3485/1509/1394 1413/1479/1364 490/1478/1363
f 290/1510/1395 1147/1512/1397 3486/1513/1398 1415/1511/1396
f 1147/1512/1397 289/1514/1399 1148/1515/1400 3486/1513/1398
f 3486/1513/1398 1148/1515/1400 492/1489/1374 1694/1487/1372
f 1415/1511/1396 3486/1513/1398 1694/1487/1372 491/1482/1367
f 289/1514/1399 1696/1516/1401 3487/1517/1402 1148/1515/1400
f 1696/1516/1401 59/1431/1316 1690/1434/1319 3487/1517/1402
f 3487/1517/1402 1690/1434/1319 288/1438/1323 2987/1518/1403
f 1148/1515/1400 3487/1517/1402 2987/1518/1403 492/1489/1374
f 492/1489/1374 2987/1518/1403 3488/1519/1404 1939/1490/1375
f 2987/1518/1403 288/1438/1323 2715/1477/1362 3488/1519/1404
f 3488/1519/1404 2715/1477/1362 287/1472/1357 2717/1520/1405
f 1939/1490/1375 3488/1519/1404 2717/1520/1405 495/1491/1376
f 495/1491/1376 2717/1520/1405 3489/1521/1406 2716/1500/1385
f 2717/1520/1405 287/1472/1357 2476/1475/1360 3489/1521/1406
f 3489/1521/1406 2476/1475/1360 286/1466/1351 2479/1522/1407
f 2716/1500/1385 3489/1521/1406 2479/1522/1407 498/1501/1386
f 498/1501/1386 2479/1522/1407 3490/1523/1408 1149/1524/1409
f 2479/1522/1407 286/1466/1351 1937/1469/1354 3490/1523/1408
f 3490/1523/1408 1937/1469/1354 36/1471/1356 1941/1525/1410
f 1149/1524/1409 3490/1523/1408 1941/1525/1410 105/1526/1411
f 497/1496/1381 1145/1502/1387 3491/1527/1412 2988/1528/1413
f 1145/1502/1387 498/1501/1386 1149/1524/1409 3491/1527/1412
f 3491/1527/1412 1149/1524/1409 105/1526/1411 2989/1529/1414
f 2988/1528/1413 3491/1527/1412 2989/1529/1414 104/1530/1415
f 496/1498/1383 2986/1497/1382 3492/1531/1416 2718/1532/1417
f 2986/1497/1382 497/1496/1381 2988/1528/1413 3492/1531/1416
f 3492/1531/1416 2988/1528/1413 104/1530/1415 2719/1533/1418
f 2718/1532/1417 3492/1531/1416 2719/1533/1418 103/1534/1419
f 198/1306/1191 2480/1535/1420 3493/1536/1421 1136/1310/1195
f 2480/1535/1420 496/1498/1383 2718/1532/1417 3493/1536/1421
f 3493/1536/1421 2718/1532/1417 103/1534/1419 1150/1537/1422
f 1136/1310/1195 3493/1536/1421 1150/1537/1422 33/1311/1196
f 197/1302/1187 2208/1538/1423 3494/1539/1424 2191/1305/1190
f 2208/1538/1423 493/1486/1371 2207/1494/1379 3494/1539/1424
f 3494/1539/1424 2207/1494/1379 496/1498/1383 2480/1535/1420
f 2191/1305/1190 3494/1539/1424 2480/1535/1420 198/1306/1191
f 196/1298/1183 1940/1507/1392 3495/1540/1425 1927/1301/1186
f 1940/1507/1392 490/1478/1363 1412/1481/1366 3495/1540/1425
f 3495/1540/1425 1412/1481/1366 493/1486/1371 2208/1538/1423
f 1927/1301/1186 3495/1540/1425 2208/1538/1423 197/1302/1187
f 607/2327/2397 2796/2328/2398 3688/2329/16 2795/2330/16
f 2796/2328/2398 608/2331/2399 3058/2332/16 3688/2329/16
f 3688/2329/16 3058/2332/16 611/2333/16 1466/2334/16
f 2795/2330/16 3688/2329/16 1466/2334/16 610/2335/16
f 608/2331/2399 3059/2336/2400 3689/2337/16 3058/2332/16
f 3059/2336/2400 609/2338/2401 1208/2339/16 3689/2337/16
f 3689/2337/16 1208/2339/16 612/2340/16 1754/2341/16
f 3058/2332/16 3689/2337/16 1754/2341/16 611/2333/16
f 610/2335/16 1466/2334/16 3690/2342/16 1467/2343/16
f 1466/2334/16 611/2333/16 1755/2344/16 3690/2342/16
f 3690/2342/16 1755/2344/16 614/2345/2402 2270/2346/2403
f 1467/2343/16 3690/2342/16 2270/2346/2403 613/2347/2404
f 611/2333/16 1754/2341/16 3691/2348/16 1755/2344/16
f 1754/2341/16 612/2340/16 1995/2349/16 3691/2348/16
f 3691/2348/16 1995/2349/16 615/2350/2405 2541/2351/2406
f 1755/2344/16 3691/2348/16 2541/2351/2406 614/2345/2402
f 609/2338/2401 1996/2364/2419 3696/2365/16 1208/2339/16
f 1996/2364/2419 204/2363/2418 1756/2366/16 3696/2365/16
f 3696/2365/16 1756/2366/16 203/2367/16 1757/2368/16
f 1208/2339/16 3696/2365/16 1757/2368/16 612/2340/16
f 612/2340/16 1757/2368/16 3697/2369/16 1995/2349/16
f 1757/2368/16 203/2367/16 1468/2370/16 3697/2369/16
f 3697/2369/16 1468/2370/16 202/2371/2420 1469/2372/2421
f 1995/2349/16 3697/2369/16 1469/2372/2421 615/2350/2405
f 615/2350/2405 1469/2372/2421 3698/2373/2422 1210/2374/2423
f 1469/2372/2421 202/2371/2420 1758/2375/2424 3698/2373/2422
f 3698/2373/2422 1758/2375/2424 59/1431/1316 1696/1516/1401
f 1210/2374/2423 3698/2373/2422 1696/1516/1401 289/1514/1399
f 614/2345/2402 2541/2351/2406 3699/2376/2425 1470/2377/2426
f 2541/2351/2406 615/2350/2405 1210/2374/2423 3699/2376/2425
f 3699/2376/2425 1210/2374/2423 289/1514/1399 1147/1512/1397
f 1470/2377/2426 3699/2376/2425 1147/1512/1397 290/1510/1395
f 613/2347/2404 2270/2346/2403 3700/2378/2427 1759/2379/2428
f 2270/2346/2403 614/2345/2402 1470/2377/2426 3700/2378/2427
f 3700/2378/2427 1470/2377/2426 290/1510/1395 1414/1508/1393
f 1759/2379/2428 3700/2378/2427 1414/1508/1393 291/1505/1390
f 282/2380/2429 1471/2381/2430 3701/2382/2431 1211/2383/2432
f 1471/2381/2430 613/2347/2404 1759/2379/2428 3701/2382/2431
f 3701/2382/2431 1759/2379/2428 291/1505/1390 1146/1503/1388
f 1211/2383/2432 3701/2382/2431 1146/1503/1388 57/1296/1181
f 281/2384/16 1213/2385/16 3702/2386/16 1212/2387/16
f 1213/2385/16 610/2335/16 1467/2343/16 3702/2386/16
f 3702/2386/16 1467/2343/16 613/2347/2404 1471/2381/2430
f 1212/2387/16 3702/2386/16 1471/2381/2430 282/2380/2429
f 280/2356/2411 3060/2355/2410 3703/2388/16 3062/2389/16
f 3060/2355/2410 607/2327/2397 2795/2330/16 3703/2388/16
f 3703/2388/16 2795/2330/16 610/2335/16 1213/2385/16
f 3062/2389/16 3703/2388/16 1213/2385/16 281/2384/16
f 616/2390/2433 3064/2391/2434 3704/2392/16 3063/2393/16
f 3064/2391/2434 617/2394/2435 1214/2395/16 3704/2392/16
f 3704/2392/16 1214/2395/16 620/2396/16 1760/2397/16
f 3063/2393/16 3704/2392/16 1760/2397/16 619/2398/16
f 617/2394/2435 1215/2399/2436 3705/2400/16 1214/2395/16
f 1215/2399/2436 618/2401/2437 1472/2402/16 3705/2400/16
f 3705/2400/16 1472/2402/16 621/2403/16 1997/2404/16
f 1214/2395/16 3705/2400/16 1997/2404/16 620/2396/16
f 619/2398/16 1760/2397/16 3706/2405/16 1761/2406/16
f 1760/2397/16 620/2396/16 1998/2407/16 3706/2405/16
f 3706/2405/16 1998/2407/16 623/2408/2438 2543/2409/2439
f 1761/2406/16 3706/2405/16 2543/2409/2439 622/2410/2440
f 620/2396/16 1997/2404/16 3707/2411/16 1998/2407/16
f 1997/2404/16 621/2403/16 2271/2412/16 3707/2411/16
f 3707/2411/16 2271/2412/16 624/2413/2441 2799/2414/2442
f 1998/2407/16 3707/2411/16 2799/2414/2442 623/2408/2438
f 618/2401/2437 1216/2425/2453 3712/2426/16 1472/2402/16
f 1216/2425/2453 201/2424/2452 3065/2427/16 3712/2426/16
f 3712/2426/16 3065/2427/16 200/2428/16 3066/2429/16
f 1472/2402/16 3712/2426/16 3066/2429/16 621/2403/16
f 621/2403/16 3066/2429/16 3713/2430/16 2271/2412/16
f 3066/2429/16 200/2428/16 2800/2431/16 3713/2430/16
f 3713/2430/16 2800/2431/16 199/2432/2454 2801/2433/2455
f 2271/2412/16 3713/2430/16 2801/2433/2455 624/2413/2441
f 624/2413/2441 2801/2433/2455 3714/2434/2456 2001/2435/2457
f 2801/2433/2455 199/2432/2454 1474/2436/2458 3714/2434/2456
f 3714/2434/2456 1474/2436/2458 58/1359/1244 1410/1447/1332
f 2001/2435/2457 3714/2434/2456 1410/1447/1332 292/1445/1330
f 623/2408/2438 2799/2414/2442 3715/2437/2459 2273/2438/2460
f 2799/2414/2442 624/2413/2441 2001/2435/2457 3715/2437/2459
f 3715/2437/2459 2001/2435/2457 292/1445/1330 1934/1443/1328
f 2273/2438/2460 3715/2437/2459 1934/1443/1328 293/1441/1326
f 622/2410/2440 2543/2409/2439 3716/2439/2461 2544/2440/2462
f 2543/2409/2439 623/2408/2438 2273/2438/2460 3716/2439/2461
f 3716/2439/2461 2273/2438/2460 293/1441/1326 2201/1439/1324
f 2544/2440/2462 3716/2439/2461 2201/1439/1324 294/1435/1320
f 202/2371/2420 1475/2441/2463 3717/2442/2464 1758/2375/2424
f 1475/2441/2463 622/2410/2440 2544/2440/2462 3717/2442/2464
f 3717/2442/2464 2544/2440/2462 294/1435/1320 1691/1432/1317
f 1758/2375/2424 3717/2442/2464 1691/1432/1317 59/1431/1316
f 203/2367/16 1763/2443/16 3718/2444/16 1468/2370/16
f 1763/2443/16 619/2398/16 1761/2406/16 3718/2444/16
f 3718/2444/16 1761/2406/16 622/2410/2440 1475/2441/2463
f 1468/2370/16 3718/2444/16 1475/2441/2463 202/2371/2420
f 204/2363/2418 1999/2417/2445 3719/2445/16 1756/2366/16
f 1999/2417/2445 616/2390/2433 3063/2393/16 3719/2445/16
f 3719/2445/16 3063/2393/16 619/2398/16 1763/2443/16
f 1756/2366/16 3719/2445/16 1763/2443/16 203/2367/16
f 625/2446/2465 1218/2447/2466 3720/2448/16 1217/2449/16
f 1218/2447/2466 626/2450/2467 1476/2451/16 3720/2448/16
f 3720/2448/16 1476/2451/16 629/2452/16 2002/2453/16
f 1217/2449/16 3720/2448/16 2002/2453/16 628/2454/16
f 626/2450/2467 1477/2455/2468 3721/2456/16 1476/2451/16
f 1477/2455/2468 627/2457/2469 1764/2458/16 3721/2456/16
f 3721/2456/16 1764/2458/16 630/2459/16 2274/2460/16
f 1476/2451/16 3721/2456/16 2274/2460/16 629/2452/16
f 628/2454/16 2002/2453/16 3722/2461/16 2003/2462/16
f 2002/2453/16 629/2452/16 2275/2463/16 3722/2461/16
f 3722/2461/16 2275/2463/16 632/2464/2470 2802/2465/2471
f 2003/2462/16 3722/2461/16 2802/2465/2471 631/2466/2472
f 629/2452/16 2274/2460/16 3723/2467/16 2275/2463/16
f 2274/2460/16 630/2459/16 2545/2468/16 3723/2467/16
f 3723/2467/16 2545/2468/16 633/2469/2473 3067/2470/2474
f 2275/2463/16 3723/2467/16 3067/2470/2474 632/2464/2470
f 627/2457/2469 1765/2481/2485 3728/2482/16 1764/2458/16
f 1765/2481/2485 195/2480/2484 1479/2483/16 3728/2482/16
f 3728/2482/16 1479/2483/16 194/2484/16 1480/2485/16
f 1764/2458/16 3728/2482/16 1480/2485/16 630/2459/16
f 630/2459/16 1480/2485/16 3729/2486/16 2545/2468/16
f 1480/2485/16 194/2484/16 1221/2487/16 3729/2486/16
f 3729/2486/16 1221/2487/16 193/2488/2486 1222/2489/2487
f 2545/2468/16 3729/2486/16 1222/2489/2487 633/2469/2473
f 633/2469/2473 1222/2489/2487 3730/2490/2488 2803/2491/2489
f 1222/2489/2487 193/2488/2486 2804/2492/2490 3730/2490/2488
f 3730/2490/2488 2804/2492/2490 55/1278/1163 2708/1375/1260
f 2803/2491/2489 3730/2490/2488 2708/1375/1260 295/1373/1258
f 632/2464/2470 3067/2470/2474 3731/2493/2491 3069/2494/2492
f 3067/2470/2474 633/2469/2473 2803/2491/2489 3731/2493/2491
f 3731/2493/2491 2803/2491/2489 295/1373/1258 2706/1371/1256
f 3069/2494/2492 3731/2493/2491 2706/1371/1256 296/1369/1254
f 631/2466/2472 2802/2465/2471 3732/2495/2493 1223/2496/2494
f 2802/2465/2471 632/2464/2470 3069/2494/2492 3732/2495/2493
f 3732/2495/2493 3069/2494/2492 296/1369/1254 2981/1367/1252
f 1223/2496/2494 3732/2495/2493 2981/1367/1252 297/1363/1248
f 199/2432/2454 2805/2497/2495 3733/2498/2496 1474/2436/2458
f 2805/2497/2495 631/2466/2472 1223/2496/2494 3733/2498/2496
f 3733/2498/2496 1223/2496/2494 297/1363/1248 1404/1360/1245
f 1474/2436/2458 3733/2498/2496 1404/1360/1245 58/1359/1244
f 200/2428/16 3070/2499/16 3734/2500/16 2800/2431/16
f 3070/2499/16 628/2454/16 2003/2462/16 3734/2500/16
f 3734/2500/16 2003/2462/16 631/2466/2472 2805/2497/2495
f 2800/2431/16 3734/2500/16 2805/2497/2495 199/2432/2454
f 201/2424/2452 1219/2473/2477 3735/2501/16 3065/2427/16
f 1219/2473/2477 625/2446/2465 1217/2449/16 3735/2501/16
f 3735/2501/16 1217/2449/16 628/2454/16 3070/2499/16
f 3065/2427/16 3735/2501/16 3070/2499/16 200/2428/16
f 634/2502/2497 1482/2503/2498 3736/2504/16 1481/2505/16
f 1482/2503/2498 635/2506/2499 1766/2507/16 3736/2504/16
f 3736/2504/16 1766/2507/16 638/2508/16 2276/2509/16
f 1481/2505/16 3736/2504/16 2276/2509/16 637/2510/16
f 635/2506/2499 1767/2511/2500 3737/2512/16 1766/2507/16
f 1767/2511/2500 636/2513/2501 2005/2514/16 3737/2512/16
f 3737/2512/16 2005/2514/16 639/2515/16 2546/2516/16
f 1766/2507/16 3737/2512/16 2546/2516/16 638/2508/16
f 637/2510/16 2276/2509/16 3738/2517/16 2277/2518/16
f 2276/2509/16 638/2508/16 2547/2519/16 3738/2517/16
f 3738/2517/16 2547/2519/16 641/2520/2502 3071/2521/2503
f 2277/2518/16 3738/2517/16 3071/2521/2503 640/2522/2504
f 638/2508/16 2546/2516/16 3739/2523/16 2547/2519/16
f 2546/2516/16 639/2515/16 2806/2524/16 3739/2523/16
f 3739/2523/16 2806/2524/16 642/2525/2505 1224/2526/2506
f 2547/2519/16 3739/2523/16 1224/2526/2506 641/2520/2502
f 636/2513/2501 3072/2535/2515 3744/2536/16 2005/2514/16
f 3072/2535/2515 280/2356/2411 3062/2389/16 3744/2536/16
f 3744/2536/16 3062/2389/16 281/2384/16 1225/2537/16
f 2005/2514/16 3744/2536/16 1225/2537/16 639/2515/16
f 639/2515/16 1225/2537/16 3745/2538/16 2806/2524/16
f 1225/2537/16 281/2384/16 1212/2387/16 3745/2538/16
f 3745/2538/16 1212/2387/16 282/2380/2429 1483/2539/2516
f 2806/2524/16 3745/2538/16 1483/2539/2516 642/2525/2505
f 642/2525/2505 1483/2539/2516 3746/2540/2517 1484/2541/2518
f 1483/2539/2516 282/2380/2429 1211/2383/2432 3746/2540/2517
f 3746/2540/2517 1211/2383/2432 57/1296/1181 1134/1294/1179
f 1484/2541/2518 3746/2540/2517 1134/1294/1179 298/1292/1177
f 641/2520/2502 1224/2526/2506 3747/2542/2519 1769/2543/2520
f 1224/2526/2506 642/2525/2505 1484/2541/2518 3747/2542/2519
f 3747/2542/2519 1484/2541/2518 298/1292/1177 1400/1290/1175
f 1769/2543/2520 3747/2542/2519 1400/1290/1175 299/1288/1173
f 640/2522/2504 3071/2521/2503 3748/2544/2521 2006/2545/2522
f 3071/2521/2503 641/2520/2502 1769/2543/2520 3748/2544/2521
f 3748/2544/2521 1769/2543/2520 299/1288/1173 1683/1286/1171
f 2006/2545/2522 3748/2544/2521 1683/1286/1171 300/1282/1167
f 193/2488/2486 1226/2546/2523 3749/2547/2524 2804/2492/2490
f 1226/2546/2523 640/2522/2504 2006/2545/2522 3749/2547/2524
f 3749/2547/2524 2006/2545/2522 300/1282/1167 2701/1279/1164
f 2804/2492/2490 3749/2547/2524 2701/1279/1164 55/1278/1163
f 194/2484/16 1485/2548/16 3750/2549/16 1221/2487/16
f 1485/2548/16 637/2510/16 2277/2518/16 3750/2549/16
f 3750/2549/16 2277/2518/16 640/2522/2504 1226/2546/2523
f 1221/2487/16 3750/2549/16 1226/2546/2523 193/2488/2486
f 195/2480/2484 1768/2529/2509 3751/2550/16 1479/2483/16
f 1768/2529/2509 634/2502/2497 1481/2505/16 3751/2550/16
f 3751/2550/16 1481/2505/16 637/2510/16 1485/2548/16
f 1479/2483/16 3751/2550/16 1485/2548/16 194/2484/16
f 3752/2551/2527 2172/1114/2529 670/128/2529 1657/1110/2527
f 1658/1125/2525 3752/2551/2527 1657/1110/2527 667/97/2525
f 3753/2552/2531 2690/1098/2534 672/124/2534 2382/125/2535
f 2172/1114/2532 3753/2552/2531 2382/125/2535 670/128/2536
f 644/117/2537 1908/1081/2538 3754/2553/2539 1580/115/2540
f 3754/2553/2539 1658/1125/2542 667/97/2543 1579/98/2544
f 1580/115/2540 3754/2553/2539 1579/98/2544 643/101/2545
f 658/1060/2546 1388/1061/2547 3755/2554/2548 1120/1068/2549
f 1388/1061/2547 672/124/2550 2690/1098/2551 3755/2554/2548
f 1120/1068/2549 3755/2554/2548 1118/1053/2553 657/1055/2554
f 3756/2555/2557 1770/2556/2560 676/2557/2561 1227/2558/2557
f 1117/1041/2558 3756/2555/2557 1227/2558/2557 673/1040/2558
f 3757/2560/2564 2279/2562/2567 678/2563/2567 2007/2564/2564
f 1770/2556/2565 3757/2560/2564 2007/2564/2564 676/2557/2568
f 657/1055/2569 1228/2565/2570 3758/2566/2571 1120/1068/2572
f 3758/2566/2571 1117/1041/2574 673/1040/2575 1486/2567/2576
f 1120/1068/2572 3758/2566/2571 1486/2567/2576 658/1060/2577
f 660/1238/2578 2008/2568/2579 3759/2569/2580 1772/2570/2578
f 2008/2568/2579 678/2563/2581 2279/2562/2582 3759/2569/2580
f 1772/2570/2578 3759/2569/2580 1773/2571/2584 659/1248/2585
f 3760/2573/2587 1229/2576/2590 682/15/2591 2809/2577/2592
f 2808/2574/2588 3760/2573/2587 2809/2577/2592 679/1235/2588
f 3761/2579/2595 1774/2580/2597 684/11/2597 1317/12/2595
f 1229/2576/2596 3761/2579/2595 1317/12/2595 682/15/2596
f 659/1248/2598 1680/1249/2599 3762/2581/2600 1772/2570/2601
f 3762/2581/2600 2808/2574/2603 679/1235/2604 1919/1236/2605
f 1772/2570/2601 3762/2581/2600 1919/1236/2605 660/1238/2606
f 662/1149/2607 2455/1213/2608 3763/2582/2609 2185/1222/2610
f 2455/1213/2608 684/11/2611 1774/2580/2612 3763/2582/2609
f 2185/1222/2610 3763/2582/2609 2184/1205/2614 661/1152/2615
f 3764/2583/2618 2652/280/2621 688/282/2621 2179/1168/2618
f 2182/1189/2619 3764/2583/2618 2179/1168/2618 685/1146/2619
f 3765/2584/2624 1127/1163/2627 690/1142/2627 2965/1157/2624
f 2652/280/2625 3765/2584/2624 2965/1157/2624 688/282/2625
f 661/1152/2628 2177/1153/2629 3766/2585/2630 2185/1222/2631
f 3766/2585/2630 2182/1189/2632 685/1146/2633 2448/1147/2634
f 2185/1222/2631 3766/2585/2630 2448/1147/2634 662/1149/2635
f 643/1139/2636 1666/1140/2637 3767/2586/2638 1580/2587/2639
f 1666/1140/2637 690/1142/2640 1127/1163/2641 3767/2586/2638
f 1580/2587/2639 3767/2586/2638 1914/1134/2642 644/1136/2643
f 692/1058/2644 1912/1130/2645 3768/2588/2645 1661/1132/2644
f 1912/1130/2645 695/202/2645 2643/203/2645 3768/2588/2645
f 3768/2588/2645 2643/203/2645 696/196/2645 1586/197/2645
f 1661/1132/2644 3768/2588/2645 1586/197/2645 691/200/2644
f 694/1117/2646 2446/1118/2647 3769/2589/2647 2173/1123/2646
f 2446/1118/2647 697/108/2648 1054/165/2649 3769/2589/2647
f 3769/2589/2647 1054/165/2649 698/167/2649 2167/1107/2650
f 2173/1123/2646 3769/2589/2647 2167/1107/2650 693/1109/2651
f 695/202/2652 2691/1099/2653 3770/2590/2653 2643/203/2652
f 2691/1099/2653 699/1094/2654 1652/1095/2654 3770/2590/2653
f 3770/2590/2653 1652/1095/2654 700/1088/2654 2962/1089/2654
f 2643/203/2652 3770/2590/2653 2962/1089/2654 696/196/2652
f 697/108/2655 1052/109/2656 3771/2591/2656 1054/165/2655
f 1052/109/2656 701/112/2657 2161/1078/2658 3771/2591/2656
f 3771/2591/2656 2161/1078/2658 702/1070/2658 1389/1071/2656
f 1054/165/2655 3771/2591/2656 1389/1071/2656 698/167/2655
f 664/77/2659 2959/1056/2659 3772/2592/2659 2634/75/2659
f 2959/1056/2659 692/1058/2659 1661/1132/2659 3772/2592/2659
f 3772/2592/2659 1661/1132/2659 691/200/2659 2687/1045/2659
f 2634/75/2659 3772/2592/2659 2687/1045/2659 663/74/2659
f 666/1038/2660 1487/2593/2661 3773/2594/2661 1116/1035/2662
f 1487/2593/2661 694/1117/2663 2173/1123/2661 3773/2594/2661
f 3773/2594/2661 2173/1123/2661 693/1109/2661 1231/2595/2661
f 1116/1035/2662 3773/2594/2661 1231/2595/2661 665/1034/2664
f 646/278/2665 2549/2596/2666 3774/2597/2667 2280/2598/2665
f 2549/2596/2666 702/1070/2668 2161/1078/2668 3774/2597/2667
f 3774/2597/2667 2161/1078/2668 701/112/2669 2281/2599/2667
f 2280/2598/2665 3774/2597/2667 2281/2599/2667 645/1175/2665
f 648/1187/2670 3074/2600/2671 3775/2601/2671 2810/2602/2670
f 3074/2600/2671 700/1088/2671 1652/1095/2671 3775/2601/2671
f 3775/2601/2671 1652/1095/2671 699/1094/2671 2811/2603/2671
f 2810/2602/2670 3775/2601/2671 2811/2603/2671 647/1192/2670
f 704/1196/2672 3075/2604/2672 3776/2605/2672 2812/2606/2672
f 3075/2604/2672 707/16/2672 1775/2607/2672 3776/2605/2672
f 3776/2605/2672 1775/2607/2672 708/1242/2672 2813/2608/2672
f 2812/2606/2672 3776/2605/2672 2813/2608/2672 703/1183/2672
f 706/1178/2673 1488/2609/2673 3777/2610/2673 1232/2611/2673
f 1488/2609/2673 709/1224/2673 2282/2612/2673 3777/2610/2673
f 3777/2610/2673 2282/2612/2673 710/1210/2673 1233/2613/2673
f 1232/2611/2673 3777/2610/2673 1233/2613/2673 705/276/2673
f 707/16/2674 1573/17/2674 3778/2614/2674 1775/2607/2674
f 1573/17/2674 711/1/2674 2628/2/2674 3778/2614/2674
f 3778/2614/2674 2628/2/2674 712/4/2674 1921/1240/2674
f 1775/2607/2674 3778/2614/2674 1921/1240/2674 708/1242/2674
f 709/1224/2675 2187/1225/2675 3779/2615/2675 2282/2612/2675
f 2187/1225/2675 713/327/2675 1070/328/2675 3779/2615/2675
f 3779/2615/2675 1070/328/2675 714/331/2675 2452/1208/2675
f 2282/2612/2675 3779/2615/2675 2452/1208/2675 710/1210/2675
f 647/1192/2676 2695/1193/2676 3780/2616/2676 2810/2602/2676
f 2695/1193/2676 704/1196/2676 2812/2606/2676 3780/2616/2676
f 3780/2616/2676 2812/2606/2676 703/1183/2676 2968/1184/2676
f 2810/2602/2676 3780/2616/2676 2968/1184/2676 648/1187/2676
f 645/1175/2677 2181/1176/2678 3781/2617/2678 2280/2598/2677
f 2181/1176/2678 706/1178/2679 1232/2611/2680 3781/2617/2678
f 3781/2617/2678 1232/2611/2680 705/276/2681 2395/277/2678
f 2280/2598/2677 3781/2617/2678 2395/277/2678 646/278/2677
f 650/1050/2682 1393/1165/2683 3782/2618/2683 1128/1167/2682
f 1393/1165/2683 714/331/2684 1070/328/2685 3782/2618/2683
f 3782/2618/2683 1070/328/2685 713/327/2686 1126/1160/2683
f 1128/1167/2682 3782/2618/2683 1126/1160/2683 649/68/2682
f 652/241/2687 1866/242/2687 3783/2619/2687 1591/246/2687
f 1866/242/2687 712/4/2687 2628/2/2687 3783/2619/2687
f 3783/2619/2687 2628/2/2687 711/1/2687 1669/1144/2687
f 1591/246/2687 3783/2619/2687 1669/1144/2687 651/245/2687
f 716/212/2688 1862/213/2689 3784/2620/2689 1664/1137/2688
f 1862/213/2689 719/159/2690 2645/211/2690 3784/2620/2689
f 3784/2620/2689 2645/211/2690 720/133/2690 1659/1128/2689
f 1664/1137/2688 3784/2620/2689 1659/1128/2689 715/1063/2688
f 718/71/2691 2389/191/2692 3785/2621/2692 2175/1126/2693
f 2389/191/2692 721/193/2694 1123/1121/2694 3785/2621/2692
f 3785/2621/2692 1123/1121/2694 722/106/2694 2170/1112/2692
f 2175/1126/2693 3785/2621/2692 2170/1112/2692 717/1048/2693
f 719/159/2695 2639/160/2695 3786/2622/2695 2645/211/2695
f 2639/160/2695 723/163/2696 1654/1102/2696 3786/2622/2695
f 3786/2622/2695 1654/1102/2696 724/130/2696 2902/131/2695
f 2645/211/2695 3786/2622/2695 2902/131/2695 720/133/2695
f 721/193/2697 1121/1091/2698 3787/2623/2698 1123/1121/2699
f 1121/1091/2698 725/1083/2700 2164/1084/2700 3787/2623/2698
f 3787/2623/2698 2164/1084/2700 726/102/2701 1326/103/2702
f 1123/1121/2699 3787/2623/2698 1326/103/2702 722/106/2699
f 651/245/2703 1650/1075/2704 3788/2624/2704 1591/246/2703
f 1650/1075/2704 716/212/2704 1664/1137/2704 3788/2624/2704
f 3788/2624/2704 1664/1137/2704 715/1063/2704 1907/1064/2704
f 1591/246/2703 3788/2624/2704 1907/1064/2704 652/241/2703
f 649/68/2705 1050/69/2706 3789/2625/2706 1128/1167/2705
f 1050/69/2706 718/71/2707 2175/1126/2708 3789/2625/2706
f 3789/2625/2706 2175/1126/2708 717/1048/2708 1387/1049/2709
f 1128/1167/2705 3789/2625/2706 1387/1049/2709 650/1050/2705
f 654/39/2710 2440/1032/2711 3790/2626/2711 2092/36/2712
f 2440/1032/2711 726/102/2711 2164/1084/2711 3790/2626/2711
f 3790/2626/2711 2164/1084/2711 725/1083/2711 2283/2627/2713
f 2092/36/2712 3790/2626/2711 2283/2627/2713 653/35/2714
f 656/1220/2715 3076/2628/2715 3791/2629/2715 2814/2630/2715
f 3076/2628/2715 724/130/2715 1654/1102/2715 3791/2629/2715
f 3791/2629/2715 1654/1102/2715 723/163/2715 2815/2631/2715
f 2814/2630/2715 3791/2629/2715 2815/2631/2715 655/1228/2715
f 728/1232/2716 3077/2632/2716 3792/2633/2716 2816/2634/2716
f 3077/2632/2716 731/2635/2716 1776/2636/2716 3792/2633/2716
f 3792/2633/2716 1776/2636/2716 732/2637/2716 2817/2638/2716
f 2816/2634/2716 3792/2633/2716 2817/2638/2716 727/1216/2716
f 730/324/2717 1489/2639/2718 3793/2640/2718 1234/2641/2719
f 1489/2639/2718 733/2642/2720 2284/2643/2720 3793/2640/2718
f 3793/2640/2718 2284/2643/2720 734/1246/2720 1235/2644/2718
f 1234/2641/2719 3793/2640/2718 1235/2644/2718 729/1199/2719
f 731/2635/2721 1777/2645/2721 3794/2646/2721 1776/2636/2721
f 1777/2645/2721 735/271/2721 2818/2647/2721 3794/2646/2721
f 3794/2646/2721 2818/2647/2721 736/1173/2721 2009/2648/2721
f 1776/2636/2721 3794/2646/2721 2009/2648/2721 732/2637/2722
f 733/2642/2723 2285/2649/2724 3795/2650/2724 2284/2643/2723
f 2285/2649/2724 737/5/2725 1046/6/2725 3795/2650/2724
f 3795/2650/2724 1046/6/2725 738/9/2725 2457/1244/2724
f 2284/2643/2723 3795/2650/2724 2457/1244/2724 734/1246/2723
f 655/1228/2726 2697/1229/2726 3796/2651/2726 2814/2630/2726
f 2697/1229/2726 728/1232/2727 2816/2634/2727 3796/2651/2726
f 3796/2651/2726 2816/2634/2727 727/1216/2727 2972/1217/2726
f 2814/2630/2726 3796/2651/2726 2972/1217/2726 656/1220/2726
f 653/35/2728 2112/322/2729 3797/2652/2729 2092/36/2728
f 2112/322/2729 730/324/2730 1234/2641/2730 3797/2652/2729
f 3797/2652/2729 1234/2641/2730 729/1199/2731 2451/1200/2732
f 2092/36/2728 3797/2652/2729 2451/1200/2732 654/39/2728
f 665/294/2733 1068/295/2734 3798/2653/2735 1116/2654/2733
f 1068/295/2734 738/9/2736 1046/6/2737 3798/2653/2735
f 3798/2653/2735 1046/6/2737 737/5/2737 1395/1179/2735
f 1116/2654/2733 3798/2653/2735 1395/1179/2735 666/1181/2733
f 663/1170/2738 2693/1171/2738 3799/2655/2738 2634/2656/2738
f 2693/1171/2738 736/1173/2739 2818/2647/2739 3799/2655/2738
f 3799/2655/2738 2818/2647/2739 735/271/2739 2917/272/2738
f 2634/2656/2738 3799/2655/2738 2917/272/2738 664/275/2738
f 334/337/272 2550/2657/2740 3800/2658/2741 1072/338/273
f 2550/2657/2740 690/1142/2742 1666/1140/2743 3800/2658/2741
f 3800/2658/2741 1666/1140/2743 643/1139/2744 1236/2659/2745
f 1072/338/273 3800/2658/2741 1236/2659/2745 65/339/21
f 65/24/21 1236/2663/2745 3802/2664/2752 1048/25/22
f 1236/2663/2745 643/101/2744 1579/98/2753 3802/2664/2752
f 3802/2664/2752 1579/98/2753 667/97/2754 2287/2665/2755
f 1048/25/22 3802/2664/2752 2287/2665/2755 301/26/23
f 645/1175/2760 1237/2669/2761 3804/2670/2762 2181/1176/2763
f 1237/2669/2761 25/682/590 1094/685/593 3804/2670/2762
f 3804/2670/2762 1094/685/593 172/689/597 2010/2671/2764
f 2181/1176/2763 3804/2670/2762 2010/2671/2764 706/1178/2765
f 434/2672/2766 1490/2673/2767 3805/2674/2768 2011/2675/2769
f 1490/2673/2767 702/1070/2770 2549/2596/2771 3805/2674/2768
f 3805/2674/2768 2549/2596/2771 646/278/2772 2012/2676/2773
f 2011/2675/2769 3805/2674/2768 2012/2676/2773 76/2677/2774
f 701/112/2775 1778/2678/2776 3806/2679/2777 2281/2599/2778
f 1778/2678/2776 171/791/690 1101/794/693 3806/2679/2777
f 3806/2679/2777 1101/794/693 25/682/590 1237/2669/2761
f 2281/2599/2778 3806/2679/2777 1237/2669/2761 645/1175/2760
f 76/2677/2774 2012/2676/2773 3807/2680/2779 2013/2681/2780
f 2012/2676/2773 646/278/2772 2395/277/2781 3807/2680/2779
f 3807/2680/2779 2395/277/2781 705/276/2782 2288/2682/2783
f 2013/2681/2780 3807/2680/2779 2288/2682/2783 437/2683/2784
f 647/1192/2785 2014/2684/2786 3808/2685/2787 2695/1193/2788
f 2014/2684/2786 76/2677/2774 2013/2681/2780 3808/2685/2787
f 3808/2685/2787 2013/2681/2780 437/2683/2784 2289/2686/2789
f 2695/1193/2788 3808/2685/2787 2289/2686/2789 704/1196/2790
f 61/2687/1206 2290/2688/2791 3809/2689/2792 2704/2690/1211
f 2290/2688/2791 700/1088/2793 3074/2600/2794 3809/2689/2792
f 3809/2689/2792 3074/2600/2794 648/1187/2795 2820/2691/2796
f 2704/2690/1211 3809/2689/2792 2820/2691/2796 31/2692/1212
f 699/1094/2797 1491/2693/2798 3810/2694/2799 2811/2603/2800
f 1491/2693/2798 434/2672/2766 2011/2675/2769 3810/2694/2799
f 3810/2694/2799 2011/2675/2769 76/2677/2774 2014/2684/2786
f 2811/2603/2800 3810/2694/2799 2014/2684/2786 647/1192/2785
f 31/2692/1212 2820/2691/2796 3811/2695/2801 2710/2696/1269
f 2820/2691/2796 648/1187/2795 2968/1184/2802 3811/2695/2801
f 3811/2695/2801 2968/1184/2802 703/1183/2803 1492/2697/2804
f 2710/2696/1269 3811/2695/2801 1492/2697/2804 82/2698/1270
f 649/68/2805 1779/2699/2806 3812/2700/2807 1050/69/2808
f 1779/2699/2806 27/610/518 1619/613/521 3812/2700/2807
f 3812/2700/2807 1619/613/521 175/617/525 2821/2701/2809
f 1050/69/2808 3812/2700/2807 2821/2701/2809 718/71/2810
f 443/2702/2811 1780/2703/2812 3813/2704/2813 1493/2705/2814
f 1780/2703/2812 714/331/2815 1393/1165/2816 3813/2704/2813
f 3813/2704/2813 1393/1165/2816 650/1050/2817 1494/2706/2818
f 1493/2705/2814 3813/2704/2813 1494/2706/2818 90/2707/2819
f 713/327/2820 2551/2708/2821 3814/2709/2822 1126/1160/2823
f 2551/2708/2821 174/719/627 1623/722/630 3814/2709/2822
f 3814/2709/2822 1623/722/630 27/610/518 1779/2699/2806
f 1126/1160/2823 3814/2709/2822 1779/2699/2806 649/68/2805
f 90/2707/2819 1494/2706/2818 3815/2710/2824 1495/2711/2825
f 1494/2706/2818 650/1050/2817 1387/1049/2826 3815/2710/2824
f 3815/2710/2824 1387/1049/2826 717/1048/2827 2552/2712/2828
f 1495/2711/2825 3815/2710/2824 2552/2712/2828 446/2713/2829
f 651/245/2830 1496/2714/2831 3816/2715/2832 1650/1075/2833
f 1496/2714/2831 90/2707/2819 1495/2711/2825 3816/2715/2832
f 3816/2715/2832 1495/2711/2825 446/2713/2829 2553/2716/2834
f 1650/1075/2833 3816/2715/2832 2553/2716/2834 716/212/2835
f 79/2717/1278 2822/2718/2836 3817/2719/2837 1407/2720/1283
f 2822/2718/2836 712/4/2838 1866/242/2839 3817/2719/2837
f 3817/2719/2837 1866/242/2839 652/241/2840 1497/2721/2841
f 1407/2720/1283 3817/2719/2837 1497/2721/2841 34/1399/1284
f 711/1/2842 1781/2722/2843 3818/2723/2844 1669/1144/2845
f 1781/2722/2843 443/2702/2811 1493/2705/2814 3818/2723/2844
f 3818/2723/2844 1493/2705/2814 90/2707/2819 1496/2714/2831
f 1669/1144/2845 3818/2723/2844 1496/2714/2831 651/245/2830
f 34/1399/1284 1497/2721/2841 3819/2724/2846 1411/1456/1341
f 1497/2721/2841 652/241/2840 1907/1064/2847 3819/2724/2846
f 3819/2724/2846 1907/1064/2847 715/1063/2848 3079/2725/2849
f 1411/1456/1341 3819/2724/2846 3079/2725/2849 96/1457/1342
f 653/35/2850 2015/2726/2851 3820/2727/2852 2112/322/2853
f 2015/2726/2851 28/529/437 1876/532/440 3820/2727/2852
f 3820/2727/2852 1876/532/440 178/536/444 1498/2728/2854
f 2112/322/2853 3820/2727/2852 1498/2728/2854 730/324/2855
f 452/2729/2856 2016/2730/2857 3821/2731/2858 2291/2732/2859
f 2016/2730/2857 726/102/2860 2440/1032/2861 3821/2731/2858
f 3821/2731/2858 2440/1032/2861 654/39/2862 2292/2733/2863
f 2291/2732/2859 3821/2731/2858 2292/2733/2863 101/2734/2864
f 725/1083/2865 1238/2735/2866 3822/2736/2867 2283/2627/2868
f 1238/2735/2866 177/647/555 1886/650/558 3822/2736/2867
f 3822/2736/2867 1886/650/558 28/529/437 2015/2726/2851
f 2283/2627/2868 3822/2736/2867 2015/2726/2851 653/35/2850
f 101/2734/2864 2292/2733/2863 3823/2737/2869 2293/2738/2870
f 2292/2733/2863 654/39/2862 2451/1200/2871 3823/2737/2869
f 3823/2737/2869 2451/1200/2871 729/1199/2872 2823/2739/2873
f 2293/2738/2870 3823/2737/2869 2823/2739/2873 455/2740/2874
f 655/1228/2875 2294/2741/2876 3824/2742/2877 2697/1229/2878
f 2294/2741/2876 101/2734/2864 2293/2738/2870 3824/2742/2877
f 3824/2742/2877 2293/2738/2870 455/2740/2874 2824/2743/2879
f 2697/1229/2878 3824/2742/2877 2824/2743/2879 728/1232/2880
f 93/1465/1350 2295/2744/2881 3825/2745/2882 1938/1470/1355
f 2295/2744/2881 724/130/2883 3076/2628/2884 3825/2745/2882
f 3825/2745/2882 3076/2628/2884 656/1220/2885 2017/2746/2886
f 1938/1470/1355 3825/2745/2882 2017/2746/2886 36/1471/1356
f 723/163/2887 2018/2747/2888 3826/2748/2889 2815/2631/2890
f 2018/2747/2888 452/2729/2856 2291/2732/2859 3826/2748/2889
f 3826/2748/2889 2291/2732/2859 101/2734/2864 2294/2741/2876
f 2815/2631/2890 3826/2748/2889 2294/2741/2876 655/1228/2875
f 36/1471/1356 2017/2746/2886 3827/2749/2891 1941/2750/1410
f 2017/2746/2886 656/1220/2885 2972/1217/2892 3827/2749/2891
f 3827/2749/2891 2972/1217/2892 727/1216/2893 1239/2751/2894
f 1941/2750/1410 3827/2749/2891 1239/2751/2894 105/2752/1411
f 307/83/76 1782/2756/2901 3829/2757/2902 1324/84/77
f 1782/2756/2901 672/124/2903 1388/1061/2904 3829/2757/2902
f 3829/2757/2902 1388/1061/2904 658/1060/2905 1499/2758/2906
f 1324/84/77 3829/2757/2902 1499/2758/2906 138/85/78
f 138/85/78 1499/2758/2906 3831/2761/2911 1329/120/104
f 1499/2758/2906 658/1060/2905 1486/2567/2912 3831/2761/2911
f 3831/2761/2911 1486/2567/2912 673/1040/2913 2554/2762/2914
f 1329/120/104 3831/2761/2911 2554/2762/2914 310/121/105
f 316/173/146 2019/2766/2921 3833/2767/2922 2102/174/147
f 2019/2766/2921 678/2563/2923 2008/2568/2924 3833/2767/2922
f 3833/2767/2922 2008/2568/2924 660/1238/2925 2297/2768/2926
f 2102/174/147 3833/2767/2922 2297/2768/2926 141/175/148
f 141/175/148 2297/2768/2926 3835/2771/2931 2103/207/171
f 2297/2768/2926 660/1238/2925 1919/1236/2932 3835/2771/2931
f 3835/2771/2931 1919/1236/2932 679/1235/2933 2825/2772/2934
f 2103/207/171 3835/2771/2931 2825/2772/2934 319/208/172
f 325/253/205 2298/2776/2941 3837/2777/2942 2915/254/206
f 2298/2776/2941 684/11/2943 2455/1213/2944 3837/2777/2942
f 3837/2777/2942 2455/1213/2944 662/1149/2945 3082/2778/2946
f 2915/254/206 3837/2777/2942 3082/2778/2946 144/255/207
f 144/255/207 3082/2778/2946 3839/2781/2951 2918/286/231
f 3082/2778/2946 662/1149/2945 2448/1147/2952 3839/2781/2951
f 3839/2781/2951 2448/1147/2952 685/1146/2953 3083/2782/2954
f 2918/286/231 3839/2781/2951 3083/2782/2954 328/287/232
f 103/2783/1419 2827/2784/2955 3840/2785/2956 1150/2786/1422
f 2827/2784/2955 736/1173/2957 2693/1171/2958 3840/2785/2956
f 3840/2785/2956 2693/1171/2958 663/1170/2959 1241/2787/2960
f 1150/2786/1422 3840/2785/2956 1241/2787/2960 33/2788/1196
f 664/77/2961 2828/2789/2962 3841/2790/2963 2959/1056/2964
f 2828/2789/2962 167/2791/2965 2829/2792/2966 3841/2790/2963
f 3841/2790/2963 2829/2792/2966 428/2793/2967 2020/2794/2968
f 2959/1056/2964 3841/2790/2963 2020/2794/2968 692/1058/2969
f 33/2795/1196 1241/2796/2960 3842/2797/2970 1137/2798/1197
f 1241/2796/2960 663/74/2959 2687/1045/2971 3842/2797/2970
f 3842/2797/2970 2687/1045/2971 691/200/2972 3084/2799/2973
f 1137/2798/1197 3842/2797/2970 3084/2799/2973 64/2800/1198
f 1024/2801/2974 2299/2802/2975 3843/2803/2976 2557/2804/2977
f 167/2807/2965 2828/2808/2962 3843/2803/2976 2830/2806/2979
f 664/275/2961 2917/272/2980 3843/2803/2976 2828/2808/2962
f 1026/2810/2983 1242/2811/2984 3843/2803/2976 2831/2809/2982
f 1025/2812/2985 2832/2813/2986 3843/2803/2976 1242/2811/2984
f 1023/2814/2987 2300/2815/2988 3843/2803/2976 2832/2813/2986
f 1021/2816/2989 1501/2817/2990 3843/2803/2976 2300/2815/2988
f 1018/2818/2991 2833/2819/2992 3843/2803/2976 1501/2817/2990
f 1015/2820/2993 2558/2821/2994 3843/2803/2976 2833/2819/2992
f 1014/2822/2995 2021/2823/2996 3843/2803/2976 2558/2821/2994
f 1012/2824/2997 1784/2825/2998 3843/2803/2976 2021/2823/2996
f 1011/2826/2999 1785/2827/3000 3843/2803/2976 1784/2825/2998
f 1013/2828/3001 2301/2829/3002 3843/2803/2976 1785/2827/3000
f 1017/2830/3003 3085/2831/3004 3843/2803/2976 2301/2829/3002
f 1016/2832/3005 3086/2833/3006 3843/2803/2976 3085/2831/3004
f 1019/2834/3007 1786/2835/3008 3843/2803/2976 3086/2833/3006
f 1020/2836/3009 2022/2837/3010 3843/2803/2976 1786/2835/3008
f 1022/2838/3011 2557/2804/2977 3843/2803/2976 2022/2837/3010
f 461/2805/2978 2302/2839/3012 3844/2840/3013 2830/2806/2979
f 2302/2839/3012 738/9/3014 1068/295/3015 3844/2840/3013
f 3844/2840/3013 1068/295/3015 665/294/3016 2834/2841/3017
f 2830/2806/2979 3844/2840/3013 2834/2841/3017 167/2807/2965
f 666/1038/3018 2303/2842/3019 3845/2843/3020 1487/2593/3021
f 2303/2842/3019 29/754/486 2140/757/663 3845/2843/3020
f 3845/2843/3020 2140/757/663 169/761/666 1243/2844/3022
f 1487/2593/3021 3845/2843/3020 1243/2844/3022 694/1117/3023
f 167/2791/2965 2834/2845/3017 3846/2846/3024 2829/2792/2966
f 2834/2845/3017 665/1034/3016 1231/2595/3025 3846/2846/3024
f 3846/2846/3024 1231/2595/3025 693/1109/3026 2023/2847/3027
f 2829/2792/2966 3846/2846/3024 2023/2847/3027 428/2793/2967
f 737/5/3028 2024/2848/3029 3847/2849/3030 1395/1179/3031
f 2024/2848/3029 180/573/481 2126/576/484 3847/2849/3030
f 3847/2849/3030 2126/576/484 29/578/486 2303/2850/3019
f 1395/1179/3031 3847/2849/3030 2303/2850/3019 666/1181/3018
f 301/26/23 2287/2665/2755 3849/2853/3036 2098/96/89
f 2287/2665/2755 667/97/2754 1657/1110/3037 3849/2853/3036
f 3849/2853/3036 1657/1110/3037 670/128/3038 3087/2854/3039
f 2098/96/89 3849/2853/3036 3087/2854/3039 304/92/85
f 304/92/85 3087/2854/3039 3851/2856/3042 2899/93/86
f 3087/2854/3039 670/128/3038 2382/125/3043 3851/2856/3042
f 3851/2856/3042 2382/125/3043 672/124/2903 1782/2756/2901
f 2899/93/86 3851/2856/3042 1782/2756/2901 307/83/76
f 310/121/105 2554/2762/2914 3853/2859/3048 2388/186/159
f 2554/2762/2914 673/1040/2913 1227/2558/3049 3853/2859/3048
f 3853/2859/3048 1227/2558/3049 676/2557/3050 1244/2860/3051
f 2388/186/159 3853/2859/3048 1244/2860/3051 313/182/155
f 313/182/155 1244/2860/3051 3855/2862/3054 1057/183/156
f 1244/2860/3051 676/2557/3050 2007/2564/3055 3855/2862/3054
f 3855/2862/3054 2007/2564/3055 678/2563/2923 2019/2766/2921
f 1057/183/156 3855/2862/3054 2019/2766/2921 316/173/146
f 319/208/172 2825/2772/2934 3857/2865/3060 2649/266/218
f 2825/2772/2934 679/1235/2933 2809/2577/3061 3857/2865/3060
f 3857/2865/3060 2809/2577/3061 682/15/3062 1503/2866/3063
f 2649/266/218 3857/2865/3060 1503/2866/3063 322/262/214
f 322/262/214 1503/2866/3063 3859/2868/3066 1334/263/215
f 1503/2866/3063 682/15/3062 1317/12/3067 3859/2868/3066
f 3859/2868/3066 1317/12/3067 684/11/2943 2298/2776/2941
f 1334/263/215 3859/2868/3066 2298/2776/2941 325/253/205
f 328/287/232 3083/2782/2954 3861/2871/3072 2921/350/282
f 3083/2782/2954 685/1146/2953 2179/1168/3073 3861/2871/3072
f 3861/2871/3072 2179/1168/3073 688/282/3074 1788/2872/3075
f 2921/350/282 3861/2871/3072 1788/2872/3075 331/346/278
f 331/346/278 1788/2872/3075 3863/2874/3078 1599/347/279
f 1788/2872/3075 688/282/3074 2965/1157/3079 3863/2874/3078
f 3863/2874/3078 2965/1157/3079 690/1142/2742 2550/2657/2740
f 1599/347/279 3863/2874/3078 2550/2657/2740 334/337/272
f 692/1058/2969 2020/2794/2968 3864/2875/3080 1912/1130/3081
f 2020/2794/2968 428/2793/2967 2026/2876/3082 3864/2875/3080
f 3864/2875/3080 2026/2876/3082 431/2877/3083 2835/2878/3084
f 1912/1130/3081 3864/2875/3080 2835/2878/3084 695/202/3085
f 64/2800/1198 3084/2799/2973 3865/2879/3086 2466/2880/1201
f 3084/2799/2973 691/200/2972 1586/197/3087 3865/2879/3086
f 3865/2879/3086 1586/197/3087 696/196/3088 2559/2881/3089
f 2466/2880/1201 3865/2879/3086 2559/2881/3089 62/2882/1202
f 428/2793/2967 2023/2847/3027 3866/2883/3090 2026/2876/3082
f 2023/2847/3027 693/1109/3026 2167/1107/3091 3866/2883/3090
f 3866/2883/3090 2167/1107/3091 698/167/3092 2836/2884/3093
f 2026/2876/3082 3866/2883/3090 2836/2884/3093 431/2877/3083
f 694/1117/3023 1243/2844/3022 3867/2885/3094 2446/1118/3095
f 1243/2844/3022 169/761/666 1102/800/699 3867/2885/3094
f 3867/2885/3094 1102/800/699 170/795/694 1504/2886/3096
f 2446/1118/3095 3867/2885/3094 1504/2886/3096 697/108/3097
f 695/202/3085 2835/2878/3084 3868/2887/3098 2691/1099/3099
f 2835/2878/3084 431/2877/3083 2837/2888/3100 3868/2887/3098
f 3868/2887/3098 2837/2888/3100 434/2672/2766 1491/2693/2798
f 2691/1099/3099 3868/2887/3098 1491/2693/2798 699/1094/2797
f 62/2882/1202 2559/2881/3089 3869/2889/3101 2193/2890/1205
f 2559/2881/3089 696/196/3088 2962/1089/3102 3869/2889/3101
f 3869/2889/3101 2962/1089/3102 700/1088/2793 2290/2688/2791
f 2193/2890/1205 3869/2889/3101 2290/2688/2791 61/2687/1206
f 431/2877/3083 2836/2884/3093 3870/2891/3103 2837/2888/3100
f 2836/2884/3093 698/167/3092 1389/1071/3104 3870/2891/3103
f 3870/2891/3103 1389/1071/3104 702/1070/2770 1490/2673/2767
f 2837/2888/3100 3870/2891/3103 1490/2673/2767 434/2672/2766
f 697/108/3097 1504/2886/3096 3871/2892/3105 1052/109/3106
f 1504/2886/3096 170/795/694 1370/798/697 3871/2892/3105
f 3871/2892/3105 1370/798/697 171/791/690 1778/2678/2776
f 1052/109/3106 3871/2892/3105 1778/2678/2776 701/112/2775
f 704/1196/2790 2289/2686/2789 3872/2893/3107 3075/2604/3108
f 2289/2686/2789 437/2683/2784 2305/2894/3109 3872/2893/3107
f 3872/2893/3107 2305/2894/3109 440/2895/3110 3088/2896/3111
f 3075/2604/3108 3872/2893/3107 3088/2896/3111 707/16/3112
f 82/2698/1270 1492/2697/2804 3873/2897/3113 1142/2898/1273
f 1492/2697/2804 703/1183/2803 2813/2608/3114 3873/2897/3113
f 3873/2897/3113 2813/2608/3114 708/1242/3115 1245/2899/3116
f 1142/2898/1273 3873/2897/3113 1245/2899/3116 81/2900/1274
f 437/2683/2784 2288/2682/2783 3874/2901/3117 2305/2894/3109
f 2288/2682/2783 705/276/2782 1233/2613/3118 3874/2901/3117
f 3874/2901/3117 1233/2613/3118 710/1210/3119 3089/2902/3120
f 2305/2894/3109 3874/2901/3117 3089/2902/3120 440/2895/3110
f 706/1178/2765 2010/2671/2764 3875/2903/3121 1488/2609/3122
f 2010/2671/2764 172/689/597 1889/728/636 3875/2903/3121
f 3875/2903/3121 1889/728/636 173/723/631 2306/2904/3123
f 1488/2609/3122 3875/2903/3121 2306/2904/3123 709/1224/3124
f 707/16/3112 3088/2896/3111 3876/2905/3125 1573/17/3126
f 3088/2896/3111 440/2895/3110 3090/2906/3127 3876/2905/3125
f 3876/2905/3125 3090/2906/3127 443/2702/2811 1781/2722/2843
f 1573/17/3126 3876/2905/3125 1781/2722/2843 711/1/2842
f 81/2900/1274 1245/2899/3116 3877/2907/3128 2712/2908/1277
f 1245/2899/3116 708/1242/3115 1921/1240/3129 3877/2907/3128
f 3877/2907/3128 1921/1240/3129 712/4/2838 2822/2718/2836
f 2712/2908/1277 3877/2907/3128 2822/2718/2836 79/2717/1278
f 440/2895/3110 3089/2902/3120 3878/2909/3130 3090/2906/3127
f 3089/2902/3120 710/1210/3119 2452/1208/3131 3878/2909/3130
f 3878/2909/3130 2452/1208/3131 714/331/2815 1780/2703/2812
f 3090/2906/3127 3878/2909/3130 1780/2703/2812 443/2702/2811
f 709/1224/3124 2306/2904/3123 3879/2910/3132 2187/1225/3133
f 2306/2904/3123 173/723/631 2137/726/634 3879/2910/3132
f 3879/2910/3132 2137/726/634 174/719/627 2551/2708/2821
f 2187/1225/3133 3879/2910/3132 2551/2708/2821 713/327/2820
f 716/212/2835 2553/2716/2834 3880/2911/3134 1862/213/3135
f 2553/2716/2834 446/2713/2829 2560/2912/3136 3880/2911/3134
f 3880/2911/3134 2560/2912/3136 449/2913/3137 1246/2914/3138
f 1862/213/3135 3880/2911/3134 1246/2914/3138 719/159/3139
f 96/1457/1342 3079/2725/2849 3881/2915/3140 2474/1460/1345
f 3079/2725/2849 715/1063/2848 1659/1128/3141 3881/2915/3140
f 3881/2915/3140 1659/1128/3141 720/133/3142 2561/2916/3143
f 2474/1460/1345 3881/2915/3140 2561/2916/3143 94/1461/1346
f 446/2713/2829 2552/2712/2828 3882/2917/3144 2560/2912/3136
f 2552/2712/2828 717/1048/2827 2170/1112/3145 3882/2917/3144
f 3882/2917/3144 2170/1112/3145 722/106/3146 1247/2918/3147
f 2560/2912/3136 3882/2917/3144 1247/2918/3147 449/2913/3137
f 718/71/2810 2821/2701/2809 3883/2919/3148 2389/191/3149
f 2821/2701/2809 175/617/525 2665/656/564 3883/2919/3148
f 3883/2919/3148 2665/656/564 176/651/559 3091/2920/3150
f 2389/191/3149 3883/2919/3148 3091/2920/3150 721/193/3151
f 719/159/3139 1246/2914/3138 3884/2921/3152 2639/160/3153
f 1246/2914/3138 449/2913/3137 1248/2922/3154 3884/2921/3152
f 3884/2921/3152 1248/2922/3154 452/2729/2856 2018/2747/2888
f 2639/160/3153 3884/2921/3152 2018/2747/2888 723/163/2887
f 94/1461/1346 2561/2916/3143 3885/2923/3155 2205/1464/1349
f 2561/2916/3143 720/133/3142 2902/131/3156 3885/2923/3155
f 3885/2923/3155 2902/131/3156 724/130/2883 2295/2744/2881
f 2205/1464/1349 3885/2923/3155 2295/2744/2881 93/1465/1350
f 449/2913/3137 1247/2918/3147 3886/2924/3157 1248/2922/3154
f 1247/2918/3147 722/106/3146 1326/103/3158 3886/2924/3157
f 3886/2924/3157 1326/103/3158 726/102/2860 2016/2730/2857
f 1248/2922/3154 3886/2924/3157 2016/2730/2857 452/2729/2856
f 721/193/3151 3091/2920/3150 3887/2925/3159 1121/1091/3160
f 3091/2920/3150 176/651/559 2935/654/562 3887/2925/3159
f 3887/2925/3159 2935/654/562 177/647/555 1238/2735/2866
f 1121/1091/3160 3887/2925/3159 1238/2735/2866 725/1083/2865
f 728/1232/2880 2824/2743/2879 3888/2926/3161 3077/2632/3162
f 2824/2743/2879 455/2740/2874 2838/2927/3163 3888/2926/3161
f 3888/2926/3161 2838/2927/3163 458/2928/3164 1505/2929/3165
f 3077/2632/3162 3888/2926/3161 1505/2929/3165 731/2635/3166
f 105/2752/1411 1239/2751/2894 3889/2930/3167 2989/2931/1414
f 1239/2751/2894 727/1216/2893 2817/2638/3168 3889/2930/3167
f 3889/2930/3167 2817/2638/3168 732/2637/3169 3092/2932/3170
f 2989/2931/1414 3889/2930/3167 3092/2932/3170 104/2933/1415
f 455/2740/2874 2823/2739/2873 3890/2934/3171 2838/2927/3163
f 2823/2739/2873 729/1199/2872 1235/2644/3172 3890/2934/3171
f 3890/2934/3171 1235/2644/3172 734/1246/3173 1506/2935/3174
f 2838/2927/3163 3890/2934/3171 1506/2935/3174 458/2928/3164
f 730/324/2855 1498/2728/2854 3891/2936/3175 1489/2639/3176
f 1498/2728/2854 178/536/444 1360/584/492 3891/2936/3175
f 3891/2936/3175 1360/584/492 179/579/487 1789/2937/3177
f 1489/2639/3176 3891/2936/3175 1789/2937/3177 733/2642/3178
f 1026/2810/2983 2831/2809/2982 3892/2938/3179 1507/2939/3180
f 731/2635/3166 1505/2929/3165 3892/2938/3179 1777/2645/3181
f 458/2928/3164 1508/2940/3182 3892/2938/3179 1505/2929/3165
f 1031/2942/3184 2839/2943/3185 3892/2938/3179 3093/2941/3183
f 1032/2944/3186 3094/2945/3187 3892/2938/3179 2839/2943/3185
f 1035/2946/3188 2027/2947/3189 3892/2938/3179 3094/2945/3187
f 1028/2948/3190 1790/2949/3191 3892/2938/3179 2027/2947/3189
f 1027/2950/3192 1791/2951/3193 3892/2938/3179 1790/2949/3191
f 1030/2952/3194 2307/2953/3195 3892/2938/3179 1791/2951/3193
f 1029/2954/3196 2308/2955/3197 3892/2938/3179 2307/2953/3195
f 1043/2956/3198 1249/2957/3199 3892/2938/3179 2308/2955/3197
f 1041/2958/3200 3095/2959/3201 3892/2938/3179 1249/2957/3199
f 1040/2960/3202 3096/2961/3203 3892/2938/3179 3095/2959/3201
f 1042/2962/3204 2309/2963/3205 3892/2938/3179 3096/2961/3203
f 1037/2964/3206 2310/2965/3207 3892/2938/3179 2309/2963/3205
f 1038/2966/3208 2562/2967/3209 3892/2938/3179 2310/2965/3207
f 1039/2968/3210 2840/2969/3211 3892/2938/3179 2562/2967/3209
f 1044/2970/3212 1509/2971/3213 3892/2938/3179 2840/2969/3211
f 1034/2972/3214 1510/2973/3215 3892/2938/3179 1509/2971/3213
f 1036/2974/3216 1250/2975/3217 3892/2938/3179 1510/2973/3215
f 1033/2976/3218 1507/2939/3180 3892/2938/3179 1250/2975/3217
f 104/2933/1415 3092/2932/3170 3893/2977/3219 2719/2978/1418
f 3092/2932/3170 732/2637/3169 2009/2648/3220 3893/2977/3219
f 3893/2977/3219 2009/2648/3220 736/1173/2957 2827/2784/2955
f 2719/2978/1418 3893/2977/3219 2827/2784/2955 103/2783/1419
f 458/2928/3164 1506/2935/3174 3894/2979/3221 1508/2940/3182
f 1506/2935/3174 734/1246/3173 2457/1244/3222 3894/2979/3221
f 3894/2979/3221 2457/1244/3222 738/9/3014 2302/2839/3012
f 1508/2940/3182 3894/2979/3221 2302/2839/3012 461/2805/2978
f 733/2642/3178 1789/2937/3177 3895/2980/3223 2285/2649/3224
f 1789/2937/3177 179/579/487 1616/582/490 3895/2980/3223
f 3895/2980/3223 1616/582/490 180/573/481 2024/2848/3029
f 2285/2649/3224 3895/2980/3223 2024/2848/3029 737/5/3028
f 666/1038/16 1487/2593/16 3896/2981/16 1643/1038/16
f 1487/2593/16 694/1117/16 2445/1117/16 3896/2981/16
f 3896/2981/16 2445/1117/16 742/1117/16 1792/2593/16
f 1643/1038/16 3896/2981/16 1792/2593/16 427/1038/16
f 1770/2556/3225 676/2557/3225 2028/2982/3225 3897/2556/3225
f 3897/2556/3225 2028/2982/3225 308/2557/3225 2029/2556/3225
f 725/1083/16 2283/2627/16 3898/2983/16 2163/1086/16
f 2283/2627/16 653/35/16 2632/38/16 3898/2983/16
f 3898/2983/16 2632/38/16 447/35/16 2841/2627/16
f 2163/1086/16 3898/2983/16 2841/2627/16 773/1083/16
f 693/1109/99 1231/2595/99 3899/2984/99 2168/1109/99
f 1231/2595/99 665/1034/99 2108/1037/99 3899/2984/99
f 3899/2984/99 2108/1037/99 429/1037/99 2311/2985/99
f 2168/1109/99 3899/2984/99 2311/2985/99 741/1109/99
f 676/2557/3226 1227/2558/3227 3900/2986/3228 2028/2982/3229
f 1227/2558/3227 673/1040/3230 2159/1043/3231 3900/2986/3228
f 3900/2986/3228 2159/1043/3231 317/1040/3232 2030/2558/3233
f 2028/2982/3229 3900/2986/3228 2030/2558/3233 308/2557/3234
f 655/1228/3235 2814/2630/3235 3901/2987/3235 1917/1231/3235
f 2814/2630/3235 656/1220/3235 1396/1220/3235 3901/2987/3235
f 3901/2987/3235 1396/1220/3235 442/1220/3235 1511/2988/3235
f 1917/1231/3235 3901/2987/3235 1511/2988/3235 444/1228/3235
f 645/1175/3236 2280/2598/3236 3902/2989/3236 1676/1175/3236
f 2280/2598/3236 646/278/3237 1065/279/3237 3902/2989/3236
f 3902/2989/3236 1065/279/3237 457/278/3237 1251/2989/3236
f 1676/1175/3236 3902/2989/3236 1251/2989/3236 459/1175/3236
f 656/1220/99 3076/2628/99 3904/2991/99 1396/1220/99
f 3076/2628/99 724/130/99 1855/130/99 3904/2991/99
f 3904/2991/99 1855/130/99 772/130/99 1512/2992/99
f 1396/1220/99 3904/2991/99 1512/2992/99 442/1220/99
f 646/278/99 2549/2596/99 3905/2596/99 1065/279/99
f 2549/2596/99 702/1070/99 2442/1073/99 3905/2596/99
f 3905/2596/99 2442/1073/99 750/1070/99 1254/2993/99
f 1065/279/99 3905/2596/99 1254/2993/99 457/278/99
f 2279/2562/3248 678/2563/3251 2563/2563/3252 3906/2994/3249
f 3906/2994/3249 2563/2563/3252 302/2563/3253 2564/2562/3254
f 723/163/16 2815/2631/16 3907/2995/16 1585/163/16
f 2815/2631/16 655/1228/16 1917/1231/16 3907/2995/16
f 3907/2995/16 1917/1231/16 444/1228/16 2031/2996/16
f 1585/163/16 3907/2995/16 2031/2996/16 771/163/16
f 701/112/69 2281/2599/69 3908/2997/3255 2099/113/69
f 2281/2599/69 645/1175/3255 1676/1175/3255 3908/2997/3255
f 3908/2997/3255 1676/1175/3255 459/1175/3255 1793/2998/3255
f 2099/113/69 3908/2997/3255 1793/2998/3255 749/112/69
f 678/2563/3256 2007/2564/3257 3909/2999/3258 2563/2563/3259
f 2007/2564/3257 676/2557/3260 2028/2982/3261 3909/2999/3258
f 3909/2999/3258 2028/2982/3261 308/2557/3262 2565/2564/3263
f 2563/2563/3259 3909/2999/3258 2565/2564/3263 302/2563/3264
f 727/1216/3265 2816/2634/3265 3910/3000/3265 2696/1219/3265
f 2816/2634/3265 728/1232/3265 2973/1233/3265 3910/3000/3265
f 3910/3000/3265 2973/1233/3265 776/1232/3265 2842/3001/3265
f 2696/1219/3265 3910/3000/3265 2842/3001/3265 775/1216/3265
f 647/1192/3266 2810/2602/3266 3911/3002/3266 2969/1195/3266
f 2810/2602/3266 648/1187/3266 2449/1188/3266 3911/3002/3266
f 3911/3002/3266 2449/1188/3266 454/1187/3266 2566/2602/3266
f 2969/1195/3266 3911/3002/3266 2566/2602/3266 456/1192/3266
f 728/1232/16 3077/2632/16 3913/3005/16 2973/1233/16
f 3077/2632/16 731/2635/16 1794/3006/16 3913/3005/16
f 3913/3005/16 1794/3006/16 779/2635/16 3097/3007/16
f 2973/1233/16 3913/3005/16 3097/3007/16 776/1232/16
f 648/1187/99 3074/2600/99 3914/3008/99 2449/1188/99
f 3074/2600/99 700/1088/99 1910/1090/99 3914/3008/99
f 3914/3008/99 1910/1090/99 748/1088/99 2567/2600/99
f 2449/1188/99 3914/3008/99 2567/2600/99 454/1187/99
f 673/1040/3276 1486/2567/3277 3915/2567/3278 2159/1043/3279
f 1486/2567/3277 658/1060/3280 2688/1060/3281 3915/2567/3278
f 3915/2567/3278 2688/1060/3281 439/1060/3282 2312/2567/3283
f 2159/1043/3279 3915/2567/3278 2312/2567/3283 317/1040/3284
f 731/2635/228 1776/2636/228 3916/3009/228 1794/3006/228
f 1776/2636/228 732/2637/228 2032/3010/228 3916/3009/228
f 3916/3009/228 2032/3010/228 780/2637/228 1795/3011/228
f 1794/3006/228 3916/3009/228 1795/3011/228 779/2635/228
f 699/1094/16 2811/2603/16 3917/3012/16 1651/1096/16
f 2811/2603/16 647/1192/16 2969/1195/16 3917/3012/16
f 3917/3012/16 2969/1195/16 456/1192/16 3098/3012/16
f 1651/1096/16 3917/3012/16 3098/3012/16 747/1094/16
f 659/1248/3285 1772/2570/3286 3918/2570/3286 2460/1248/3286
f 1772/2570/3286 660/1238/3286 1920/1238/3286 3918/2570/3286
f 3918/2570/3286 1920/1238/3286 436/1238/3286 2033/2570/3286
f 2460/1248/3286 3918/2570/3286 2033/2570/3286 438/1248/3286
f 732/2637/99 2817/2638/99 3919/2638/99 2032/3010/99
f 2817/2638/99 727/1216/99 2696/1219/99 3919/2638/99
f 3919/2638/99 2696/1219/99 775/1216/99 2843/2638/99
f 2032/3010/99 3919/2638/99 2843/2638/99 780/2637/99
f 703/1183/3287 2812/2606/3287 3920/3013/3287 2694/1186/3287
f 2812/2606/3287 704/1196/3287 2970/1197/3287 3920/3013/3287
f 3920/3013/3287 2970/1197/3287 752/1196/3287 2844/3014/3287
f 2694/1186/3287 3920/3013/3287 2844/3014/3287 751/1183/3287
f 660/1238/3288 2008/2568/3289 3921/3015/3290 1920/1238/3291
f 2008/2568/3289 678/2563/3292 2563/2563/3293 3921/3015/3290
f 3921/3015/3290 2563/2563/3293 302/2563/3294 2568/3016/3295
f 1920/1238/3291 3921/3015/3290 2568/3016/3295 436/1238/3296
f 729/1199/3297 1234/2641/3297 3922/3017/3298 1129/1202/3298
f 1234/2641/3297 730/324/3299 1339/325/3299 3922/3017/3298
f 3922/3017/3298 1339/325/3299 778/324/3300 1255/2641/3300
f 1129/1202/3298 3922/3017/3298 1255/2641/3300 777/1199/3300
f 704/1196/16 3075/2604/16 3923/3018/16 2970/1197/16
f 3075/2604/16 707/16/16 1572/19/16 3923/3018/16
f 3923/3018/16 1572/19/16 755/16/16 3099/2604/16
f 2970/1197/16 3923/3018/16 3099/2604/16 752/1196/16
f 730/324/16 1489/2639/16 3925/3020/16 1339/325/16
f 1489/2639/16 733/2642/16 2313/3021/16 3925/3020/16
f 3925/3020/16 2313/3021/16 781/2642/16 1514/2639/16
f 1339/325/16 3925/3020/16 1514/2639/16 778/324/16
f 707/16/3225 1775/2607/3225 3926/3022/3225 1572/19/3225
f 1775/2607/3225 708/1242/3225 1922/1243/3225 3926/3022/3225
f 3926/3022/3225 1922/1243/3225 756/1242/3225 1796/2607/3225
f 1572/19/3225 3926/3022/3225 1796/2607/3225 755/16/3225
f 679/1235/3310 2808/2574/3311 3927/2574/3312 2974/1235/3313
f 2974/1235/3313 3927/2574/3312 2569/2574/3317 168/1235/3318
f 733/2642/228 2284/2643/228 3928/3023/228 2313/3021/228
f 2284/2643/228 734/1246/228 2458/1246/228 3928/3023/228
f 3928/3023/228 2458/1246/228 782/1246/228 2314/2643/228
f 2313/3021/228 3928/3023/228 2314/2643/228 781/2642/228
f 708/1242/99 2813/2608/99 3929/2608/99 1922/1243/99
f 2813/2608/99 703/1183/99 2694/1186/99 3929/2608/99
f 3929/2608/99 2694/1186/99 751/1183/99 2845/2608/99
f 1922/1243/99 3929/2608/99 2845/2608/99 756/1242/99
f 734/1246/99 1235/2644/99 3931/2644/99 2458/1246/99
f 1235/2644/99 729/1199/99 1129/1202/99 3931/2644/99
f 3931/2644/99 1129/1202/99 777/1199/99 1257/2644/99
f 2458/1246/99 3931/2644/99 1257/2644/99 782/1246/99
f 705/276/3328 1232/2611/3328 3932/3025/3328 1064/276/3328
f 1232/2611/3328 706/1178/3328 1394/1178/3328 3932/3025/3328
f 3932/3025/3328 1394/1178/3328 754/1178/3328 1258/2611/3328
f 1064/276/3328 3932/3025/3328 1258/2611/3328 753/276/3328
f 1229/2576/175 682/15/175 1848/15/175 3933/3026/175
f 3933/3026/175 1848/15/175 140/15/175 2034/3026/175
f 731/2635/16 1777/2645/16 3934/3027/16 1794/3006/16
f 1777/2645/16 735/271/16 2651/274/16 3934/3027/16
f 3934/3027/16 2651/274/16 783/271/16 1797/3028/16
f 1794/3006/16 3934/3027/16 1797/3028/16 779/2635/16
f 706/1178/16 1488/2609/16 3935/3029/16 1394/1178/16
f 1488/2609/16 709/1224/16 2186/1227/16 3935/3029/16
f 3935/3029/16 2186/1227/16 757/1224/16 1515/2609/16
f 1394/1178/16 3935/3029/16 1515/2609/16 754/1178/16
f 682/15/3329 2809/2577/3330 3936/3030/3331 1848/15/3332
f 2809/2577/3330 679/1235/3333 2974/1235/3334 3936/3030/3331
f 3936/3030/3331 2974/1235/3334 168/1235/3335 2035/3031/3336
f 1848/15/3332 3936/3030/3331 2035/3031/3336 140/15/3337
f 735/271/3338 2818/2647/3338 3937/3032/3338 2651/274/3338
f 2818/2647/3338 736/1173/3338 2966/1174/3338 3937/3032/3338
f 3937/3032/3338 2966/1174/3338 784/1173/3338 2848/3032/3338
f 2651/274/3338 3937/3032/3338 2848/3032/3338 783/271/3338
f 709/1224/3225 2282/2612/3225 3938/2612/3225 2186/1227/3225
f 2282/2612/3225 710/1210/3225 2453/1211/3225 3938/2612/3225
f 3938/2612/3225 2453/1211/3225 758/1210/3225 2315/2612/3225
f 2186/1227/3225 3938/2612/3225 2315/2612/3225 757/1224/3225
f 736/1173/99 2009/2648/99 3940/3035/99 2966/1174/99
f 2009/2648/99 732/2637/99 2032/3010/99 3940/3035/99
f 3940/3035/99 2032/3010/99 780/2637/99 2036/2648/99
f 2966/1174/99 3940/3035/99 2036/2648/99 784/1173/99
f 710/1210/99 1233/2613/99 3941/3036/99 2453/1211/99
f 1233/2613/99 705/276/99 1064/276/99 3941/3036/99
f 3941/3036/99 1064/276/99 753/276/99 1260/3037/99
f 2453/1211/99 3941/3036/99 1260/3037/99 758/1210/99
f 1774/2580/3349 684/11/3352 2371/14/3353 3942/3038/3350
f 3942/3038/3350 2371/14/3353 102/11/3354 2570/3039/3355
f 733/2642/16 2285/2649/16 3943/3040/16 2313/3021/16
f 2285/2649/16 737/5/16 1045/8/16 3943/3040/16
f 3943/3040/16 1045/8/16 785/5/16 2316/2649/16
f 2313/3021/16 3943/3040/16 2316/2649/16 781/2642/16
s 0
f 1036/3343/4025 2365/3344/4025 4168/3345/4025 1250/3346/4025
f 2365/3344/4026 5/3347/4026 1841/3348/4026 4168/3345/4026
f 4168/3345/4027 1841/3348/4027 3/3349/4027 1842/3350/4027
f 1250/3346/4028 4168/3345/4028 1842/3350/4028 1033/3351/4028
f 1034/3352/4029 1310/3353/4029 4169/3354/4029 1510/3355/4029
f 1310/3353/4030 9/3356/4030 2366/3357/4030 4169/3354/4030
f 4169/3354/4031 2366/3357/4031 5/3347/4031 2365/3344/4031
f 1510/3355/4032 4169/3354/4032 2365/3344/4032 1036/3343/4032
f 1044/3358/4033 1843/3359/4033 4170/3360/4033 1509/3361/4033
f 1843/3359/4034 11/3362/4034 1311/3363/4034 4170/3360/4034
f 4170/3360/4035 1311/3363/4035 9/3356/4035 1310/3353/4035
f 1509/3361/4036 4170/3360/4036 1310/3353/4036 1034/3352/4036
f 1039/3364/4037 2881/3365/4037 4171/3366/4037 2840/3367/4037
f 2881/3365/4038 15/3368/4038 1844/3369/4038 4171/3366/4038
f 4171/3366/4039 1844/3369/4039 11/3362/4039 1843/3359/4039
f 2840/3367/4040 4171/3366/4040 1843/3359/4040 1044/3358/4040
f 1038/3370/4041 1312/3371/4041 4172/3372/4041 2562/3373/4041
f 1312/3371/4042 17/3374/4042 2882/3375/4042 4172/3372/4042
f 4172/3372/4043 2882/3375/4043 15/3368/4043 2881/3365/4043
f 2562/3373/4044 4172/3372/4044 2881/3365/4044 1039/3364/4044
f 1037/3376/4045 2367/3377/4045 4173/3378/4045 2310/3379/4045
f 2367/3377/4046 21/3380/4046 1313/3381/4046 4173/3378/4046
f 4173/3378/4047 1313/3381/4047 17/3374/4047 1312/3371/4047
f 2310/3379/4048 4173/3378/4048 1312/3371/4048 1038/3370/4048
f 1042/3382/4049 3136/3383/4049 4174/3384/4049 2309/3385/4049
f 3136/3383/4050 24/3386/4050 2368/3387/4050 4174/3384/4050
f 4174/3384/4051 2368/3387/4051 21/3380/4051 2367/3377/4051
f 2309/3385/4052 4174/3384/4052 2367/3377/4052 1037/3376/4052
f 1040/3388/4053 1562/3389/4053 4175/3390/4053 3096/3391/4053
f 1562/3389/4054 26/3392/4054 3137/3393/4054 4175/3390/4054
f 4175/3390/4055 3137/3393/4055 24/3386/4055 3136/3383/4055
f 3096/3391/4056 4175/3390/4056 3136/3383/4056 1042/3382/4056
f 1041/3394/4057 2623/3395/4057 4176/3396/4057 3095/3397/4057
f 2623/3395/4058 30/3398/4058 1563/3399/4058 4176/3396/4058
f 4176/3396/4059 1563/3399/4059 26/3392/4059 1562/3389/4059
f 3095/3397/4060 4176/3396/4060 1562/3389/4060 1040/3388/4060
f 1043/3400/4061 3138/3401/4061 4177/3402/4061 1249/3403/4061
f 3138/3401/4062 32/3404/4062 2624/3405/4062 4177/3402/4062
f 1249/3403/4064 4177/3402/4064 2623/3395/4064 1041/3394/4064
f 1029/3406/4065 1845/3407/4065 4178/3408/4065 2308/3409/4065
f 1845/3407/4066 35/3410/4066 3139/3411/4066 4178/3408/4066
f 4178/3408/4067 3139/3411/4067 32/3404/4067 3138/3401/4067
f 2308/3409/4068 4178/3408/4068 3138/3401/4068 1043/3400/4068
f 1030/3412/4069 2883/3413/4069 4179/3414/4069 2307/3415/4069
f 2883/3413/4070 39/3416/4070 1846/3417/4070 4179/3414/4070
f 4179/3414/4071 1846/3417/4071 35/3410/4071 1845/3407/4071
f 2307/3415/4072 4179/3414/4072 1845/3407/4072 1029/3406/4072
f 1027/3418/4073 1564/3419/4073 4180/3420/4073 1791/3421/4073
f 1564/3419/4074 42/3422/4074 2884/321/4074 4180/3420/4074
f 4180/3420/4075 2884/321/4075 39/3416/4075 2883/3413/4075
f 1791/3421/4076 4180/3420/4076 2883/3413/4076 1030/3412/4076
f 1028/3423/4077 2082/3424/4077 4181/3425/4077 1790/3426/4077
f 2082/3424/4078 44/3427/4078 1565/339/4078 4181/3425/4078
f 4181/3425/4079 1565/339/4079 42/3422/4079 1564/3419/4079
f 1790/3426/4080 4181/3425/4080 1564/3419/4080 1027/3418/4080
f 47/3428/4081 2083/849/4081 4182/3429/4081 2885/3430/4081
f 2083/849/4082 44/3427/4082 2082/3424/4082 4182/3429/4082
f 4182/3429/4083 2082/3424/4083 1028/3423/4083 2027/3431/4083
f 2885/3430/4084 4182/3429/4084 2027/3431/4084 1035/3432/4084
f 1032/3433/4085 1566/3434/4085 4183/3435/4085 3094/3436/4085
f 1566/3434/4086 50/3437/4086 2886/857/4086 4183/3435/4086
f 4183/3435/4087 2886/857/4087 47/3428/4087 2885/3430/4087
f 3094/3436/4088 4183/3435/4088 2885/3430/4088 1035/3432/4088
f 1031/3438/4089 2369/3439/4089 4184/3440/4089 2839/3441/4089
f 4184/3440/4091 1567/3443/4091 50/3437/4091 1566/3434/4091
f 2839/3441/4092 4184/3440/4092 1566/3434/4092 1032/3433/4092
f 1024/3444/4093 2557/3445/4093 4185/3446/4093 3093/3447/4093
f 1022/3448/4094 3140/3449/4094 4185/3446/4094 2557/3445/4094
f 53/3442/4096 2369/3439/4096 4185/3446/4096 2370/3450/4096
f 1031/3438/4097 3093/3447/4097 4185/3446/4097 2369/3439/4097
f 1020/3451/4098 2084/3452/4098 4186/3453/4098 2022/3454/4098
f 2084/3452/4099 60/3455/4099 3141/3456/4099 4186/3453/4099
f 4186/3453/4100 3141/3456/4100 56/578/4100 3140/3449/4100
f 2022/3454/4101 4186/3453/4101 3140/3449/4101 1022/3448/4101
f 1019/3457/4102 2887/3458/4102 4187/3459/4102 1786/3460/4102
f 2887/3458/4103 63/3461/4103 2085/3462/4103 4187/3459/4103
f 4187/3459/4104 2085/3462/4104 60/3455/4104 2084/3452/4104
f 1786/3460/4105 4187/3459/4105 2084/3452/4105 1020/3451/4105
f 1016/3463/4106 1568/3464/4106 4188/3465/4106 3086/3466/4106
f 1568/3464/4107 66/3467/4107 2888/3468/4107 4188/3465/4107
f 4188/3465/4108 2888/3468/4108 63/3461/4108 2887/3458/4108
f 3086/3466/4109 4188/3465/4109 2887/3458/4109 1019/3457/4109
f 1017/3469/4110 2086/3470/4110 4189/3471/4110 3085/3472/4110
f 2086/3470/4111 68/3473/4111 1569/3474/4111 4189/3471/4111
f 4189/3471/4112 1569/3474/4112 66/3467/4112 1568/3464/4112
f 3085/3472/4113 4189/3471/4113 1568/3464/4113 1016/3463/4113
f 1013/3475/4114 2889/3476/4114 4190/3477/4114 2301/3478/4114
f 2889/3476/4115 71/3479/4115 2087/3480/4115 4190/3477/4115
f 4190/3477/4116 2087/3480/4116 68/3473/4116 2086/3470/4116
f 2301/3478/4117 4190/3477/4117 2086/3470/4117 1017/3469/4117
f 1011/3481/4118 1570/3482/4118 4191/3483/4118 1785/3484/4118
f 4191/3483/4120 2890/3486/4120 71/3479/4120 2889/3476/4120
f 1785/3484/4121 4191/3483/4121 2889/3476/4121 1013/3475/4121
f 1012/3487/4122 2625/3488/4122 4192/3489/4122 1784/3490/4122
f 2625/3488/4123 78/3491/4123 1571/3492/4123 4192/3489/4123
f 4192/3489/4124 1571/3492/4124 74/3485/4124 1570/3482/4124
f 1784/3490/4125 4192/3489/4125 1570/3482/4125 1011/3481/4125
f 1014/3493/4126 3142/3494/4126 4193/3495/4126 2021/3496/4126
f 3142/3494/4127 80/3497/4127 2626/3498/4127 4193/3495/4127
f 4193/3495/4128 2626/3498/4128 78/3491/4128 2625/3488/4128
f 2021/3496/4129 4193/3495/4129 2625/3488/4129 1012/3487/4129
f 1015/3499/4130 2088/3500/4130 4194/3501/4130 2558/3502/4130
f 2088/3500/4131 84/3503/4131 3143/3504/4131 4194/3501/4131
f 4194/3501/4132 3143/3504/4132 80/3497/4132 3142/3494/4132
f 2558/3502/4133 4194/3501/4133 3142/3494/4133 1014/3493/4133
f 1018/3505/4134 2891/3506/4134 4195/3507/4134 2833/3508/4134
f 2891/3506/4135 87/3509/4135 2089/3510/4135 4195/3507/4135
f 4195/3507/4136 2089/3510/4136 84/3503/4136 2088/3500/4136
f 2833/3508/4137 4195/3507/4137 2088/3500/4137 1015/3499/4137
f 1021/3511/4138 1314/3512/4138 4196/3513/4138 1501/3514/4138
f 1314/3512/4139 89/3515/4139 2892/3516/4139 4196/3513/4139
f 4196/3513/4140 2892/3516/4140 87/3509/4140 2891/3506/4140
f 1501/3514/4141 4196/3513/4141 2891/3506/4141 1018/3505/4141
f 1023/3517/4142 2090/3518/4142 4197/3519/4142 2300/3520/4142
f 2090/3518/4143 92/3521/4143 1315/3522/4143 4197/3519/4143
f 4197/3519/4144 1315/3522/4144 89/3515/4144 1314/3512/4144
f 2300/3520/4145 4197/3519/4145 1314/3512/4145 1021/3511/4145
f 1025/3588/4178 2893/3589/4178 4199/3590/4178 2832/3591/4178
f 2893/3589/4179 95/3592/4179 2091/3593/4179 4199/3590/4179
f 4199/3590/4180 2091/3593/4180 92/3521/4180 2090/3518/4180
f 2832/3591/4181 4199/3590/4181 2090/3518/4181 1023/3517/4181
f 1033/3594/4182 1842/3595/4182 4200/3596/4182 1507/3597/4182
f 3/3598/4183 1847/3599/4183 4200/3596/4183 1842/3595/4183
f 95/3592/4184 2893/3589/4184 4200/3596/4184 1847/3599/4184
f 1025/3588/4185 1242/3600/4185 4200/3596/4185 2893/3589/4185
f 1026/3601/4186 1507/3597/4186 4200/3596/4186 1242/3600/4186
s 1
usemtl dark_metal
f 674/29/26 1320/30/27 3149/31/28 1319/32/29
f 1320/30/27 675/33/30 2630/34/31 3149/31/28
f 3149/31/28 2630/34/31 311/33/32 2631/30/33
f 1319/32/29 3149/31/28 2631/30/33 314/29/34
f 69/41/41 1321/42/42 3151/43/43 2095/44/44
f 1321/42/42 2/45/45 1322/46/46 3151/43/43
f 3151/43/43 1322/46/46 70/47/47 2373/48/48
f 2095/44/44 3151/43/43 2373/48/48 303/49/49
f 303/49/49 2373/48/48 3152/50/50 2633/51/51
f 2373/48/48 70/47/47 2374/52/52 3152/50/50
f 3152/50/50 2374/52/52 72/53/53 2895/54/54
f 2633/51/51 3152/50/50 2895/54/54 306/55/55
f 306/55/55 2895/54/54 3153/56/56 1323/57/57
f 2895/54/54 72/53/53 2896/58/58 3153/56/56
f 3153/56/56 2896/58/58 73/59/59 1049/60/60
f 1323/57/57 3153/56/56 1049/60/60 309/61/61
f 309/61/61 1049/60/60 3154/62/62 2897/63/63
f 1049/60/60 73/59/59 2375/64/64 3154/62/62
f 3154/62/62 2375/64/64 6/65/65 2376/66/66
f 2897/63/63 3154/62/62 2376/66/66 136/67/67
f 136/67/67 2376/66/66 3167/135/117 2905/136/118
f 2376/66/66 6/65/65 2384/137/119 3167/135/117
f 3167/135/117 2384/137/119 83/138/120 1581/139/121
f 2905/136/118 3167/135/117 1581/139/121 312/140/122
f 312/140/122 1581/139/121 3168/141/123 2906/142/124
f 1581/139/121 83/138/120 1582/143/125 3168/141/123
f 3168/141/123 1582/143/125 85/144/126 2100/145/127
f 2906/142/124 3168/141/123 2100/145/127 315/146/128
f 315/146/128 2100/145/127 3169/147/129 1583/148/130
f 2100/145/127 85/144/126 2101/149/131 3169/147/129
f 3169/147/129 2101/149/131 86/150/132 2385/151/133
f 1583/148/130 3169/147/129 2385/151/133 318/152/134
f 318/152/134 2385/151/133 3170/153/135 1584/154/136
f 2385/151/133 86/150/132 1856/155/137 3170/153/135
f 3170/153/135 1856/155/137 12/156/138 1857/157/139
f 1584/154/136 3170/153/135 1857/157/139 139/158/140
f 668/187/160 1859/188/161 3176/189/162 1858/187/163
f 1859/188/161 669/190/164 1058/190/165 3176/189/162
f 3176/189/162 1058/190/165 329/190/166 1059/188/167
f 1858/187/163 3176/189/162 1059/188/167 332/187/168
f 139/158/140 1857/157/139 3183/217/176 1589/218/177
f 1857/157/139 12/156/138 1864/219/178 3183/217/176
f 3183/217/176 1864/219/178 97/220/179 1061/221/180
f 1589/218/177 3183/217/176 1061/221/180 321/222/181
f 321/222/181 1061/221/180 3184/223/182 1062/224/183
f 1061/221/180 97/220/179 1063/225/184 3184/223/182
f 3184/223/182 1063/225/184 98/226/185 1331/227/186
f 1062/224/183 3184/223/182 1331/227/186 324/228/187
f 324/228/187 1331/227/186 3185/229/188 1865/230/189
f 1331/227/186 98/226/185 1332/231/190 3185/229/188
f 3185/229/188 1332/231/190 99/232/191 1590/233/192
f 1865/230/189 3185/229/188 1590/233/192 327/234/193
f 327/234/193 1590/233/192 3186/235/194 2392/236/195
f 1590/233/192 99/232/191 2910/237/196 3186/235/194
f 3186/235/194 2910/237/196 8/238/197 2911/239/198
f 2392/236/195 3186/235/194 2911/239/198 142/240/199
f 687/267/219 2650/268/220 3192/268/221 2916/267/222
f 2650/268/220 689/269/223 1592/270/224 3192/268/221
f 3192/268/221 1592/270/224 75/269/225 1593/268/226
f 2916/267/222 3192/268/221 1593/268/226 88/267/227
f 687/267/228 2652/280/228 3195/281/228 2916/267/228
f 2916/267/228 3195/281/228 2107/283/228 88/267/228
f 686/290/235 2396/291/236 3197/292/237 1594/293/238
f 2396/291/236 687/267/239 2916/267/240 3197/292/237
f 3197/292/237 2916/267/240 88/267/241 2919/291/242
f 1594/293/238 3197/292/237 2919/291/242 91/290/243
f 142/240/199 2911/239/198 3199/298/244 2397/299/245
f 2911/239/198 8/238/197 2920/300/246 3199/298/244
f 3199/298/244 2920/300/246 106/301/247 1335/302/248
f 2397/299/245 3199/298/244 1335/302/248 330/303/249
f 330/303/249 1335/302/248 3200/304/250 1336/305/251
f 1335/302/248 106/301/247 1337/306/252 3200/304/250
f 3200/304/250 1337/306/252 107/307/253 1595/308/254
f 1336/305/251 3200/304/250 1595/308/254 333/309/255
f 333/309/255 1595/308/254 3201/310/256 2110/311/257
f 1595/308/254 107/307/253 1596/312/258 3201/310/256
f 3201/310/256 1596/312/258 108/313/259 1868/314/260
f 2110/311/257 3201/310/256 1868/314/260 336/315/261
f 336/315/261 1868/314/260 3202/316/262 2111/317/263
f 1868/314/260 108/313/259 1338/318/264 3202/316/262
f 3202/316/262 1338/318/264 2/319/45 1321/320/42
f 2111/317/263 3202/316/262 1321/320/42 69/321/41
f 337/351/283 1075/352/284 3208/353/285 1074/354/286
f 1075/352/284 338/355/287 1343/356/288 3208/353/285
f 3208/353/285 1343/356/288 341/357/289 1869/358/290
f 1074/354/286 3208/353/285 1869/358/290 340/359/291
f 338/355/287 1344/360/292 3209/361/293 1343/356/288
f 1344/360/292 339/362/294 1600/363/295 3209/361/293
f 3209/361/293 1600/363/295 342/364/296 2113/365/297
f 1343/356/288 3209/361/293 2113/365/297 341/357/289
f 340/359/291 1869/358/290 3210/366/298 1870/367/299
f 1869/358/290 341/357/289 2114/368/300 3210/366/298
f 3210/366/298 2114/368/300 344/369/301 2655/370/302
f 1870/367/299 3210/366/298 2655/370/302 343/371/303
f 341/357/289 2113/365/297 3211/372/304 2114/368/300
f 2113/365/297 342/364/296 2398/373/305 3211/372/304
f 3211/372/304 2398/373/305 345/374/306 2922/375/307
f 2114/368/300 3211/372/304 2922/375/307 344/369/301
f 45/376/308 2116/377/309 3212/378/310 2115/379/311
f 2116/377/309 252/380/312 1871/381/313 3212/378/310
f 3212/378/310 1871/381/313 337/351/283 1345/382/314
f 2115/379/311 3212/378/310 1345/382/314 234/383/315
f 252/380/312 1601/384/316 3213/385/317 1871/381/313
f 1601/384/316 251/386/318 1602/387/319 3213/385/317
f 3213/385/317 1602/387/319 338/355/287 1075/352/284
f 1871/381/313 3213/385/317 1075/352/284 337/351/283
f 251/386/318 1346/388/320 3214/389/321 1602/387/319
f 1346/388/320 250/390/322 1347/391/323 3214/389/321
f 3214/389/321 1347/391/323 339/362/294 1344/360/292
f 1602/387/319 3214/389/321 1344/360/292 338/355/287
f 250/390/322 1603/392/324 3215/393/325 1347/391/323
f 1603/392/324 43/394/326 1604/395/327 3215/393/325
f 3215/393/325 1604/395/327 217/396/328 1076/397/329
f 1347/391/323 3215/393/325 1076/397/329 339/362/294
f 339/362/294 1076/397/329 3216/398/330 1600/363/295
f 1076/397/329 217/396/328 1077/399/331 3216/398/330
f 3216/398/330 1077/399/331 218/400/332 1348/401/333
f 1600/363/295 3216/398/330 1348/401/333 342/364/296
f 342/364/296 1348/401/333 3217/402/334 2398/373/305
f 1348/401/333 218/400/332 1349/403/335 3217/402/334
f 3217/402/334 1349/403/335 219/404/336 1605/405/337
f 2398/373/305 3217/402/334 1605/405/337 345/374/306
f 345/374/306 1605/405/337 3218/406/338 2399/407/339
f 1605/405/337 219/404/336 2400/408/340 3218/406/338
f 3218/406/338 2400/408/340 38/409/341 2401/410/342
f 2399/407/339 3218/406/338 2401/410/342 214/411/343
f 344/369/301 2922/375/307 3219/412/344 2656/413/345
f 2922/375/307 345/374/306 2399/407/339 3219/412/344
f 3219/412/344 2399/407/339 214/411/343 2402/414/346
f 2656/413/345 3219/412/344 2402/414/346 215/415/347
f 343/371/303 2655/370/302 3220/416/348 2923/417/349
f 2655/370/302 344/369/301 2656/413/345 3220/416/348
f 3220/416/348 2656/413/345 215/415/347 2657/418/350
f 2923/417/349 3220/416/348 2657/418/350 216/419/351
f 232/420/352 2924/421/353 3221/422/354 1078/423/355
f 2924/421/353 343/371/303 2923/417/349 3221/422/354
f 3221/422/354 2923/417/349 216/419/351 1079/424/356
f 1078/423/355 3221/422/354 1079/424/356 41/425/357
f 233/426/358 1080/427/359 3222/428/360 2925/429/361
f 1080/427/359 340/359/291 1870/367/299 3222/428/360
f 3222/428/360 1870/367/299 343/371/303 2924/421/353
f 2925/429/361 3222/428/360 2924/421/353 232/420/352
f 234/383/315 1345/382/314 3223/430/362 1081/431/363
f 1345/382/314 337/351/283 1074/354/286 3223/430/362
f 3223/430/362 1074/354/286 340/359/291 1080/427/359
f 1081/431/363 3223/430/362 1080/427/359 233/426/358
f 346/432/364 1351/433/365 3224/434/366 1350/435/367
f 1351/433/365 347/436/368 1606/437/369 3224/434/366
f 3224/434/366 1606/437/369 350/438/99 2117/439/370
f 1350/435/367 3224/434/366 2117/439/370 349/440/371
f 347/436/368 1607/441/372 3225/442/373 1606/437/369
f 1607/441/372 348/443/374 1872/444/375 3225/442/373
f 3225/442/373 1872/444/375 351/445/376 2403/446/377
f 1606/437/369 3225/442/373 2403/446/377 350/438/99
f 349/440/371 2117/439/370 3226/447/378 2118/448/379
f 2117/439/370 350/438/99 2404/449/380 3226/447/378
f 3226/447/378 2404/449/380 353/450/381 2926/451/382
f 2118/448/379 3226/447/378 2926/451/382 352/452/383
f 350/438/99 2403/446/377 3227/453/384 2404/449/380
f 2403/446/377 351/445/376 2658/454/385 3227/453/384
f 3227/453/384 2658/454/385 354/455/386 1082/456/387
f 2404/449/380 3227/453/384 1082/456/387 353/450/381
f 12/156/138 1856/457/137 3228/458/388 1864/219/178
f 1856/457/137 86/459/132 2405/460/389 3228/458/388
f 3228/458/388 2405/460/389 346/432/364 1083/461/390
f 1864/219/178 3228/458/388 1083/461/390 97/220/179
f 86/459/132 2101/462/131 3229/463/391 2405/460/389
f 2101/462/131 85/464/126 2119/465/392 3229/463/391
f 3229/463/391 2119/465/392 347/436/368 1351/433/365
f 2405/460/389 3229/463/391 1351/433/365 346/432/364
f 85/464/126 1582/466/125 3230/467/393 2119/465/392
f 1582/466/125 83/468/120 1608/469/394 3230/467/393
f 3230/467/393 1608/469/394 348/443/374 1607/441/372
f 2119/465/392 3230/467/393 1607/441/372 347/436/368
f 83/468/120 2384/470/119 3231/471/395 1608/469/394
f 2384/470/119 6/472/65 2375/473/64 3231/471/395
f 3231/471/395 2375/473/64 73/474/59 1084/475/396
f 1608/469/394 3231/471/395 1084/475/396 348/443/374
f 348/443/374 1084/475/396 3232/476/397 1872/444/375
f 1084/475/396 73/474/59 2896/477/58 3232/476/397
f 3232/476/397 2896/477/58 72/478/53 2927/479/398
f 1872/444/375 3232/476/397 2927/479/398 351/445/376
f 351/445/376 2927/479/398 3233/480/399 2658/454/385
f 2927/479/398 72/478/53 2374/481/52 3233/480/399
f 3233/480/399 2374/481/52 70/482/47 2406/483/400
f 2658/454/385 3233/480/399 2406/483/400 354/455/386
f 354/455/386 2406/483/400 3234/484/401 1873/485/402
f 2406/483/400 70/482/47 1322/486/46 3234/484/401
f 3234/484/401 1322/486/46 2/487/45 1338/488/264
f 1873/485/402 3234/484/401 1338/488/264 108/489/259
f 353/450/381 1082/456/387 3235/490/403 1609/491/404
f 1082/456/387 354/455/386 1873/485/402 3235/490/403
f 3235/490/403 1873/485/402 108/489/259 1596/492/258
f 1609/491/404 3235/490/403 1596/492/258 107/493/253
f 352/452/383 2926/451/382 3236/494/405 1352/495/406
f 2926/451/382 353/450/381 1609/491/404 3236/494/405
f 3236/494/405 1609/491/404 107/493/253 1337/496/252
f 1352/495/406 3236/494/405 1337/496/252 106/497/247
f 99/232/191 1610/498/407 3237/499/408 2910/237/196
f 1610/498/407 352/452/383 1352/495/406 3237/499/408
f 3237/499/408 1352/495/406 106/497/247 2920/500/246
f 2910/237/196 3237/499/408 2920/500/246 8/238/197
f 98/226/185 1353/501/409 3238/502/410 1332/231/190
f 1353/501/409 349/440/371 2118/448/379 3238/502/410
f 3238/502/410 2118/448/379 352/452/383 1610/498/407
f 1332/231/190 3238/502/410 1610/498/407 99/232/191
f 97/220/179 1083/461/390 3239/503/411 1063/225/184
f 1083/461/390 346/432/364 1350/435/367 3239/503/411
f 3239/503/411 1350/435/367 349/440/371 1353/501/409
f 1063/225/184 3239/503/411 1353/501/409 98/226/185
f 1117/1041/931 674/29/934 1319/32/935 3370/1042/932
f 3370/1042/932 1319/32/935 314/29/936 1386/1044/936
f 671/1052/938 1118/1053/939 3373/1053/940 1647/1054/941
f 1118/1053/939 657/1055/942 1119/1055/943 3373/1053/940
f 3373/1053/940 1119/1055/943 441/1055/944 1648/1053/945
f 1647/1054/941 3373/1053/940 1648/1053/945 323/1052/946
f 644/117/960 1908/1081/961 3381/1082/962 1852/117/963
f 1908/1081/961 668/187/964 1858/187/965 3381/1082/962
f 3381/1082/962 1858/187/965 332/187/966 1909/1081/967
f 1852/117/963 3381/1082/962 1909/1081/967 460/117/968
f 671/1052/976 2690/1098/977 3386/1098/978 1647/1054/979
f 1647/1054/979 3386/1098/978 2964/1098/983 323/1052/984
f 669/190/986 2166/1104/987 3389/1105/988 1058/190/989
f 2166/1104/987 671/1052/990 1647/1054/991 3389/1105/988
f 3389/1105/988 1647/1054/991 323/1052/992 1656/1106/993
f 1058/190/989 3389/1105/988 1656/1106/993 329/190/994
f 669/190/141 2172/1114/141 3393/1115/141 1058/190/141
f 1058/190/141 3393/1115/141 2444/1116/141 329/190/141
f 1658/1125/1011 668/187/1014 1858/187/1015 3397/1125/1012
f 3397/1125/1012 1858/187/1015 332/187/1016 1911/1125/1017
f 689/269/1022 1914/1134/1023 3402/1135/1024 1592/270/1025
f 1914/1134/1023 644/1136/1026 1852/1136/1027 3402/1135/1024
f 3402/1135/1024 1852/1136/1027 460/1136/1028 1663/1134/1029
f 1592/270/1025 3402/1135/1024 1663/1134/1029 75/269/1030
f 661/1152/1050 2177/1153/1051 3407/1154/1052 1670/1155/1053
f 2177/1153/1051 686/290/1054 1594/293/1055 3407/1154/1052
f 3407/1154/1052 1594/293/1055 91/290/1056 1671/1156/1057
f 1670/1155/1053 3407/1154/1052 1671/1156/1057 435/1152/1058
f 689/269/1068 1127/1163/1069 3410/1163/1070 1592/270/1071
f 1592/270/1071 3410/1163/1070 1673/1164/1075 75/269/1076
f 2182/1189/1091 686/290/1094 1594/293/1095 3418/1190/1092
f 3418/1190/1092 1594/293/1095 91/290/1096 1679/1191/1097
f 683/1204/1100 2184/1205/1101 3421/1205/1102 1130/1206/1103
f 2184/1205/1101 661/1152/1104 1670/1155/1105 3421/1205/1102
f 3421/1205/1102 1670/1155/1105 435/1152/1106 1131/1207/1107
f 1130/1206/1103 3421/1205/1102 1131/1207/1107 137/1204/1108
f 659/1248/1129 1680/1249/1130 3431/1250/1131 2460/1248/1132
f 1680/1249/1130 680/1251/1133 2461/1251/1134 3431/1250/1131
f 3431/1250/1131 2461/1251/1134 166/1251/1135 2462/1252/1136
f 2460/1248/1132 3431/1250/1131 2462/1252/1136 438/1248/1137
f 499/1541/1426 1698/1542/1427 3496/1543/1428 1697/1544/1429
f 1698/1542/1427 500/1545/1430 1942/1546/1431 3496/1543/1428
f 3496/1543/1428 1942/1546/1431 503/1547/16 2481/1548/1432
f 1697/1544/1429 3496/1543/1428 2481/1548/1432 502/1549/1433
f 500/1545/1430 1943/1550/1434 3497/1551/1435 1942/1546/1431
f 1943/1550/1434 501/1552/1436 2209/1553/1437 3497/1551/1435
f 3497/1551/1435 2209/1553/1437 504/1554/1438 2720/1555/1439
f 1942/1546/1431 3497/1551/1435 2720/1555/1439 503/1547/16
f 502/1549/1433 2481/1548/1432 3498/1556/1440 2482/1557/1441
f 2481/1548/1432 503/1547/16 2721/1558/1442 3498/1556/1440
f 3498/1556/1440 2721/1558/1442 506/1559/1443 1151/1560/1444
f 2482/1557/1441 3498/1556/1440 1151/1560/1444 505/1561/1445
f 503/1547/16 2720/1555/1439 3499/1562/1446 2721/1558/1442
f 2720/1555/1439 504/1554/1438 2990/1563/1447 3499/1562/1446
f 3499/1562/1446 2990/1563/1447 507/1564/1448 1416/1565/1449
f 2721/1558/1442 3499/1562/1446 1416/1565/1449 506/1559/1443
f 37/1566/1450 2211/1567/1451 3500/1568/1452 2210/1569/1453
f 2211/1567/1451 210/1570/1454 1417/1571/1455 3500/1568/1452
f 3500/1568/1452 1417/1571/1455 499/1541/1426 2212/1572/1456
f 2210/1569/1453 3500/1568/1452 2212/1572/1456 205/1573/1457
f 210/1570/1454 1152/1574/1458 3501/1575/1459 1417/1571/1455
f 1152/1574/1458 209/1576/1460 1153/1577/1461 3501/1575/1459
f 3501/1575/1459 1153/1577/1461 500/1545/1430 1698/1542/1427
f 1417/1571/1455 3501/1575/1459 1698/1542/1427 499/1541/1426
f 209/1576/1460 2991/1578/1462 3502/1579/1463 1153/1577/1461
f 2991/1578/1462 208/1580/1464 2992/1581/1465 3502/1579/1463
f 3502/1579/1463 2992/1581/1465 501/1552/1436 1943/1550/1434
f 1153/1577/1461 3502/1579/1463 1943/1550/1434 500/1545/1430
f 208/1580/1464 2993/1582/1466 3503/1583/1467 2992/1581/1465
f 2993/1582/1466 40/1584/1468 2994/1585/1469 3503/1583/1467
f 3503/1583/1467 2994/1585/1469 213/1586/1470 2213/1587/1471
f 2992/1581/1465 3503/1583/1467 2213/1587/1471 501/1552/1436
f 501/1552/1436 2213/1587/1471 3504/1588/1472 2209/1553/1437
f 2213/1587/1471 213/1586/1470 1944/1589/1473 3504/1588/1472
f 3504/1588/1472 1944/1589/1473 212/1590/1474 1945/1591/1475
f 2209/1553/1437 3504/1588/1472 1945/1591/1475 504/1554/1438
f 504/1554/1438 1945/1591/1475 3505/1592/1476 2990/1563/1447
f 1945/1591/1475 212/1590/1474 1699/1593/1477 3505/1592/1476
f 3505/1592/1476 1699/1593/1477 211/1594/1478 1700/1595/1479
f 2990/1563/1447 3505/1592/1476 1700/1595/1479 507/1564/1448
f 507/1564/1448 1700/1595/1479 3506/1596/1480 2995/1597/1481
f 1700/1595/1479 211/1594/1478 1154/1598/1482 3506/1596/1480
f 3506/1596/1480 1154/1598/1482 41/425/357 1079/424/356
f 2995/1597/1481 3506/1596/1480 1079/424/356 216/419/351
f 506/1559/1443 1416/1565/1449 3507/1599/1483 2722/1600/1484
f 1416/1565/1449 507/1564/1448 2995/1597/1481 3507/1599/1483
f 3507/1599/1483 2995/1597/1481 216/419/351 2657/418/350
f 2722/1600/1484 3507/1599/1483 2657/418/350 215/415/347
f 505/1561/1445 1151/1560/1444 3508/1601/1485 2483/1602/1486
f 1151/1560/1444 506/1559/1443 2722/1600/1484 3508/1601/1485
f 3508/1601/1485 2722/1600/1484 215/415/347 2402/414/346
f 2483/1602/1486 3508/1601/1485 2402/414/346 214/411/343
f 207/1603/1487 2723/1604/1488 3509/1605/1489 2484/1606/1490
f 2723/1604/1488 505/1561/1445 2483/1602/1486 3509/1605/1489
f 3509/1605/1489 2483/1602/1486 214/411/343 2401/410/342
f 2484/1606/1490 3509/1605/1489 2401/410/342 38/409/341
f 206/1607/1491 2486/1608/1492 3510/1609/1493 2485/1610/1494
f 2486/1608/1492 502/1549/1433 2482/1557/1441 3510/1609/1493
f 3510/1609/1493 2482/1557/1441 505/1561/1445 2723/1604/1488
f 2485/1610/1494 3510/1609/1493 2723/1604/1488 207/1603/1487
f 205/1573/1457 2212/1572/1456 3511/1611/1495 2214/1612/1496
f 2212/1572/1456 499/1541/1426 1697/1544/1429 3511/1611/1495
f 3511/1611/1495 1697/1544/1429 502/1549/1433 2486/1608/1492
f 2214/1612/1496 3511/1611/1495 2486/1608/1492 206/1607/1491
f 508/1613/1497 1947/1614/1498 3512/1615/1499 1946/1616/1500
f 1947/1614/1498 509/1617/1501 2215/1618/1502 3512/1615/1499
f 3512/1615/1499 2215/1618/1502 512/1619/1503 2724/1620/1504
f 1946/1616/1500 3512/1615/1499 2724/1620/1504 511/1621/1505
f 509/1617/1501 2216/1622/1506 3513/1623/1507 2215/1618/1502
f 2216/1622/1506 510/1624/1508 2487/1625/1509 3513/1623/1507
f 3513/1623/1507 2487/1625/1509 513/1626/1510 2996/1627/1511
f 2215/1618/1502 3513/1623/1507 2996/1627/1511 512/1619/1503
f 511/1621/1505 2724/1620/1504 3514/1628/1512 2725/1629/1513
f 2724/1620/1504 512/1619/1503 2997/1630/1514 3514/1628/1512
f 3514/1628/1512 2997/1630/1514 515/1631/1515 1418/1632/1516
f 2725/1629/1513 3514/1628/1512 1418/1632/1516 514/1633/1517
f 512/1619/1503 2996/1627/1511 3515/1634/1518 2997/1630/1514
f 2996/1627/1511 513/1626/1510 1155/1635/1519 3515/1634/1518
f 3515/1634/1518 1155/1635/1519 516/1636/1520 1701/1637/1521
f 2997/1630/1514 3515/1634/1518 1701/1637/1521 515/1631/1515
f 48/1638/1522 2999/1639/1523 3516/1640/1524 2998/1641/1525
f 2999/1639/1523 249/1642/1526 1156/1643/1527 3516/1640/1524
f 3516/1640/1524 1156/1643/1527 508/1613/1497 3000/1644/1528
f 2998/1641/1525 3516/1640/1524 3000/1644/1528 240/1645/1529
f 249/1642/1526 3001/1646/1530 3517/1647/1531 1156/1643/1527
f 3001/1646/1530 248/1648/1532 3002/1649/1533 3517/1647/1531
f 3517/1647/1531 3002/1649/1533 509/1617/1501 1947/1614/1498
f 1156/1643/1527 3517/1647/1531 1947/1614/1498 508/1613/1497
f 248/1648/1532 2726/1650/1534 3518/1651/1535 3002/1649/1533
f 2726/1650/1534 247/1652/1536 2727/1653/1537 3518/1651/1535
f 3518/1651/1535 2727/1653/1537 510/1624/1508 2216/1622/1506
f 3002/1649/1533 3518/1651/1535 2216/1622/1506 509/1617/1501
f 247/1652/1536 2488/1654/1538 3519/1655/1539 2727/1653/1537
f 2488/1654/1538 46/1656/1540 2489/1657/1541 3519/1655/1539
f 3519/1655/1539 2489/1657/1541 223/1658/1542 2728/1659/1543
f 2727/1653/1537 3519/1655/1539 2728/1659/1543 510/1624/1508
f 510/1624/1508 2728/1659/1543 3520/1660/1544 2487/1625/1509
f 2728/1659/1543 223/1658/1542 2729/1661/1545 3520/1660/1544
f 3520/1660/1544 2729/1661/1545 224/1662/1546 3003/1663/1547
f 2487/1625/1509 3520/1660/1544 3003/1663/1547 513/1626/1510
f 513/1626/1510 3003/1663/1547 3521/1664/1548 1155/1635/1519
f 3003/1663/1547 224/1662/1546 3004/1665/1549 3521/1664/1548
f 3521/1664/1548 3004/1665/1549 225/1666/1550 1157/1667/1551
f 1155/1635/1519 3521/1664/1548 1157/1667/1551 516/1636/1520
f 516/1636/1520 1157/1667/1551 3522/1668/1552 3005/1669/1553
f 1157/1667/1551 225/1666/1550 3006/1670/1554 3522/1668/1552
f 3522/1668/1552 3006/1670/1554 40/1584/1468 2993/1582/1466
f 3005/1669/1553 3522/1668/1552 2993/1582/1466 208/1580/1464
f 515/1631/1515 1701/1637/1521 3523/1671/1555 1158/1672/1556
f 1701/1637/1521 516/1636/1520 3005/1669/1553 3523/1671/1555
f 3523/1671/1555 3005/1669/1553 208/1580/1464 2991/1578/1462
f 1158/1672/1556 3523/1671/1555 2991/1578/1462 209/1576/1460
f 514/1633/1517 1418/1632/1516 3524/1673/1557 1419/1674/1558
f 1418/1632/1516 515/1631/1515 1158/1672/1556 3524/1673/1557
f 3524/1673/1557 1158/1672/1556 209/1576/1460 1152/1574/1458
f 1419/1674/1558 3524/1673/1557 1152/1574/1458 210/1570/1454
f 238/1675/1559 2490/1676/1560 3525/1677/1561 2217/1678/1562
f 2490/1676/1560 514/1633/1517 1419/1674/1558 3525/1677/1561
f 3525/1677/1561 1419/1674/1558 210/1570/1454 2211/1567/1451
f 2217/1678/1562 3525/1677/1561 2211/1567/1451 37/1566/1450
f 239/1679/1563 2730/1680/1564 3526/1681/1565 2491/1682/1566
f 2730/1680/1564 511/1621/1505 2725/1629/1513 3526/1681/1565
f 3526/1681/1565 2725/1629/1513 514/1633/1517 2490/1676/1560
f 2491/1682/1566 3526/1681/1565 2490/1676/1560 238/1675/1559
f 240/1645/1529 3000/1644/1528 3527/1683/1567 2731/1684/1568
f 3000/1644/1528 508/1613/1497 1946/1616/1500 3527/1683/1567
f 3527/1683/1567 1946/1616/1500 511/1621/1505 2730/1680/1564
f 2731/1684/1568 3527/1683/1567 2730/1680/1564 239/1679/1563
f 517/1685/1569 2219/1686/1570 3528/1687/1571 2218/1688/1572
f 2219/1686/1570 518/1689/1573 2492/1690/1574 3528/1687/1571
f 3528/1687/1571 2492/1690/1574 521/1691/1575 3007/1692/1576
f 2218/1688/1572 3528/1687/1571 3007/1692/1576 520/1693/1577
f 518/1689/1573 2493/1694/1578 3529/1695/1579 2492/1690/1574
f 2493/1694/1578 519/1696/1580 2732/1697/1581 3529/1695/1579
f 3529/1695/1579 2732/1697/1581 522/1698/1582 1159/1699/1583
f 2492/1690/1574 3529/1695/1579 1159/1699/1583 521/1691/1575
f 520/1693/1577 3007/1692/1576 3530/1700/1584 3008/1701/1585
f 3007/1692/1576 521/1691/1575 1160/1702/1586 3530/1700/1584
f 3530/1700/1584 1160/1702/1586 524/1703/1587 1702/1704/1588
f 3008/1701/1585 3530/1700/1584 1702/1704/1588 523/1705/1589
f 521/1691/1575 1159/1699/1583 3531/1706/1590 1160/1702/1586
f 1159/1699/1583 522/1698/1582 1420/1707/1591 3531/1706/1590
f 3531/1706/1590 1420/1707/1591 525/1708/1592 1948/1709/1593
f 1160/1702/1586 3531/1706/1590 1948/1709/1593 524/1703/1587
f 46/1656/1540 2494/1710/1594 3532/1711/1595 2489/1657/1541
f 2494/1710/1594 246/1712/1596 2495/1713/1597 3532/1711/1595
f 3532/1711/1595 2495/1713/1597 517/1685/1569 2733/1714/1598
f 2489/1657/1541 3532/1711/1595 2733/1714/1598 223/1658/1542
f 246/1712/1596 2220/1715/1599 3533/1716/1600 2495/1713/1597
f 2220/1715/1599 245/1717/1601 2221/1718/1602 3533/1716/1600
f 3533/1716/1600 2221/1718/1602 518/1689/1573 2219/1686/1570
f 2495/1713/1597 3533/1716/1600 2219/1686/1570 517/1685/1569
f 245/1717/1601 1949/1719/1603 3534/1720/1604 2221/1718/1602
f 1949/1719/1603 244/1721/1605 1950/1722/1606 3534/1720/1604
f 3534/1720/1604 1950/1722/1606 519/1696/1580 2493/1694/1578
f 2221/1718/1602 3534/1720/1604 2493/1694/1578 518/1689/1573
f 244/1721/1605 2222/1723/1607 3535/1724/1608 1950/1722/1606
f 2222/1723/1607 45/376/308 2115/379/311 3535/1724/1608
f 3535/1724/1608 2115/379/311 234/383/315 1421/1725/1609
f 1950/1722/1606 3535/1724/1608 1421/1725/1609 519/1696/1580
f 519/1696/1580 1421/1725/1609 3536/1726/1610 2732/1697/1581
f 1421/1725/1609 234/383/315 1081/431/363 3536/1726/1610
f 3536/1726/1610 1081/431/363 233/426/358 1161/1727/1611
f 2732/1697/1581 3536/1726/1610 1161/1727/1611 522/1698/1582
f 522/1698/1582 1161/1727/1611 3537/1728/1612 1420/1707/1591
f 1161/1727/1611 233/426/358 2925/429/361 3537/1728/1612
f 3537/1728/1612 2925/429/361 232/420/352 3009/1729/1613
f 1420/1707/1591 3537/1728/1612 3009/1729/1613 525/1708/1592
f 525/1708/1592 3009/1729/1613 3538/1730/1614 1703/1731/1615
f 3009/1729/1613 232/420/352 1078/423/355 3538/1730/1614
f 3538/1730/1614 1078/423/355 41/425/357 1154/1598/1482
f 1703/1731/1615 3538/1730/1614 1154/1598/1482 211/1594/1478
f 524/1703/1587 1948/1709/1593 3539/1732/1616 1951/1733/1617
f 1948/1709/1593 525/1708/1592 1703/1731/1615 3539/1732/1616
f 3539/1732/1616 1703/1731/1615 211/1594/1478 1699/1593/1477
f 1951/1733/1617 3539/1732/1616 1699/1593/1477 212/1590/1474
f 523/1705/1589 1702/1704/1588 3540/1734/1618 2223/1735/1619
f 1702/1704/1588 524/1703/1587 1951/1733/1617 3540/1734/1618
f 3540/1734/1618 1951/1733/1617 212/1590/1474 1944/1589/1473
f 2223/1735/1619 3540/1734/1618 1944/1589/1473 213/1586/1470
f 225/1666/1550 1162/1736/1620 3541/1737/1621 3006/1670/1554
f 1162/1736/1620 523/1705/1589 2223/1735/1619 3541/1737/1621
f 3541/1737/1621 2223/1735/1619 213/1586/1470 2994/1585/1469
f 3006/1670/1554 3541/1737/1621 2994/1585/1469 40/1584/1468
f 224/1662/1546 3010/1738/1622 3542/1739/1623 3004/1665/1549
f 3010/1738/1622 520/1693/1577 3008/1701/1585 3542/1739/1623
f 3542/1739/1623 3008/1701/1585 523/1705/1589 1162/1736/1620
f 3004/1665/1549 3542/1739/1623 1162/1736/1620 225/1666/1550
f 223/1658/1542 2733/1714/1598 3543/1740/1624 2729/1661/1545
f 2733/1714/1598 517/1685/1569 2218/1688/1572 3543/1740/1624
f 3543/1740/1624 2218/1688/1572 520/1693/1577 3010/1738/1622
f 2729/1661/1545 3543/1740/1624 3010/1738/1622 224/1662/1546
f 526/1741/1625 2497/1742/1626 3544/1743/1627 2496/1744/1628
f 2497/1742/1626 527/1745/1629 2734/1746/1630 3544/1743/1627
f 3544/1743/1627 2734/1746/1630 530/1747/1631 1163/1748/1632
f 2496/1744/1628 3544/1743/1627 1163/1748/1632 529/1749/1633
f 527/1745/1629 2735/1750/1634 3545/1751/1635 2734/1746/1630
f 2735/1750/1634 528/1752/1636 3011/1753/1637 3545/1751/1635
f 3545/1751/1635 3011/1753/1637 531/1754/1638 1422/1755/1639
f 2734/1746/1630 3545/1751/1635 1422/1755/1639 530/1747/1631
f 529/1749/1633 1163/1748/1632 3546/1756/1640 1164/1757/1641
f 1163/1748/1632 530/1747/1631 1423/1758/1642 3546/1756/1640
f 3546/1756/1640 1423/1758/1642 533/1759/1643 1952/1760/1644
f 1164/1757/1641 3546/1756/1640 1952/1760/1644 532/1761/1645
f 530/1747/1631 1422/1755/1639 3547/1762/1646 1423/1758/1642
f 1422/1755/1639 531/1754/1638 1704/1763/1647 3547/1762/1646
f 3547/1762/1646 1704/1763/1647 534/1764/1648 2224/1765/1649
f 1423/1758/1642 3547/1762/1646 2224/1765/1649 533/1759/1643
f 43/394/326 1705/1766/1650 3548/1767/1651 1604/395/327
f 1705/1766/1650 243/1768/1652 1706/1769/1653 3548/1767/1651
f 3548/1767/1651 1706/1769/1653 526/1741/1625 1165/1770/1654
f 1604/395/327 3548/1767/1651 1165/1770/1654 217/396/328
f 243/1768/1652 1424/1771/1655 3549/1772/1656 1706/1769/1653
f 1424/1771/1655 242/1773/1657 1425/1774/1658 3549/1772/1656
f 3549/1772/1656 1425/1774/1658 527/1745/1629 2497/1742/1626
f 1706/1769/1653 3549/1772/1656 2497/1742/1626 526/1741/1625
f 242/1773/1657 1166/1775/1659 3550/1776/1660 1425/1774/1658
f 1166/1775/1659 241/1777/1661 1167/1778/1662 3550/1776/1660
f 3550/1776/1660 1167/1778/1662 528/1752/1636 2735/1750/1634
f 1425/1774/1658 3550/1776/1660 2735/1750/1634 527/1745/1629
f 241/1777/1661 3012/1779/1663 3551/1780/1664 1167/1778/1662
f 3012/1779/1663 48/1638/1522 2998/1641/1525 3551/1780/1664
f 3551/1780/1664 2998/1641/1525 240/1645/1529 3013/1781/1665
f 1167/1778/1662 3551/1780/1664 3013/1781/1665 528/1752/1636
f 528/1752/1636 3013/1781/1665 3552/1782/1666 3011/1753/1637
f 3013/1781/1665 240/1645/1529 2731/1684/1568 3552/1782/1666
f 3552/1782/1666 2731/1684/1568 239/1679/1563 2736/1783/1667
f 3011/1753/1637 3552/1782/1666 2736/1783/1667 531/1754/1638
f 531/1754/1638 2736/1783/1667 3553/1784/1668 1704/1763/1647
f 2736/1783/1667 239/1679/1563 2491/1682/1566 3553/1784/1668
f 3553/1784/1668 2491/1682/1566 238/1675/1559 2498/1785/1669
f 1704/1763/1647 3553/1784/1668 2498/1785/1669 534/1764/1648
f 534/1764/1648 2498/1785/1669 3554/1786/1670 2225/1787/1671
f 2498/1785/1669 238/1675/1559 2217/1678/1562 3554/1786/1670
f 3554/1786/1670 2217/1678/1562 37/1566/1450 2210/1569/1453
f 2225/1787/1671 3554/1786/1670 2210/1569/1453 205/1573/1457
f 533/1759/1643 2224/1765/1649 3555/1788/1672 2499/1789/1673
f 2224/1765/1649 534/1764/1648 2225/1787/1671 3555/1788/1672
f 3555/1788/1672 2225/1787/1671 205/1573/1457 2214/1612/1496
f 2499/1789/1673 3555/1788/1672 2214/1612/1496 206/1607/1491
f 532/1761/1645 1952/1760/1644 3556/1790/1674 2737/1791/1675
f 1952/1760/1644 533/1759/1643 2499/1789/1673 3556/1790/1674
f 3556/1790/1674 2499/1789/1673 206/1607/1491 2485/1610/1494
f 2737/1791/1675 3556/1790/1674 2485/1610/1494 207/1603/1487
f 219/404/336 1707/1792/1676 3557/1793/1677 2400/408/340
f 1707/1792/1676 532/1761/1645 2737/1791/1675 3557/1793/1677
f 3557/1793/1677 2737/1791/1675 207/1603/1487 2484/1606/1490
f 2400/408/340 3557/1793/1677 2484/1606/1490 38/409/341
f 218/400/332 1426/1794/1678 3558/1795/1679 1349/403/335
f 1426/1794/1678 529/1749/1633 1164/1757/1641 3558/1795/1679
f 3558/1795/1679 1164/1757/1641 532/1761/1645 1707/1792/1676
f 1349/403/335 3558/1795/1679 1707/1792/1676 219/404/336
f 217/396/328 1165/1770/1654 3559/1796/1680 1077/399/331
f 1165/1770/1654 526/1741/1625 2496/1744/1628 3559/1796/1680
f 3559/1796/1680 2496/1744/1628 529/1749/1633 1426/1794/1678
f 1077/399/331 3559/1796/1680 1426/1794/1678 218/400/332
f 828/1797/1681 1954/1798/1682 3560/1799/1683 1953/1800/1684
f 1954/1798/1682 829/1801/1685 2226/1802/1686 3560/1799/1683
f 3560/1799/1683 2226/1802/1686 861/1802/1687 1955/1803/1688
f 1953/1800/1684 3560/1799/1683 1955/1803/1688 860/1804/1689
f 803/1805/1690 1708/1806/1691 3561/1807/1692 1427/1808/1693
f 1708/1806/1691 787/1809/1694 2738/1810/1695 3561/1807/1692
f 3561/1807/1692 2738/1810/1695 543/1811/1696 2739/1812/1697
f 1427/1808/1693 3561/1807/1692 2739/1812/1697 570/1813/1698
f 842/1814/1699 2740/1815/1700 3562/1816/1701 1428/1817/1702
f 2740/1815/1700 839/1818/1703 2741/1819/1704 3562/1816/1701
f 3562/1816/1701 2741/1819/1704 871/1820/1705 2742/1821/1706
f 1428/1817/1702 3562/1816/1701 2742/1821/1706 874/1822/1707
f 792/1823/1708 3015/1824/1709 3563/1825/1710 3014/1826/1711
f 3015/1824/1709 816/1827/1712 1168/1828/1713 3563/1825/1710
f 3563/1825/1710 1168/1828/1713 537/1829/1714 1169/1830/1715
f 3014/1826/1711 3563/1825/1710 1169/1830/1715 858/1831/1716
f 840/1832/1717 3017/384/1718 3564/1833/1719 3016/1819/1720
f 3017/384/1718 841/1834/1721 1170/1835/1722 3564/1833/1719
f 3564/1833/1719 1170/1835/1722 873/1836/1723 3018/1837/1724
f 3016/1819/1720 3564/1833/1719 3018/1837/1724 872/1838/1725
f 255/1839/1726 2744/1840/1727 3565/1841/1728 2743/1839/1729
f 2744/1840/1727 855/1842/1730 2745/1843/1731 3565/1841/1728
f 3565/1841/1728 2745/1843/1731 916/1842/1732 1709/1840/1733
f 2743/1839/1729 3565/1841/1728 1709/1840/1733 915/1839/1734
f 237/1844/1735 2746/1845/1736 3566/1846/1737 2227/1847/1738
f 2746/1845/1736 231/1848/1739 2747/1848/1740 3566/1846/1737
f 3566/1846/1737 2747/1848/1740 926/1848/1741 2500/1845/1742
f 2227/1847/1738 3566/1846/1737 2500/1845/1742 927/1844/1743
f 869/1849/1744 3019/1850/1745 3567/1851/1746 2228/1849/1747
f 3019/1850/1745 856/1852/1748 3020/1842/1749 3567/1851/1746
f 3567/1851/1746 3020/1842/1749 914/1852/1750 1429/1850/1751
f 2228/1849/1747 3567/1851/1746 1429/1850/1751 906/1849/1752
f 253/1853/1753 2230/1854/1754 3568/1855/1755 2229/1839/1756
f 2230/1854/1754 237/1844/1735 2227/1847/1738 3568/1855/1755
f 3568/1855/1755 2227/1847/1738 927/1844/1743 1171/1854/1757
f 2229/1839/1756 3568/1855/1755 1171/1854/1757 921/1853/1758
f 545/1856/1759 1173/1857/1760 3569/1857/1761 1172/1856/1762
f 1173/1857/1760 882/1858/1763 1430/1859/1764 3569/1857/1761
f 3569/1857/1761 1430/1859/1764 890/1858/1765 1174/1857/1766
f 1172/1856/1762 3569/1857/1761 1174/1857/1766 889/1856/1767
f 855/1842/1730 2748/1860/1768 3570/1851/1769 2745/1843/1731
f 2748/1860/1768 870/1861/1770 2501/1849/1771 3570/1851/1769
f 3570/1851/1769 2501/1849/1771 913/1861/1772 1175/1860/1773
f 2745/1843/1731 3570/1851/1769 1175/1860/1773 916/1842/1732
f 552/1862/1774 3022/1863/1775 3571/1864/1776 3021/1865/1777
f 3022/1863/1775 860/1804/1689 1956/1804/1778 3571/1864/1776
f 3571/1864/1776 1956/1804/1778 910/1866/1779 2502/1863/1780
f 3021/1865/1777 3571/1864/1776 2502/1863/1780 939/1862/1781
f 256/1867/1782 3024/1845/1783 3572/1868/1784 3023/1867/1785
f 3024/1845/1783 535/1844/1786 2749/1869/1787 3572/1868/1784
f 3572/1868/1784 2749/1869/1787 931/1844/1788 1957/1845/1789
f 3023/1867/1785 3572/1868/1784 1957/1845/1789 924/1867/1790
f 544/1856/1791 3026/1870/1792 3573/1871/1793 3025/1872/1794
f 3026/1870/1792 560/1873/1795 3027/1813/1796 3573/1871/1793
f 3573/1871/1793 3027/1813/1796 941/1873/1797 3028/1870/1798
f 3025/1872/1794 3573/1871/1793 3028/1870/1798 888/1856/1799
f 881/1858/1800 3029/1874/1801 3574/1875/1802 1176/1876/1803
f 3029/1874/1801 544/1856/1791 3025/1872/1794 3574/1875/1802
f 3574/1875/1802 3025/1872/1794 888/1856/1799 2750/1874/1804
f 1176/1876/1803 3574/1875/1802 2750/1874/1804 887/1858/1805
f 870/1861/1770 1958/1877/1806 3575/1878/1807 2501/1849/1771
f 1958/1877/1806 868/1801/1808 1959/1801/1809 3575/1878/1807
f 3575/1878/1807 1959/1801/1809 907/1801/1810 1710/1877/1811
f 2501/1849/1771 3575/1878/1807 1710/1877/1811 913/1861/1772
f 874/1822/1707 2742/1821/1706 3576/1879/1812 1431/1880/1813
f 2742/1821/1706 871/1820/1705 2751/1881/1814 3576/1879/1812
f 3576/1879/1812 2751/1881/1814 883/1882/1815 1711/1883/1816
f 1431/1880/1813 3576/1879/1812 1711/1883/1816 930/1884/1817
f 546/1885/1818 1433/1886/1819 3577/1887/1820 1432/1888/1821
f 1433/1886/1819 553/1889/1822 1177/1890/1823 3577/1887/1820
f 3577/1887/1820 1177/1890/1823 940/1889/1824 1434/1886/1825
f 1432/1888/1821 3577/1887/1820 1434/1886/1825 898/1885/1826
f 851/1891/1827 1713/1892/1828 3578/1892/1829 1712/1893/1830
f 1713/1892/1828 872/1838/1725 3030/1820/1831 3578/1892/1829
f 3578/1892/1829 3030/1820/1831 886/1882/1832 2231/1892/1833
f 1712/1893/1830 3578/1892/1829 2231/1892/1833 885/1891/1834
f 861/1802/1687 2233/1877/1835 3579/1878/1836 2232/1801/1837
f 2233/1877/1835 863/1861/1838 2752/1894/1839 3579/1878/1836
f 3579/1878/1836 2752/1894/1839 901/1861/1840 2234/1877/1841
f 2232/1801/1837 3579/1878/1836 2234/1877/1841 911/1801/1842
f 871/1820/1705 1960/1895/1843 3580/1896/1844 2751/1881/1814
f 1960/1895/1843 852/1891/1845 1961/1891/1846 3580/1896/1844
f 3580/1896/1844 1961/1891/1846 884/1891/1847 1714/1895/1848
f 2751/1881/1814 3580/1896/1844 1714/1895/1848 883/1882/1815
f 835/1648/1849 1716/1897/1850 3581/1898/1851 1715/1899/1852
f 1716/1897/1850 837/1900/1853 2235/1901/1854 3581/1898/1851
f 3581/1898/1851 2235/1901/1854 869/1849/1744 1717/1902/1855
f 1715/1899/1852 3581/1898/1851 1717/1902/1855 867/1903/1856
f 824/1847/1857 2236/1904/1858 3582/1905/1859 1718/1847/1860
f 2236/1904/1858 821/1906/1861 2753/1907/1862 3582/1905/1859
f 3582/1905/1859 2753/1907/1862 255/1839/1726 1719/1908/1863
f 1718/1847/1860 3582/1905/1859 1719/1908/1863 235/1847/1864
f 810/1909/1865 1435/1910/1866 3583/1911/1867 3031/1912/1868
f 1435/1910/1866 811/1913/1869 2754/1914/1870 3583/1911/1867
f 3583/1911/1867 2754/1914/1870 559/1915/1871 2755/1916/1872
f 3031/1912/1868 3583/1911/1867 2755/1916/1872 560/1873/1795
f 834/1917/1681 1437/1918/1873 3584/1919/1874 1436/1920/1875
f 1437/1918/1873 835/1648/1849 1715/1899/1852 3584/1919/1874
f 3584/1919/1874 1715/1899/1852 867/1903/1856 1438/1921/1876
f 1436/1920/1875 3584/1919/1874 1438/1921/1876 866/1920/1877
f 808/1922/1878 2503/1923/1879 3585/1924/1880 1439/1925/1881
f 2503/1923/1879 806/1926/1882 1962/1927/1883 3585/1924/1880
f 3585/1924/1880 1962/1927/1883 564/1928/1884 1440/1929/1885
f 1439/1925/1881 3585/1924/1880 1440/1929/1885 562/1889/1886
f 832/1930/1887 2504/1931/1888 3586/1878/1889 3032/1932/1890
f 2504/1931/1888 830/1933/1891 2505/1934/1892 3586/1878/1889
f 3586/1878/1889 2505/1934/1892 862/1933/1893 2506/1931/1894
f 3032/1932/1890 3586/1878/1889 2506/1931/1894 864/1930/1895
f 805/1935/1896 2237/1936/1897 3587/1937/1898 3033/1938/1899
f 2237/1936/1897 807/1939/1900 1720/1940/1901 3587/1937/1898
f 3587/1937/1898 1720/1940/1901 563/1941/1902 1721/1942/1903
f 3033/1938/1899 3587/1937/1898 1721/1942/1903 568/1943/1904
f 817/1944/1905 1178/1945/1906 3588/1946/1907 3034/1947/1908
f 1178/1945/1906 819/1867/1909 1441/1867/1910 3588/1946/1907
f 3588/1946/1907 1441/1867/1910 258/1867/1911 1442/1948/1912
f 3034/1947/1908 3588/1946/1907 1442/1948/1912 536/1869/1913
f 829/1801/1685 2238/1877/1914 3589/1878/1915 2226/1802/1686
f 2238/1877/1914 831/1861/1916 2756/1861/1917 3589/1878/1915
f 3589/1878/1915 2756/1861/1917 863/1861/1838 2233/1877/1835
f 2226/1802/1686 3589/1878/1915 2233/1877/1835 861/1802/1687
f 846/1949/1918 2508/1950/1919 3590/1951/1920 2507/1820/1921
f 2508/1950/1919 847/1836/1922 2757/1822/1923 3590/1951/1920
f 3590/1951/1920 2757/1822/1923 879/1952/1924 2509/1950/1925
f 2507/1820/1921 3590/1951/1920 2509/1950/1925 878/1882/1926
f 806/1926/1882 1722/1953/1927 3591/1954/1928 1962/1927/1883
f 1722/1953/1927 803/1805/1690 1427/1808/1693 3591/1954/1928
f 3591/1954/1928 1427/1808/1693 570/1813/1698 1963/1955/1929
f 1962/1927/1883 3591/1954/1928 1963/1955/1929 564/1928/1884
f 818/1956/1930 2759/1957/1931 3592/1958/1932 2758/1947/1933
f 2759/1957/1931 815/1853/1934 2239/1959/1935 3592/1958/1932
f 3592/1958/1932 2239/1959/1935 541/1829/1936 2760/1908/1937
f 2758/1947/1933 3592/1958/1932 2760/1908/1937 535/1844/1786
f 830/1933/1891 1723/1960/1938 3593/1961/1939 2505/1934/1892
f 1723/1960/1938 827/1962/1940 1724/1963/1941 3593/1961/1939
f 3593/1961/1939 1724/1963/1941 859/1964/1942 1725/1960/1943
f 2505/1934/1892 3593/1961/1939 1725/1960/1943 862/1933/1893
f 844/1965/1944 1443/1966/1945 3594/1967/1946 1964/1968/1947
f 1443/1966/1945 842/1814/1699 1428/1817/1702 3594/1967/1946
f 3594/1967/1946 1428/1817/1702 874/1822/1707 1444/1969/1948
f 1964/1968/1947 3594/1967/1946 1444/1969/1948 876/1970/1949
f 804/1971/1950 1965/1972/1951 3595/1911/1952 1179/1973/1953
f 1965/1972/1951 805/1935/1896 3033/1938/1899 3595/1911/1952
f 3595/1911/1952 3033/1938/1899 568/1943/1904 3035/1974/1954
f 1179/1973/1953 3595/1911/1952 3035/1974/1954 569/1813/1955
f 816/1827/1712 3036/1975/1956 3596/1976/1957 1168/1828/1713
f 3036/1975/1956 817/1944/1905 3034/1947/1908 3596/1976/1957
f 3596/1976/1957 3034/1947/1908 536/1869/1913 3037/1977/1958
f 1168/1828/1713 3596/1976/1957 3037/1977/1958 537/1829/1714
f 841/1834/1721 1180/1978/1959 3597/1979/1960 1170/1835/1722
f 1180/1978/1959 843/1965/1961 1726/1980/1962 3597/1979/1960
f 3597/1979/1960 1726/1980/1962 875/1970/1963 1181/1981/1964
f 1170/1835/1722 3597/1979/1960 1181/1981/1964 873/1836/1723
f 815/1853/1934 2761/1982/1965 3598/1983/1966 2239/1959/1935
f 2761/1982/1965 791/1984/1967 2762/1984/1968 3598/1983/1966
f 3598/1983/1966 2762/1984/1968 857/1985/1969 2240/1830/1970
f 2239/1959/1935 3598/1983/1966 2240/1830/1970 541/1829/1936
f 788/1986/1971 1966/1987/1972 3599/1988/1973 2510/1989/1974
f 1966/1987/1972 804/1971/1950 1179/1973/1953 3599/1988/1973
f 3599/1988/1973 1179/1973/1953 569/1813/1955 2511/1990/1975
f 2510/1989/1974 3599/1988/1973 2511/1990/1975 542/1991/1976
f 839/1818/1703 2512/1992/1977 3600/1993/1978 2741/1819/1704
f 2512/1992/1977 798/1994/1979 2513/1995/1980 3600/1993/1978
f 3600/1993/1978 2513/1995/1980 852/1891/1845 1960/1895/1843
f 2741/1819/1704 3600/1993/1978 1960/1895/1843 871/1820/1705
f 563/1941/1902 3038/1996/1981 3601/1997/1982 1727/1941/1983
f 3038/1996/1981 552/1862/1774 3021/1865/1777 3601/1997/1982
f 3601/1997/1982 3021/1865/1777 939/1862/1781 1445/1996/1984
f 1727/1941/1983 3601/1997/1982 1445/1996/1984 938/1998/1985
f 864/1930/1895 2506/1931/1894 3602/1878/1986 3039/1932/1987
f 2506/1931/1894 862/1933/1893 2514/1934/1988 3602/1878/1986
f 3602/1878/1986 2514/1934/1988 908/1933/1989 3040/1931/1990
f 3039/1932/1987 3602/1878/1986 3040/1931/1990 904/1930/1991
f 859/1964/1942 2763/1999/1992 3603/2000/1993 1728/1963/1994
f 2763/1999/1992 551/1885/1995 2764/1885/1996 3603/2000/1993
f 3603/2000/1993 2764/1885/1996 929/1885/1997 2241/1999/1998
f 1728/1963/1994 3603/2000/1993 2241/1999/1998 909/1964/1999
f 876/1970/1949 1444/1969/1948 3604/2001/2000 1967/1970/2001
f 1444/1969/1948 874/1822/1707 1431/1880/1813 3604/2001/2000
f 3604/2001/2000 1431/1880/1813 930/1884/1817 2765/2002/2002
f 1967/1970/2001 3604/2001/2000 2765/2002/2002 895/2003/2003
f 541/1829/1936 2240/1830/1970 3605/1983/2004 2242/2004/2005
f 2240/1830/1970 857/1985/1969 1182/1984/2006 3605/1983/2004
f 3605/1983/2004 1182/1984/2006 903/1985/2007 2766/1830/2008
f 2242/2004/2005 3605/1983/2004 2766/1830/2008 912/2005/2009
f 258/1867/1911 1447/2006/2010 3606/2007/2011 1446/1848/2012
f 1447/2006/2010 851/1891/1827 1712/1893/1830 3606/2007/2011
f 3606/2007/2011 1712/1893/1830 885/1891/1834 2243/2006/2013
f 1446/1848/2012 3606/2007/2011 2243/2006/2013 928/1867/2014
f 880/2008/2015 2244/1950/2016 3607/1950/2017 3041/1836/2018
f 2244/1950/2016 877/1882/2019 2245/1820/2020 3607/1950/2017
f 3607/1950/2017 2245/1820/2020 919/1882/2021 1729/1950/2022
f 3041/1836/2018 3607/1950/2017 1729/1950/2022 891/2008/2023
f 543/1811/1696 2768/2009/2024 3608/2010/2025 2767/1856/2026
f 2768/2009/2024 876/1970/1949 1967/1970/2001 3608/2010/2025
f 3608/2010/2025 1967/1970/2001 895/2003/2003 2769/2009/2027
f 2767/1856/2026 3608/2010/2025 2769/2009/2027 934/2011/2028
f 231/1848/1739 2770/2012/2029 3609/2007/2030 2747/1848/1740
f 2770/2012/2029 853/1891/2031 2246/1893/2032 3609/2007/2030
f 3609/2007/2030 2246/1893/2032 923/1891/2033 1730/2012/2034
f 2747/1848/1740 3609/2007/2030 1730/2012/2034 926/1848/1741
f 542/1991/1976 2511/1990/1975 3610/1871/2035 2515/1872/2036
f 2511/1990/1975 569/1813/1955 1183/2013/2037 3610/1871/2035
f 3610/1871/2035 1183/2013/2037 937/1813/2038 2516/2014/2039
f 2515/1872/2036 3610/1871/2035 2516/2014/2039 918/1856/2040
f 853/1891/2031 2247/1892/2041 3611/1892/2042 2246/1893/2032
f 2247/1892/2041 878/1882/1926 2517/1820/2043 3611/1892/2042
f 3611/1892/2042 2517/1820/2043 893/1882/2044 2248/1892/2045
f 2246/1893/2032 3611/1892/2042 2248/1892/2045 923/1891/2033
f 535/1844/1786 2760/1908/1937 3612/2015/2046 2749/1869/1787
f 2760/1908/1937 541/1829/1936 2242/2004/2005 3612/2015/2046
f 3612/2015/2046 2242/2004/2005 912/2005/2009 3042/1854/2047
f 2749/1869/1787 3612/2015/2046 3042/1854/2047 931/1844/1788
f 560/1873/1795 2755/1916/1872 3613/2016/2048 3027/1813/1796
f 2755/1916/1872 559/1915/1871 2771/2017/2049 3613/2016/2048
f 3613/2016/2048 2771/2017/2049 943/1943/2050 2249/2018/2051
f 3027/1813/1796 3613/2016/2048 2249/2018/2051 941/1873/1797
f 862/1933/1893 1725/1960/1943 3614/1961/2052 2514/1934/1988
f 1725/1960/1943 859/1964/1942 1728/1963/1994 3614/1961/2052
f 3614/1961/2052 1728/1963/1994 909/1964/1999 1968/1960/2053
f 2514/1934/1988 3614/1961/2052 1968/1960/2053 908/1933/1989
f 554/1889/2054 2518/2019/2055 3615/2020/2056 1448/2021/2057
f 2518/2019/2055 550/1885/2058 2519/1888/2059 3615/2020/2056
f 3615/2020/2056 2519/1888/2059 899/1885/2060 1731/2019/2061
f 1448/2021/2057 3615/2020/2056 1731/2019/2061 936/1889/2062
f 555/1943/2063 1733/2022/2064 3616/2022/2065 1732/2017/2066
f 1733/2022/2064 561/1873/2067 1184/2023/2068 3616/2022/2065
f 3616/2022/2065 1184/2023/2068 935/1873/2069 2772/2022/2070
f 1732/2017/2066 3616/2022/2065 2772/2022/2070 944/1943/2071
f 823/1844/1857 2773/2024/2072 3617/1846/2073 2250/1847/2074
f 2773/2024/2072 825/1848/2075 2774/1848/2076 3617/1846/2073
f 3617/1846/2073 2774/1848/2076 231/1848/1739 2746/1845/1736
f 2250/1847/2074 3617/1846/2073 2746/1845/1736 237/1844/1735
f 812/1913/2077 1185/2025/2078 3618/2026/2079 1734/1914/2080
f 1185/2025/2078 809/2027/2081 1186/2027/2082 3618/2026/2079
f 3618/2026/2079 1186/2027/2082 561/1873/2067 1733/2022/2064
f 1734/1914/2080 3618/2026/2079 1733/2022/2064 555/1943/2063
f 836/1648/2083 1187/2028/2084 3619/2029/2085 1969/1899/2086
f 1187/2028/2084 833/2030/2087 1188/2031/2088 3619/2029/2085
f 3619/2029/2085 1188/2031/2088 865/1963/2089 1189/2032/2090
f 1969/1899/2086 3619/2029/2085 1189/2032/2090 868/1801/1808
f 822/1853/2091 2520/1854/2092 3620/1855/2093 2251/1839/2094
f 2520/1854/2092 823/1844/1857 2250/1847/2074 3620/1855/2093
f 3620/1855/2093 2250/1847/2074 237/1844/1735 2230/1854/1754
f 2251/1839/2094 3620/1855/2093 2230/1854/1754 253/1853/1753
f 847/1836/1922 2775/2033/2095 3621/2034/2096 2757/1822/1923
f 2775/2033/2095 849/2035/2097 1190/2036/2098 3621/2034/2096
f 3621/2034/2096 1190/2036/2098 881/1858/1800 2776/2037/2099
f 2757/1822/1923 3621/2034/2096 2776/2037/2099 879/1952/1924
f 820/2038/2100 1449/2039/2101 3622/2040/2102 3043/2041/2103
f 1449/2039/2101 818/1956/1930 2758/1947/1933 3622/2040/2102
f 3622/2040/2102 2758/1947/1933 535/1844/1786 3024/1845/1783
f 3043/2041/2103 3622/2040/2102 3024/1845/1783 256/1867/1782
f 848/2042/1922 2252/2043/2104 3623/2044/2105 3044/2045/2106
f 2252/2043/2104 845/1818/2107 2253/1819/2108 3623/2044/2105
f 3623/2044/2105 2253/1819/2108 877/1882/2019 2244/1950/2016
f 3044/2045/2106 3623/2044/2105 2244/1950/2016 880/2008/2015
f 571/2046/2109 1736/2047/2110 3624/2048/2111 1735/2049/2112
f 1736/2047/2110 572/2050/2113 1970/2051/2114 3624/2048/2111
f 3624/2048/2111 1970/2051/2114 575/2052/2115 2521/2053/2116
f 1735/2049/2112 3624/2048/2111 2521/2053/2116 574/2054/2117
f 572/2050/2113 1971/2055/2118 3625/2056/2119 1970/2051/2114
f 1971/2055/2118 573/2057/2120 2254/2058/2121 3625/2056/2119
f 3625/2056/2119 2254/2058/2121 576/2059/2122 2777/2060/2123
f 1970/2051/2114 3625/2056/2119 2777/2060/2123 575/2052/2115
f 574/2054/2117 2521/2053/2116 3626/2061/2124 2522/2062/2125
f 2521/2053/2116 575/2052/2115 2778/2063/2126 3626/2061/2124
f 3626/2061/2124 2778/2063/2126 578/2064/2127 1191/2065/2128
f 2522/2062/2125 3626/2061/2124 1191/2065/2128 577/2066/2129
f 575/2052/2115 2777/2060/2123 3627/2067/2130 2778/2063/2126
f 2777/2060/2123 576/2059/2122 3045/2068/2131 3627/2067/2130
f 3627/2067/2130 3045/2068/2131 579/2069/2132 1450/2070/2133
f 2778/2063/2126 3627/2067/2130 1450/2070/2133 578/2064/2127
f 7/2071/2134 2780/2072/2135 3628/2073/2136 2779/2074/2137
f 2780/2072/2135 192/2075/2138 3046/2076/2139 3628/2073/2136
f 3628/2073/2136 3046/2076/2139 571/2046/2109 2523/2077/2140
f 2779/2074/2137 3628/2073/2136 2523/2077/2140 222/2078/2141
f 192/2075/2138 2781/2079/2142 3629/2080/2143 3046/2076/2139
f 2781/2079/2142 191/2081/2144 2782/2082/2145 3629/2080/2143
f 3629/2080/2143 2782/2082/2145 572/2050/2113 1736/2047/2110
f 3046/2076/2139 3629/2080/2143 1736/2047/2110 571/2046/2109
f 191/2081/2144 2524/2083/2146 3630/2084/2147 2782/2082/2145
f 2524/2083/2146 190/2085/2148 2525/2086/2149 3630/2084/2147
f 3630/2084/2147 2525/2086/2149 573/2057/2120 1971/2055/2118
f 2782/2082/2145 3630/2084/2147 1971/2055/2118 572/2050/2113
f 190/2085/2148 1192/2087/2150 3631/2088/2151 2525/2086/2149
f 1192/2087/2150 1/2089/2152 1193/2090/2153 3631/2088/2151
f 3631/2088/2151 1193/2090/2153 259/2091/2154 1737/2092/2155
f 2525/2086/2149 3631/2088/2151 1737/2092/2155 573/2057/2120
f 573/2057/2120 1737/2092/2155 3632/2093/2156 2254/2058/2121
f 1737/2092/2155 259/2091/2154 1738/2094/2157 3632/2093/2156
f 3632/2093/2156 1738/2094/2157 260/2095/2158 1972/2096/2159
f 2254/2058/2121 3632/2093/2156 1972/2096/2159 576/2059/2122
f 576/2059/2122 1972/2096/2159 3633/2097/2160 3045/2068/2131
f 1972/2096/2159 260/2095/2158 1973/2098/2161 3633/2097/2160
f 3633/2097/2160 1973/2098/2161 261/2099/2162 2255/2100/2163
f 3045/2068/2131 3633/2097/2160 2255/2100/2163 579/2069/2132
f 579/2069/2132 2255/2100/2163 3634/2101/2164 1194/2102/2165
f 2255/2100/2163 261/2099/2162 1974/2103/2166 3634/2101/2164
f 3634/2101/2164 1974/2103/2166 52/2104/2167 1975/2105/2168
f 1194/2102/2165 3634/2101/2164 1975/2105/2168 265/390/2169
f 578/2064/2127 1450/2070/2133 3635/2106/2170 1451/2107/2171
f 1450/2070/2133 579/2069/2132 1194/2102/2165 3635/2106/2170
f 3635/2106/2170 1194/2102/2165 265/390/2169 1195/1966/2172
f 1451/2107/2171 3635/2106/2170 1195/1966/2172 266/2108/2173
f 577/2066/2129 1191/2065/2128 3636/2109/2174 1739/2110/2175
f 1191/2065/2128 578/2064/2127 1451/2107/2171 3636/2109/2174
f 3636/2109/2174 1451/2107/2171 266/2108/2173 1452/384/2176
f 1739/2110/2175 3636/2109/2174 1452/384/2176 267/2111/2177
f 220/2112/2178 1976/2113/2179 3637/2114/2180 1196/2115/2181
f 1976/2113/2179 577/2066/2129 1739/2110/2175 3637/2114/2180
f 3637/2114/2180 1739/2110/2175 267/2111/2177 1197/2116/2182
f 1196/2115/2181 3637/2114/2180 1197/2116/2182 49/2117/2183
f 221/2118/2184 2256/2119/2185 3638/2120/2186 1977/2121/2187
f 2256/2119/2185 574/2054/2117 2522/2062/2125 3638/2120/2186
f 3638/2120/2186 2522/2062/2125 577/2066/2129 1976/2113/2179
f 1977/2121/2187 3638/2120/2186 1976/2113/2179 220/2112/2178
f 222/2078/2141 2523/2077/2140 3639/2122/2188 2257/2123/2189
f 2523/2077/2140 571/2046/2109 1735/2049/2112 3639/2122/2188
f 3639/2122/2188 1735/2049/2112 574/2054/2117 2256/2119/2185
f 2257/2123/2189 3639/2122/2188 2256/2119/2185 221/2118/2184
f 580/2124/2190 1979/2125/2191 3640/2126/2192 1978/2127/2193
f 1979/2125/2191 581/2128/2194 2258/2129/2195 3640/2126/2192
f 3640/2126/2192 2258/2129/2195 584/2130/2196 2783/2131/2197
f 1978/2127/2193 3640/2126/2192 2783/2131/2197 583/2132/2198
f 581/2128/2194 2259/2133/2199 3641/2134/2200 2258/2129/2195
f 2259/2133/2199 582/2135/2201 2526/2136/2202 3641/2134/2200
f 3641/2134/2200 2526/2136/2202 585/2137/2203 3047/2138/2204
f 2258/2129/2195 3641/2134/2200 3047/2138/2204 584/2130/2196
f 583/2132/2198 2783/2131/2197 3642/2139/2205 2784/2140/2206
f 2783/2131/2197 584/2130/2196 3048/2141/2207 3642/2139/2205
f 3642/2139/2205 3048/2141/2207 587/2142/2208 1453/2143/2209
f 2784/2140/2206 3642/2139/2205 1453/2143/2209 586/2144/2210
f 584/2130/2196 3047/2138/2204 3643/2145/2211 3048/2141/2207
f 3047/2138/2204 585/2137/2203 1198/2146/2212 3643/2145/2211
f 3643/2145/2211 1198/2146/2212 588/2147/2213 1740/2148/2214
f 3048/2141/2207 3643/2145/2211 1740/2148/2214 587/2142/2208
f 4/2149/2215 1981/2150/2216 3644/2151/2217 1980/2152/2218
f 1981/2150/2216 186/2153/2219 1454/2154/2220 3644/2151/2217
f 3644/2151/2217 1454/2154/2220 580/2124/2190 1982/2155/2221
f 1980/2152/2218 3644/2151/2217 1982/2155/2221 228/2156/2222
f 186/2153/2219 1199/2157/2223 3645/2158/2224 1454/2154/2220
f 1199/2157/2223 185/2159/2225 1200/2160/2226 3645/2158/2224
f 3645/2158/2224 1200/2160/2226 581/2128/2194 1979/2125/2191
f 1454/2154/2220 3645/2158/2224 1979/2125/2191 580/2124/2190
f 185/2159/2225 3049/2161/2227 3646/2162/2228 1200/2160/2226
f 3049/2161/2227 184/2163/2229 3050/2164/2230 3646/2162/2228
f 3646/2162/2228 3050/2164/2230 582/2135/2201 2259/2133/2199
f 1200/2160/2226 3646/2162/2228 2259/2133/2199 581/2128/2194
f 184/2163/2229 1455/2165/2231 3647/2166/2232 3050/2164/2230
f 1455/2165/2231 10/2167/2233 1456/2168/2234 3647/2166/2232
f 3647/2166/2232 1456/2168/2234 262/2169/2235 2527/2170/2236
f 3050/2164/2230 3647/2166/2232 2527/2170/2236 582/2135/2201
f 582/2135/2201 2527/2170/2236 3648/2171/2237 2526/2136/2202
f 2527/2170/2236 262/2169/2235 2528/2172/2238 3648/2171/2237
f 3648/2171/2237 2528/2172/2238 263/2173/2239 2785/2174/2240
f 2526/2136/2202 3648/2171/2237 2785/2174/2240 585/2137/2203
f 585/2137/2203 2785/2174/2240 3649/2175/2241 1198/2146/2212
f 2785/2174/2240 263/2173/2239 2786/2176/2242 3649/2175/2241
f 3649/2175/2241 2786/2176/2242 264/2177/2243 3051/2178/2244
f 1198/2146/2212 3649/2175/2241 3051/2178/2244 588/2147/2213
f 588/2147/2213 3051/2178/2244 3650/2179/2245 1983/2180/2246
f 3051/2178/2244 264/2177/2243 2529/2181/2247 3650/2179/2245
f 3650/2179/2245 2529/2181/2247 54/2182/2248 2530/2183/2249
f 1983/2180/2246 3650/2179/2245 2530/2183/2249 268/2184/2250
f 587/2142/2208 1740/2148/2214 3651/2185/2251 2260/2186/2252
f 1740/2148/2214 588/2147/2213 1983/2180/2246 3651/2185/2251
f 3651/2185/2251 1983/2180/2246 268/2184/2250 1984/2187/2253
f 2260/2186/2252 3651/2185/2251 1984/2187/2253 269/2188/2254
f 586/2144/2210 1453/2143/2209 3652/2189/2255 2531/2190/2256
f 1453/2143/2209 587/2142/2208 2260/2186/2252 3652/2189/2255
f 3652/2189/2255 2260/2186/2252 269/2188/2254 2261/2191/2257
f 2531/2190/2256 3652/2189/2255 2261/2191/2257 270/1642/2258
f 226/2192/2259 1457/2193/2260 3653/2194/2261 1741/2195/2262
f 1457/2193/2260 586/2144/2210 2531/2190/2256 3653/2194/2261
f 3653/2194/2261 2531/2190/2256 270/1642/2258 1742/2196/2263
f 1741/2195/2262 3653/2194/2261 1742/2196/2263 51/2197/2264
f 227/2198/2265 1743/2199/2266 3654/2200/2267 1458/2201/2268
f 1743/2199/2266 583/2132/2198 2784/2140/2206 3654/2200/2267
f 3654/2200/2267 2784/2140/2206 586/2144/2210 1457/2193/2260
f 1458/2201/2268 3654/2200/2267 1457/2193/2260 226/2192/2259
f 228/2156/2222 1982/2155/2221 3655/2202/2269 1744/2203/2270
f 1982/2155/2221 580/2124/2190 1978/2127/2193 3655/2202/2269
f 3655/2202/2269 1978/2127/2193 583/2132/2198 1743/2199/2266
f 1744/2203/2270 3655/2202/2269 1743/2199/2266 227/2198/2265
f 589/2204/2271 2263/2205/2272 3656/2206/2273 2262/2207/2274
f 2263/2205/2272 590/2208/2275 2532/2209/2276 3656/2206/2273
f 3656/2206/2273 2532/2209/2276 593/2210/2277 3052/2211/2278
f 2262/2207/2274 3656/2206/2273 3052/2211/2278 592/2212/2279
f 590/2208/2275 2533/2213/2280 3657/2214/2281 2532/2209/2276
f 2533/2213/2280 591/2215/2282 2787/2216/2283 3657/2214/2281
f 3657/2214/2281 2787/2216/2283 594/2217/2284 1201/2218/2285
f 2532/2209/2276 3657/2214/2281 1201/2218/2285 593/2210/2277
f 592/2212/2279 3052/2211/2278 3658/2219/2286 3053/2220/2287
f 3052/2211/2278 593/2210/2277 1202/2221/2288 3658/2219/2286
f 3658/2219/2286 1202/2221/2288 596/2222/2289 1745/2223/2290
f 3053/2220/2287 3658/2219/2286 1745/2223/2290 595/2224/2291
f 593/2210/2277 1201/2218/2285 3659/2225/2292 1202/2221/2288
f 1201/2218/2285 594/2217/2284 1459/2226/2293 3659/2225/2292
f 3659/2225/2292 1459/2226/2293 597/2227/2294 1985/2228/2295
f 1202/2221/2288 3659/2225/2292 1985/2228/2295 596/2222/2289
f 10/2167/2233 1460/2229/2296 3660/2230/2297 1456/2168/2234
f 1460/2229/2296 189/2231/2298 2264/2232/2299 3660/2230/2297
f 3660/2230/2297 2264/2232/2299 589/2204/2271 2534/2233/2300
f 1456/2168/2234 3660/2230/2297 2534/2233/2300 262/2169/2235
f 189/2231/2298 1986/2234/2301 3661/2235/2302 2264/2232/2299
f 1986/2234/2301 188/2236/2303 1987/2237/2304 3661/2235/2302
f 3661/2235/2302 1987/2237/2304 590/2208/2275 2263/2205/2272
f 2264/2232/2299 3661/2235/2302 2263/2205/2272 589/2204/2271
f 188/2236/2303 1746/2238/2305 3662/2239/2306 1987/2237/2304
f 1746/2238/2305 187/2240/2307 1747/2241/2308 3662/2239/2306
f 3662/2239/2306 1747/2241/2308 591/2215/2282 2533/2213/2280
f 1987/2237/2304 3662/2239/2306 2533/2213/2280 590/2208/2275
f 187/2240/2307 2788/2242/2309 3663/2243/2310 1747/2241/2308
f 2788/2242/2309 7/2071/2134 2779/2074/2137 3663/2243/2310
f 3663/2243/2310 2779/2074/2137 222/2078/2141 2535/2244/2311
f 1747/2241/2308 3663/2243/2310 2535/2244/2311 591/2215/2282
f 591/2215/2282 2535/2244/2311 3664/2245/2312 2787/2216/2283
f 2535/2244/2311 222/2078/2141 2257/2123/2189 3664/2245/2312
f 3664/2245/2312 2257/2123/2189 221/2118/2184 2265/2246/2313
f 2787/2216/2283 3664/2245/2312 2265/2246/2313 594/2217/2284
f 594/2217/2284 2265/2246/2313 3665/2247/2314 1459/2226/2293
f 2265/2246/2313 221/2118/2184 1977/2121/2187 3665/2247/2314
f 3665/2247/2314 1977/2121/2187 220/2112/2178 1988/2248/2315
f 1459/2226/2293 3665/2247/2314 1988/2248/2315 597/2227/2294
f 597/2227/2294 1988/2248/2315 3666/2249/2316 2789/2250/2317
f 1988/2248/2315 220/2112/2178 1196/2115/2181 3666/2249/2316
f 3666/2249/2316 1196/2115/2181 49/2117/2183 1203/2251/2318
f 2789/2250/2317 3666/2249/2316 1203/2251/2318 271/2252/2319
f 596/2222/2289 1985/2228/2295 3667/2253/2320 3054/2254/2321
f 1985/2228/2295 597/2227/2294 2789/2250/2317 3667/2253/2320
f 3667/2253/2320 2789/2250/2317 271/2252/2319 2790/2255/2322
f 3054/2254/2321 3667/2253/2320 2790/2255/2322 272/2256/2323
f 595/2224/2291 1745/2223/2290 3668/2257/2324 1204/2258/2325
f 1745/2223/2290 596/2222/2289 3054/2254/2321 3668/2257/2324
f 3668/2257/2324 3054/2254/2321 272/2256/2323 3055/2259/2326
f 1204/2258/2325 3668/2257/2324 3055/2259/2326 273/2260/2327
f 264/2177/2243 3056/2261/2328 3669/2262/2329 2529/2181/2247
f 3056/2261/2328 595/2224/2291 1204/2258/2325 3669/2262/2329
f 3669/2262/2329 1204/2258/2325 273/2260/2327 2536/1824/2330
f 2529/2181/2247 3669/2262/2329 2536/1824/2330 54/2182/2248
f 263/2173/2239 2791/2263/2331 3670/2264/2332 2786/2176/2242
f 2791/2263/2331 592/2212/2279 3053/2220/2287 3670/2264/2332
f 3670/2264/2332 3053/2220/2287 595/2224/2291 3056/2261/2328
f 2786/2176/2242 3670/2264/2332 3056/2261/2328 264/2177/2243
f 262/2169/2235 2534/2233/2300 3671/2265/2333 2528/2172/2238
f 2534/2233/2300 589/2204/2271 2262/2207/2274 3671/2265/2333
f 3671/2265/2333 2262/2207/2274 592/2212/2279 2791/2263/2331
f 2528/2172/2238 3671/2265/2333 2791/2263/2331 263/2173/2239
f 598/2266/2334 2538/2267/2335 3672/2268/2336 2537/2269/2337
f 2538/2267/2335 599/2270/2338 2792/2271/2339 3672/2268/2336
f 3672/2268/2336 2792/2271/2339 602/2272/2340 1205/2273/2341
f 2537/2269/2337 3672/2268/2336 1205/2273/2341 601/2274/2342
f 599/2270/2338 2793/2275/2343 3673/2276/2344 2792/2271/2339
f 2793/2275/2343 600/2277/2345 3057/2278/2346 3673/2276/2344
f 3673/2276/2344 3057/2278/2346 603/2279/2347 1461/2280/2348
f 2792/2271/2339 3673/2276/2344 1461/2280/2348 602/2272/2340
f 601/2274/2342 1205/2273/2341 3674/2281/2349 1206/2282/2350
f 1205/2273/2341 602/2272/2340 1462/2283/2351 3674/2281/2349
f 3674/2281/2349 1462/2283/2351 605/2284/2352 1989/2285/2353
f 1206/2282/2350 3674/2281/2349 1989/2285/2353 604/2286/2354
f 602/2272/2340 1461/2280/2348 3675/2287/2355 1462/2283/2351
f 1461/2280/2348 603/2279/2347 1748/2288/2356 3675/2287/2355
f 3675/2287/2355 1748/2288/2356 606/2289/2357 2266/2290/2358
f 1462/2283/2351 3675/2287/2355 2266/2290/2358 605/2284/2352
f 1/2089/2152 1207/2291/2359 3676/2292/2360 1193/2090/2153
f 1207/2291/2359 183/2293/2361 2794/2294/2362 3676/2292/2360
f 3676/2292/2360 2794/2294/2362 598/2266/2334 1749/2295/2363
f 1193/2090/2153 3676/2292/2360 1749/2295/2363 259/2091/2154
f 183/2293/2361 2539/2296/2364 3677/2297/2365 2794/2294/2362
f 2539/2296/2364 182/2298/2366 2540/2299/2367 3677/2297/2365
f 3677/2297/2365 2540/2299/2367 599/2270/2338 2538/2267/2335
f 2794/2294/2362 3677/2297/2365 2538/2267/2335 598/2266/2334
f 182/2298/2366 2267/2300/2368 3678/2301/2369 2540/2299/2367
f 2267/2300/2368 181/2302/2370 2268/2303/2371 3678/2301/2369
f 3678/2301/2369 2268/2303/2371 600/2277/2345 2793/2275/2343
f 2540/2299/2367 3678/2301/2369 2793/2275/2343 599/2270/2338
f 181/2302/2370 1990/2304/2372 3679/2305/2373 2268/2303/2371
f 1990/2304/2372 4/2149/2215 1980/2152/2218 3679/2305/2373
f 3679/2305/2373 1980/2152/2218 228/2156/2222 1991/2306/2374
f 2268/2303/2371 3679/2305/2373 1991/2306/2374 600/2277/2345
f 600/2277/2345 1991/2306/2374 3680/2307/2375 3057/2278/2346
f 1991/2306/2374 228/2156/2222 1744/2203/2270 3680/2307/2375
f 3680/2307/2375 1744/2203/2270 227/2198/2265 1750/2308/2376
f 3057/2278/2346 3680/2307/2375 1750/2308/2376 603/2279/2347
f 603/2279/2347 1750/2308/2376 3681/2309/2377 1748/2288/2356
f 1750/2308/2376 227/2198/2265 1458/2201/2268 3681/2309/2377
f 3681/2309/2377 1458/2201/2268 226/2192/2259 1463/2310/2378
f 1748/2288/2356 3681/2309/2377 1463/2310/2378 606/2289/2357
f 606/2289/2357 1463/2310/2378 3682/2311/2379 1464/2312/2380
f 1463/2310/2378 226/2192/2259 1741/2195/2262 3682/2311/2379
f 3682/2311/2379 1741/2195/2262 51/2197/2264 1751/2313/2381
f 1464/2312/2380 3682/2311/2379 1751/2313/2381 274/2314/2382
f 605/2284/2352 2266/2290/2358 3683/2315/2383 1752/2316/2384
f 2266/2290/2358 606/2289/2357 1464/2312/2380 3683/2315/2383
f 3683/2315/2383 1464/2312/2380 274/2314/2382 1465/2317/2385
f 1752/2316/2384 3683/2315/2383 1465/2317/2385 275/2318/2386
f 604/2286/2354 1989/2285/2353 3684/2319/2387 1992/2320/2388
f 1989/2285/2353 605/2284/2352 1752/2316/2384 3684/2319/2387
f 3684/2319/2387 1752/2316/2384 275/2318/2386 1753/1953/2389
f 1992/2320/2388 3684/2319/2387 1753/1953/2389 276/1805/2390
f 261/2099/2162 2269/2321/2391 3685/2322/2392 1974/2103/2166
f 2269/2321/2391 604/2286/2354 1992/2320/2388 3685/2322/2392
f 3685/2322/2392 1992/2320/2388 276/1805/2390 1993/2323/2393
f 1974/2103/2166 3685/2322/2392 1993/2323/2393 52/2104/2167
f 260/2095/2158 1994/2324/2394 3686/2325/2395 1973/2098/2161
f 1994/2324/2394 601/2274/2342 1206/2282/2350 3686/2325/2395
f 3686/2325/2395 1206/2282/2350 604/2286/2354 2269/2321/2391
f 1973/2098/2161 3686/2325/2395 2269/2321/2391 261/2099/2162
f 259/2091/2154 1749/2295/2363 3687/2326/2396 1738/2094/2157
f 1749/2295/2363 598/2266/2334 2537/2269/2337 3687/2326/2396
f 3687/2326/2396 2537/2269/2337 601/2274/2342 1994/2324/2394
f 1738/2094/2157 3687/2326/2396 1994/2324/2394 260/2095/2158
f 1/2089/2152 1192/2087/2150 3692/2352/2407 1209/2353/2408
f 1192/2087/2150 190/2085/2148 2542/2354/2409 3692/2352/2407
f 3692/2352/2407 2542/2354/2409 607/2327/2397 3060/2355/2410
f 1209/2353/2408 3692/2352/2407 3060/2355/2410 280/2356/2411
f 190/2085/2148 2524/2083/2146 3693/2357/2412 2542/2354/2409
f 2524/2083/2146 191/2081/2144 2797/2358/2413 3693/2357/2412
f 3693/2357/2412 2797/2358/2413 608/2331/2399 2796/2328/2398
f 2542/2354/2409 3693/2357/2412 2796/2328/2398 607/2327/2397
f 191/2081/2144 2781/2079/2142 3694/2359/2414 2797/2358/2413
f 2781/2079/2142 192/2075/2138 3061/2360/2415 3694/2359/2414
f 3694/2359/2414 3061/2360/2415 609/2338/2401 3059/2336/2400
f 2797/2358/2413 3694/2359/2414 3059/2336/2400 608/2331/2399
f 192/2075/2138 2780/2072/2135 3695/2361/2416 3061/2360/2415
f 2780/2072/2135 7/2071/2134 2798/2362/2417 3695/2361/2416
f 3695/2361/2416 2798/2362/2417 204/2363/2418 1996/2364/2419
f 3061/2360/2415 3695/2361/2416 1996/2364/2419 609/2338/2401
f 7/2071/2134 2788/2242/2309 3708/2415/2443 2798/2362/2417
f 2788/2242/2309 187/2240/2307 1762/2416/2444 3708/2415/2443
f 3708/2415/2443 1762/2416/2444 616/2390/2433 1999/2417/2445
f 2798/2362/2417 3708/2415/2443 1999/2417/2445 204/2363/2418
f 187/2240/2307 1746/2238/2305 3709/2418/2446 1762/2416/2444
f 1746/2238/2305 188/2236/2303 2000/2419/2447 3709/2418/2446
f 3709/2418/2446 2000/2419/2447 617/2394/2435 3064/2391/2434
f 1762/2416/2444 3709/2418/2446 3064/2391/2434 616/2390/2433
f 188/2236/2303 1986/2234/2301 3710/2420/2448 2000/2419/2447
f 1986/2234/2301 189/2231/2298 2272/2421/2449 3710/2420/2448
f 3710/2420/2448 2272/2421/2449 618/2401/2437 1215/2399/2436
f 2000/2419/2447 3710/2420/2448 1215/2399/2436 617/2394/2435
f 189/2231/2298 1460/2229/2296 3711/2422/2450 2272/2421/2449
f 1460/2229/2296 10/2167/2233 1473/2423/2451 3711/2422/2450
f 3711/2422/2450 1473/2423/2451 201/2424/2452 1216/2425/2453
f 2272/2421/2449 3711/2422/2450 1216/2425/2453 618/2401/2437
f 10/2167/2233 1455/2165/2231 3724/2471/2475 1473/2423/2451
f 1455/2165/2231 184/2163/2229 3068/2472/2476 3724/2471/2475
f 3724/2471/2475 3068/2472/2476 625/2446/2465 1219/2473/2477
f 1473/2423/2451 3724/2471/2475 1219/2473/2477 201/2424/2452
f 184/2163/2229 3049/2161/2227 3725/2474/2478 3068/2472/2476
f 3049/2161/2227 185/2159/2225 1220/2475/2479 3725/2474/2478
f 3725/2474/2478 1220/2475/2479 626/2450/2467 1218/2447/2466
f 3068/2472/2476 3725/2474/2478 1218/2447/2466 625/2446/2465
f 185/2159/2225 1199/2157/2223 3726/2476/2480 1220/2475/2479
f 1199/2157/2223 186/2153/2219 1478/2477/2481 3726/2476/2480
f 3726/2476/2480 1478/2477/2481 627/2457/2469 1477/2455/2468
f 1220/2475/2479 3726/2476/2480 1477/2455/2468 626/2450/2467
f 186/2153/2219 1981/2150/2216 3727/2478/2482 1478/2477/2481
f 1981/2150/2216 4/2149/2215 2004/2479/2483 3727/2478/2482
f 3727/2478/2482 2004/2479/2483 195/2480/2484 1765/2481/2485
f 1478/2477/2481 3727/2478/2482 1765/2481/2485 627/2457/2469
f 4/2149/2215 1990/2304/2372 3740/2527/2507 2004/2479/2483
f 1990/2304/2372 181/2302/2370 2278/2528/2508 3740/2527/2507
f 3740/2527/2507 2278/2528/2508 634/2502/2497 1768/2529/2509
f 2004/2479/2483 3740/2527/2507 1768/2529/2509 195/2480/2484
f 181/2302/2370 2267/2300/2368 3741/2530/2510 2278/2528/2508
f 2267/2300/2368 182/2298/2366 2548/2531/2511 3741/2530/2510
f 3741/2530/2510 2548/2531/2511 635/2506/2499 1482/2503/2498
f 2278/2528/2508 3741/2530/2510 1482/2503/2498 634/2502/2497
f 182/2298/2366 2539/2296/2364 3742/2532/2512 2548/2531/2511
f 2539/2296/2364 183/2293/2361 2807/2533/2513 3742/2532/2512
f 3742/2532/2512 2807/2533/2513 636/2513/2501 1767/2511/2500
f 2548/2531/2511 3742/2532/2512 1767/2511/2500 635/2506/2499
f 183/2293/2361 1207/2291/2359 3743/2534/2514 2807/2533/2513
f 1207/2291/2359 1/2089/2152 1209/2353/2408 3743/2534/2514
f 3743/2534/2514 1209/2353/2408 280/2356/2411 3072/2535/2515
f 2807/2533/2513 3743/2534/2514 3072/2535/2515 636/2513/2501
f 668/187/2525 1859/188/2526 3752/2551/2527 1658/1125/2525
f 1859/188/2526 669/190/2528 2172/1114/2529 3752/2551/2527
f 669/190/2530 2166/1104/2531 3753/2552/2531 2172/1114/2532
f 2166/1104/2531 671/1052/2533 2690/1098/2534 3753/2552/2531
f 1908/1081/2538 668/187/2541 1658/1125/2542 3754/2553/2539
f 3755/2554/2548 2690/1098/2551 671/1052/2552 1118/1053/2553
f 674/29/2555 1320/30/2556 3756/2555/2557 1117/1041/2558
f 1320/30/2556 675/33/2559 1770/2556/2560 3756/2555/2557
f 675/33/2562 1771/2559/2563 3757/2560/2564 1770/2556/2565
f 1771/2559/2563 677/2561/2566 2279/2562/2567 3757/2560/2564
f 1228/2565/2570 674/29/2573 1117/1041/2574 3758/2566/2571
f 3759/2569/2580 2279/2562/2582 677/2561/2583 1773/2571/2584
f 680/1251/2586 3073/2572/2587 3760/2573/2587 2808/2574/2588
f 3073/2572/2587 681/2575/2589 1229/2576/2590 3760/2573/2587
f 681/2575/2593 1230/2578/2594 3761/2579/2595 1229/2576/2596
f 1230/2578/2594 683/1204/2597 1774/2580/2597 3761/2579/2595
f 1680/1249/2599 680/1251/2602 2808/2574/2603 3762/2581/2600
f 3763/2582/2609 1774/2580/2612 683/1204/2613 2184/1205/2614
f 686/290/2616 2396/291/2617 3764/2583/2618 2182/1189/2619
f 2396/291/2617 687/267/2620 2652/280/2621 3764/2583/2618
f 687/267/2622 2650/268/2623 3765/2584/2624 2652/280/2625
f 2650/268/2623 689/269/2626 1127/1163/2627 3765/2584/2624
f 2177/1153/2629 686/290/2632 2182/1189/2632 3766/2585/2630
f 3767/2586/2638 1127/1163/2641 689/269/2641 1914/1134/2642
f 644/117/2746 2286/2660/2747 3801/2661/2748 1908/1081/2749
f 2286/2660/2747 69/41/41 2095/44/44 3801/2661/2748
f 3801/2661/2748 2095/44/44 303/49/49 2819/2662/2750
f 1908/1081/2749 3801/2661/2748 2819/2662/2750 668/187/2751
f 689/269/2756 3078/2666/2757 3803/2667/2758 1914/1134/2759
f 3078/2666/2757 336/315/261 2111/317/263 3803/2667/2758
f 3803/2667/2758 2111/317/263 69/321/41 2286/2668/2747
f 1914/1134/2759 3803/2667/2758 2286/2668/2747 644/1136/2746
f 657/1055/2895 3080/2753/2896 3828/2754/2897 1228/2565/2898
f 3080/2753/2896 136/67/67 2905/136/118 3828/2754/2897
f 3828/2754/2897 2905/136/118 312/140/122 3081/2755/2899
f 1228/2565/2898 3828/2754/2897 3081/2755/2899 674/29/2900
f 671/1052/2907 2296/2759/2908 3830/2760/2909 1118/1053/2910
f 2296/2759/2908 309/61/61 2897/63/63 3830/2760/2909
f 3830/2760/2909 2897/63/63 136/67/67 3080/2753/2896
f 1118/1053/2910 3830/2760/2909 3080/2753/2896 657/1055/2895
f 659/1248/2915 1783/2763/2916 3832/2764/2917 1680/1249/2918
f 1783/2763/2916 139/158/140 1589/218/177 3832/2764/2917
f 3832/2764/2917 1589/218/177 321/222/181 1240/2765/2919
f 1680/1249/2918 3832/2764/2917 1240/2765/2919 680/1251/2920
f 677/2561/2927 2555/2769/2928 3834/2770/2929 1773/2571/2930
f 2555/2769/2928 318/152/134 1584/154/136 3834/2770/2929
f 3834/2770/2929 1584/154/136 139/158/140 1783/2763/2916
f 1773/2571/2930 3834/2770/2929 1783/2763/2916 659/1248/2915
f 661/1152/2935 2556/2773/2936 3836/2774/2937 2177/1153/2938
f 2556/2773/2936 142/240/199 2397/299/245 3836/2774/2937
f 3836/2774/2937 2397/299/245 330/303/249 1500/2775/2939
f 2177/1153/2938 3836/2774/2937 1500/2775/2939 686/290/2940
f 683/1204/2947 2826/2779/2948 3838/2780/2949 2184/1205/2950
f 2826/2779/2948 327/234/193 2392/236/195 3838/2780/2949
f 3838/2780/2949 2392/236/195 142/240/199 2556/2773/2936
f 2184/1205/2950 3838/2780/2949 2556/2773/2936 661/1152/2935
f 668/187/2751 2819/2662/2750 3848/2851/3032 1859/188/3033
f 2819/2662/2750 303/49/49 2633/51/51 3848/2851/3032
f 3848/2851/3032 2633/51/51 306/55/55 1502/2852/3034
f 1859/188/3033 3848/2851/3032 1502/2852/3034 669/190/3035
f 669/190/3035 1502/2852/3034 3850/2855/3040 2166/1104/3041
f 1502/2852/3034 306/55/55 1323/57/57 3850/2855/3040
f 3850/2855/3040 1323/57/57 309/61/61 2296/2759/2908
f 2166/1104/3041 3850/2855/3040 2296/2759/2908 671/1052/2907
f 674/29/2900 3081/2755/2899 3852/2857/3044 1320/30/3045
f 3081/2755/2899 312/140/122 2906/142/124 3852/2857/3044
f 3852/2857/3044 2906/142/124 315/146/128 1787/2858/3046
f 1320/30/3045 3852/2857/3044 1787/2858/3046 675/33/3047
f 675/33/3047 1787/2858/3046 3854/2861/3052 1771/2559/3053
f 1787/2858/3046 315/146/128 1583/148/130 3854/2861/3052
f 3854/2861/3052 1583/148/130 318/152/134 2555/2769/2928
f 1771/2559/3053 3854/2861/3052 2555/2769/2928 677/2561/2927
f 680/1251/2920 1240/2765/2919 3856/2863/3056 3073/2572/3057
f 1240/2765/2919 321/222/181 1062/224/183 3856/2863/3056
f 3856/2863/3056 1062/224/183 324/228/187 2025/2864/3058
f 3073/2572/3057 3856/2863/3056 2025/2864/3058 681/2575/3059
f 681/2575/3059 2025/2864/3058 3858/2867/3064 1230/2578/3065
f 2025/2864/3058 324/228/187 1865/230/189 3858/2867/3064
f 3858/2867/3064 1865/230/189 327/234/193 2826/2779/2948
f 1230/2578/3065 3858/2867/3064 2826/2779/2948 683/1204/2947
f 686/290/2940 1500/2775/2939 3860/2869/3068 2396/291/3069
f 1500/2775/2939 330/303/249 1336/305/251 3860/2869/3068
f 3860/2869/3068 1336/305/251 333/309/255 2304/2870/3070
f 2396/291/3069 3860/2869/3068 2304/2870/3070 687/267/3071
f 687/267/3071 2304/2870/3070 3862/2873/3076 2650/268/3077
f 2304/2870/3070 333/309/255 2110/311/257 3862/2873/3076
f 3862/2873/3076 2110/311/257 336/315/261 3078/2666/2757
f 2650/268/3077 3862/2873/3076 3078/2666/2757 689/269/2756
f 675/33/3225 1770/2556/3225 3897/2556/3225 2630/34/3225
f 2630/34/3225 3897/2556/3225 2029/2556/3225 311/33/3225
f 675/33/3238 1771/2559/3239 3903/2990/3240 2630/34/3241
f 1771/2559/3239 677/2561/3242 1252/2561/3243 3903/2990/3240
f 3903/2990/3240 1252/2561/3243 305/2561/3244 1253/2559/3245
f 2630/34/3241 3903/2990/3240 1253/2559/3245 311/33/3246
f 677/2561/3247 2279/2562/3248 3906/2994/3249 1252/2561/3250
f 1252/2561/3250 3906/2994/3249 2564/2562/3254 305/2561/3254
f 657/1055/3267 1228/2565/3268 3912/3003/3269 1119/1055/3270
f 1228/2565/3268 674/29/3271 1319/32/3272 3912/3003/3269
f 3912/3003/3269 1319/32/3272 314/29/3273 1513/3004/3274
f 1119/1055/3270 3912/3003/3269 1513/3004/3274 441/1055/3275
f 677/2561/3301 1773/2571/3302 3924/3019/3303 1252/2561/3304
f 1773/2571/3302 659/1248/3305 2460/1248/3306 3924/3019/3303
f 3924/3019/3303 2460/1248/3306 438/1248/3307 1256/2571/3308
f 1252/2561/3304 3924/3019/3303 1256/2571/3308 305/2561/3309
f 2808/2574/3311 680/1251/3314 2461/1251/3315 3927/2574/3312
f 3927/2574/3312 2461/1251/3315 166/1251/3316 2569/2574/3317
f 680/1251/3319 3073/2572/3320 3930/3024/3321 2461/1251/3322
f 3073/2572/3320 681/2575/3323 2846/2575/3324 3930/3024/3321
f 3930/3024/3321 2846/2575/3324 143/2575/3325 2847/2572/3326
f 2461/1251/3322 3930/3024/3321 2847/2572/3326 166/1251/3327
f 681/2575/175 1229/2576/175 3933/3026/175 2846/2575/175
f 2846/2575/175 3933/3026/175 2034/3026/175 143/2575/175
f 681/2575/3339 1230/2578/3340 3939/3033/3341 2846/2575/3342
f 1230/2578/3340 683/1204/3343 1130/1206/3344 3939/3033/3341
f 3939/3033/3341 1130/1206/3344 137/1204/3345 1259/3034/3346
f 2846/2575/3342 3939/3033/3341 1259/3034/3346 143/2575/3347
f 683/1204/3348 1774/2580/3349 3942/3038/3350 1130/1206/3351
f 1130/1206/3351 3942/3038/3350 2570/3039/3355 137/1204/3355
f 809/2027/2081 2317/3041/3356 3944/3042/3357 1186/2027/2082
f 2317/3041/3356 789/1856/3358 1261/1856/3359 3944/3042/3357
f 3944/3042/3357 1261/1856/3359 545/1856/1759 1262/3041/3360
f 1186/2027/2082 3944/3042/3357 1262/3041/3360 561/1873/2067
f 821/1906/1861 1263/3043/3361 3945/3044/3362 2753/1907/1862
f 1263/3043/3361 793/3045/3363 1264/3046/3364 3945/3044/3362
f 3945/3044/3362 1264/3046/3364 855/1842/1730 2744/1840/1727
f 2753/1907/1862 3945/3044/3362 2744/1840/1727 255/1839/1726
f 797/3047/3365 2319/3048/3366 3946/3049/3367 2318/3050/3368
f 2319/3048/3366 840/1832/1717 3016/1819/1720 3946/3049/3367
f 3946/3049/3367 3016/1819/1720 872/1838/1725 1713/1892/1828
f 2318/3050/3368 3946/3049/3367 1713/1892/1828 851/1891/1827
f 790/1986/1694 2571/3051/3369 3947/3052/3370 3100/3053/3371
f 2571/3051/3369 810/1909/1865 3031/1912/1868 3947/3052/3370
f 3947/3052/3370 3031/1912/1868 560/1873/1795 3026/1870/1792
f 3100/3053/3371 3947/3052/3370 3026/1870/1792 544/1856/1791
f 794/2182/1967 1517/3054/3372 3948/3055/3373 1516/3056/3374
f 1517/3054/3372 822/1853/2091 2251/1839/2094 3948/3055/3373
f 3948/3055/3373 2251/1839/2094 253/1853/1753 2320/3057/3375
f 1516/3056/3374 3948/3055/3373 2320/3057/3375 856/1852/1748
f 845/1818/2107 2037/3058/3376 3949/1993/3377 2253/1819/2108
f 2037/3058/3376 796/3059/3378 2038/1995/3379 3949/1993/3377
f 3949/1993/3377 2038/1995/3379 854/3047/3380 2572/1895/3381
f 2253/1819/2108 3949/1993/3377 2572/1895/3381 877/1882/2019
f 827/1962/1940 1518/1999/3382 3950/2000/3383 1724/1963/1941
f 1518/1999/3382 802/1885/3384 2849/1885/3385 3950/2000/3383
f 3950/2000/3383 2849/1885/3385 551/1885/1995 2763/1999/1992
f 1724/1963/1941 3950/2000/3383 2763/1999/1992 859/1964/1942
f 795/1891/3386 1799/1892/3387 3951/1892/3388 1798/1893/3389
f 1799/1892/3387 846/1949/1918 2507/1820/1921 3951/1892/3388
f 3951/1892/3388 2507/1820/1921 878/1882/1926 2247/1892/2041
f 1798/1893/3389 3951/1892/3388 2247/1892/2041 853/1891/2031
f 801/3060/3390 1265/3061/3391 3952/3062/3392 3101/3063/3393
f 1265/3061/3391 828/1797/1681 1953/1800/1684 3952/3062/3392
f 3952/3062/3392 1953/1800/1684 860/1804/1689 3022/1863/1775
f 3101/3063/3393 3952/3062/3392 3022/1863/1775 552/1862/1774
f 813/3064/1900 2850/2019/3394 3953/2020/3395 1519/2021/3396
f 2850/2019/3394 799/1885/3390 2573/1888/3397 3953/2020/3395
f 3953/2020/3395 2573/1888/3397 550/1885/2058 2518/2019/2055
f 1519/2021/3396 3953/2020/3395 2518/2019/2055 554/1889/2054
f 825/1848/2075 1800/2006/3398 3954/2007/3399 2774/1848/2076
f 1800/2006/3398 795/1891/3386 1798/1893/3389 3954/2007/3399
f 3954/2007/3399 1798/1893/3389 853/1891/2031 2770/2012/2029
f 2774/1848/2076 3954/2007/3399 2770/2012/2029 231/1848/1739
f 849/2035/2097 2574/3065/3400 3955/3066/3401 1190/2036/2098
f 2574/3065/3400 790/1986/1694 3100/3053/3371 3955/3066/3401
f 3955/3066/3401 3100/3053/3371 544/1856/1791 3029/1874/1801
f 1190/2036/2098 3955/3066/3401 3029/1874/1801 881/1858/1800
f 833/2030/2087 3102/3067/3402 3956/3068/3403 1188/2031/2088
f 3102/3067/3402 800/1888/3404 1520/3069/3405 3956/3068/3403
f 3956/3068/3403 1520/3069/3405 546/1885/1818 1521/3070/3406
f 1188/2031/2088 3956/3068/3403 1521/3070/3406 865/1963/2089
f 800/1888/3404 3103/3071/3407 3957/3072/3408 1520/3069/3405
f 3103/3071/3407 814/3073/3409 1266/3074/3410 3957/3072/3408
f 3957/3072/3408 1266/3074/3410 553/1889/1822 1433/1886/1819
f 1520/3069/3405 3957/3072/3408 1433/1886/1819 546/1885/1818
f 796/3059/3378 2039/3075/3411 3958/3076/3412 2038/1995/3379
f 2039/3075/3411 826/2038/3413 2321/3077/3414 3958/3076/3412
f 3958/3076/3412 2321/3077/3414 229/1867/3415 2322/3078/3416
f 2038/1995/3379 3958/3076/3412 2322/3078/3416 854/3047/3380
f 789/1856/3358 2323/3079/3417 3959/3080/3418 1261/1856/3359
f 2323/3079/3417 850/2035/3419 1522/3081/3420 3959/3080/3418
f 3959/3080/3418 1522/3081/3420 882/1858/1763 1173/1857/1760
f 1261/1856/3359 3959/3080/3418 1173/1857/1760 545/1856/1759
f 799/1885/3390 2851/3070/3391 3960/2000/3421 2573/1888/3397
f 2851/3070/3391 834/1917/1681 1436/1920/1875 3960/2000/3421
f 3960/2000/3421 1436/1920/1875 866/1920/1877 2575/3082/3422
f 2573/1888/3397 3960/2000/3421 2575/3082/3422 550/1885/2058
f 843/1965/1961 2040/3083/3423 3961/3066/3424 1726/1980/1962
f 2040/3083/3423 788/1986/1971 2510/1989/1974 3961/3066/3424
f 3961/3066/3424 2510/1989/1974 542/1991/1976 2576/2009/3425
f 1726/1980/1962 3961/3066/3424 2576/2009/3425 875/1970/1963
f 837/1900/1853 1523/3084/3426 3962/3085/3427 2235/1901/1854
f 1523/3084/3426 794/2182/1967 1516/3056/3374 3962/3085/3427
f 3962/3085/3427 1516/3056/3374 856/1852/1748 3019/1850/1745
f 2235/1901/1854 3962/3085/3427 3019/1850/1745 869/1849/1744
f 807/1939/1900 1267/3086/3394 3963/3087/3428 1720/1940/1901
f 1267/3086/3394 801/3060/3390 3101/3063/3393 3963/3087/3428
f 3963/3087/3428 3101/3063/3393 552/1862/1774 3038/1996/1981
f 1720/1940/1901 3963/3087/3428 3038/1996/1981 563/1941/1902
f 819/1867/1909 2324/2006/3429 3964/2007/3430 1441/1867/1910
f 2324/2006/3429 797/3047/3365 2318/3050/3368 3964/2007/3430
f 3964/2007/3430 2318/3050/3368 851/1891/1827 1447/2006/2010
f 1441/1867/1910 3964/2007/3430 1447/2006/2010 258/1867/1911
f 787/1809/1694 1801/3088/3431 3965/3066/3432 2738/1810/1695
f 1801/3088/3431 844/1965/1944 1964/1968/1947 3965/3066/3432
f 3965/3066/3432 1964/1968/1947 876/1970/1949 2768/2009/2024
f 2738/1810/1695 3965/3066/3432 2768/2009/2024 543/1811/1696
f 793/3045/3363 1268/3089/3433 3966/3085/3434 1264/3046/3364
f 1268/3089/3433 838/1900/3435 2577/3090/3436 3966/3085/3434
f 3966/3085/3434 2577/3090/3436 870/1861/1770 2748/1860/1768
f 1264/3046/3364 3966/3085/3434 2748/1860/1768 855/1842/1730
f 802/1885/3384 1524/3071/3437 3967/3091/3438 2849/1885/3385
f 1524/3071/3437 808/1922/1878 1439/1925/1881 3967/3091/3438
f 3967/3091/3438 1439/1925/1881 562/1889/1886 2852/3092/3439
f 2849/1885/3385 3967/3091/3438 2852/3092/3439 551/1885/1995
f 798/1994/1979 2578/3075/3440 3968/3093/3441 2513/1995/1980
f 2578/3075/3440 820/2038/2100 3043/2041/2103 3968/3093/3441
f 3968/3093/3441 3043/2041/2103 256/1867/1782 3104/3078/3442
f 2513/1995/1980 3968/3093/3441 3104/3078/3442 852/1891/1845
f 850/2035/3419 3105/3094/3443 3969/3095/3444 1522/3081/3420
f 3105/3094/3443 848/2042/1922 3044/2045/2106 3969/3095/3444
f 3969/3095/3444 3044/2045/2106 880/2008/2015 3106/3096/3445
f 1522/3081/3420 3969/3095/3444 3106/3096/3445 882/1858/1763
f 831/1861/1916 3107/3097/3446 3970/3098/3447 2756/1861/1917
f 3107/3097/3446 792/1823/1708 3014/1826/1711 3970/3098/3447
f 3970/3098/3447 3014/1826/1711 858/1831/1716 1525/3099/3448
f 2756/1861/1917 3970/3098/3447 1525/3099/3448 863/1861/1838
f 791/1984/1967 2853/3100/3449 3971/3101/3450 2762/1984/1968
f 2853/3100/3449 832/1930/1887 3032/1932/1890 3971/3101/3450
f 3971/3101/3450 3032/1932/1890 864/1930/1895 1269/3100/3451
f 2762/1984/1968 3971/3101/3450 1269/3100/3451 857/1985/1969
f 814/3073/3409 2041/1923/3452 3972/3102/3453 1266/3074/3410
f 2041/1923/3452 812/1913/2077 1734/1914/2080 3972/3102/3453
f 3972/3102/3453 1734/1914/2080 555/1943/2063 1270/3103/3454
f 1266/3074/3410 3972/3102/3453 1270/3103/3454 553/1889/1822
f 826/2038/3413 3108/3104/3455 3973/3105/3456 2321/3077/3414
f 3108/3104/3455 824/1847/1857 1718/1847/1860 3973/3105/3456
f 3973/3105/3456 1718/1847/1860 235/1847/1864 2325/3106/3457
f 2321/3077/3414 3973/3105/3456 2325/3106/3457 229/1867/3415
f 838/1900/3435 2042/1897/3458 3974/3107/3459 2577/3090/3436
f 2042/1897/3458 836/1648/2083 1969/1899/2086 3974/3107/3459
f 3974/3107/3459 1969/1899/2086 868/1801/1808 1958/1877/1806
f 2577/3090/3436 3974/3107/3459 1958/1877/1806 870/1861/1770
f 811/1913/1869 1802/3108/3460 3975/3109/3461 2754/1914/1870
f 1802/3108/3460 813/3064/1900 1519/2021/3396 3975/3109/3461
f 3975/3109/3461 1519/2021/3396 554/1889/2054 1526/3110/3462
f 2754/1914/1870 3975/3109/3461 1526/3110/3462 559/1915/1871
f 265/390/2169 1975/2105/2168 3976/3111/3463 1271/3112/3464
f 1975/2105/2168 52/2104/2167 2043/3113/3465 3976/3111/3463
f 3976/3111/3463 2043/3113/3465 788/1986/1971 2040/3083/3423
f 1271/3112/3464 3976/3111/3463 2040/3083/3423 843/1965/1961
f 52/2104/2167 1993/2323/2393 3977/3114/3466 2043/3113/3465
f 1993/2323/2393 276/1805/2390 2044/3115/3467 3977/3114/3466
f 3977/3114/3466 2044/3115/3467 804/1971/1950 1966/1987/1972
f 2043/3113/3465 3977/3114/3466 1966/1987/1972 788/1986/1971
f 844/1965/1944 1801/3088/3431 3978/3116/3468 2854/3117/3469
f 1801/3088/3431 787/1809/1694 2579/3118/3470 3978/3116/3468
f 3978/3116/3468 2579/3118/3470 230/3119/3470 2580/3120/3471
f 2854/3117/3469 3978/3116/3468 2580/3120/3471 567/3121/3472
f 787/1809/1694 1708/1806/1691 3979/3122/3473 2579/3118/3470
f 1708/1806/1691 803/1805/1690 1527/3123/3474 3979/3122/3473
f 3979/3122/3473 1527/3123/3474 538/3124/3475 2581/3125/3473
f 2579/3118/3470 3979/3122/3473 2581/3125/3473 230/3119/3470
f 567/3121/3472 2580/3120/3471 3980/3116/3468 2855/3117/3476
f 2580/3120/3471 230/3119/3470 2582/3113/3470 3980/3116/3468
f 3980/3116/3468 2582/3113/3470 790/1986/1694 2574/3065/3400
f 2855/3117/3476 3980/3116/3468 2574/3065/3400 849/2035/2097
f 230/3119/3470 2581/3125/3473 3981/3126/3473 2582/3113/3470
f 2581/3125/3473 538/3124/3475 1528/3115/3477 3981/3126/3473
f 3981/3126/3473 1528/3115/3477 810/1909/1865 2571/3051/3369
f 2582/3113/3470 3981/3126/3473 2571/3051/3369 790/1986/1694
f 850/2035/3419 2323/3079/3417 3982/3127/3478 1529/3117/3479
f 2323/3079/3417 789/1856/3358 1803/3128/3480 3982/3127/3478
f 3982/3127/3478 1803/3128/3480 43/394/326 1603/392/324
f 1529/3117/3479 3982/3127/3478 1603/392/324 250/390/322
f 789/1856/3358 2317/3041/3356 3983/3129/3481 1803/3128/3480
f 2317/3041/3356 809/2027/2081 1804/3130/3482 3983/3129/3481
f 3983/3129/3481 1804/3130/3482 243/1768/1652 1705/1766/1650
f 1803/3128/3480 3983/3129/3481 1705/1766/1650 43/394/326
f 268/2184/2250 2530/2183/2249 3984/3131/3483 2045/3132/3484
f 2530/2183/2249 54/2182/2248 2583/2182/3485 3984/3131/3483
f 3984/3131/3483 2583/2182/3485 792/1823/1708 3107/3097/3446
f 2045/3132/3484 3984/3131/3483 3107/3097/3446 831/1861/1916
f 54/2182/2248 2536/1824/2330 3985/3133/3486 2583/2182/3485
f 2536/1824/2330 273/2260/2327 1272/3134/3487 3985/3133/3486
f 3985/3133/3486 1272/3134/3487 816/1827/1712 3015/1824/1709
f 2583/2182/3485 3985/3133/3486 3015/1824/1709 792/1823/1708
f 832/1930/1887 2853/3100/3449 3986/3135/3488 2584/3136/3489
f 2853/3100/3449 791/1984/1967 2046/3137/3490 3986/3135/3488
f 3986/3135/3488 2046/3137/3490 236/3138/3490 2047/3139/3488
f 2584/3136/3489 3986/3135/3488 2047/3139/3488 558/3140/3491
f 791/1984/1967 2761/1982/1965 3987/3141/3492 2046/3137/3490
f 2761/1982/1965 815/1853/1934 1805/1959/3493 3987/3141/3492
f 3987/3141/3492 1805/1959/3493 547/3142/3494 2048/3143/3495
f 2046/3137/3490 3987/3141/3492 2048/3143/3495 236/3138/3490
f 558/3140/3491 2047/3139/3488 3988/3144/3488 2585/3145/3496
f 2047/3139/3488 236/3138/3490 2049/3146/3490 3988/3144/3488
f 3988/3144/3488 2049/3146/3490 794/2182/1967 1523/3084/3426
f 2585/3145/3496 3988/3144/3488 1523/3084/3426 837/1900/1853
f 236/3138/3490 2048/3143/3495 3989/3147/3492 2049/3146/3490
f 2048/3143/3495 547/3142/3494 1806/2004/3497 3989/3147/3492
f 3989/3147/3492 1806/2004/3497 822/1853/2091 1517/3054/3372
f 2049/3146/3490 3989/3147/3492 1517/3054/3372 794/2182/1967
f 838/1900/3435 1268/3089/3433 3990/3148/3498 2856/3149/3499
f 1268/3089/3433 793/3045/3363 2586/3150/3500 3990/3148/3498
f 3990/3148/3498 2586/3150/3500 46/1656/1540 2488/1654/1538
f 2856/3149/3499 3990/3148/3498 2488/1654/1538 247/1652/1536
f 793/3045/3363 1263/3043/3361 3991/3151/3501 2586/3150/3500
f 1263/3043/3361 821/1906/1861 2587/3152/3502 3991/3151/3501
f 3991/3151/3501 2587/3152/3502 246/1712/1596 2494/1710/1594
f 2586/3150/3500 3991/3151/3501 2494/1710/1594 46/1656/1540
f 796/3059/3378 2037/3058/3376 3992/3153/3503 2326/3154/3504
f 2037/3058/3376 845/1818/2107 2050/3155/3505 3992/3153/3503
f 3992/3153/3503 2050/3155/3505 252/380/312 2116/377/309
f 2326/3154/3504 3992/3153/3503 2116/377/309 45/376/308
f 826/2038/3413 2039/3075/3411 3993/3156/3506 2051/3157/3507
f 2039/3075/3411 796/3059/3378 2326/3154/3504 3993/3156/3506
f 3993/3156/3506 2326/3154/3504 45/376/308 2222/1723/1607
f 2051/3157/3507 3993/3156/3506 2222/1723/1607 244/1721/1605
f 254/3158/3508 2589/377/3509 3994/1993/3510 2588/3159/3511
f 2589/377/3509 565/1832/3512 2327/3160/3513 3994/1993/3510
f 3994/1993/3510 2327/3160/3513 846/1949/1918 1799/1892/3387
f 2588/3159/3511 3994/1993/3510 1799/1892/3387 795/1891/3386
f 549/3161/3514 2590/1723/3515 3995/3076/3516 2328/2041/3517
f 2590/1723/3515 254/3158/3508 2588/3159/3511 3995/3076/3516
f 3995/3076/3516 2588/3159/3511 795/1891/3386 1800/2006/3398
f 2328/2041/3517 3995/3076/3516 1800/2006/3398 825/1848/2075
f 798/1994/1979 2512/1992/1977 3996/3162/3518 2591/3163/3519
f 2512/1992/1977 839/1818/1703 2329/3164/3520 3996/3162/3518
f 3996/3162/3518 2329/3164/3520 565/1832/3512 2589/377/3509
f 2591/3163/3519 3996/3162/3518 2589/377/3509 254/3158/3508
f 820/2038/2100 2578/3075/3440 3997/3165/3521 2330/3166/3522
f 2578/3075/3440 798/1994/1979 2591/3163/3519 3997/3165/3521
f 3997/3165/3521 2591/3163/3519 254/3158/3508 2590/1723/3515
f 2330/3166/3522 3997/3165/3521 2590/1723/3515 549/3161/3514
f 49/2117/2183 1197/2116/2182 3998/3167/3523 1273/3168/3524
f 1197/2116/2182 267/2111/2177 1807/3169/3525 3998/3167/3523
f 3998/3167/3523 1807/3169/3525 840/1832/1717 2319/3048/3366
f 1273/3168/3524 3998/3167/3523 2319/3048/3366 797/3047/3365
f 271/2252/2319 1203/2251/2318 3999/3170/3526 2857/3171/3527
f 1203/2251/2318 49/2117/2183 1273/3168/3524 3999/3170/3526
f 3999/3170/3526 1273/3168/3524 797/3047/3365 2324/2006/3429
f 2857/3171/3527 3999/3170/3526 2324/2006/3429 819/1867/1909
f 800/1888/3404 3102/3067/3402 4000/3172/3528 3109/3173/3529
f 3102/3067/3402 833/2030/2087 1274/3174/3530 4000/3172/3528
f 4000/3172/3528 1274/3174/3530 249/1642/1526 2999/1639/1523
f 3109/3173/3529 4000/3172/3528 2999/1639/1523 48/1638/1522
f 814/3073/3409 3103/3071/3407 4001/3175/3531 1275/3176/3532
f 3103/3071/3407 800/1888/3404 3109/3173/3529 4001/3175/3531
f 4001/3175/3531 3109/3173/3529 48/1638/1522 3012/1779/1663
f 1275/3176/3532 4001/3175/3531 3012/1779/1663 241/1777/1661
f 257/3177/3533 1277/3070/3534 4002/2000/3535 1276/1888/3536
f 1277/3070/3534 556/1963/3537 2052/3178/3538 4002/2000/3535
f 4002/2000/3535 2052/3178/3538 834/1917/1681 2851/3070/3391
f 1276/1888/3536 4002/2000/3535 2851/3070/3391 799/1885/3390
f 540/3179/3539 1278/3180/3540 4003/3181/3541 2053/3074/3542
f 1278/3180/3540 257/3177/3533 1276/1888/3536 4003/3181/3541
f 4003/3181/3541 1276/1888/3536 799/1885/3390 2850/2019/3394
f 2053/3074/3542 4003/3181/3541 2850/2019/3394 813/3064/1900
f 802/1885/3384 1518/1999/3382 4004/3182/3543 1279/1888/3544
f 1518/1999/3382 827/1962/1940 2054/1917/3545 4004/3182/3543
f 4004/3182/3543 2054/1917/3545 556/1963/3537 1277/3070/3534
f 1279/1888/3544 4004/3182/3543 1277/3070/3534 257/3177/3533
f 808/1922/1878 1524/3071/3437 4005/3183/3546 2055/3184/3547
f 1524/3071/3437 802/1885/3384 1279/1888/3544 4005/3183/3546
f 4005/3183/3546 1279/1888/3544 257/3177/3533 1278/3180/3540
f 2055/3184/3547 4005/3183/3546 1278/3180/3540 540/3179/3539
f 51/2197/2264 1742/2196/2263 4006/3185/3548 1808/3186/3549
f 1742/2196/2263 270/1642/2258 2592/3187/3550 4006/3185/3548
f 4006/3185/3548 2592/3187/3550 828/1797/1681 1265/3061/3391
f 1808/3186/3549 4006/3185/3548 1265/3061/3391 801/3060/3390
f 274/2314/2382 1751/2313/2381 4007/3188/3551 1530/1777/3552
f 1751/2313/2381 51/2197/2264 1808/3186/3549 4007/3188/3551
f 4007/3188/3551 1808/3186/3549 801/3060/3390 1267/3086/3394
f 1530/1777/3552 4007/3188/3551 1267/3086/3394 807/1939/1900
f 276/1805/2390 1753/1953/2389 4008/3189/3553 2044/3115/3467
f 1753/1953/2389 275/2318/2386 1809/3190/3554 4008/3189/3553
f 4008/3189/3553 1809/3190/3554 805/1935/1896 1965/1972/1951
f 2044/3115/3467 4008/3189/3553 1965/1972/1951 804/1971/1950
f 803/1805/1690 1722/1953/1927 4009/3191/3555 1527/3123/3474
f 1722/1953/1927 806/1926/1882 1810/3192/3556 4009/3191/3555
f 4009/3191/3555 1810/3192/3556 539/3193/3225 1531/3194/3557
f 1527/3123/3474 4009/3191/3555 1531/3194/3557 538/3124/3475
f 806/1926/1882 2503/1923/1879 4010/3195/3558 1810/3192/3556
f 2503/1923/1879 808/1922/1878 2055/3184/3547 4010/3195/3558
f 4010/3195/3558 2055/3184/3547 540/3179/3539 1811/3196/3559
f 1810/3192/3556 4010/3195/3558 1811/3196/3559 539/3193/3225
f 275/2318/2386 1465/2317/2385 4011/3197/3560 1809/3190/3554
f 1465/2317/2385 274/2314/2382 1530/1777/3552 4011/3197/3560
f 4011/3197/3560 1530/1777/3552 807/1939/1900 2237/1936/1897
f 1809/3190/3554 4011/3197/3560 2237/1936/1897 805/1935/1896
f 538/3124/3475 1531/3194/3557 4012/3198/3561 1528/3115/3477
f 1531/3194/3557 539/3193/3225 1812/3199/3562 4012/3198/3561
f 4012/3198/3561 1812/3199/3562 811/1913/1869 1435/1910/1866
f 1528/3115/3477 4012/3198/3561 1435/1910/1866 810/1909/1865
f 809/2027/2081 1185/2025/2078 4013/3200/3563 1804/3130/3482
f 1185/2025/2078 812/1913/2077 1532/1926/3564 4013/3200/3563
f 4013/3200/3563 1532/1926/3564 242/1773/1657 1424/1771/1655
f 1804/3130/3482 4013/3200/3563 1424/1771/1655 243/1768/1652
f 539/3193/3225 1811/3196/3559 4014/3201/3565 1812/3199/3562
f 1811/3196/3559 540/3179/3539 2053/3074/3542 4014/3201/3565
f 4014/3201/3565 2053/3074/3542 813/3064/1900 1802/3108/3460
f 1812/3199/3562 4014/3201/3565 1802/3108/3460 811/1913/1869
f 812/1913/2077 2041/1923/3452 4015/1936/3566 1532/1926/3564
f 2041/1923/3452 814/3073/3409 1275/3176/3532 4015/1936/3566
f 4015/1936/3566 1275/3176/3532 241/1777/1661 1166/1775/1659
f 1532/1926/3564 4015/1936/3566 1166/1775/1659 242/1773/1657
f 273/2260/2327 3055/2259/2326 4016/3202/3567 1272/3134/3487
f 3055/2259/2326 272/2256/2323 3110/3203/3568 4016/3202/3567
f 4016/3202/3567 3110/3203/3568 817/1944/1905 3036/1975/1956
f 1272/3134/3487 4016/3202/3567 3036/1975/1956 816/1827/1712
f 815/1853/1934 2759/1957/1931 4017/3204/3569 1805/1959/3493
f 2759/1957/1931 818/1956/1930 2056/3203/3570 4017/3204/3569
f 4017/3204/3569 2056/3203/3570 548/2256/228 1813/3205/3571
f 1805/1959/3493 4017/3204/3569 1813/3205/3571 547/3142/3494
f 818/1956/1930 1449/2039/2101 4018/3206/3572 2056/3203/3570
f 1449/2039/2101 820/2038/2100 2330/3166/3522 4018/3206/3572
f 4018/3206/3572 2330/3166/3522 549/3161/3514 2057/2039/3573
f 2056/3203/3570 4018/3206/3572 2057/2039/3573 548/2256/228
f 272/2256/2323 2790/2255/2322 4019/3207/3574 3110/3203/3568
f 2790/2255/2322 271/2252/2319 2857/3171/3527 4019/3207/3574
f 4019/3207/3574 2857/3171/3527 819/1867/1909 1178/1945/1906
f 3110/3203/3568 4019/3207/3574 1178/1945/1906 817/1944/1905
f 547/3142/3494 1813/3205/3571 4020/1958/3575 1806/2004/3497
f 1813/3205/3571 548/2256/228 2058/1947/3576 4020/1958/3575
f 4020/1958/3575 2058/1947/3576 823/1844/1857 2520/1854/2092
f 1806/2004/3497 4020/1958/3575 2520/1854/2092 822/1853/2091
f 821/1906/1861 2236/1904/1858 4021/3208/3577 2587/3152/3502
f 2236/1904/1858 824/1847/1857 2331/3209/3578 4021/3208/3577
f 4021/3208/3577 2331/3209/3578 245/1717/1601 2220/1715/1599
f 2587/3152/3502 4021/3208/3577 2220/1715/1599 246/1712/1596
f 548/2256/228 2057/2039/3573 4022/3210/3579 2058/1947/3576
f 2057/2039/3573 549/3161/3514 2328/2041/3517 4022/3210/3579
f 4022/3210/3579 2328/2041/3517 825/1848/2075 2773/2024/2072
f 2058/1947/3576 4022/3210/3579 2773/2024/2072 823/1844/1857
f 824/1847/1857 3108/3104/3455 4023/3211/3580 2331/3209/3578
f 3108/3104/3455 826/2038/3413 2051/3157/3507 4023/3211/3580
f 4023/3211/3580 2051/3157/3507 244/1721/1605 1949/1719/1603
f 2331/3209/3578 4023/3211/3580 1949/1719/1603 245/1717/1601
f 270/1642/2258 2261/2191/2257 4024/3212/3581 2592/3187/3550
f 2261/2191/2257 269/2188/2254 2332/3213/3582 4024/3212/3581
f 4024/3212/3581 2332/3213/3582 829/1801/1685 1954/1798/1682
f 2592/3187/3550 4024/3212/3581 1954/1798/1682 828/1797/1681
f 827/1962/1940 1723/1960/1938 4025/3214/3583 2054/1917/3545
f 1723/1960/1938 830/1933/1891 2333/3215/3584 4025/3214/3583
f 4025/3214/3583 2333/3215/3584 557/1648/175 2059/3216/3585
f 2054/1917/3545 4025/3214/3583 2059/3216/3585 556/1963/3537
f 830/1933/1891 2504/1931/1888 4026/3107/3586 2333/3215/3584
f 2504/1931/1888 832/1930/1887 2584/3136/3489 4026/3107/3586
f 4026/3107/3586 2584/3136/3489 558/3140/3491 2334/3217/3587
f 2333/3215/3584 4026/3107/3586 2334/3217/3587 557/1648/175
f 269/2188/2254 1984/2187/2253 4027/3218/3588 2332/3213/3582
f 1984/2187/2253 268/2184/2250 2045/3132/3484 4027/3218/3588
f 4027/3218/3588 2045/3132/3484 831/1861/1916 2238/1877/1914
f 2332/3213/3582 4027/3218/3588 2238/1877/1914 829/1801/1685
f 556/1963/3537 2059/3216/3585 4028/3219/3589 2052/3178/3538
f 2059/3216/3585 557/1648/175 2335/3220/3590 4028/3219/3589
f 4028/3219/3589 2335/3220/3590 835/1648/1849 1437/1918/1873
f 2052/3178/3538 4028/3219/3589 1437/1918/1873 834/1917/1681
f 833/2030/2087 1187/2028/2084 4029/3221/3591 1274/3174/3530
f 1187/2028/2084 836/1648/2083 3111/3222/3592 4029/3221/3591
f 4029/3221/3591 3111/3222/3592 248/1648/1532 3001/1646/1530
f 1274/3174/3530 4029/3221/3591 3001/1646/1530 249/1642/1526
f 557/1648/175 2334/3217/3587 4030/3223/3593 2335/3220/3590
f 2334/3217/3587 558/3140/3491 2585/3145/3496 4030/3223/3593
f 4030/3223/3593 2585/3145/3496 837/1900/1853 1716/1897/1850
f 2335/3220/3590 4030/3223/3593 1716/1897/1850 835/1648/1849
f 836/1648/2083 2042/1897/3458 4031/3224/3594 3111/3222/3592
f 2042/1897/3458 838/1900/3435 2856/3149/3499 4031/3224/3594
f 4031/3224/3594 2856/3149/3499 247/1652/1536 2726/1650/1534
f 3111/3222/3592 4031/3224/3594 2726/1650/1534 248/1648/1532
f 267/2111/2177 1452/384/2176 4032/3225/3595 1807/3169/3525
f 1452/384/2176 266/2108/2173 1533/3226/3596 4032/3225/3595
f 4032/3225/3595 1533/3226/3596 841/1834/1721 3017/384/1718
f 1807/3169/3525 4032/3225/3595 3017/384/1718 840/1832/1717
f 839/1818/1703 2740/1815/1700 4033/384/3597 2329/3164/3520
f 2740/1815/1700 842/1814/1699 2593/3227/3598 4033/384/3597
f 4033/384/3597 2593/3227/3598 566/3228/141 2336/3229/3599
f 2329/3164/3520 4033/384/3597 2336/3229/3599 565/1832/3512
f 842/1814/1699 1443/1966/1945 4034/3230/3600 2593/3227/3598
f 1443/1966/1945 844/1965/1944 2854/3117/3469 4034/3230/3600
f 4034/3230/3600 2854/3117/3469 567/3121/3472 2594/1966/3601
f 2593/3227/3598 4034/3230/3600 2594/1966/3601 566/3228/141
f 266/2108/2173 1195/1966/2172 4035/3231/3602 1533/3226/3596
f 1195/1966/2172 265/390/2169 1271/3112/3464 4035/3231/3602
f 4035/3231/3602 1271/3112/3464 843/1965/1961 1180/1978/1959
f 1533/3226/3596 4035/3231/3602 1180/1978/1959 841/1834/1721
f 565/1832/3512 2336/3229/3599 4036/3232/3603 2327/3160/3513
f 2336/3229/3599 566/3228/141 2595/3233/3604 4036/3232/3603
f 4036/3232/3603 2595/3233/3604 847/1836/1922 2508/1950/1919
f 2327/3160/3513 4036/3232/3603 2508/1950/1919 846/1949/1918
f 845/1818/2107 2252/2043/2104 4037/3234/3605 2050/3155/3505
f 2252/2043/2104 848/2042/1922 1814/3226/3606 4037/3234/3605
f 4037/3234/3605 1814/3226/3606 251/386/318 1601/384/316
f 2050/3155/3505 4037/3234/3605 1601/384/316 252/380/312
f 566/3228/141 2594/1966/3601 4038/3235/3607 2595/3233/3604
f 2594/1966/3601 567/3121/3472 2855/3117/3476 4038/3235/3607
f 4038/3235/3607 2855/3117/3476 849/2035/2097 2775/2033/2095
f 2595/3233/3604 4038/3235/3607 2775/2033/2095 847/1836/1922
f 848/2042/1922 3105/3094/3443 4039/3236/3608 1814/3226/3606
f 3105/3094/3443 850/2035/3419 1529/3117/3479 4039/3236/3608
f 4039/3236/3608 1529/3117/3479 250/390/322 1346/388/320
f 1814/3226/3606 4039/3236/3608 1346/388/320 251/386/318
f 886/1882/1832 2597/1837/3609 4040/3237/3610 2596/1820/3611
f 2597/1837/3609 896/3238/3612 3112/3239/3613 4040/3237/3610
f 4040/3237/3610 3112/3239/3613 960/3240/3614 2598/1837/3615
f 2596/1820/3611 4040/3237/3610 2598/1837/3615 950/1882/3616
f 914/1852/1750 1535/1982/3617 4041/1982/3618 1534/1842/3619
f 1535/1982/3617 921/1853/1758 1280/1839/3620 4041/1982/3618
f 4041/1982/3618 1280/1839/3620 985/2004/3621 1536/1982/3622
f 1534/1842/3619 4041/1982/3618 1536/1982/3622 978/1852/3623
f 941/1873/1797 2249/2018/2051 4042/2016/3624 2337/1813/3625
f 2249/2018/2051 943/1943/2050 2858/2017/3626 4042/2016/3624
f 4042/2016/3624 2858/2017/3626 1007/1943/3627 2338/3241/3628
f 2337/1813/3625 4042/2016/3624 2338/3241/3628 1005/1873/3629
f 896/3238/3612 2599/1969/3630 4043/1969/3631 3112/3239/3613
f 2599/1969/3630 894/3242/3632 2600/3243/3633 4043/1969/3631
f 4043/1969/3631 2600/3243/3633 958/3242/3634 2601/3244/3635
f 3112/3239/3613 4043/1969/3631 2601/3244/3635 960/3240/3614
f 919/1882/2021 2860/3245/3636 4044/3246/3637 2859/1820/3638
f 2860/3245/3636 920/3047/3639 3113/3247/3640 4044/3246/3637
f 4044/3246/3637 3113/3247/3640 984/3059/3641 2861/3248/3642
f 2859/1820/3638 4044/3246/3637 2861/3248/3642 983/1881/3643
f 944/1943/2071 2772/2022/2070 4045/2022/3644 3114/2017/3645
f 2772/2022/2070 935/1873/2069 2862/2023/3646 4045/2022/3644
f 4045/2022/3644 2862/2023/3646 999/1873/3647 2863/2022/3648
f 3114/2017/3645 4045/2022/3644 2863/2022/3648 1008/1943/3649
f 894/3242/3632 2602/3249/3650 4046/3250/3651 2600/3243/3633
f 2602/3249/3650 918/1856/2040 2603/1872/3652 4046/3250/3651
f 4046/3250/3651 2603/1872/3652 982/2011/3653 2604/3249/3654
f 2600/3243/3633 4046/3250/3651 2604/3249/3654 958/3242/3634
f 933/3251/3655 2340/3252/3656 4047/3253/3657 2339/2023/3658
f 2340/3252/3656 934/2011/2028 2605/1856/3659 4047/3253/3657
f 4047/3253/3657 2605/1856/3659 998/1856/3660 2341/3041/3661
f 2339/2023/3658 4047/3253/3657 2341/3041/3661 997/3251/3662
f 940/1889/1824 2061/3254/3663 4048/3255/3664 2060/1890/3665
f 2061/3254/3663 944/1943/2071 3114/2017/3645 4048/3255/3664
f 4048/3255/3664 3114/2017/3645 1008/1943/3649 2062/3254/3666
f 2060/1890/3665 4048/3255/3664 2062/3254/3666 1004/1889/3667
f 893/1882/2044 2063/1950/3668 4049/1951/3669 2342/1820/3670
f 2063/1950/3668 892/1952/3671 2064/1822/3672 4049/1951/3669
f 4049/1951/3669 2064/1822/3672 956/1952/3673 2065/1950/3674
f 2342/1820/3670 4049/1951/3669 2065/1950/3674 957/1882/3675
f 910/1866/1779 2607/3256/3676 4050/2032/3677 2606/1804/3678
f 2607/3256/3676 911/1801/1842 2864/1801/3679 4050/2032/3677
f 4050/2032/3677 2864/1801/3679 975/1801/3680 2608/3257/3681
f 2606/1804/3678 4050/2032/3677 2608/3257/3681 974/1866/3682
f 917/2005/3683 2344/1854/3684 4051/1855/3685 2343/2004/3686
f 2344/1854/3684 932/1844/3687 2066/1869/3688 4051/1855/3685
f 4051/1855/3685 2066/1869/3688 996/1844/3689 2345/1854/3690
f 2343/2004/3686 4051/1855/3685 2345/1854/3690 981/2005/3691
f 946/3258/3692 2346/3259/3693 4052/3259/3694 1537/3260/3695
f 2346/3259/3693 933/3251/3655 2339/2023/3658 4052/3259/3694
f 4052/3259/3694 2339/2023/3658 997/3251/3662 2347/2022/3696
f 1537/3260/3695 4052/3259/3694 2347/2022/3696 1010/3258/3697
f 902/1984/3698 2610/1830/3699 4053/3261/3700 2609/1831/3701
f 2610/1830/3699 917/2005/3683 2343/2004/3686 4053/3261/3700
f 4053/3261/3700 2343/2004/3686 981/2005/3691 2611/1830/3702
f 2609/1831/3701 4053/3261/3700 2611/1830/3702 966/1984/3703
f 932/1844/3687 3115/3262/3704 4054/2024/3705 2066/1869/3688
f 3115/3262/3704 928/1867/2014 3116/1848/3706 4054/2024/3705
f 4054/2024/3705 3116/1848/3706 992/1867/3707 3117/3262/3708
f 2066/1869/3688 4054/2024/3705 3117/3262/3708 996/1844/3689
f 942/1889/3709 2613/3263/3710 4055/3263/3711 2612/2021/3712
f 2613/3263/3710 946/3258/3692 1537/3260/3695 4055/3263/3711
f 4055/3263/3711 1537/3260/3695 1010/3258/3697 2614/3264/3713
f 2612/2021/3712 4055/3263/3711 2614/3264/3713 1006/1889/3714
f 915/1839/1734 1709/1840/1733 4056/1841/3715 1815/1839/3716
f 1709/1840/1733 916/1842/1732 2067/1843/3717 4056/1841/3715
f 4056/1841/3715 2067/1843/3717 980/1842/3718 1816/1840/3719
f 1815/1839/3716 4056/1841/3715 1816/1840/3719 979/1839/3720
f 937/1813/2038 1282/3241/3721 4057/3265/3722 1281/2013/3723
f 1282/3241/3721 945/3258/3724 1283/3266/3725 4057/3265/3722
f 4057/3265/3722 1283/3266/3725 1009/3258/3726 1284/3267/3727
f 1281/2013/3723 4057/3265/3722 1284/3267/3727 1001/1813/3728
f 890/1858/1765 1539/3268/3729 4058/1969/3730 1538/1859/3731
f 1539/3268/3729 891/2008/2023 1817/1836/3732 4058/1969/3730
f 4058/1969/3730 1817/1836/3732 955/2008/3733 1540/3268/3734
f 1538/1859/3731 4058/1969/3730 1540/3268/3734 954/1858/3735
f 906/1849/1752 1429/1850/1751 4059/1851/3736 1541/1849/3737
f 1429/1850/1751 914/1852/1750 1534/1842/3619 4059/1851/3736
f 4059/1851/3736 1534/1842/3619 978/1852/3623 1542/1850/3738
f 1541/1849/3737 4059/1851/3736 1542/1850/3738 970/1849/3739
f 945/3258/3724 1543/3269/3740 4060/3110/3741 1283/3266/3725
f 1543/3269/3740 938/1998/1985 1544/1941/3742 4060/3110/3741
f 4060/3110/3741 1544/1941/3742 1002/1998/3743 1545/3270/3744
f 1283/3266/3725 4060/3110/3741 1545/3270/3744 1009/3258/3726
f 889/1856/1767 1174/1857/1766 4061/1857/3745 1285/1856/3746
f 1174/1857/1766 890/1858/1765 1538/1859/3731 4061/1857/3745
f 4061/1857/3745 1538/1859/3731 954/1858/3735 1286/1857/3747
f 1285/1856/3746 4061/1857/3745 1286/1857/3747 953/1856/3748
f 913/1861/1772 1710/1877/1811 4062/3271/3749 1287/1932/3750
f 1710/1877/1811 907/1801/1810 1818/3215/3751 4062/3271/3749
f 4062/3271/3749 1818/3215/3751 971/1648/3752 1819/3272/3753
f 1287/1932/3750 4062/3271/3749 1819/3272/3753 977/1932/3754
f 892/1952/3671 2865/3268/3755 4063/3268/3756 2064/1822/3672
f 2865/3268/3755 887/1858/1805 2866/1876/3757 4063/3268/3756
f 4063/3268/3756 2866/1876/3757 951/1858/3758 2867/3268/3759
f 2064/1822/3672 4063/3268/3756 2867/3268/3759 956/1952/3673
f 887/1858/1805 2750/1874/1804 4064/1875/3760 2866/1876/3757
f 2750/1874/1804 888/1856/1799 3118/1872/3761 4064/1875/3760
f 4064/1875/3760 3118/1872/3761 952/1856/3762 2868/1874/3763
f 2866/1876/3757 4064/1875/3760 2868/1874/3763 951/1858/3758
f 911/1801/1842 2234/1877/1841 4065/1878/3764 2864/1801/3679
f 2234/1877/1841 901/1861/1840 2348/1894/3765 4065/1878/3764
f 4065/1878/3764 2348/1894/3765 965/1861/3766 2349/1877/3767
f 2864/1801/3679 4065/1878/3764 2349/1877/3767 975/1801/3680
f 885/1891/1834 2231/1892/1833 4066/1892/3768 2350/1893/3769
f 2231/1892/1833 886/1882/1832 2596/1820/3611 4066/1892/3768
f 4066/1892/3768 2596/1820/3611 950/1882/3616 2351/1892/3770
f 2350/1893/3769 4066/1892/3768 2351/1892/3770 949/1891/3771
f 904/1930/1991 3040/1931/1990 4067/1878/3772 3119/1932/3773
f 3040/1931/1990 908/1933/1989 2068/1934/3774 4067/1878/3772
f 4067/1878/3772 2068/1934/3774 972/1933/3775 3120/1931/3776
f 3119/1932/3773 4067/1878/3772 3120/1931/3776 968/1930/3777
f 927/1844/1743 2500/1845/1742 4068/3273/3778 2869/3274/3779
f 2500/1845/1742 926/1848/1741 2615/3275/3780 4068/3273/3778
f 4068/3273/3778 2615/3275/3780 990/3276/3781 2616/3277/3782
f 2869/3274/3779 4068/3273/3778 2616/3277/3782 991/3278/3783
f 943/1943/2050 3121/3103/3784 4069/3255/3785 2858/2017/3626
f 3121/3103/3784 936/1889/2062 3122/2021/3786 4069/3255/3785
f 4069/3255/3785 3122/2021/3786 1000/1889/3787 3123/3103/3788
f 2858/2017/3626 4069/3255/3785 3123/3103/3788 1007/1943/3627
f 883/1882/1815 1714/1895/1848 4070/1896/3789 1820/1881/3790
f 1714/1895/1848 884/1891/1847 2069/1891/3791 4070/1896/3789
f 4070/1896/3789 2069/1891/3791 948/1891/3792 1821/1895/3793
f 1820/1881/3790 4070/1896/3789 1821/1895/3793 947/1882/3794
f 921/1853/1758 1171/1854/1757 4071/3279/3795 1280/1839/3620
f 1171/1854/1757 927/1844/1743 2869/3274/3779 4071/3279/3795
f 4071/3279/3795 2869/3274/3779 991/3278/3783 1288/1957/3796
f 1280/1839/3620 4071/3279/3795 1288/1957/3796 985/2004/3621
f 858/1831/1716 1169/1830/1715 4072/3261/3797 1546/1831/3798
f 1169/1830/1715 537/1829/1714 1289/2004/3799 4072/3261/3797
f 4072/3261/3797 1289/2004/3799 917/2005/3683 2610/1830/3699
f 1546/1831/3798 4072/3261/3797 2610/1830/3699 902/1984/3698
f 551/1885/1995 2852/3092/3439 4073/1887/3800 2764/1885/1996
f 2852/3092/3439 562/1889/1886 1547/2021/3801 4073/1887/3800
f 4073/1887/3800 1547/2021/3801 942/1889/3709 1290/1886/3802
f 2764/1885/1996 4073/1887/3800 1290/1886/3802 929/1885/1997
f 860/1804/1689 1955/1803/1688 4074/2032/3803 1956/1804/1778
f 1955/1803/1688 861/1802/1687 2232/1801/1837 4074/2032/3803
f 4074/2032/3803 2232/1801/1837 911/1801/1842 2607/3256/3676
f 1956/1804/1778 4074/2032/3803 2607/3256/3676 910/1866/1779
f 873/1836/1723 1181/1981/1964 4075/1969/3804 1291/3239/3805
f 1181/1981/1964 875/1970/1963 1822/3243/3806 4075/1969/3804
f 4075/1969/3804 1822/3243/3806 894/3242/3632 2599/1969/3630
f 1291/3239/3805 4075/1969/3804 2599/1969/3630 896/3238/3612
f 879/1952/1924 2776/2037/2099 4076/3268/3807 2870/1822/3808
f 2776/2037/2099 881/1858/1800 1176/1876/1803 4076/3268/3807
f 4076/3268/3807 1176/1876/1803 887/1858/1805 2865/3268/3755
f 2870/1822/3808 4076/3268/3807 2865/3268/3755 892/1952/3671
f 875/1970/1963 2576/2009/3425 4077/3250/3809 1822/3243/3806
f 2576/2009/3425 542/1991/1976 2515/1872/2036 4077/3250/3809
f 4077/3250/3809 2515/1872/2036 918/1856/2040 2602/3249/3650
f 1822/3243/3806 4077/3250/3809 2602/3249/3650 894/3242/3632
f 872/1838/1725 3018/1837/1724 4078/3237/3810 3030/1820/1831
f 3018/1837/1724 873/1836/1723 1291/3239/3805 4078/3237/3810
f 4078/3237/3810 1291/3239/3805 896/3238/3612 2597/1837/3609
f 3030/1820/1831 4078/3237/3810 2597/1837/3609 886/1882/1832
f 882/1858/1763 3106/3096/3445 4079/1969/3811 1430/1859/1764
f 3106/3096/3445 880/2008/2015 3041/1836/2018 4079/1969/3811
f 4079/1969/3811 3041/1836/2018 891/2008/2023 1539/3268/3729
f 1430/1859/1764 4079/1969/3811 1539/3268/3729 890/1858/1765
f 559/1915/1871 1526/3110/3462 4080/3255/3812 2771/2017/2049
f 1526/3110/3462 554/1889/2054 1448/2021/2057 4080/3255/3812
f 4080/3255/3812 1448/2021/2057 936/1889/2062 3121/3103/3784
f 2771/2017/2049 4080/3255/3812 3121/3103/3784 943/1943/2050
f 877/1882/2019 2572/1895/3381 4081/3280/3813 2245/1820/2020
f 2572/1895/3381 854/3047/3380 2617/1893/3814 4081/3280/3813
f 4081/3280/3813 2617/1893/3814 920/3047/3639 2860/3245/3636
f 2245/1820/2020 4081/3280/3813 2860/3245/3636 919/1882/2021
f 865/1963/2089 1521/3070/3406 4082/2000/3815 1292/1917/3816
f 1521/3070/3406 546/1885/1818 1432/1888/1821 4082/2000/3815
f 4082/2000/3815 1432/1888/1821 898/1885/1826 1293/3082/3817
f 1292/1917/3816 4082/2000/3815 1293/3082/3817 897/1962/3818
f 536/1869/1913 1442/1948/1912 4083/2024/3819 3124/1869/3820
f 1442/1948/1912 258/1867/1911 1446/1848/2012 4083/2024/3819
f 4083/2024/3819 1446/1848/2012 928/1867/2014 3115/3262/3704
f 3124/1869/3820 4083/2024/3819 3115/3262/3704 932/1844/3687
f 856/1852/1748 2320/3057/3375 4084/1982/3821 3020/1842/1749
f 2320/3057/3375 253/1853/1753 2229/1839/1756 4084/1982/3821
f 4084/1982/3821 2229/1839/1756 921/1853/1758 1535/1982/3617
f 3020/1842/1749 4084/1982/3821 1535/1982/3617 914/1852/1750
f 550/1885/2058 2575/3082/3422 4085/3281/3822 2519/1888/2059
f 2575/3082/3422 866/1920/1877 1548/3282/3823 4085/3281/3822
f 4085/3281/3822 1548/3282/3823 900/1963/3824 1823/3082/3825
f 2519/1888/2059 4085/3281/3822 1823/3082/3825 899/1885/2060
f 878/1882/1926 2509/1950/1925 4086/1951/3826 2517/1820/2043
f 2509/1950/1925 879/1952/1924 2870/1822/3808 4086/1951/3826
f 4086/1951/3826 2870/1822/3808 892/1952/3671 2063/1950/3668
f 2517/1820/2043 4086/1951/3826 2063/1950/3668 893/1882/2044
f 537/1829/1714 3037/1977/1958 4087/1855/3827 1289/2004/3799
f 3037/1977/1958 536/1869/1913 3124/1869/3820 4087/1855/3827
f 4087/1855/3827 3124/1869/3820 932/1844/3687 2344/1854/3684
f 1289/2004/3799 4087/1855/3827 2344/1854/3684 917/2005/3683
f 854/3047/3380 2322/3078/3416 4088/2007/3828 2617/1893/3814
f 2322/3078/3416 229/1867/3415 2352/1867/3829 4088/2007/3828
f 4088/2007/3828 2352/1867/3829 922/3283/3830 3125/3284/3831
f 2617/1893/3814 4088/2007/3828 3125/3284/3831 920/3047/3639
f 863/1861/1838 1525/3099/3448 4089/1860/3832 2752/1894/1839
f 1525/3099/3448 858/1831/1716 1546/1831/3798 4089/1860/3832
f 4089/1860/3832 1546/1831/3798 902/1984/3698 2353/3101/3833
f 2752/1894/1839 4089/1860/3832 2353/3101/3833 901/1861/1840
f 570/1813/1698 2739/1812/1697 4090/3253/3834 1549/2023/3835
f 2739/1812/1697 543/1811/1696 2767/1856/2026 4090/3253/3834
f 4090/3253/3834 2767/1856/2026 934/2011/2028 2340/3252/3656
f 1549/2023/3835 4090/3253/3834 2340/3252/3656 933/3251/3655
f 867/1903/1856 1717/1902/1855 4091/1878/3836 1824/1801/3837
f 1717/1902/1855 869/1849/1744 2228/1849/1747 4091/1878/3836
f 4091/1878/3836 2228/1849/1747 906/1849/1752 1294/1877/3838
f 1824/1801/3837 4091/1878/3836 1294/1877/3838 905/1801/3839
f 857/1985/1969 1269/3100/3451 4092/3101/3840 1182/1984/2006
f 1269/3100/3451 864/1930/1895 3039/1932/1987 4092/3101/3840
f 4092/3101/3840 3039/1932/1987 904/1930/1991 2871/3100/3841
f 1182/1984/2006 4092/3101/3840 2871/3100/3841 903/1985/2007
f 866/1920/1877 1438/1921/1876 4093/3285/3842 1548/3282/3823
f 1438/1921/1876 867/1903/1856 1824/1801/3837 4093/3285/3842
f 4093/3285/3842 1824/1801/3837 905/1801/3839 2070/2032/3843
f 1548/3282/3823 4093/3285/3842 2070/2032/3843 900/1963/3824
f 568/1943/1904 1721/1942/1903 4094/3269/3844 3126/3266/3845
f 1721/1942/1903 563/1941/1902 1727/1941/1983 4094/3269/3844
f 4094/3269/3844 1727/1941/1983 938/1998/1985 1543/3269/3740
f 3126/3266/3845 4094/3269/3844 1543/3269/3740 945/3258/3724
f 852/1891/1845 3104/3078/3442 4095/2006/3846 1961/1891/1846
f 3104/3078/3442 256/1867/1782 3023/1867/1785 4095/2006/3846
f 4095/2006/3846 3023/1867/1785 924/1867/1790 2071/3286/3847
f 1961/1891/1846 4095/2006/3846 2071/3286/3847 884/1891/1847
f 868/1801/1808 1189/2032/2090 4096/3287/3848 1959/1801/1809
f 1189/2032/2090 865/1963/2089 1292/1917/3816 4096/3287/3848
f 4096/3287/3848 1292/1917/3816 897/1962/3818 1295/3288/3849
f 1959/1801/1809 4096/3287/3848 1295/3288/3849 907/1801/1810
f 569/1813/1955 3035/1974/1954 4097/3265/3850 1183/2013/2037
f 3035/1974/1954 568/1943/1904 3126/3266/3845 4097/3265/3850
f 4097/3265/3850 3126/3266/3845 945/3258/3724 1282/3241/3721
f 1183/2013/2037 4097/3265/3850 1282/3241/3721 937/1813/2038
f 562/1889/1886 1440/1929/1885 4098/3289/3851 1547/2021/3801
f 1440/1929/1885 564/1928/1884 2072/3260/3852 4098/3289/3851
f 4098/3289/3851 2072/3260/3852 946/3258/3692 2613/3263/3710
f 1547/2021/3801 4098/3289/3851 2613/3263/3710 942/1889/3709
f 564/1928/1884 1963/1955/1929 4099/3259/3853 2072/3260/3852
f 1963/1955/1929 570/1813/1698 1549/2023/3835 4099/3259/3853
f 4099/3259/3853 1549/2023/3835 933/3251/3655 2346/3259/3693
f 2072/3260/3852 4099/3259/3853 2346/3259/3693 946/3258/3692
f 229/1867/3415 2325/3106/3457 4100/3290/3854 2352/1867/3829
f 2325/3106/3457 235/1847/1864 1825/3291/3855 4100/3290/3854
f 4100/3290/3854 1825/3291/3855 925/1844/3856 1550/1845/3857
f 2352/1867/3829 4100/3290/3854 1550/1845/3857 922/3283/3830
f 553/1889/1822 1270/3103/3454 4101/3255/3858 1177/1890/1823
f 1270/3103/3454 555/1943/2063 1732/2017/2066 4101/3255/3858
f 4101/3255/3858 1732/2017/2066 944/1943/2071 2061/3254/3663
f 1177/1890/1823 4101/3255/3858 2061/3254/3663 940/1889/1824
f 561/1873/2067 1262/3041/3360 4102/3042/3859 1184/2023/2068
f 1262/3041/3360 545/1856/1759 1172/1856/1762 4102/3042/3859
f 4102/3042/3859 1172/1856/1762 889/1856/1767 1296/3041/3860
f 1184/2023/2068 4102/3042/3859 1296/3041/3860 935/1873/2069
f 235/1847/1864 1719/1908/1863 4103/2015/3861 1825/3291/3855
f 1719/1908/1863 255/1839/1726 2743/1839/1729 4103/2015/3861
f 4103/2015/3861 2743/1839/1729 915/1839/1734 1826/3292/3862
f 1825/3291/3855 4103/2015/3861 1826/3292/3862 925/1844/3856
f 987/1994/3863 2354/3293/3864 4104/3294/3865 3127/376/3866
f 2354/3293/3864 957/1882/3675 2355/1838/3867 4104/3294/3865
f 4104/3294/3865 2355/1838/3867 983/1881/3643 2861/3248/3642
f 3127/376/3866 4104/3294/3865 2861/3248/3642 984/3059/3641
f 998/1856/3660 2872/2009/3868 4105/2010/3869 2618/1856/3870
f 2872/2009/3868 959/2003/3871 2619/3243/3872 4105/2010/3869
f 4105/2010/3869 2619/3243/3872 958/3242/3634 2604/3249/3654
f 2618/1856/3870 4105/2010/3869 2604/3249/3654 982/2011/3653
f 957/1882/3675 2065/1950/3674 4106/3237/3873 2355/1838/3867
f 2065/1950/3674 956/1952/3673 1827/1822/3874 4106/3237/3873
f 4106/3237/3873 1827/1822/3874 955/2008/3733 1828/1950/3875
f 2355/1838/3867 4106/3237/3873 1828/1950/3875 983/1881/3643
f 950/1882/3616 2598/1837/3615 4107/3237/3876 1829/1820/3877
f 2598/1837/3615 960/3240/3614 3128/3295/3878 4107/3237/3876
f 4107/3237/3876 3128/3295/3878 994/3296/3879 1830/3297/3880
f 1829/1820/3877 4107/3237/3876 1830/3297/3880 947/1882/3794
f 963/3186/3881 1831/3298/3882 4108/3299/3883 1551/3300/3884
f 1831/3298/3882 964/3301/3885 1297/3302/3886 4108/3299/3883
f 4108/3299/3883 1297/3302/3886 961/2030/3887 1298/2196/3888
f 1551/3300/3884 4108/3299/3883 1298/2196/3888 962/3186/3889
f 967/1985/3890 2873/3100/3891 4109/3101/3892 2620/1984/3893
f 2873/3100/3891 968/1930/3777 2356/1849/3894 4109/3101/3892
f 4109/3101/3892 2356/1849/3894 965/1861/3766 2357/3100/3895
f 2620/1984/3893 4109/3101/3892 2357/3100/3895 966/1984/3703
f 964/3301/3885 2073/3303/3896 4110/3304/3897 1297/3302/3886
f 2073/3303/3896 969/3220/3898 1299/3220/3899 4110/3304/3897
f 4110/3304/3897 1299/3220/3899 971/1648/3752 1300/2028/3900
f 1297/3302/3886 4110/3304/3897 1300/2028/3900 961/2030/3887
f 974/1866/3682 2608/3257/3681 4111/3305/3901 2358/3306/3902
f 2608/3257/3681 975/1801/3680 2074/1933/3903 4111/3305/3901
f 4111/3305/3901 2074/1933/3903 972/1933/3775 2075/3307/3904
f 2358/3306/3902 4111/3305/3901 2075/3307/3904 973/3308/3905
f 978/1852/3623 1536/1982/3622 4112/3057/3906 1552/1842/3907
f 1536/1982/3622 985/2004/3621 1832/1839/3908 4112/3057/3906
f 4112/3057/3906 1832/1839/3908 979/1839/3720 1816/1840/3719
f 1552/1842/3907 4112/3057/3906 1816/1840/3719 980/1842/3718
f 948/1891/3792 2077/3286/3909 4113/2006/3910 2076/1891/3911
f 2077/3286/3909 988/1867/3912 2078/1867/3913 4113/2006/3910
f 4113/2006/3910 2078/1867/3913 992/1867/3707 2359/3286/3914
f 2076/1891/3911 4113/2006/3910 2359/3286/3914 949/1891/3771
f 985/2004/3621 1288/1957/3796 4114/3309/3915 1832/1839/3908
f 1288/1957/3796 991/3278/3783 2360/3310/3916 4114/3309/3915
f 4114/3309/3915 2360/3310/3916 989/3278/3917 1833/3205/3918
f 1832/1839/3908 4114/3309/3915 1833/3205/3918 979/1839/3720
f 981/2005/3691 2345/1854/3690 4115/3311/3919 3129/2004/3920
f 2345/1854/3690 996/1844/3689 1834/1869/3921 4115/3311/3919
f 4115/3311/3919 1834/1869/3921 995/1844/3922 3130/3292/3923
f 3129/2004/3920 4115/3311/3919 3130/3292/3923 976/1829/3924
f 952/1856/3762 3132/1870/3925 4116/3042/3926 3131/1856/3927
f 3132/1870/3925 1005/1873/3629 2874/1813/3928 4116/3042/3926
f 4116/3042/3926 2874/1813/3928 999/1873/3647 1301/3312/3929
f 3131/1856/3927 4116/3042/3926 1301/3312/3929 953/1856/3748
f 993/1885/3930 1303/3092/3931 4117/1996/3932 1302/3313/3933
f 1303/3092/3931 1006/1889/3714 1553/1889/3934 4117/1996/3932
f 4117/1996/3932 1553/1889/3934 1002/1998/3743 1554/1996/3935
f 1302/3313/3933 4117/1996/3932 1554/1996/3935 1003/3314/3936
f 1005/1873/3629 2338/3241/3628 4118/3315/3937 2874/1813/3928
f 2338/3241/3628 1007/1943/3627 2875/2017/3938 4118/3315/3937
f 4118/3315/3937 2875/2017/3938 1008/1943/3649 2863/2022/3648
f 2874/1813/3928 4118/3315/3937 2863/2022/3648 999/1873/3647
f 1001/1813/3728 1284/3267/3727 4119/3316/3939 2361/1813/3940
f 1284/3267/3727 1009/3258/3726 1304/3260/3941 4119/3316/3939
f 4119/3316/3939 1304/3260/3941 1010/3258/3697 2347/2022/3696
f 2361/1813/3940 4119/3316/3939 2347/2022/3696 997/3251/3662
f 949/1891/3771 2351/1892/3770 4120/1892/3942 2076/1891/3911
f 2351/1892/3770 950/1882/3616 1829/1820/3877 4120/1892/3942
f 4120/1892/3942 1829/1820/3877 947/1882/3794 1821/1895/3793
f 2076/1891/3911 4120/1892/3942 1821/1895/3793 948/1891/3792
f 953/1856/3748 1286/1857/3747 4121/1857/3943 3131/1856/3927
f 1286/1857/3747 954/1858/3735 2876/1859/3944 4121/1857/3943
f 4121/1857/3943 2876/1859/3944 951/1858/3758 2868/1874/3763
f 3131/1856/3927 4121/1857/3943 2868/1874/3763 952/1856/3762
f 956/1952/3673 2867/3268/3759 4122/3268/3945 1827/1822/3874
f 2867/3268/3759 951/1858/3758 2876/1859/3944 4122/3268/3945
f 4122/3268/3945 2876/1859/3944 954/1858/3735 1540/3268/3734
f 1827/1822/3874 4122/3268/3945 1540/3268/3734 955/2008/3733
f 960/3240/3614 2601/3244/3635 4123/1969/3946 3128/3295/3878
f 2601/3244/3635 958/3242/3634 2619/3243/3872 4123/1969/3946
f 4123/1969/3946 2619/3243/3872 959/2003/3871 2877/2002/3947
f 3128/3295/3878 4123/1969/3946 2877/2002/3947 994/3296/3879
f 1003/3314/3936 2621/1863/3948 4124/3317/3949 1302/3313/3933
f 2621/1863/3948 974/1866/3682 2358/3306/3902 4124/3317/3949
f 4124/3317/3949 2358/3306/3902 973/3308/3905 2362/1863/3950
f 1302/3313/3933 4124/3317/3949 2362/1863/3950 993/1885/3930
f 980/1842/3718 1305/1860/3951 4125/1860/3952 1552/1842/3907
f 1305/1860/3951 977/1932/3754 1555/1849/3953 4125/1860/3952
f 4125/1860/3952 1555/1849/3953 970/1849/3739 1542/1850/3738
f 1552/1842/3907 4125/1860/3952 1542/1850/3738 978/1852/3623
f 969/3220/3898 1306/3272/3954 4126/3318/3955 1299/3220/3899
f 1306/3272/3954 970/1849/3739 1555/1849/3953 4126/3318/3955
f 4126/3318/3955 1555/1849/3953 977/1932/3754 1819/3272/3753
f 1299/3220/3899 4126/3318/3955 1819/3272/3753 971/1648/3752
f 975/1801/3680 2349/1877/3767 4127/3319/3956 2074/1933/3903
f 2349/1877/3767 965/1861/3766 2356/1849/3894 4127/3319/3956
f 4127/3319/3956 2356/1849/3894 968/1930/3777 3120/1931/3776
f 2074/1933/3903 4127/3319/3956 3120/1931/3776 972/1933/3775
f 966/1984/3703 2611/1830/3702 4128/3261/3957 2620/1984/3893
f 2611/1830/3702 981/2005/3691 3129/2004/3920 4128/3261/3957
f 4128/3261/3957 3129/2004/3920 976/1829/3924 2878/1830/3958
f 2620/1984/3893 4128/3261/3957 2878/1830/3958 967/1985/3890
f 984/3059/3641 3133/3075/3959 4129/3320/3960 3127/376/3866
f 3133/3075/3959 986/2038/3961 1556/3321/3962 4129/3320/3960
f 4129/3320/3960 1556/3321/3962 990/3276/3781 1835/3322/3963
f 3127/376/3866 4129/3320/3960 1835/3322/3963 987/1994/3863
f 991/3278/3783 2616/3277/3782 4130/3323/3964 2360/3310/3916
f 2616/3277/3782 990/3276/3781 1556/3321/3962 4130/3323/3964
f 4130/3323/3964 1556/3321/3962 986/2038/3961 1557/2039/3965
f 2360/3310/3916 4130/3323/3964 1557/2039/3965 989/3278/3917
f 996/1844/3689 3117/3262/3708 4131/2024/3966 1834/1869/3921
f 3117/3262/3708 992/1867/3707 2078/1867/3913 4131/2024/3966
f 4131/2024/3966 2078/1867/3913 988/1867/3912 2079/3324/3967
f 1834/1869/3921 4131/2024/3966 2079/3324/3967 995/1844/3922
f 982/2011/3653 2622/1870/3968 4132/3042/3969 2618/1856/3870
f 2622/1870/3968 1001/1813/3728 2361/1813/3940 4132/3042/3969
f 4132/3042/3969 2361/1813/3940 997/3251/3662 2341/3041/3661
f 2618/1856/3870 4132/3042/3969 2341/3041/3661 998/1856/3660
f 962/3186/3889 1558/3325/3970 4133/3326/3971 1551/3300/3884
f 1558/3325/3970 1004/1889/3667 3134/3327/3972 4133/3326/3971
f 4133/3326/3971 3134/3327/3972 1000/1889/3787 1836/3328/3973
f 1551/3300/3884 4133/3326/3971 1836/3328/3973 963/3186/3881
f 1007/1943/3627 3123/3103/3788 4134/3255/3974 2875/2017/3938
f 3123/3103/3788 1000/1889/3787 3134/3327/3972 4134/3255/3974
f 4134/3255/3974 3134/3327/3972 1004/1889/3667 2062/3254/3666
f 2875/2017/3938 4134/3255/3974 2062/3254/3666 1008/1943/3649
f 1009/3258/3726 1545/3270/3744 4135/3264/3975 1304/3260/3941
f 1545/3270/3744 1002/1998/3743 1553/1889/3934 4135/3264/3975
f 4135/3264/3975 1553/1889/3934 1006/1889/3714 2614/3264/3713
f 1304/3260/3941 4135/3264/3975 2614/3264/3713 1010/3258/3697
f 923/1891/2033 2248/1892/2045 4136/3329/3976 1837/3330/3977
f 2248/1892/2045 893/1882/2044 2342/1820/3670 4136/3329/3976
f 4136/3329/3976 2342/1820/3670 957/1882/3675 2354/3293/3864
f 1837/3330/3977 4136/3329/3976 2354/3293/3864 987/1994/3863
f 920/3047/3639 3125/3284/3831 4137/3331/3978 3113/3247/3640
f 3125/3284/3831 922/3283/3830 1559/3332/3979 4137/3331/3978
f 4137/3331/3978 1559/3332/3979 986/2038/3961 3133/3075/3959
f 3113/3247/3640 4137/3331/3978 3133/3075/3959 984/3059/3641
f 934/2011/2028 2769/2009/2027 4138/2010/3980 2605/1856/3659
f 2769/2009/2027 895/2003/2003 2879/1970/3981 4138/2010/3980
f 4138/2010/3980 2879/1970/3981 959/2003/3871 2872/2009/3868
f 2605/1856/3659 4138/2010/3980 2872/2009/3868 998/1856/3660
f 935/1873/2069 1296/3041/3860 4139/3042/3982 2862/2023/3646
f 1296/3041/3860 889/1856/1767 1285/1856/3746 4139/3042/3982
f 4139/3042/3982 1285/1856/3746 953/1856/3748 1301/3312/3929
f 2862/2023/3646 4139/3042/3982 1301/3312/3929 999/1873/3647
f 897/1962/3818 1293/3082/3817 4140/3062/3983 1307/2031/3984
f 1293/3082/3817 898/1885/1826 1560/3333/3985 4140/3062/3983
f 4140/3062/3983 1560/3333/3985 962/3186/3889 1298/2196/3888
f 1307/2031/3984 4140/3062/3983 1298/2196/3888 961/2030/3887
f 936/1889/2062 1731/2019/2061 4141/3334/3986 3122/2021/3786
f 1731/2019/2061 899/1885/2060 1838/3335/3987 4141/3334/3986
f 4141/3334/3986 1838/3335/3987 963/3186/3881 1836/3328/3973
f 3122/2021/3786 4141/3334/3986 1836/3328/3973 1000/1889/3787
f 899/1885/2060 1823/3082/3825 4142/3336/3988 1838/3335/3987
f 1823/3082/3825 900/1963/3824 2080/3337/3989 4142/3336/3988
f 4142/3336/3988 2080/3337/3989 964/3301/3885 1831/3298/3882
f 1838/3335/3987 4142/3336/3988 1831/3298/3882 963/3186/3881
f 931/1844/1788 3042/1854/2047 4143/2015/3990 1839/1869/3991
f 3042/1854/2047 912/2005/2009 3135/2004/3992 4143/2015/3990
f 4143/2015/3990 3135/2004/3992 976/1829/3924 3130/3292/3923
f 1839/1869/3991 4143/2015/3990 3130/3292/3923 995/1844/3922
f 884/1891/1847 2071/3286/3847 4144/2006/3993 2069/1891/3791
f 2071/3286/3847 924/1867/1790 2081/1867/3994 4144/2006/3993
f 4144/2006/3993 2081/1867/3994 988/1867/3912 2077/3286/3909
f 2069/1891/3791 4144/2006/3993 2077/3286/3909 948/1891/3792
f 901/1861/1840 2353/3101/3833 4145/1860/3995 2348/1894/3765
f 2353/3101/3833 902/1984/3698 2609/1831/3701 4145/1860/3995
f 4145/1860/3995 2609/1831/3701 966/1984/3703 2357/3100/3895
f 2348/1894/3765 4145/1860/3995 2357/3100/3895 965/1861/3766
f 922/3283/3830 1550/1845/3857 4146/3338/3996 1559/3332/3979
f 1550/1845/3857 925/1844/3856 2363/3339/3997 4146/3338/3996
f 4146/3338/3996 2363/3339/3997 989/3278/3917 1557/2039/3965
f 1559/3332/3979 4146/3338/3996 1557/2039/3965 986/2038/3961
f 903/1985/2007 2871/3100/3841 4147/3101/3998 2880/1984/3999
f 2871/3100/3841 904/1930/1991 3119/1932/3773 4147/3101/3998
f 4147/3101/3998 3119/1932/3773 968/1930/3777 2873/3100/3891
f 2880/1984/3999 4147/3101/3998 2873/3100/3891 967/1985/3890
f 918/1856/2040 2516/2014/2039 4148/1871/4000 2603/1872/3652
f 2516/2014/2039 937/1813/2038 1281/2013/3723 4148/1871/4000
f 4148/1871/4000 1281/2013/3723 1001/1813/3728 2622/1870/3968
f 2603/1872/3652 4148/1871/4000 2622/1870/3968 982/2011/3653
f 925/1844/3856 1826/3292/3862 4149/1958/4001 2363/3339/3997
f 1826/3292/3862 915/1839/1734 1815/1839/3716 4149/1958/4001
f 4149/1958/4001 1815/1839/3716 979/1839/3720 1833/3205/3918
f 2363/3339/3997 4149/1958/4001 1833/3205/3918 989/3278/3917
f 905/1801/3839 1294/1877/3838 4150/3340/4002 1308/3215/4003
f 1294/1877/3838 906/1849/1752 1541/1849/3737 4150/3340/4002
f 4150/3340/4002 1541/1849/3737 970/1849/3739 1306/3272/3954
f 1308/3215/4003 4150/3340/4002 1306/3272/3954 969/3220/3898
f 939/1862/1781 2502/1863/1780 4151/1864/4004 1840/1865/4005
f 2502/1863/1780 910/1866/1779 2606/1804/3678 4151/1864/4004
f 4151/1864/4004 2606/1804/3678 974/1866/3682 2621/1863/3948
f 1840/1865/4005 4151/1864/4004 2621/1863/3948 1003/3314/3936
f 891/2008/2023 1729/1950/2022 4152/1950/4006 1817/1836/3732
f 1729/1950/2022 919/1882/2021 2859/1820/3638 4152/1950/4006
f 4152/1950/4006 2859/1820/3638 983/1881/3643 1828/1950/3875
f 1817/1836/3732 4152/1950/4006 1828/1950/3875 955/2008/3733
f 900/1963/3824 2070/2032/3843 4153/2029/4007 2080/3337/3989
f 2070/2032/3843 905/1801/3839 1308/3215/4003 4153/2029/4007
f 4153/2029/4007 1308/3215/4003 969/3220/3898 2073/3303/3896
f 2080/3337/3989 4153/2029/4007 2073/3303/3896 964/3301/3885
f 895/2003/2003 2765/2002/2002 4154/2001/4008 2879/1970/3981
f 2765/2002/2002 930/1884/1817 1561/1880/4009 4154/2001/4008
f 4154/2001/4008 1561/1880/4009 994/3296/3879 2877/2002/3947
f 2879/1970/3981 4154/2001/4008 2877/2002/3947 959/2003/3871
f 907/1801/1810 1295/3288/3849 4155/3341/4010 1818/3215/3751
f 1295/3288/3849 897/1962/3818 1307/2031/3984 4155/3341/4010
f 4155/3341/4010 1307/2031/3984 961/2030/3887 1300/2028/3900
f 1818/3215/3751 4155/3341/4010 1300/2028/3900 971/1648/3752
f 938/1998/1985 1445/1996/1984 4156/1996/4011 1544/1941/3742
f 1445/1996/1984 939/1862/1781 1840/1865/4005 4156/1996/4011
f 4156/1996/4011 1840/1865/4005 1003/3314/3936 1554/1996/3935
f 1544/1941/3742 4156/1996/4011 1554/1996/3935 1002/1998/3743
f 898/1885/1826 1434/1886/1825 4157/3342/4012 1560/3333/3985
f 1434/1886/1825 940/1889/1824 2060/1890/3665 4157/3342/4012
f 4157/3342/4012 2060/1890/3665 1004/1889/3667 1558/3325/3970
f 1560/3333/3985 4157/3342/4012 1558/3325/3970 962/3186/3889
f 926/1848/1741 1730/2012/2034 4158/3331/4013 2615/3275/3780
f 1730/2012/2034 923/1891/2033 1837/3330/3977 4158/3331/4013
f 4158/3331/4013 1837/3330/3977 987/1994/3863 1835/3322/3963
f 2615/3275/3780 4158/3331/4013 1835/3322/3963 990/3276/3781
f 888/1856/1799 3028/1870/1798 4159/1871/4014 3118/1872/3761
f 3028/1870/1798 941/1873/1797 2337/1813/3625 4159/1871/4014
f 4159/1871/4014 2337/1813/3625 1005/1873/3629 3132/1870/3925
f 3118/1872/3761 4159/1871/4014 3132/1870/3925 952/1856/3762
f 928/1867/2014 2243/2006/2013 4160/2007/4015 3116/1848/3706
f 2243/2006/2013 885/1891/1834 2350/1893/3769 4160/2007/4015
f 4160/2007/4015 2350/1893/3769 949/1891/3771 2359/3286/3914
f 3116/1848/3706 4160/2007/4015 2359/3286/3914 992/1867/3707
f 908/1933/1989 1968/1960/2053 4161/1961/4016 2068/1934/3774
f 1968/1960/2053 909/1964/1999 2364/1963/4017 4161/1961/4016
f 4161/1961/4016 2364/1963/4017 973/3308/3905 2075/3307/3904
f 2068/1934/3774 4161/1961/4016 2075/3307/3904 972/1933/3775
f 916/1842/1732 1175/1860/1773 4162/1851/4018 2067/1843/3717
f 1175/1860/1773 913/1861/1772 1287/1932/3750 4162/1851/4018
f 4162/1851/4018 1287/1932/3750 977/1932/3754 1305/1860/3951
f 2067/1843/3717 4162/1851/4018 1305/1860/3951 980/1842/3718
f 909/1964/1999 2241/1999/1998 4163/2000/4019 2364/1963/4017
f 2241/1999/1998 929/1885/1997 1309/1885/4020 4163/2000/4019
f 4163/2000/4019 1309/1885/4020 993/1885/3930 2362/1863/3950
f 2364/1963/4017 4163/2000/4019 2362/1863/3950 973/3308/3905
f 929/1885/1997 1290/1886/3802 4164/3092/4021 1309/1885/4020
f 1290/1886/3802 942/1889/3709 2612/2021/3712 4164/3092/4021
f 4164/3092/4021 2612/2021/3712 1006/1889/3714 1303/3092/3931
f 1309/1885/4020 4164/3092/4021 1303/3092/3931 993/1885/3930
f 930/1884/1817 1711/1883/1816 4165/1879/4022 1561/1880/4009
f 1711/1883/1816 883/1882/1815 1820/1881/3790 4165/1879/4022
f 4165/1879/4022 1820/1881/3790 947/1882/3794 1830/3297/3880
f 1561/1880/4009 4165/1879/4022 1830/3297/3880 994/3296/3879
f 924/1867/1790 1957/1845/1789 4166/1868/4023 2081/1867/3994
f 1957/1845/1789 931/1844/1788 1839/1869/3991 4166/1868/4023
f 4166/1868/4023 1839/1869/3991 995/1844/3922 2079/3324/3967
f 2081/1867/3994 4166/1868/4023 2079/3324/3967 988/1867/3912
f 912/2005/2009 2766/1830/2008 4167/1983/4024 3135/2004/3992
f 2766/1830/2008 903/1985/2007 2880/1984/3999 4167/1983/4024
f 4167/1983/4024 2880/1984/3999 967/1985/3890 2878/1830/3958
f 3135/2004/3992 4167/1983/4024 2878/1830/3958 976/1829/3924
usemtl hole
f 461/2805/2978 2830/2806/2979 3843/2803/2976 2299/2802/2975
f 735/271/2981 2831/2809/2982 3843/2803/2976 2917/272/2980
f 735/271/2981 1777/2645/3181 3892/2938/3179 2831/2809/2982
f 461/2805/2978 2299/2802/2975 3892/2938/3179 1508/2940/3182
f 1024/2801/2974 3093/2941/3183 3892/2938/3179 2299/2802/2975
s 0
f 4177/3402/4063 2624/3405/4063 30/3398/4063 2623/3395/4063
f 2369/3439/4090 53/3442/4090 1567/3443/4090 4184/3440/4090
f 56/578/4095 2370/3450/4095 4185/3446/4095 3140/3449/4095
f 1570/3482/4119 74/3485/4119 2890/3486/4119 4191/3483/4119
f 92/3523/4146 2091/3524/4146 4198/3525/4146 1315/3526/4146
f 95/3527/4147 1847/3528/4147 4198/3525/4147 2091/3524/4147
f 3/3529/4148 1841/3530/4148 4198/3525/4148 1847/3528/4148
f 5/3531/4149 2366/3532/4149 4198/3525/4149 1841/3530/4149
f 9/3533/4150 1311/3534/4150 4198/3525/4150 2366/3532/4150
f 11/3535/4151 1844/3536/4151 4198/3525/4151 1311/3534/4151
f 15/3537/4152 2882/3538/4152 4198/3525/4152 1844/3536/4152
f 17/3539/4153 1313/3540/4153 4198/3525/4153 2882/3538/4153
f 21/3541/4154 2368/3542/4154 4198/3525/4154 1313/3540/4154
f 24/3543/4155 3137/3544/4155 4198/3525/4155 2368/3542/4155
f 26/3545/4156 1563/3546/4156 4198/3525/4156 3137/3544/4156
f 30/3547/4157 2624/3548/4157 4198/3525/4157 1563/3546/4157
f 32/3549/4158 3139/3550/4158 4198/3525/4158 2624/3548/4158
f 35/3551/4159 1846/3552/4159 4198/3525/4159 3139/3550/4159
f 39/3553/4160 2884/3554/4160 4198/3525/4160 1846/3552/4160
f 42/3555/4161 1565/3556/4161 4198/3525/4161 2884/3554/4161
f 44/3557/4162 2083/3558/4162 4198/3525/4162 1565/3556/4162
f 47/3559/4163 2886/3560/4163 4198/3525/4163 2083/3558/4163
f 50/3561/4164 1567/3562/4164 4198/3525/4164 2886/3560/4164
f 53/3563/4165 2370/3564/4165 4198/3525/4165 1567/3562/4165
f 56/3565/4166 3141/3566/4166 4198/3525/4166 2370/3564/4166
f 60/3567/4167 2085/3568/4167 4198/3525/4167 3141/3566/4167
f 63/3569/4168 2888/3570/4168 4198/3525/4168 2085/3568/4168
f 66/3571/4169 1569/3572/4169 4198/3525/4169 2888/3570/4169
f 68/3573/4170 2087/3574/4170 4198/3525/4170 1569/3572/4170
f 71/3575/4171 2890/3576/4171 4198/3525/4171 2087/3574/4171
f 74/3577/4172 1571/3578/4172 4198/3525/4172 2890/3576/4172
f 78/3579/4173 2626/3580/4173 4198/3525/4173 1571/3578/4173
f 80/3581/4174 3143/3582/4174 4198/3525/4174 2626/3580/4174
f 84/3583/4175 2089/3584/4175 4198/3525/4175 3143/3582/4175
f 87/3585/4176 2892/3586/4176 4198/3525/4176 2089/3584/4176
f 89/3587/4177 1315/3526/4177 4198/3525/4177 2892/3586/4177
