# Blender 5.1.2
# www.blender.org
mtllib Toolbox.mtl
o BottomBase
v -0.188500 0.000000 0.098500
v -0.188500 0.001500 0.100000
v -0.190000 0.001500 0.098500
v -0.188500 0.000439 0.099561
v -0.189366 0.000634 0.099366
v -0.189561 0.001500 0.099561
v -0.189561 0.000439 0.098500
v -0.188500 0.006500 0.100000
v -0.188500 0.008000 0.098500
v -0.190000 0.006500 0.098500
v -0.188500 0.007561 0.099561
v -0.189366 0.007366 0.099366
v -0.189561 0.007561 0.098500
v -0.189561 0.006500 0.099561
v -0.188500 0.000000 -0.098500
v -0.190000 0.001500 -0.098500
v -0.188500 0.001500 -0.100000
v -0.189561 0.000439 -0.098500
v -0.189366 0.000634 -0.099366
v -0.189561 0.001500 -0.099561
v -0.188500 0.000439 -0.099561
v -0.188500 0.008000 -0.098500
v -0.188500 0.006500 -0.100000
v -0.190000 0.006500 -0.098500
v -0.188500 0.007561 -0.099561
v -0.189366 0.007366 -0.099366
v -0.189561 0.006500 -0.099561
v -0.189561 0.007561 -0.098500
v 0.188500 0.000000 0.098500
v 0.190000 0.001500 0.098500
v 0.188500 0.001500 0.100000
v 0.189561 0.000439 0.098500
v 0.189366 0.000634 0.099366
v 0.189561 0.001500 0.099561
v 0.188500 0.000439 0.099561
v 0.188500 0.008000 0.098500
v 0.188500 0.006500 0.100000
v 0.190000 0.006500 0.098500
v 0.188500 0.007561 0.099561
v 0.189366 0.007366 0.099366
v 0.189561 0.006500 0.099561
v 0.189561 0.007561 0.098500
v 0.188500 0.000000 -0.098500
v 0.188500 0.001500 -0.100000
v 0.190000 0.001500 -0.098500
v 0.188500 0.000439 -0.099561
v 0.189366 0.000634 -0.099366
v 0.189561 0.001500 -0.099561
v 0.189561 0.000439 -0.098500
v 0.188500 0.008000 -0.098500
v 0.190000 0.006500 -0.098500
v 0.188500 0.006500 -0.100000
v 0.189561 0.007561 -0.098500
v 0.189366 0.007366 -0.099366
v 0.189561 0.006500 -0.099561
v 0.188500 0.007561 -0.099561
vn -0.3251 -0.8881 0.3251
vn -0.3251 -0.3251 0.8881
vn -0.8881 -0.3250 0.3251
vn -0.3251 0.3251 0.8881
vn -0.3251 0.8881 0.3251
vn -0.8881 0.3250 0.3250
vn -0.3251 -0.8881 -0.3251
vn -0.8881 -0.3251 -0.3251
vn -0.3251 -0.3251 -0.8881
vn -0.3251 0.8881 -0.3251
vn -0.3251 0.3251 -0.8881
vn -0.8881 0.3250 -0.3251
vn 0.3251 -0.8881 0.3251
vn 0.8881 -0.3251 0.3251
vn 0.3251 -0.3251 0.8881
vn 0.3251 0.8881 0.3251
vn 0.3251 0.3251 0.8881
vn 0.8881 0.3250 0.3251
vn 0.3251 -0.8881 -0.3251
vn 0.3251 -0.3251 -0.8881
vn 0.8881 -0.3250 -0.3251
vn 0.3251 0.8881 -0.3251
vn 0.8881 0.3251 -0.3251
vn 0.3251 0.3251 -0.8881
vn -0.3827 -0.9239 -0.0000
vn -0.9239 -0.3827 -0.0000
vn -0.3827 -0.0000 0.9239
vn -0.9239 -0.0000 0.3827
vn -0.3827 0.9239 -0.0000
vn -0.9239 0.3827 -0.0000
vn -0.3827 -0.0000 -0.9239
vn -0.9239 -0.0000 -0.3827
vn -0.0000 -0.9239 -0.3827
vn -0.0000 -0.3827 -0.9239
vn -0.0000 0.9239 -0.3827
vn -0.0000 0.3827 -0.9239
vn 0.9239 -0.0000 -0.3827
vn 0.3827 -0.0000 -0.9239
vn 0.3827 -0.9239 -0.0000
vn 0.9239 -0.3827 -0.0000
vn 0.3827 0.9239 -0.0000
vn 0.9239 0.3827 -0.0000
vn 0.3827 -0.0000 0.9239
vn 0.9239 -0.0000 0.3827
vn -0.0000 -0.9239 0.3827
vn -0.0000 -0.3827 0.9239
vn -0.0000 0.9239 0.3827
vn -0.0000 0.3827 0.9239
vn -0.0000 -1.0000 -0.0000
vn -1.0000 -0.0000 -0.0000
vn -0.0000 -0.0000 1.0000
vn -0.0000 1.0000 -0.0000
vn -0.0000 -0.0000 -1.0000
vn 1.0000 -0.0000 -0.0000
vt 0.125987 0.748125
vt 0.125987 0.750000
vt 0.125417 0.750000
vt 0.125000 0.748125
vt 0.421875 0.999013
vt 0.421875 1.000000
vt 0.394812 1.000000
vt 0.375000 0.999013
vt 0.421875 0.001875
vt 0.375000 0.001875
vt 0.375000 0.000792
vt 0.421875 0.000000
vt 0.578125 0.999013
vt 0.625000 0.999013
vt 0.625000 0.999583
vt 0.578125 1.000000
vt 0.874013 0.748125
vt 0.875000 0.748125
vt 0.875000 0.749207
vt 0.874013 0.750000
vt 0.578125 0.001875
vt 0.578125 0.000000
vt 0.605188 0.000000
vt 0.625000 0.001875
vt 0.125987 0.501875
vt 0.125000 0.501875
vt 0.125000 0.500792
vt 0.125987 0.500000
vt 0.421875 0.248125
vt 0.421875 0.250000
vt 0.384906 0.250209
vt 0.375000 0.248125
vt 0.421875 0.250987
vt 0.375000 0.250987
vt 0.874013 0.501875
vt 0.874013 0.500000
vt 0.874583 0.500000
vt 0.875000 0.501875
vt 0.578125 0.250987
vt 0.578125 0.250000
vt 0.615094 0.249604
vt 0.625000 0.250987
vt 0.578125 0.248125
vt 0.625000 0.248125
vt 0.374013 0.748125
vt 0.375000 0.748125
vt 0.381604 0.749875
vt 0.374507 0.750493
vt 0.421875 0.748125
vt 0.421875 0.750000
vt 0.421875 0.750987
vt 0.625987 0.748125
vt 0.625493 0.750493
vt 0.618535 0.749736
vt 0.625000 0.748125
vt 0.578125 0.750987
vt 0.578125 0.750000
vt 0.578125 0.748125
vt 0.374013 0.501875
vt 0.374507 0.499507
vt 0.381465 0.500264
vt 0.375000 0.501875
vt 0.421875 0.499013
vt 0.421875 0.500000
vt 0.421875 0.501875
vt 0.625987 0.501875
vt 0.625000 0.501875
vt 0.618396 0.500125
vt 0.625493 0.499507
vt 0.578125 0.501875
vt 0.578125 0.500000
vt 0.578125 0.499013
s 0
usemtl ToolboxBody.011
f 1/1/1 4/2/1 5/3/1 7/4/1
f 2/5/2 6/6/2 5/7/2 4/8/2
f 3/9/3 7/10/3 5/11/3 6/12/3
f 8/13/4 11/14/4 12/15/4 14/16/4
f 9/17/5 13/18/5 12/19/5 11/20/5
f 10/21/6 14/22/6 12/23/6 13/24/6
f 15/25/7 18/26/7 19/27/7 21/28/7
f 16/29/8 20/30/8 19/31/8 18/32/8
f 17/33/9 21/34/9 19/31/9 20/30/9
f 22/35/10 25/36/10 26/37/10 28/38/10
f 23/39/11 27/40/11 26/41/11 25/42/11
f 24/43/12 28/44/12 26/41/12 27/40/12
f 29/45/13 32/46/13 33/47/13 35/48/13
f 30/49/14 34/50/14 33/47/14 32/46/14
f 31/51/15 35/48/15 33/47/15 34/50/15
f 36/52/16 39/53/16 40/54/16 42/55/16
f 37/56/17 41/57/17 40/54/17 39/53/17
f 38/58/18 42/55/18 40/54/18 41/57/18
f 43/59/19 46/60/19 47/61/19 49/62/19
f 44/63/20 48/64/20 47/61/20 46/60/20
f 45/65/21 49/62/21 47/61/21 48/64/21
f 50/66/22 53/67/22 54/68/22 56/69/22
f 51/70/23 55/71/23 54/68/23 53/67/23
f 52/72/24 56/69/24 54/68/24 55/71/24
f 15/25/25 1/1/25 7/4/25 18/26/25
f 18/32/26 7/10/26 3/9/26 16/29/26
f 2/5/27 8/13/27 14/16/27 6/6/27
f 6/12/28 14/22/28 10/21/28 3/9/28
f 9/17/29 22/35/29 28/38/29 13/18/29
f 13/24/30 28/44/30 24/43/30 10/21/30
f 23/39/31 17/33/31 20/30/31 27/40/31
f 27/40/32 20/30/32 16/29/32 24/43/32
f 43/59/33 15/25/33 21/28/33 46/60/33
f 46/60/34 21/34/34 17/33/34 44/63/34
f 22/35/35 50/66/35 56/69/35 25/36/35
f 25/42/36 56/69/36 52/72/36 23/39/36
f 51/70/37 45/65/37 48/64/37 55/71/37
f 55/71/38 48/64/38 44/63/38 52/72/38
f 29/45/39 43/59/39 49/62/39 32/46/39
f 32/46/40 49/62/40 45/65/40 30/49/40
f 50/66/41 36/52/41 42/55/41 53/67/41
f 53/67/42 42/55/42 38/58/42 51/70/42
f 37/56/43 31/51/43 34/50/43 41/57/43
f 41/57/44 34/50/44 30/49/44 38/58/44
f 1/1/45 29/45/45 35/48/45 4/2/45
f 4/8/46 35/48/46 31/51/46 2/5/46
f 36/52/47 9/17/47 11/20/47 39/53/47
f 39/53/48 11/14/48 8/13/48 37/56/48
f 15/25/49 43/59/49 29/45/49 1/1/49
f 3/9/50 10/21/50 24/43/50 16/29/50
f 31/51/51 37/56/51 8/13/51 2/5/51
f 50/66/52 22/35/52 9/17/52 36/52/52
f 17/33/53 23/39/53 52/72/53 44/63/53
f 45/65/54 51/70/54 38/58/54 30/49/54
o FrontWall
v -0.188500 0.000000 0.098500
v -0.188500 0.001500 0.100000
v -0.190000 0.001500 0.098500
v -0.188500 0.000439 0.099561
v -0.189366 0.000634 0.099366
v -0.189561 0.001500 0.099561
v -0.189561 0.000439 0.098500
v -0.188500 0.158500 0.100000
v -0.188500 0.160000 0.098500
v -0.190000 0.158500 0.098500
v -0.188500 0.159561 0.099561
v -0.189366 0.159366 0.099366
v -0.189561 0.159561 0.098500
v -0.189561 0.158500 0.099561
v -0.188500 0.000000 0.093500
v -0.190000 0.001500 0.093500
v -0.188500 0.001500 0.092000
v -0.189561 0.000439 0.093500
v -0.189366 0.000634 0.092634
v -0.189561 0.001500 0.092439
v -0.188500 0.000439 0.092439
v -0.188500 0.160000 0.093500
v -0.188500 0.158500 0.092000
v -0.190000 0.158500 0.093500
v -0.188500 0.159561 0.092439
v -0.189366 0.159366 0.092634
v -0.189561 0.158500 0.092439
v -0.189561 0.159561 0.093500
v 0.188500 0.000000 0.098500
v 0.190000 0.001500 0.098500
v 0.188500 0.001500 0.100000
v 0.189561 0.000439 0.098500
v 0.189366 0.000634 0.099366
v 0.189561 0.001500 0.099561
v 0.188500 0.000439 0.099561
v 0.188500 0.160000 0.098500
v 0.188500 0.158500 0.100000
v 0.190000 0.158500 0.098500
v 0.188500 0.159561 0.099561
v 0.189366 0.159366 0.099366
v 0.189561 0.158500 0.099561
v 0.189561 0.159561 0.098500
v 0.188500 0.000000 0.093500
v 0.188500 0.001500 0.092000
v 0.190000 0.001500 0.093500
v 0.188500 0.000439 0.092439
v 0.189366 0.000634 0.092634
v 0.189561 0.001500 0.092439
v 0.189561 0.000439 0.093500
v 0.188500 0.160000 0.093500
v 0.190000 0.158500 0.093500
v 0.188500 0.158500 0.092000
v 0.189561 0.159561 0.093500
v 0.189366 0.159366 0.092634
v 0.189561 0.158500 0.092439
v 0.188500 0.159561 0.092439
vn -0.3251 -0.8881 0.3251
vn -0.3251 -0.3251 0.8881
vn -0.8881 -0.3250 0.3251
vn -0.3251 0.3251 0.8881
vn -0.3251 0.8881 0.3251
vn -0.8881 0.3250 0.3251
vn -0.3251 -0.8881 -0.3251
vn -0.8881 -0.3251 -0.3251
vn -0.3251 -0.3251 -0.8881
vn -0.3251 0.8881 -0.3251
vn -0.3251 0.3251 -0.8881
vn -0.8881 0.3250 -0.3251
vn 0.3251 -0.8881 0.3251
vn 0.8881 -0.3251 0.3251
vn 0.3251 -0.3251 0.8881
vn 0.3251 0.8881 0.3251
vn 0.3251 0.3251 0.8881
vn 0.8881 0.3250 0.3251
vn 0.3251 -0.8881 -0.3251
vn 0.3251 -0.3251 -0.8881
vn 0.8881 -0.3250 -0.3251
vn 0.3251 0.8881 -0.3251
vn 0.8881 0.3251 -0.3251
vn 0.3251 0.3251 -0.8881
vn -0.3827 -0.9239 -0.0000
vn -0.9239 -0.3827 -0.0000
vn -0.3827 -0.0000 0.9239
vn -0.9239 -0.0000 0.3827
vn -0.3827 0.9239 -0.0000
vn -0.9239 0.3827 -0.0000
vn -0.3827 -0.0000 -0.9239
vn -0.9239 -0.0000 -0.3827
vn -0.0000 -0.9239 -0.3827
vn -0.0000 -0.3827 -0.9239
vn -0.0000 0.9239 -0.3827
vn -0.0000 0.3827 -0.9239
vn 0.9239 -0.0000 -0.3827
vn 0.3827 -0.0000 -0.9239
vn 0.3827 -0.9239 -0.0000
vn 0.9239 -0.3827 -0.0000
vn 0.3827 0.9239 -0.0000
vn 0.9239 0.3827 -0.0000
vn 0.3827 -0.0000 0.9239
vn 0.9239 -0.0000 0.3827
vn -0.0000 -0.9239 0.3827
vn -0.0000 -0.3827 0.9239
vn -0.0000 0.9239 0.3827
vn -0.0000 0.3827 0.9239
vn -0.0000 -1.0000 -0.0000
vn -1.0000 -0.0000 -0.0000
vn -0.0000 -0.0000 1.0000
vn -0.0000 1.0000 -0.0000
vn -0.0000 -0.0000 -1.0000
vn 1.0000 -0.0000 -0.0000
vt 0.125987 0.703125
vt 0.125987 0.750000
vt 0.125417 0.750000
vt 0.125000 0.703125
vt 0.377344 0.999013
vt 0.377344 1.000000
vt 0.375991 1.000000
vt 0.375000 0.999013
vt 0.377344 0.046875
vt 0.375000 0.046875
vt 0.375000 0.019812
vt 0.377344 0.000000
vt 0.622656 0.999013
vt 0.625000 0.999013
vt 0.625000 0.999583
vt 0.622656 1.000000
vt 0.874013 0.703125
vt 0.875000 0.703125
vt 0.875000 0.730188
vt 0.874013 0.750000
vt 0.622656 0.046875
vt 0.622656 0.000000
vt 0.624009 0.000000
vt 0.625000 0.046875
vt 0.125987 0.546875
vt 0.125000 0.546875
vt 0.125000 0.519812
vt 0.125987 0.500000
vt 0.377344 0.203125
vt 0.377344 0.250000
vt 0.375495 0.250209
vt 0.375000 0.203125
vt 0.377344 0.250987
vt 0.375000 0.250987
vt 0.874013 0.546875
vt 0.874013 0.500000
vt 0.874583 0.500000
vt 0.875000 0.546875
vt 0.622656 0.250987
vt 0.622656 0.250000
vt 0.624505 0.240094
vt 0.625000 0.250987
vt 0.622656 0.203125
vt 0.625000 0.203125
vt 0.374013 0.703125
vt 0.375000 0.703125
vt 0.375330 0.743535
vt 0.374507 0.750493
vt 0.377344 0.703125
vt 0.377344 0.750000
vt 0.377344 0.750987
vt 0.625987 0.703125
vt 0.625493 0.750493
vt 0.624809 0.743396
vt 0.625000 0.703125
vt 0.622656 0.750987
vt 0.622656 0.750000
vt 0.622656 0.703125
vt 0.374013 0.546875
vt 0.374507 0.499507
vt 0.375191 0.506604
vt 0.375000 0.546875
vt 0.377344 0.499013
vt 0.377344 0.500000
vt 0.377344 0.546875
vt 0.625987 0.546875
vt 0.625000 0.546875
vt 0.624670 0.506465
vt 0.625493 0.499507
vt 0.622656 0.546875
vt 0.622656 0.500000
vt 0.622656 0.499013
s 0
usemtl ToolboxBody.011
f 57/73/55 60/74/55 61/75/55 63/76/55
f 58/77/56 62/78/56 61/79/56 60/80/56
f 59/81/57 63/82/57 61/83/57 62/84/57
f 64/85/58 67/86/58 68/87/58 70/88/58
f 65/89/59 69/90/59 68/91/59 67/92/59
f 66/93/60 70/94/60 68/95/60 69/96/60
f 71/97/61 74/98/61 75/99/61 77/100/61
f 72/101/62 76/102/62 75/103/62 74/104/62
f 73/105/63 77/106/63 75/103/63 76/102/63
f 78/107/64 81/108/64 82/109/64 84/110/64
f 79/111/65 83/112/65 82/113/65 81/114/65
f 80/115/66 84/116/66 82/113/66 83/112/66
f 85/117/67 88/118/67 89/119/67 91/120/67
f 86/121/68 90/122/68 89/119/68 88/118/68
f 87/123/69 91/120/69 89/119/69 90/122/69
f 92/124/70 95/125/70 96/126/70 98/127/70
f 93/128/71 97/129/71 96/126/71 95/125/71
f 94/130/72 98/127/72 96/126/72 97/129/72
f 99/131/73 102/132/73 103/133/73 105/134/73
f 100/135/74 104/136/74 103/133/74 102/132/74
f 101/137/75 105/134/75 103/133/75 104/136/75
f 106/138/76 109/139/76 110/140/76 112/141/76
f 107/142/77 111/143/77 110/140/77 109/139/77
f 108/144/78 112/141/78 110/140/78 111/143/78
f 71/97/79 57/73/79 63/76/79 74/98/79
f 74/104/80 63/82/80 59/81/80 72/101/80
f 58/77/81 64/85/81 70/88/81 62/78/81
f 62/84/82 70/94/82 66/93/82 59/81/82
f 65/89/83 78/107/83 84/110/83 69/90/83
f 69/96/84 84/116/84 80/115/84 66/93/84
f 79/111/85 73/105/85 76/102/85 83/112/85
f 83/112/86 76/102/86 72/101/86 80/115/86
f 99/131/87 71/97/87 77/100/87 102/132/87
f 102/132/88 77/106/88 73/105/88 100/135/88
f 78/107/89 106/138/89 112/141/89 81/108/89
f 81/114/90 112/141/90 108/144/90 79/111/90
f 107/142/91 101/137/91 104/136/91 111/143/91
f 111/143/92 104/136/92 100/135/92 108/144/92
f 85/117/93 99/131/93 105/134/93 88/118/93
f 88/118/94 105/134/94 101/137/94 86/121/94
f 106/138/95 92/124/95 98/127/95 109/139/95
f 109/139/96 98/127/96 94/130/96 107/142/96
f 93/128/97 87/123/97 90/122/97 97/129/97
f 97/129/98 90/122/98 86/121/98 94/130/98
f 57/73/99 85/117/99 91/120/99 60/74/99
f 60/80/100 91/120/100 87/123/100 58/77/100
f 92/124/101 65/89/101 67/92/101 95/125/101
f 95/125/102 67/86/102 64/85/102 93/128/102
f 71/97/103 99/131/103 85/117/103 57/73/103
f 59/81/104 66/93/104 80/115/104 72/101/104
f 87/123/105 93/128/105 64/85/105 58/77/105
f 106/138/106 78/107/106 65/89/106 92/124/106
f 73/105/107 79/111/107 108/144/107 100/135/107
f 101/137/108 107/142/108 94/130/108 86/121/108
o BackWall
v -0.188500 0.000000 -0.093500
v -0.188500 0.001500 -0.092000
v -0.190000 0.001500 -0.093500
v -0.188500 0.000439 -0.092439
v -0.189366 0.000634 -0.092634
v -0.189561 0.001500 -0.092439
v -0.189561 0.000439 -0.093500
v -0.188500 0.158500 -0.092000
v -0.188500 0.160000 -0.093500
v -0.190000 0.158500 -0.093500
v -0.188500 0.159561 -0.092439
v -0.189366 0.159366 -0.092634
v -0.189561 0.159561 -0.093500
v -0.189561 0.158500 -0.092439
v -0.188500 0.000000 -0.098500
v -0.190000 0.001500 -0.098500
v -0.188500 0.001500 -0.100000
v -0.189561 0.000439 -0.098500
v -0.189366 0.000634 -0.099366
v -0.189561 0.001500 -0.099561
v -0.188500 0.000439 -0.099561
v -0.188500 0.160000 -0.098500
v -0.188500 0.158500 -0.100000
v -0.190000 0.158500 -0.098500
v -0.188500 0.159561 -0.099561
v -0.189366 0.159366 -0.099366
v -0.189561 0.158500 -0.099561
v -0.189561 0.159561 -0.098500
v 0.188500 0.000000 -0.093500
v 0.190000 0.001500 -0.093500
v 0.188500 0.001500 -0.092000
v 0.189561 0.000439 -0.093500
v 0.189366 0.000634 -0.092634
v 0.189561 0.001500 -0.092439
v 0.188500 0.000439 -0.092439
v 0.188500 0.160000 -0.093500
v 0.188500 0.158500 -0.092000
v 0.190000 0.158500 -0.093500
v 0.188500 0.159561 -0.092439
v 0.189366 0.159366 -0.092634
v 0.189561 0.158500 -0.092439
v 0.189561 0.159561 -0.093500
v 0.188500 0.000000 -0.098500
v 0.188500 0.001500 -0.100000
v 0.190000 0.001500 -0.098500
v 0.188500 0.000439 -0.099561
v 0.189366 0.000634 -0.099366
v 0.189561 0.001500 -0.099561
v 0.189561 0.000439 -0.098500
v 0.188500 0.160000 -0.098500
v 0.190000 0.158500 -0.098500
v 0.188500 0.158500 -0.100000
v 0.189561 0.159561 -0.098500
v 0.189366 0.159366 -0.099366
v 0.189561 0.158500 -0.099561
v 0.188500 0.159561 -0.099561
vn -0.3251 -0.8881 0.3251
vn -0.3251 -0.3251 0.8881
vn -0.8881 -0.3250 0.3251
vn -0.3251 0.3251 0.8881
vn -0.3251 0.8881 0.3251
vn -0.8881 0.3250 0.3251
vn -0.3251 -0.8881 -0.3251
vn -0.8881 -0.3251 -0.3251
vn -0.3251 -0.3251 -0.8881
vn -0.3251 0.8881 -0.3251
vn -0.3251 0.3251 -0.8881
vn -0.8881 0.3250 -0.3251
vn 0.3251 -0.8881 0.3251
vn 0.8881 -0.3251 0.3251
vn 0.3251 -0.3251 0.8881
vn 0.3251 0.8881 0.3251
vn 0.3251 0.3251 0.8881
vn 0.8881 0.3250 0.3251
vn 0.3251 -0.8881 -0.3251
vn 0.3251 -0.3251 -0.8881
vn 0.8881 -0.3250 -0.3251
vn 0.3251 0.8881 -0.3251
vn 0.8881 0.3251 -0.3251
vn 0.3251 0.3251 -0.8881
vn -0.3827 -0.9239 -0.0000
vn -0.9239 -0.3827 -0.0000
vn -0.3827 -0.0000 0.9239
vn -0.9239 -0.0000 0.3827
vn -0.3827 0.9239 -0.0000
vn -0.9239 0.3827 -0.0000
vn -0.3827 -0.0000 -0.9239
vn -0.9239 -0.0000 -0.3827
vn -0.0000 -0.9239 -0.3827
vn -0.0000 -0.3827 -0.9239
vn -0.0000 0.9239 -0.3827
vn -0.0000 0.3827 -0.9239
vn 0.9239 -0.0000 -0.3827
vn 0.3827 -0.0000 -0.9239
vn 0.3827 -0.9239 -0.0000
vn 0.9239 -0.3827 -0.0000
vn 0.3827 0.9239 -0.0000
vn 0.9239 0.3827 -0.0000
vn 0.3827 -0.0000 0.9239
vn 0.9239 -0.0000 0.3827
vn -0.0000 -0.9239 0.3827
vn -0.0000 -0.3827 0.9239
vn -0.0000 0.9239 0.3827
vn -0.0000 0.3827 0.9239
vn -0.0000 -1.0000 -0.0000
vn -1.0000 -0.0000 -0.0000
vn -0.0000 -0.0000 1.0000
vn -0.0000 1.0000 -0.0000
vn -0.0000 -0.0000 -1.0000
vn 1.0000 -0.0000 -0.0000
vt 0.125987 0.703125
vt 0.125987 0.750000
vt 0.125417 0.750000
vt 0.125000 0.703125
vt 0.377344 0.999013
vt 0.377344 1.000000
vt 0.375991 1.000000
vt 0.375000 0.999013
vt 0.377344 0.046875
vt 0.375000 0.046875
vt 0.375000 0.019812
vt 0.377344 0.000000
vt 0.622656 0.999013
vt 0.625000 0.999013
vt 0.625000 0.999583
vt 0.622656 1.000000
vt 0.874013 0.703125
vt 0.875000 0.703125
vt 0.875000 0.730188
vt 0.874013 0.750000
vt 0.622656 0.046875
vt 0.622656 0.000000
vt 0.624009 0.000000
vt 0.625000 0.046875
vt 0.125987 0.546875
vt 0.125000 0.546875
vt 0.125000 0.519812
vt 0.125987 0.500000
vt 0.377344 0.203125
vt 0.377344 0.250000
vt 0.375495 0.250209
vt 0.375000 0.203125
vt 0.377344 0.250987
vt 0.375000 0.250987
vt 0.874013 0.546875
vt 0.874013 0.500000
vt 0.874583 0.500000
vt 0.875000 0.546875
vt 0.622656 0.250987
vt 0.622656 0.250000
vt 0.624505 0.240094
vt 0.625000 0.250987
vt 0.622656 0.203125
vt 0.625000 0.203125
vt 0.374013 0.703125
vt 0.375000 0.703125
vt 0.375330 0.743535
vt 0.374507 0.750493
vt 0.377344 0.703125
vt 0.377344 0.750000
vt 0.377344 0.750987
vt 0.625987 0.703125
vt 0.625493 0.750493
vt 0.624809 0.743396
vt 0.625000 0.703125
vt 0.622656 0.750987
vt 0.622656 0.750000
vt 0.622656 0.703125
vt 0.374013 0.546875
vt 0.374507 0.499507
vt 0.375191 0.506604
vt 0.375000 0.546875
vt 0.377344 0.499013
vt 0.377344 0.500000
vt 0.377344 0.546875
vt 0.625987 0.546875
vt 0.625000 0.546875
vt 0.624670 0.506465
vt 0.625493 0.499507
vt 0.622656 0.546875
vt 0.622656 0.500000
vt 0.622656 0.499013
s 0
usemtl ToolboxBody.011
f 113/145/109 116/146/109 117/147/109 119/148/109
f 114/149/110 118/150/110 117/151/110 116/152/110
f 115/153/111 119/154/111 117/155/111 118/156/111
f 120/157/112 123/158/112 124/159/112 126/160/112
f 121/161/113 125/162/113 124/163/113 123/164/113
f 122/165/114 126/166/114 124/167/114 125/168/114
f 127/169/115 130/170/115 131/171/115 133/172/115
f 128/173/116 132/174/116 131/175/116 130/176/116
f 129/177/117 133/178/117 131/175/117 132/174/117
f 134/179/118 137/180/118 138/181/118 140/182/118
f 135/183/119 139/184/119 138/185/119 137/186/119
f 136/187/120 140/188/120 138/185/120 139/184/120
f 141/189/121 144/190/121 145/191/121 147/192/121
f 142/193/122 146/194/122 145/191/122 144/190/122
f 143/195/123 147/192/123 145/191/123 146/194/123
f 148/196/124 151/197/124 152/198/124 154/199/124
f 149/200/125 153/201/125 152/198/125 151/197/125
f 150/202/126 154/199/126 152/198/126 153/201/126
f 155/203/127 158/204/127 159/205/127 161/206/127
f 156/207/128 160/208/128 159/205/128 158/204/128
f 157/209/129 161/206/129 159/205/129 160/208/129
f 162/210/130 165/211/130 166/212/130 168/213/130
f 163/214/131 167/215/131 166/212/131 165/211/131
f 164/216/132 168/213/132 166/212/132 167/215/132
f 127/169/133 113/145/133 119/148/133 130/170/133
f 130/176/134 119/154/134 115/153/134 128/173/134
f 114/149/135 120/157/135 126/160/135 118/150/135
f 118/156/136 126/166/136 122/165/136 115/153/136
f 121/161/137 134/179/137 140/182/137 125/162/137
f 125/168/138 140/188/138 136/187/138 122/165/138
f 135/183/139 129/177/139 132/174/139 139/184/139
f 139/184/140 132/174/140 128/173/140 136/187/140
f 155/203/141 127/169/141 133/172/141 158/204/141
f 158/204/142 133/178/142 129/177/142 156/207/142
f 134/179/143 162/210/143 168/213/143 137/180/143
f 137/186/144 168/213/144 164/216/144 135/183/144
f 163/214/145 157/209/145 160/208/145 167/215/145
f 167/215/146 160/208/146 156/207/146 164/216/146
f 141/189/147 155/203/147 161/206/147 144/190/147
f 144/190/148 161/206/148 157/209/148 142/193/148
f 162/210/149 148/196/149 154/199/149 165/211/149
f 165/211/150 154/199/150 150/202/150 163/214/150
f 149/200/151 143/195/151 146/194/151 153/201/151
f 153/201/152 146/194/152 142/193/152 150/202/152
f 113/145/153 141/189/153 147/192/153 116/146/153
f 116/152/154 147/192/154 143/195/154 114/149/154
f 148/196/155 121/161/155 123/164/155 151/197/155
f 151/197/156 123/158/156 120/157/156 149/200/156
f 127/169/157 155/203/157 141/189/157 113/145/157
f 115/153/158 122/165/158 136/187/158 128/173/158
f 143/195/159 149/200/159 120/157/159 114/149/159
f 162/210/160 134/179/160 121/161/160 148/196/160
f 129/177/161 135/183/161 164/216/161 156/207/161
f 157/209/162 163/214/162 150/202/162 142/193/162
o LeftSide
v -0.187500 0.001500 0.100000
v -0.187500 0.000000 0.098500
v -0.186000 0.001500 0.098176
v -0.187500 0.000439 0.099561
v -0.186634 0.000634 0.099298
v -0.186439 0.000439 0.098338
v -0.186445 0.001500 0.099470
v -0.187500 0.000000 -0.098500
v -0.187500 0.001500 -0.100000
v -0.186000 0.001500 -0.098500
v -0.187500 0.000439 -0.099561
v -0.186634 0.000634 -0.099366
v -0.186439 0.001500 -0.099561
v -0.186439 0.000439 -0.098500
v -0.187500 0.158500 0.100000
v -0.186000 0.160000 0.098163
v -0.187500 0.161003 0.098885
v -0.186444 0.159184 0.099465
v -0.186634 0.159921 0.099412
v -0.186436 0.160684 0.098696
v -0.187500 0.159855 0.099673
v -0.187500 0.158500 -0.100000
v -0.187500 0.161003 -0.098885
v -0.186000 0.159645 -0.098500
v -0.187500 0.159825 -0.099753
v -0.186634 0.159820 -0.099447
v -0.186439 0.160635 -0.098693
v -0.186439 0.158865 -0.099481
v -0.187500 0.248997 -0.001115
v -0.187500 0.248997 0.001115
v -0.186000 0.248308 0.000000
v -0.187500 0.249412 0.000000
v -0.186634 0.249230 0.000000
v -0.186436 0.248852 0.000719
v -0.186436 0.248852 -0.000719
v -0.187500 0.215000 0.024000
v -0.186000 0.215000 0.025507
v -0.186439 0.215000 0.024441
v -0.187500 0.210318 0.023539
v -0.186000 0.210024 0.025017
v -0.186439 0.210232 0.023972
v -0.187500 0.219682 0.023539
v -0.186000 0.219976 0.025017
v -0.186439 0.219768 0.023972
v -0.187500 0.201666 0.019955
v -0.186000 0.200829 0.021209
v -0.186439 0.201421 0.020322
v -0.187500 0.228334 0.019955
v -0.186000 0.229171 0.021209
v -0.186439 0.228579 0.020322
v -0.187500 0.205816 0.022173
v -0.186000 0.205239 0.023566
v -0.186439 0.205647 0.022581
v -0.187500 0.224184 0.022173
v -0.186000 0.224761 0.023566
v -0.186439 0.224353 0.022581
v -0.187500 0.195045 0.013334
v -0.186000 0.193792 0.014171
v -0.186439 0.194678 0.013579
v -0.187500 0.234955 0.013334
v -0.186000 0.236208 0.014171
v -0.186439 0.235322 0.013579
v -0.187500 0.191461 0.004682
v -0.186000 0.189983 0.004976
v -0.186439 0.191028 0.004768
v -0.186000 0.240017 0.004976
v -0.187500 0.238539 0.004682
v -0.186439 0.238972 0.004768
v -0.187500 0.192827 0.009184
v -0.186000 0.191434 0.009761
v -0.186439 0.192419 0.009353
v -0.187500 0.237173 0.009184
v -0.186000 0.238566 0.009761
v -0.186439 0.237581 0.009353
v -0.187500 0.191000 0.000000
v -0.186000 0.189493 0.000000
v -0.186439 0.190559 0.000000
v -0.187500 0.198029 0.016971
v -0.186000 0.196964 0.018036
v -0.186439 0.197717 0.017283
v -0.187500 0.231971 0.016971
v -0.186000 0.233036 0.018036
v -0.186439 0.232283 0.017283
v -0.186000 0.240507 0.000000
v -0.187500 0.239000 0.000000
v -0.186439 0.239441 0.000000
v -0.187500 0.191461 -0.004682
v -0.186000 0.189983 -0.004976
v -0.186439 0.191028 -0.004768
v -0.187500 0.238539 -0.004682
v -0.186000 0.240017 -0.004976
v -0.186439 0.238972 -0.004768
v -0.187500 0.195045 -0.013334
v -0.186000 0.193792 -0.014171
v -0.186439 0.194678 -0.013579
v -0.187500 0.234955 -0.013334
v -0.186000 0.236208 -0.014171
v -0.186439 0.235322 -0.013579
v -0.187500 0.192827 -0.009184
v -0.186000 0.191434 -0.009761
v -0.186439 0.192419 -0.009353
v -0.187500 0.237173 -0.009184
v -0.186000 0.238566 -0.009761
v -0.186439 0.237581 -0.009353
v -0.187500 0.201666 -0.019955
v -0.186000 0.200966 -0.021300
v -0.186439 0.201461 -0.020349
v -0.187500 0.228334 -0.019955
v -0.186000 0.229171 -0.021209
v -0.186439 0.228579 -0.020322
v -0.187500 0.215000 -0.024000
v -0.186000 0.215000 -0.025507
v -0.186439 0.215000 -0.024441
v -0.187500 0.219682 -0.023539
v -0.186000 0.219976 -0.025017
v -0.186439 0.219768 -0.023972
v -0.187500 0.210318 -0.023539
v -0.186000 0.210024 -0.025017
v -0.186439 0.210232 -0.023972
v -0.187500 0.224184 -0.022173
v -0.186000 0.224761 -0.023566
v -0.186439 0.224353 -0.022581
v -0.186000 0.205163 -0.023543
v -0.187500 0.205816 -0.022173
v -0.186439 0.205625 -0.022574
v -0.187500 0.231971 -0.016971
v -0.186000 0.233036 -0.018036
v -0.186439 0.232283 -0.017283
v -0.187500 0.198029 -0.016971
v -0.186000 0.196913 -0.017974
v -0.186439 0.197702 -0.017264
v -0.192500 0.001500 0.100000
v -0.194000 0.001500 0.098176
v -0.192500 0.000000 0.098500
v -0.193561 0.001500 0.099399
v -0.193366 0.000634 0.099298
v -0.193561 0.000439 0.098338
v -0.192500 0.000439 0.099628
v -0.192500 0.000000 -0.098500
v -0.194000 0.001500 -0.098500
v -0.192500 0.001500 -0.100000
v -0.193561 0.000439 -0.098500
v -0.193366 0.000634 -0.099366
v -0.193561 0.001500 -0.099561
v -0.192500 0.000439 -0.099561
v -0.192500 0.158500 0.100000
v -0.192500 0.161003 0.098885
v -0.194000 0.160000 0.098163
v -0.192500 0.159855 0.099673
v -0.193366 0.159921 0.099412
v -0.193564 0.160684 0.098696
v -0.193556 0.159184 0.099465
v -0.192500 0.158500 -0.100000
v -0.194000 0.159645 -0.098500
v -0.192500 0.161003 -0.098885
v -0.193561 0.159073 -0.099561
v -0.193366 0.159842 -0.099487
v -0.193564 0.160501 -0.098883
v -0.192500 0.159855 -0.099673
v -0.192500 0.248997 -0.001115
v -0.194000 0.248308 0.000000
v -0.192500 0.248997 0.001115
v -0.193564 0.248853 -0.000719
v -0.193366 0.249230 -0.000000
v -0.193564 0.248853 0.000719
v -0.192500 0.249412 -0.000000
v -0.194000 0.215000 0.025507
v -0.192500 0.215000 0.024000
v -0.193561 0.215000 0.024441
v -0.194000 0.210024 0.025017
v -0.192500 0.210318 0.023539
v -0.193561 0.210232 0.023972
v -0.194000 0.219976 0.025017
v -0.192500 0.219682 0.023539
v -0.193561 0.219768 0.023972
v -0.194000 0.200829 0.021209
v -0.192500 0.201666 0.019955
v -0.193561 0.201421 0.020322
v -0.194000 0.229171 0.021209
v -0.192500 0.228334 0.019955
v -0.193561 0.228579 0.020322
v -0.194000 0.205239 0.023566
v -0.192500 0.205816 0.022173
v -0.193561 0.205647 0.022581
v -0.194000 0.224761 0.023566
v -0.192500 0.224184 0.022173
v -0.193561 0.224353 0.022581
v -0.194000 0.193792 0.014171
v -0.192500 0.195045 0.013334
v -0.193561 0.194678 0.013579
v -0.194000 0.236208 0.014171
v -0.192500 0.234955 0.013334
v -0.193561 0.235322 0.013579
v -0.194000 0.189983 0.004976
v -0.192500 0.191461 0.004682
v -0.193561 0.191028 0.004768
v -0.192500 0.238539 0.004682
v -0.194000 0.240017 0.004976
v -0.193561 0.238972 0.004768
v -0.194000 0.191434 0.009761
v -0.192500 0.192827 0.009184
v -0.193561 0.192419 0.009353
v -0.194000 0.238566 0.009761
v -0.192500 0.237173 0.009184
v -0.193561 0.237581 0.009353
v -0.194000 0.189493 0.000000
v -0.192500 0.191000 0.000000
v -0.193561 0.190559 0.000000
v -0.194000 0.196964 0.018036
v -0.192500 0.198029 0.016971
v -0.193561 0.197717 0.017283
v -0.194000 0.233036 0.018036
v -0.192500 0.231971 0.016971
v -0.193561 0.232283 0.017283
v -0.192500 0.239000 0.000000
v -0.194000 0.240507 0.000000
v -0.193561 0.239441 0.000000
v -0.194000 0.189983 -0.004976
v -0.192500 0.191461 -0.004682
v -0.193561 0.191028 -0.004768
v -0.194000 0.240017 -0.004976
v -0.192500 0.238539 -0.004682
v -0.193561 0.238972 -0.004768
v -0.194000 0.193792 -0.014171
v -0.192500 0.195045 -0.013334
v -0.193561 0.194678 -0.013579
v -0.194000 0.236208 -0.014171
v -0.192500 0.234955 -0.013334
v -0.193561 0.235322 -0.013579
v -0.194000 0.191434 -0.009761
v -0.192500 0.192827 -0.009184
v -0.193561 0.192419 -0.009353
v -0.194000 0.238566 -0.009761
v -0.192500 0.237173 -0.009184
v -0.193561 0.237581 -0.009353
v -0.194000 0.200966 -0.021300
v -0.192500 0.201666 -0.019955
v -0.193561 0.201461 -0.020349
v -0.194000 0.229171 -0.021209
v -0.192500 0.228334 -0.019955
v -0.193561 0.228579 -0.020322
v -0.194000 0.215000 -0.025507
v -0.192500 0.215000 -0.024000
v -0.193561 0.215000 -0.024441
v -0.194000 0.219976 -0.025017
v -0.192500 0.219682 -0.023539
v -0.193561 0.219768 -0.023972
v -0.194000 0.210024 -0.025017
v -0.192500 0.210318 -0.023539
v -0.193561 0.210232 -0.023972
v -0.194000 0.224761 -0.023566
v -0.192500 0.224184 -0.022173
v -0.193561 0.224353 -0.022581
v -0.192500 0.205816 -0.022173
v -0.194000 0.205163 -0.023543
v -0.193561 0.205625 -0.022574
v -0.194000 0.233036 -0.018036
v -0.192500 0.231971 -0.016971
v -0.193561 0.232283 -0.017283
v -0.194000 0.196913 -0.017974
v -0.192500 0.198029 -0.016971
v -0.193561 0.197702 -0.017264
vn 0.3893 -0.3133 0.8662
vn 0.3583 -0.8804 0.3108
vn 0.9110 -0.2988 0.2842
vn 0.3251 -0.8881 -0.3251
vn 0.3251 -0.3251 -0.8881
vn 0.8881 -0.3251 -0.3251
vn 0.3082 0.1970 0.9307
vn 0.8625 0.2275 0.4520
vn 0.2566 0.5813 0.7722
vn 0.3666 0.1443 -0.9191
vn 0.3075 0.5826 -0.7524
vn 0.8281 0.2281 -0.5121
vn 0.2278 0.9024 -0.3657
vn 0.2278 0.9024 0.3657
vn 0.8239 0.5667 -0.0000
vn -0.4417 -0.2558 0.8599
vn -0.9116 -0.2907 0.2907
vn -0.3667 -0.8801 0.3015
vn -0.3251 -0.8881 -0.3251
vn -0.8881 -0.3251 -0.3251
vn -0.3251 -0.3251 -0.8881
vn -0.3082 0.1970 0.9307
vn -0.2566 0.5813 0.7722
vn -0.8625 0.2275 0.4520
vn -0.2490 0.2012 -0.9474
vn -0.8389 0.2320 -0.4924
vn -0.2305 0.5779 -0.7829
vn -0.2278 0.9024 -0.3657
vn -0.8239 0.5667 -0.0000
vn -0.2278 0.9024 0.3657
vn 0.9462 -0.0000 0.3237
vn 0.4501 -0.0000 0.8930
vn 0.3827 -0.9239 -0.0000
vn 0.9239 -0.3827 -0.0000
vn 0.4117 0.0002 -0.9113
vn 0.9185 0.0001 -0.3954
vn 0.9253 0.1788 0.3345
vn 0.3861 0.4348 0.8135
vn 0.3427 0.6982 -0.6285
vn 0.8943 0.3326 -0.2994
vn 0.3827 -0.9194 0.0906
vn 0.9239 -0.3808 0.0375
vn 0.3827 -0.8841 0.2682
vn 0.9239 -0.3662 0.1111
vn 0.9239 -0.3375 0.1804
vn 0.3827 -0.8148 0.4355
vn 0.3827 -0.7142 0.5861
vn 0.9239 -0.2958 0.2428
vn 0.9239 -0.2428 0.2958
vn 0.3827 -0.5861 0.7142
vn 0.3827 -0.4355 0.8148
vn 0.9239 -0.1804 0.3375
vn 0.9239 -0.1111 0.3662
vn 0.3827 -0.2682 0.8841
vn 0.9239 -0.0375 0.3808
vn 0.3827 -0.0906 0.9194
vn 0.3827 0.0906 0.9194
vn 0.9239 0.0375 0.3808
vn 0.3827 0.2682 0.8841
vn 0.9239 0.1111 0.3662
vn 0.3827 -0.9194 -0.0906
vn 0.9239 -0.3808 -0.0375
vn 0.8950 0.3315 0.2983
vn 0.3271 0.7024 0.6321
vn 0.3792 0.5870 0.7153
vn 0.9224 0.2450 0.2986
vn 0.9239 0.2958 0.2428
vn 0.3827 0.7142 0.5861
vn 0.3827 0.8148 0.4355
vn 0.9239 0.3375 0.1804
vn 0.9239 0.3662 0.1111
vn 0.3827 0.8841 0.2682
vn 0.9239 0.3808 0.0375
vn 0.3827 0.9194 0.0906
vn 0.9239 0.3808 -0.0375
vn 0.3827 0.9194 -0.0906
vn 0.3827 0.8841 -0.2682
vn 0.9239 0.3662 -0.1111
vn 0.9239 0.3375 -0.1804
vn 0.3827 0.8148 -0.4355
vn 0.3827 0.7142 -0.5861
vn 0.9239 0.2958 -0.2428
vn 0.9239 0.2428 -0.2958
vn 0.3827 0.5861 -0.7142
vn 0.3827 0.4355 -0.8148
vn 0.9239 0.1804 -0.3375
vn 0.9239 0.1111 -0.3662
vn 0.3827 0.2682 -0.8841
vn 0.9239 0.0375 -0.3808
vn 0.3827 0.0906 -0.9194
vn 0.3827 -0.0906 -0.9194
vn 0.9239 -0.0375 -0.3808
vn 0.3827 -0.2682 -0.8841
vn 0.9239 -0.1111 -0.3662
vn 0.9239 -0.1804 -0.3375
vn 0.3827 -0.4355 -0.8148
vn 0.3827 -0.5861 -0.7142
vn 0.9239 -0.2428 -0.2958
vn 0.9239 -0.2958 -0.2428
vn 0.3827 -0.7142 -0.5861
vn 0.3827 -0.8148 -0.4355
vn 0.9239 -0.3375 -0.1804
vn 0.9239 -0.3662 -0.1111
vn 0.3827 -0.8841 -0.2682
vn -0.4729 -0.0002 0.8811
vn -0.9440 -0.0000 0.3301
vn -0.9239 -0.3827 -0.0000
vn -0.3827 -0.9239 -0.0000
vn -0.9239 -0.0000 -0.3827
vn -0.3827 -0.0000 -0.9239
vn -0.3861 0.4348 0.8135
vn -0.9253 0.1788 0.3345
vn -0.8977 0.3275 -0.2948
vn -0.3313 0.7013 -0.6312
vn -0.9239 -0.3808 0.0375
vn -0.3827 -0.9194 0.0906
vn -0.9239 -0.3662 0.1111
vn -0.3827 -0.8841 0.2682
vn -0.3827 -0.8148 0.4355
vn -0.9239 -0.3375 0.1804
vn -0.9239 -0.2958 0.2428
vn -0.3827 -0.7142 0.5861
vn -0.3827 -0.5861 0.7142
vn -0.9239 -0.2428 0.2958
vn -0.9239 -0.1804 0.3375
vn -0.3827 -0.4355 0.8148
vn -0.3827 -0.2682 0.8841
vn -0.9239 -0.1111 0.3662
vn -0.3827 -0.0906 0.9194
vn -0.9239 -0.0375 0.3808
vn -0.9239 0.0375 0.3808
vn -0.3827 0.0906 0.9194
vn -0.9239 0.1111 0.3662
vn -0.3827 0.2682 0.8841
vn -0.9239 -0.3808 -0.0375
vn -0.3827 -0.9194 -0.0906
vn -0.3271 0.7024 0.6321
vn -0.8950 0.3315 0.2983
vn -0.9224 0.2450 0.2986
vn -0.3792 0.5870 0.7153
vn -0.3827 0.7142 0.5861
vn -0.9239 0.2958 0.2428
vn -0.9239 0.3375 0.1804
vn -0.3827 0.8148 0.4355
vn -0.3827 0.8841 0.2682
vn -0.9239 0.3662 0.1111
vn -0.3827 0.9194 0.0906
vn -0.9239 0.3808 0.0375
vn -0.3827 0.9194 -0.0906
vn -0.9239 0.3808 -0.0375
vn -0.9239 0.3662 -0.1111
vn -0.3827 0.8841 -0.2682
vn -0.3827 0.8148 -0.4355
vn -0.9239 0.3375 -0.1804
vn -0.9239 0.2958 -0.2428
vn -0.3827 0.7142 -0.5861
vn -0.3827 0.5861 -0.7142
vn -0.9239 0.2428 -0.2958
vn -0.9239 0.1804 -0.3375
vn -0.3827 0.4355 -0.8148
vn -0.3827 0.2682 -0.8841
vn -0.9239 0.1111 -0.3662
vn -0.3827 0.0906 -0.9194
vn -0.9239 0.0375 -0.3808
vn -0.9239 -0.0375 -0.3808
vn -0.3827 -0.0906 -0.9194
vn -0.9239 -0.1111 -0.3662
vn -0.3827 -0.2682 -0.8841
vn -0.3827 -0.4355 -0.8148
vn -0.9239 -0.1804 -0.3375
vn -0.9239 -0.2428 -0.2958
vn -0.3827 -0.5861 -0.7142
vn -0.3827 -0.7142 -0.5861
vn -0.9239 -0.2958 -0.2428
vn -0.9239 -0.3375 -0.1804
vn -0.3827 -0.8148 -0.4355
vn -0.3827 -0.8841 -0.2682
vn -0.9239 -0.3662 -0.1111
vn 0.0063 -0.3573 0.9340
vn 0.0025 -0.9280 0.3726
vn -0.0000 -0.9239 -0.3827
vn -0.0000 -0.3827 -0.9239
vn -0.0000 0.5658 0.8245
vn -0.0000 0.2344 0.9721
vn -0.0072 0.2092 -0.9778
vn -0.0048 0.5799 -0.8147
vn -0.0000 0.9370 -0.3493
vn -0.0000 0.9370 0.3493
vn -0.0000 -0.0000 1.0000
vn 1.0000 -0.0000 -0.0000
vn -0.0000 -1.0000 -0.0000
vn -0.0000 -0.0000 -1.0000
vn -0.0000 0.7433 0.6690
vn -0.0000 0.7433 -0.6690
vn -0.0000 0.0980 -0.9952
vn -0.0000 -0.0980 -0.9952
vn -0.0000 0.2903 -0.9569
vn -0.0000 -0.2903 -0.9569
vn -0.0000 0.6344 -0.7730
vn -0.0000 0.4714 -0.8819
vn -0.0000 -0.4714 -0.8819
vn -0.0000 -0.6344 -0.7730
vn -0.0000 0.8819 -0.4714
vn -0.0000 0.7730 -0.6344
vn -0.0000 -0.7730 -0.6344
vn -0.0000 -0.8819 -0.4714
vn -0.0000 0.9952 -0.0980
vn -0.0000 0.9569 -0.2903
vn -0.0000 -0.9952 -0.0980
vn -0.0000 -0.9569 -0.2903
vn -0.0000 0.9952 0.0980
vn -0.0000 -0.9952 0.0980
vn -0.0000 0.9569 0.2903
vn -0.0000 -0.9569 0.2903
vn -0.0000 0.7730 0.6344
vn -0.0000 0.8819 0.4714
vn -0.0000 -0.8819 0.4714
vn -0.0000 -0.7730 0.6344
vn -0.0000 0.4714 0.8819
vn -0.0000 0.6344 0.7730
vn -0.0000 -0.6344 0.7730
vn -0.0000 -0.4714 0.8819
vn -0.0000 -0.0980 0.9952
vn -0.0000 0.0980 0.9952
vn -0.0000 -0.2903 0.9569
vn -0.0000 0.2903 0.9569
vn -1.0000 -0.0000 -0.0000
vt 0.000000 0.000000
s 0
usemtl ToolboxBody.011
f 169/217/163 172/217/163 173/217/163 175/217/163
f 170/217/164 174/217/164 173/217/164 172/217/164
f 171/217/165 175/217/165 173/217/165 174/217/165
f 176/217/166 179/217/166 180/217/166 182/217/166
f 177/217/167 181/217/167 180/217/167 179/217/167
f 178/217/168 182/217/168 180/217/168 181/217/168
f 183/217/169 186/217/169 187/217/169 189/217/169
f 184/217/170 188/217/170 187/217/170 186/217/170
f 185/217/171 189/217/171 187/217/171 188/217/171
f 190/217/172 193/217/172 194/217/172 196/217/172
f 191/217/173 195/217/173 194/217/173 193/217/173
f 192/217/174 196/217/174 194/217/174 195/217/174
f 197/217/175 200/217/175 201/217/175 203/217/175
f 198/217/176 202/217/176 201/217/176 200/217/176
f 199/217/177 203/217/177 201/217/177 202/217/177
f 300/217/178 303/217/178 304/217/178 306/217/178
f 301/217/179 305/217/179 304/217/179 303/217/179
f 302/217/180 306/217/180 304/217/180 305/217/180
f 307/217/181 310/217/181 311/217/181 313/217/181
f 308/217/182 312/217/182 311/217/182 310/217/182
f 309/217/183 313/217/183 311/217/183 312/217/183
f 314/217/184 317/217/184 318/217/184 320/217/184
f 315/217/185 319/217/185 318/217/185 317/217/185
f 316/217/186 320/217/186 318/217/186 319/217/186
f 321/217/187 324/217/187 325/217/187 327/217/187
f 322/217/188 326/217/188 325/217/188 324/217/188
f 323/217/189 327/217/189 325/217/189 326/217/189
f 328/217/190 331/217/190 332/217/190 334/217/190
f 329/217/191 333/217/191 332/217/191 331/217/191
f 330/217/192 334/217/192 332/217/192 333/217/192
f 171/217/193 184/217/193 186/217/193 175/217/193
f 175/217/194 186/217/194 183/217/194 169/217/194
f 170/217/195 176/217/195 182/217/195 174/217/195
f 174/217/196 182/217/196 178/217/196 171/217/196
f 177/217/197 190/217/197 196/217/197 181/217/197
f 181/217/198 196/217/198 192/217/198 178/217/198
f 274/217/199 291/217/199 293/217/199 275/217/199
f 275/217/200 293/217/200 292/217/200 273/217/200
f 191/217/201 197/217/201 203/217/201 195/217/201
f 195/217/202 203/217/202 199/217/202 192/217/202
f 253/217/203 258/217/203 260/217/203 254/217/203
f 254/217/204 260/217/204 259/217/204 252/217/204
f 258/217/205 270/217/205 272/217/205 260/217/205
f 260/217/206 272/217/206 271/217/206 259/217/206
f 265/217/207 271/217/207 272/217/207 266/217/207
f 266/217/208 272/217/208 270/217/208 264/217/208
f 264/217/209 294/217/209 296/217/209 266/217/209
f 266/217/210 296/217/210 295/217/210 265/217/210
f 277/217/211 295/217/211 296/217/211 278/217/211
f 278/217/212 296/217/212 294/217/212 276/217/212
f 276/217/213 288/217/213 290/217/213 278/217/213
f 278/217/214 290/217/214 289/217/214 277/217/214
f 283/217/215 289/217/215 290/217/215 284/217/215
f 284/217/216 290/217/216 288/217/216 282/217/216
f 280/217/217 283/217/217 284/217/217 281/217/217
f 281/217/218 284/217/218 282/217/218 279/217/218
f 279/217/219 285/217/219 287/217/219 281/217/219
f 281/217/220 287/217/220 286/217/220 280/217/220
f 285/217/221 292/217/221 293/217/221 287/217/221
f 287/217/222 293/217/222 291/217/222 286/217/222
f 235/217/223 253/217/223 254/217/223 236/217/223
f 236/217/224 254/217/224 252/217/224 234/217/224
f 184/217/225 199/217/225 202/217/225 188/217/225
f 188/217/226 202/217/226 198/217/226 185/217/226
f 273/217/227 297/217/227 299/217/227 275/217/227
f 275/217/228 299/217/228 298/217/228 274/217/228
f 262/217/229 298/217/229 299/217/229 263/217/229
f 263/217/230 299/217/230 297/217/230 261/217/230
f 261/217/231 267/217/231 269/217/231 263/217/231
f 263/217/232 269/217/232 268/217/232 262/217/232
f 256/217/233 268/217/233 269/217/233 257/217/233
f 257/217/234 269/217/234 267/217/234 255/217/234
f 244/217/235 256/217/235 257/217/235 245/217/235
f 245/217/236 257/217/236 255/217/236 243/217/236
f 232/217/237 244/217/237 245/217/237 233/217/237
f 233/217/238 245/217/238 243/217/238 231/217/238
f 231/217/239 237/217/239 239/217/239 233/217/239
f 233/217/240 239/217/240 238/217/240 232/217/240
f 226/217/241 238/217/241 239/217/241 227/217/241
f 227/217/242 239/217/242 237/217/242 225/217/242
f 225/217/243 246/217/243 248/217/243 227/217/243
f 227/217/244 248/217/244 247/217/244 226/217/244
f 214/217/245 247/217/245 248/217/245 215/217/245
f 215/217/246 248/217/246 246/217/246 213/217/246
f 213/217/247 219/217/247 221/217/247 215/217/247
f 215/217/248 221/217/248 220/217/248 214/217/248
f 208/217/249 220/217/249 221/217/249 209/217/249
f 209/217/250 221/217/250 219/217/250 207/217/250
f 205/217/251 208/217/251 209/217/251 206/217/251
f 206/217/252 209/217/252 207/217/252 204/217/252
f 204/217/253 210/217/253 212/217/253 206/217/253
f 206/217/254 212/217/254 211/217/254 205/217/254
f 210/217/255 222/217/255 224/217/255 212/217/255
f 212/217/256 224/217/256 223/217/256 211/217/256
f 217/217/257 223/217/257 224/217/257 218/217/257
f 218/217/258 224/217/258 222/217/258 216/217/258
f 216/217/259 249/217/259 251/217/259 218/217/259
f 218/217/260 251/217/260 250/217/260 217/217/260
f 229/217/261 250/217/261 251/217/261 230/217/261
f 230/217/262 251/217/262 249/217/262 228/217/262
f 228/217/263 240/217/263 242/217/263 230/217/263
f 230/217/264 242/217/264 241/217/264 229/217/264
f 234/217/265 241/217/265 242/217/265 236/217/265
f 236/217/266 242/217/266 240/217/266 235/217/266
f 300/217/267 314/217/267 320/217/267 303/217/267
f 303/217/268 320/217/268 316/217/268 301/217/268
f 301/217/269 308/217/269 310/217/269 305/217/269
f 305/217/270 310/217/270 307/217/270 302/217/270
f 308/217/271 322/217/271 324/217/271 312/217/271
f 312/217/272 324/217/272 321/217/272 309/217/272
f 405/217/273 422/217/273 424/217/273 406/217/273
f 406/217/274 424/217/274 423/217/274 404/217/274
f 322/217/275 329/217/275 331/217/275 326/217/275
f 326/217/276 331/217/276 328/217/276 323/217/276
f 384/217/277 389/217/277 391/217/277 385/217/277
f 385/217/278 391/217/278 390/217/278 383/217/278
f 389/217/279 401/217/279 403/217/279 391/217/279
f 391/217/280 403/217/280 402/217/280 390/217/280
f 396/217/281 402/217/281 403/217/281 397/217/281
f 397/217/282 403/217/282 401/217/282 395/217/282
f 395/217/283 425/217/283 427/217/283 397/217/283
f 397/217/284 427/217/284 426/217/284 396/217/284
f 408/217/285 426/217/285 427/217/285 409/217/285
f 409/217/286 427/217/286 425/217/286 407/217/286
f 407/217/287 419/217/287 421/217/287 409/217/287
f 409/217/288 421/217/288 420/217/288 408/217/288
f 414/217/289 420/217/289 421/217/289 415/217/289
f 415/217/290 421/217/290 419/217/290 413/217/290
f 411/217/291 414/217/291 415/217/291 412/217/291
f 412/217/292 415/217/292 413/217/292 410/217/292
f 410/217/293 416/217/293 418/217/293 412/217/293
f 412/217/294 418/217/294 417/217/294 411/217/294
f 416/217/295 423/217/295 424/217/295 418/217/295
f 418/217/296 424/217/296 422/217/296 417/217/296
f 366/217/297 384/217/297 385/217/297 367/217/297
f 367/217/298 385/217/298 383/217/298 365/217/298
f 315/217/299 330/217/299 333/217/299 319/217/299
f 319/217/300 333/217/300 329/217/300 316/217/300
f 404/217/301 428/217/301 430/217/301 406/217/301
f 406/217/302 430/217/302 429/217/302 405/217/302
f 393/217/303 429/217/303 430/217/303 394/217/303
f 394/217/304 430/217/304 428/217/304 392/217/304
f 392/217/305 398/217/305 400/217/305 394/217/305
f 394/217/306 400/217/306 399/217/306 393/217/306
f 387/217/307 399/217/307 400/217/307 388/217/307
f 388/217/308 400/217/308 398/217/308 386/217/308
f 375/217/309 387/217/309 388/217/309 376/217/309
f 376/217/310 388/217/310 386/217/310 374/217/310
f 363/217/311 375/217/311 376/217/311 364/217/311
f 364/217/312 376/217/312 374/217/312 362/217/312
f 362/217/313 368/217/313 370/217/313 364/217/313
f 364/217/314 370/217/314 369/217/314 363/217/314
f 357/217/315 369/217/315 370/217/315 358/217/315
f 358/217/316 370/217/316 368/217/316 356/217/316
f 356/217/317 377/217/317 379/217/317 358/217/317
f 358/217/318 379/217/318 378/217/318 357/217/318
f 345/217/319 378/217/319 379/217/319 346/217/319
f 346/217/320 379/217/320 377/217/320 344/217/320
f 344/217/321 350/217/321 352/217/321 346/217/321
f 346/217/322 352/217/322 351/217/322 345/217/322
f 339/217/323 351/217/323 352/217/323 340/217/323
f 340/217/324 352/217/324 350/217/324 338/217/324
f 336/217/325 339/217/325 340/217/325 337/217/325
f 337/217/326 340/217/326 338/217/326 335/217/326
f 335/217/327 341/217/327 343/217/327 337/217/327
f 337/217/328 343/217/328 342/217/328 336/217/328
f 341/217/329 353/217/329 355/217/329 343/217/329
f 343/217/330 355/217/330 354/217/330 342/217/330
f 348/217/331 354/217/331 355/217/331 349/217/331
f 349/217/332 355/217/332 353/217/332 347/217/332
f 347/217/333 380/217/333 382/217/333 349/217/333
f 349/217/334 382/217/334 381/217/334 348/217/334
f 360/217/335 381/217/335 382/217/335 361/217/335
f 361/217/336 382/217/336 380/217/336 359/217/336
f 359/217/337 371/217/337 373/217/337 361/217/337
f 361/217/338 373/217/338 372/217/338 360/217/338
f 365/217/339 372/217/339 373/217/339 367/217/339
f 367/217/340 373/217/340 371/217/340 366/217/340
f 169/217/341 300/217/341 306/217/341 172/217/341
f 172/217/342 306/217/342 302/217/342 170/217/342
f 176/217/343 307/217/343 313/217/343 179/217/343
f 179/217/344 313/217/344 309/217/344 177/217/344
f 185/217/345 315/217/345 317/217/345 189/217/345
f 189/217/346 317/217/346 314/217/346 183/217/346
f 190/217/347 321/217/347 327/217/347 193/217/347
f 193/217/348 327/217/348 323/217/348 191/217/348
f 197/217/349 328/217/349 334/217/349 200/217/349
f 200/217/350 334/217/350 330/217/350 198/217/350
f 169/217/351 183/217/351 314/217/351 300/217/351
f 171/217/352 178/217/352 192/217/352 184/217/352
f 176/217/353 170/217/353 302/217/353 307/217/353
f 190/217/354 177/217/354 309/217/354 321/217/354
f 252/217/352 199/217/352 184/217/352 192/217/352 274/217/352 298/217/352 262/217/352 268/217/352 256/217/352 244/217/352 232/217/352 238/217/352 226/217/352 247/217/352 214/217/352 220/217/352 208/217/352 205/217/352 211/217/352 223/217/352 217/217/352 250/217/352 229/217/352 241/217/352 234/217/352
f 185/217/355 198/217/355 330/217/355 315/217/355
f 274/217/352 192/217/352 199/217/352 252/217/352 259/217/352 271/217/352 265/217/352 295/217/352 277/217/352 289/217/352 283/217/352 280/217/352 286/217/352 291/217/352
f 197/217/356 191/217/356 323/217/356 328/217/356
f 204/217/357 207/217/357 339/217/357 336/217/357
f 210/217/358 204/217/358 336/217/358 342/217/358
f 207/217/359 219/217/359 351/217/359 339/217/359
f 222/217/360 210/217/360 342/217/360 354/217/360
f 213/217/361 246/217/361 378/217/361 345/217/361
f 219/217/362 213/217/362 345/217/362 351/217/362
f 216/217/363 222/217/363 354/217/363 348/217/363
f 249/217/364 216/217/364 348/217/364 381/217/364
f 225/217/365 237/217/365 369/217/365 357/217/365
f 246/217/366 225/217/366 357/217/366 378/217/366
f 228/217/367 249/217/367 381/217/367 360/217/367
f 240/217/368 228/217/368 360/217/368 372/217/368
f 231/217/369 243/217/369 375/217/369 363/217/369
f 237/217/370 231/217/370 363/217/370 369/217/370
f 253/217/371 235/217/371 365/217/371 383/217/371
f 235/217/372 240/217/372 372/217/372 365/217/372
f 243/217/373 255/217/373 387/217/373 375/217/373
f 258/217/374 253/217/374 383/217/374 390/217/374
f 255/217/375 267/217/375 399/217/375 387/217/375
f 270/217/376 258/217/376 390/217/376 402/217/376
f 261/217/377 297/217/377 429/217/377 393/217/377
f 267/217/378 261/217/378 393/217/378 399/217/378
f 264/217/379 270/217/379 402/217/379 396/217/379
f 294/217/380 264/217/380 396/217/380 426/217/380
f 273/217/381 292/217/381 422/217/381 405/217/381
f 297/217/382 273/217/382 405/217/382 429/217/382
f 276/217/383 294/217/383 426/217/383 408/217/383
f 288/217/384 276/217/384 408/217/384 420/217/384
f 279/217/385 282/217/385 414/217/385 411/217/385
f 285/217/386 279/217/386 411/217/386 417/217/386
f 282/217/387 288/217/387 420/217/387 414/217/387
f 292/217/388 285/217/388 417/217/388 422/217/388
f 301/217/389 316/217/389 322/217/389 308/217/389
f 384/217/389 366/217/389 371/217/389 359/217/389 380/217/389 347/217/389 353/217/389 341/217/389 335/217/389 338/217/389 350/217/389 344/217/389 377/217/389 356/217/389 368/217/389 362/217/389 374/217/389 386/217/389 398/217/389 392/217/389 428/217/389 404/217/389 322/217/389 316/217/389 329/217/389
f 404/217/389 423/217/389 416/217/389 410/217/389 413/217/389 419/217/389 407/217/389 425/217/389 395/217/389 401/217/389 389/217/389 384/217/389 329/217/389 322/217/389
o LeftSide.001
v 0.184500 0.001500 0.100000
v 0.184500 0.000000 0.098500
v 0.186000 0.001500 0.098176
v 0.184500 0.000439 0.099561
v 0.185366 0.000634 0.099298
v 0.185561 0.000439 0.098338
v 0.185555 0.001500 0.099470
v 0.184500 0.000000 -0.098500
v 0.184500 0.001500 -0.100000
v 0.186000 0.001500 -0.098500
v 0.184500 0.000439 -0.099561
v 0.185366 0.000634 -0.099366
v 0.185561 0.001500 -0.099561
v 0.185561 0.000439 -0.098500
v 0.184500 0.158500 0.100000
v 0.186000 0.160000 0.098163
v 0.184500 0.161003 0.098885
v 0.185556 0.159184 0.099465
v 0.185366 0.159921 0.099412
v 0.185564 0.160684 0.098696
v 0.184500 0.159855 0.099673
v 0.184500 0.158500 -0.100000
v 0.184500 0.161003 -0.098885
v 0.186000 0.159645 -0.098500
v 0.184500 0.159825 -0.099753
v 0.185366 0.159820 -0.099447
v 0.185561 0.160635 -0.098693
v 0.185561 0.158865 -0.099481
v 0.184500 0.248997 -0.001115
v 0.184500 0.248997 0.001115
v 0.186000 0.248308 0.000000
v 0.184500 0.249412 0.000000
v 0.185366 0.249230 0.000000
v 0.185564 0.248852 0.000719
v 0.185564 0.248852 -0.000719
v 0.184500 0.215000 0.024000
v 0.186000 0.215000 0.025507
v 0.185561 0.215000 0.024441
v 0.184500 0.210318 0.023539
v 0.186000 0.210024 0.025017
v 0.185561 0.210232 0.023972
v 0.184500 0.219682 0.023539
v 0.186000 0.219976 0.025017
v 0.185561 0.219768 0.023972
v 0.184500 0.201666 0.019955
v 0.186000 0.200829 0.021209
v 0.185561 0.201421 0.020322
v 0.184500 0.228334 0.019955
v 0.186000 0.229171 0.021209
v 0.185561 0.228579 0.020322
v 0.184500 0.205816 0.022173
v 0.186000 0.205239 0.023566
v 0.185561 0.205647 0.022581
v 0.184500 0.224184 0.022173
v 0.186000 0.224761 0.023566
v 0.185561 0.224353 0.022581
v 0.184500 0.195045 0.013334
v 0.186000 0.193792 0.014171
v 0.185561 0.194678 0.013579
v 0.184500 0.234955 0.013334
v 0.186000 0.236208 0.014171
v 0.185561 0.235322 0.013579
v 0.184500 0.191461 0.004682
v 0.186000 0.189983 0.004976
v 0.185561 0.191028 0.004768
v 0.186000 0.240017 0.004976
v 0.184500 0.238539 0.004682
v 0.185561 0.238972 0.004768
v 0.184500 0.192827 0.009184
v 0.186000 0.191434 0.009761
v 0.185561 0.192419 0.009353
v 0.184500 0.237173 0.009184
v 0.186000 0.238566 0.009761
v 0.185561 0.237581 0.009353
v 0.184500 0.191000 0.000000
v 0.186000 0.189493 0.000000
v 0.185561 0.190559 0.000000
v 0.184500 0.198029 0.016971
v 0.186000 0.196964 0.018036
v 0.185561 0.197717 0.017283
v 0.184500 0.231971 0.016971
v 0.186000 0.233036 0.018036
v 0.185561 0.232283 0.017283
v 0.186000 0.240507 0.000000
v 0.184500 0.239000 0.000000
v 0.185561 0.239441 0.000000
v 0.184500 0.191461 -0.004682
v 0.186000 0.189983 -0.004976
v 0.185561 0.191028 -0.004768
v 0.184500 0.238539 -0.004682
v 0.186000 0.240017 -0.004976
v 0.185561 0.238972 -0.004768
v 0.184500 0.195045 -0.013334
v 0.186000 0.193792 -0.014171
v 0.185561 0.194678 -0.013579
v 0.184500 0.234955 -0.013334
v 0.186000 0.236208 -0.014171
v 0.185561 0.235322 -0.013579
v 0.184500 0.192827 -0.009184
v 0.186000 0.191434 -0.009761
v 0.185561 0.192419 -0.009353
v 0.184500 0.237173 -0.009184
v 0.186000 0.238566 -0.009761
v 0.185561 0.237581 -0.009353
v 0.184500 0.201666 -0.019955
v 0.186000 0.200966 -0.021300
v 0.185561 0.201461 -0.020349
v 0.184500 0.228334 -0.019955
v 0.186000 0.229171 -0.021209
v 0.185561 0.228579 -0.020322
v 0.184500 0.215000 -0.024000
v 0.186000 0.215000 -0.025507
v 0.185561 0.215000 -0.024441
v 0.184500 0.219682 -0.023539
v 0.186000 0.219976 -0.025017
v 0.185561 0.219768 -0.023972
v 0.184500 0.210318 -0.023539
v 0.186000 0.210024 -0.025017
v 0.185561 0.210232 -0.023972
v 0.184500 0.224184 -0.022173
v 0.186000 0.224761 -0.023566
v 0.185561 0.224353 -0.022581
v 0.186000 0.205163 -0.023543
v 0.184500 0.205816 -0.022173
v 0.185561 0.205625 -0.022574
v 0.184500 0.231971 -0.016971
v 0.186000 0.233036 -0.018036
v 0.185561 0.232283 -0.017283
v 0.184500 0.198029 -0.016971
v 0.186000 0.196913 -0.017974
v 0.185561 0.197702 -0.017264
v 0.179500 0.001500 0.100000
v 0.178000 0.001500 0.098176
v 0.179500 0.000000 0.098500
v 0.178439 0.001500 0.099399
v 0.178634 0.000634 0.099298
v 0.178439 0.000439 0.098338
v 0.179500 0.000439 0.099628
v 0.179500 0.000000 -0.098500
v 0.178000 0.001500 -0.098500
v 0.179500 0.001500 -0.100000
v 0.178439 0.000439 -0.098500
v 0.178634 0.000634 -0.099366
v 0.178439 0.001500 -0.099561
v 0.179500 0.000439 -0.099561
v 0.179500 0.158500 0.100000
v 0.179500 0.161003 0.098885
v 0.178000 0.160000 0.098163
v 0.179500 0.159855 0.099673
v 0.178634 0.159921 0.099412
v 0.178436 0.160684 0.098696
v 0.178444 0.159184 0.099465
v 0.179500 0.158500 -0.100000
v 0.178000 0.159645 -0.098500
v 0.179500 0.161003 -0.098885
v 0.178439 0.159073 -0.099561
v 0.178634 0.159842 -0.099487
v 0.178437 0.160501 -0.098883
v 0.179500 0.159855 -0.099673
v 0.179500 0.248997 -0.001115
v 0.178000 0.248308 0.000000
v 0.179500 0.248997 0.001115
v 0.178436 0.248853 -0.000719
v 0.178634 0.249230 -0.000000
v 0.178436 0.248853 0.000719
v 0.179500 0.249412 -0.000000
v 0.178000 0.215000 0.025507
v 0.179500 0.215000 0.024000
v 0.178439 0.215000 0.024441
v 0.178000 0.210024 0.025017
v 0.179500 0.210318 0.023539
v 0.178439 0.210232 0.023972
v 0.178000 0.219976 0.025017
v 0.179500 0.219682 0.023539
v 0.178439 0.219768 0.023972
v 0.178000 0.200829 0.021209
v 0.179500 0.201666 0.019955
v 0.178439 0.201421 0.020322
v 0.178000 0.229171 0.021209
v 0.179500 0.228334 0.019955
v 0.178439 0.228579 0.020322
v 0.178000 0.205239 0.023566
v 0.179500 0.205816 0.022173
v 0.178439 0.205647 0.022581
v 0.178000 0.224761 0.023566
v 0.179500 0.224184 0.022173
v 0.178439 0.224353 0.022581
v 0.178000 0.193792 0.014171
v 0.179500 0.195045 0.013334
v 0.178439 0.194678 0.013579
v 0.178000 0.236208 0.014171
v 0.179500 0.234955 0.013334
v 0.178439 0.235322 0.013579
v 0.178000 0.189983 0.004976
v 0.179500 0.191461 0.004682
v 0.178439 0.191028 0.004768
v 0.179500 0.238539 0.004682
v 0.178000 0.240017 0.004976
v 0.178439 0.238972 0.004768
v 0.178000 0.191434 0.009761
v 0.179500 0.192827 0.009184
v 0.178439 0.192419 0.009353
v 0.178000 0.238566 0.009761
v 0.179500 0.237173 0.009184
v 0.178439 0.237581 0.009353
v 0.178000 0.189493 0.000000
v 0.179500 0.191000 0.000000
v 0.178439 0.190559 0.000000
v 0.178000 0.196964 0.018036
v 0.179500 0.198029 0.016971
v 0.178439 0.197717 0.017283
v 0.178000 0.233036 0.018036
v 0.179500 0.231971 0.016971
v 0.178439 0.232283 0.017283
v 0.179500 0.239000 0.000000
v 0.178000 0.240507 0.000000
v 0.178439 0.239441 0.000000
v 0.178000 0.189983 -0.004976
v 0.179500 0.191461 -0.004682
v 0.178439 0.191028 -0.004768
v 0.178000 0.240017 -0.004976
v 0.179500 0.238539 -0.004682
v 0.178439 0.238972 -0.004768
v 0.178000 0.193792 -0.014171
v 0.179500 0.195045 -0.013334
v 0.178439 0.194678 -0.013579
v 0.178000 0.236208 -0.014171
v 0.179500 0.234955 -0.013334
v 0.178439 0.235322 -0.013579
v 0.178000 0.191434 -0.009761
v 0.179500 0.192827 -0.009184
v 0.178439 0.192419 -0.009353
v 0.178000 0.238566 -0.009761
v 0.179500 0.237173 -0.009184
v 0.178439 0.237581 -0.009353
v 0.178000 0.200966 -0.021300
v 0.179500 0.201666 -0.019955
v 0.178439 0.201461 -0.020349
v 0.178000 0.229171 -0.021209
v 0.179500 0.228334 -0.019955
v 0.178439 0.228579 -0.020322
v 0.178000 0.215000 -0.025507
v 0.179500 0.215000 -0.024000
v 0.178439 0.215000 -0.024441
v 0.178000 0.219976 -0.025017
v 0.179500 0.219682 -0.023539
v 0.178439 0.219768 -0.023972
v 0.178000 0.210024 -0.025017
v 0.179500 0.210318 -0.023539
v 0.178439 0.210232 -0.023972
v 0.178000 0.224761 -0.023566
v 0.179500 0.224184 -0.022173
v 0.178439 0.224353 -0.022581
v 0.179500 0.205816 -0.022173
v 0.178000 0.205163 -0.023543
v 0.178439 0.205625 -0.022574
v 0.178000 0.233036 -0.018036
v 0.179500 0.231971 -0.016971
v 0.178439 0.232283 -0.017283
v 0.178000 0.196913 -0.017974
v 0.179500 0.198029 -0.016971
v 0.178439 0.197702 -0.017264
vn 0.3893 -0.3133 0.8662
vn 0.3583 -0.8804 0.3108
vn 0.9110 -0.2988 0.2842
vn 0.3251 -0.8881 -0.3251
vn 0.3251 -0.3251 -0.8881
vn 0.8881 -0.3251 -0.3251
vn 0.3082 0.1970 0.9307
vn 0.8625 0.2275 0.4520
vn 0.2566 0.5813 0.7722
vn 0.3666 0.1443 -0.9191
vn 0.3075 0.5826 -0.7524
vn 0.8281 0.2281 -0.5121
vn 0.2278 0.9024 -0.3657
vn 0.2278 0.9024 0.3657
vn 0.8239 0.5667 -0.0000
vn -0.4417 -0.2558 0.8599
vn -0.9116 -0.2907 0.2907
vn -0.3667 -0.8801 0.3015
vn -0.3251 -0.8881 -0.3251
vn -0.8881 -0.3251 -0.3251
vn -0.3251 -0.3251 -0.8881
vn -0.3082 0.1970 0.9307
vn -0.2566 0.5813 0.7722
vn -0.8625 0.2275 0.4520
vn -0.2490 0.2012 -0.9474
vn -0.8389 0.2320 -0.4924
vn -0.2305 0.5779 -0.7829
vn -0.2278 0.9024 -0.3657
vn -0.8239 0.5667 -0.0000
vn -0.2278 0.9024 0.3657
vn 0.9462 -0.0000 0.3237
vn 0.4501 -0.0000 0.8930
vn 0.3827 -0.9239 -0.0000
vn 0.9239 -0.3827 -0.0000
vn 0.4117 0.0002 -0.9113
vn 0.9185 0.0001 -0.3954
vn 0.9253 0.1788 0.3345
vn 0.3861 0.4348 0.8135
vn 0.3427 0.6982 -0.6285
vn 0.8943 0.3326 -0.2994
vn 0.3827 -0.9194 0.0906
vn 0.9239 -0.3808 0.0375
vn 0.3827 -0.8841 0.2682
vn 0.9239 -0.3662 0.1111
vn 0.9239 -0.3375 0.1804
vn 0.3827 -0.8148 0.4355
vn 0.3827 -0.7142 0.5861
vn 0.9239 -0.2958 0.2428
vn 0.9239 -0.2428 0.2958
vn 0.3827 -0.5861 0.7142
vn 0.3827 -0.4355 0.8148
vn 0.9239 -0.1804 0.3375
vn 0.9239 -0.1111 0.3662
vn 0.3827 -0.2682 0.8841
vn 0.9239 -0.0375 0.3808
vn 0.3827 -0.0906 0.9194
vn 0.3827 0.0906 0.9194
vn 0.9239 0.0375 0.3808
vn 0.3827 0.2682 0.8841
vn 0.9239 0.1111 0.3662
vn 0.3827 -0.9194 -0.0906
vn 0.9239 -0.3808 -0.0375
vn 0.8950 0.3315 0.2983
vn 0.3271 0.7024 0.6321
vn 0.3792 0.5870 0.7153
vn 0.9224 0.2450 0.2986
vn 0.9239 0.2958 0.2428
vn 0.3827 0.7142 0.5861
vn 0.3827 0.8148 0.4355
vn 0.9239 0.3375 0.1804
vn 0.9239 0.3662 0.1111
vn 0.3827 0.8841 0.2682
vn 0.9239 0.3808 0.0375
vn 0.3827 0.9194 0.0906
vn 0.9239 0.3808 -0.0375
vn 0.3827 0.9194 -0.0906
vn 0.3827 0.8841 -0.2682
vn 0.9239 0.3662 -0.1111
vn 0.9239 0.3375 -0.1804
vn 0.3827 0.8148 -0.4355
vn 0.3827 0.7142 -0.5861
vn 0.9239 0.2958 -0.2428
vn 0.9239 0.2428 -0.2958
vn 0.3827 0.5861 -0.7142
vn 0.3827 0.4355 -0.8148
vn 0.9239 0.1804 -0.3375
vn 0.9239 0.1111 -0.3662
vn 0.3827 0.2682 -0.8841
vn 0.9239 0.0375 -0.3808
vn 0.3827 0.0906 -0.9194
vn 0.3827 -0.0906 -0.9194
vn 0.9239 -0.0375 -0.3808
vn 0.3827 -0.2682 -0.8841
vn 0.9239 -0.1111 -0.3662
vn 0.9239 -0.1804 -0.3375
vn 0.3827 -0.4355 -0.8148
vn 0.3827 -0.5861 -0.7142
vn 0.9239 -0.2428 -0.2958
vn 0.9239 -0.2958 -0.2428
vn 0.3827 -0.7142 -0.5861
vn 0.3827 -0.8148 -0.4355
vn 0.9239 -0.3375 -0.1804
vn 0.9239 -0.3662 -0.1111
vn 0.3827 -0.8841 -0.2682
vn -0.4729 -0.0002 0.8811
vn -0.9440 -0.0000 0.3301
vn -0.9239 -0.3827 -0.0000
vn -0.3827 -0.9239 -0.0000
vn -0.9239 -0.0000 -0.3827
vn -0.3827 -0.0000 -0.9239
vn -0.3861 0.4348 0.8135
vn -0.9253 0.1788 0.3345
vn -0.8977 0.3275 -0.2948
vn -0.3313 0.7013 -0.6312
vn -0.9239 -0.3808 0.0375
vn -0.3827 -0.9194 0.0906
vn -0.9239 -0.3662 0.1111
vn -0.3827 -0.8841 0.2682
vn -0.3827 -0.8148 0.4355
vn -0.9239 -0.3375 0.1804
vn -0.9239 -0.2958 0.2428
vn -0.3827 -0.7142 0.5861
vn -0.3827 -0.5861 0.7142
vn -0.9239 -0.2428 0.2958
vn -0.9239 -0.1804 0.3375
vn -0.3827 -0.4355 0.8148
vn -0.3827 -0.2682 0.8841
vn -0.9239 -0.1111 0.3662
vn -0.3827 -0.0906 0.9194
vn -0.9239 -0.0375 0.3808
vn -0.9239 0.0375 0.3808
vn -0.3827 0.0906 0.9194
vn -0.9239 0.1111 0.3662
vn -0.3827 0.2682 0.8841
vn -0.9239 -0.3808 -0.0375
vn -0.3827 -0.9194 -0.0906
vn -0.3271 0.7024 0.6321
vn -0.8950 0.3315 0.2983
vn -0.9224 0.2450 0.2986
vn -0.3792 0.5870 0.7153
vn -0.3827 0.7142 0.5861
vn -0.9239 0.2958 0.2428
vn -0.9239 0.3375 0.1804
vn -0.3827 0.8148 0.4355
vn -0.3827 0.8841 0.2682
vn -0.9239 0.3662 0.1111
vn -0.3827 0.9194 0.0906
vn -0.9239 0.3808 0.0375
vn -0.3827 0.9194 -0.0906
vn -0.9239 0.3808 -0.0375
vn -0.9239 0.3662 -0.1111
vn -0.3827 0.8841 -0.2682
vn -0.3827 0.8148 -0.4355
vn -0.9239 0.3375 -0.1804
vn -0.9239 0.2958 -0.2428
vn -0.3827 0.7142 -0.5861
vn -0.3827 0.5861 -0.7142
vn -0.9239 0.2428 -0.2958
vn -0.9239 0.1804 -0.3375
vn -0.3827 0.4355 -0.8148
vn -0.3827 0.2682 -0.8841
vn -0.9239 0.1111 -0.3662
vn -0.3827 0.0906 -0.9194
vn -0.9239 0.0375 -0.3808
vn -0.9239 -0.0375 -0.3808
vn -0.3827 -0.0906 -0.9194
vn -0.9239 -0.1111 -0.3662
vn -0.3827 -0.2682 -0.8841
vn -0.3827 -0.4355 -0.8148
vn -0.9239 -0.1804 -0.3375
vn -0.9239 -0.2428 -0.2958
vn -0.3827 -0.5861 -0.7142
vn -0.3827 -0.7142 -0.5861
vn -0.9239 -0.2958 -0.2428
vn -0.9239 -0.3375 -0.1804
vn -0.3827 -0.8148 -0.4355
vn -0.3827 -0.8841 -0.2682
vn -0.9239 -0.3662 -0.1111
vn 0.0063 -0.3573 0.9340
vn 0.0025 -0.9280 0.3726
vn -0.0000 -0.9239 -0.3827
vn -0.0000 -0.3827 -0.9239
vn -0.0000 0.5658 0.8245
vn -0.0000 0.2344 0.9721
vn -0.0072 0.2092 -0.9778
vn -0.0048 0.5799 -0.8147
vn -0.0000 0.9370 -0.3493
vn -0.0000 0.9370 0.3493
vn -0.0000 -0.0000 1.0000
vn 1.0000 -0.0000 -0.0000
vn -0.0000 -1.0000 -0.0000
vn -0.0000 -0.0000 -1.0000
vn -0.0000 0.7433 0.6690
vn -0.0000 0.7433 -0.6690
vn -0.0000 0.0980 -0.9952
vn -0.0000 -0.0980 -0.9952
vn -0.0000 0.2903 -0.9569
vn -0.0000 -0.2903 -0.9569
vn -0.0000 0.6344 -0.7730
vn -0.0000 0.4714 -0.8819
vn -0.0000 -0.4714 -0.8819
vn -0.0000 -0.6344 -0.7730
vn -0.0000 0.8819 -0.4714
vn -0.0000 0.7730 -0.6344
vn -0.0000 -0.7730 -0.6344
vn -0.0000 -0.8819 -0.4714
vn -0.0000 0.9952 -0.0980
vn -0.0000 0.9569 -0.2903
vn -0.0000 -0.9952 -0.0980
vn -0.0000 -0.9569 -0.2903
vn -0.0000 0.9952 0.0980
vn -0.0000 -0.9952 0.0980
vn -0.0000 0.9569 0.2903
vn -0.0000 -0.9569 0.2903
vn -0.0000 0.7730 0.6344
vn -0.0000 0.8819 0.4714
vn -0.0000 -0.8819 0.4714
vn -0.0000 -0.7730 0.6344
vn -0.0000 0.4714 0.8819
vn -0.0000 0.6344 0.7730
vn -0.0000 -0.6344 0.7730
vn -0.0000 -0.4714 0.8819
vn -0.0000 -0.0980 0.9952
vn -0.0000 0.0980 0.9952
vn -0.0000 -0.2903 0.9569
vn -0.0000 0.2903 0.9569
vn -1.0000 -0.0000 -0.0000
vt 0.000000 0.000000
s 0
usemtl ToolboxBody.011
f 431/218/390 434/218/390 435/218/390 437/218/390
f 432/218/391 436/218/391 435/218/391 434/218/391
f 433/218/392 437/218/392 435/218/392 436/218/392
f 438/218/393 441/218/393 442/218/393 444/218/393
f 439/218/394 443/218/394 442/218/394 441/218/394
f 440/218/395 444/218/395 442/218/395 443/218/395
f 445/218/396 448/218/396 449/218/396 451/218/396
f 446/218/397 450/218/397 449/218/397 448/218/397
f 447/218/398 451/218/398 449/218/398 450/218/398
f 452/218/399 455/218/399 456/218/399 458/218/399
f 453/218/400 457/218/400 456/218/400 455/218/400
f 454/218/401 458/218/401 456/218/401 457/218/401
f 459/218/402 462/218/402 463/218/402 465/218/402
f 460/218/403 464/218/403 463/218/403 462/218/403
f 461/218/404 465/218/404 463/218/404 464/218/404
f 562/218/405 565/218/405 566/218/405 568/218/405
f 563/218/406 567/218/406 566/218/406 565/218/406
f 564/218/407 568/218/407 566/218/407 567/218/407
f 569/218/408 572/218/408 573/218/408 575/218/408
f 570/218/409 574/218/409 573/218/409 572/218/409
f 571/218/410 575/218/410 573/218/410 574/218/410
f 576/218/411 579/218/411 580/218/411 582/218/411
f 577/218/412 581/218/412 580/218/412 579/218/412
f 578/218/413 582/218/413 580/218/413 581/218/413
f 583/218/414 586/218/414 587/218/414 589/218/414
f 584/218/415 588/218/415 587/218/415 586/218/415
f 585/218/416 589/218/416 587/218/416 588/218/416
f 590/218/417 593/218/417 594/218/417 596/218/417
f 591/218/418 595/218/418 594/218/418 593/218/418
f 592/218/419 596/218/419 594/218/419 595/218/419
f 433/218/420 446/218/420 448/218/420 437/218/420
f 437/218/421 448/218/421 445/218/421 431/218/421
f 432/218/422 438/218/422 444/218/422 436/218/422
f 436/218/423 444/218/423 440/218/423 433/218/423
f 439/218/424 452/218/424 458/218/424 443/218/424
f 443/218/425 458/218/425 454/218/425 440/218/425
f 536/218/426 553/218/426 555/218/426 537/218/426
f 537/218/427 555/218/427 554/218/427 535/218/427
f 453/218/428 459/218/428 465/218/428 457/218/428
f 457/218/429 465/218/429 461/218/429 454/218/429
f 515/218/430 520/218/430 522/218/430 516/218/430
f 516/218/431 522/218/431 521/218/431 514/218/431
f 520/218/432 532/218/432 534/218/432 522/218/432
f 522/218/433 534/218/433 533/218/433 521/218/433
f 527/218/434 533/218/434 534/218/434 528/218/434
f 528/218/435 534/218/435 532/218/435 526/218/435
f 526/218/436 556/218/436 558/218/436 528/218/436
f 528/218/437 558/218/437 557/218/437 527/218/437
f 539/218/438 557/218/438 558/218/438 540/218/438
f 540/218/439 558/218/439 556/218/439 538/218/439
f 538/218/440 550/218/440 552/218/440 540/218/440
f 540/218/441 552/218/441 551/218/441 539/218/441
f 545/218/442 551/218/442 552/218/442 546/218/442
f 546/218/443 552/218/443 550/218/443 544/218/443
f 542/218/444 545/218/444 546/218/444 543/218/444
f 543/218/445 546/218/445 544/218/445 541/218/445
f 541/218/446 547/218/446 549/218/446 543/218/446
f 543/218/447 549/218/447 548/218/447 542/218/447
f 547/218/448 554/218/448 555/218/448 549/218/448
f 549/218/449 555/218/449 553/218/449 548/218/449
f 497/218/450 515/218/450 516/218/450 498/218/450
f 498/218/451 516/218/451 514/218/451 496/218/451
f 446/218/452 461/218/452 464/218/452 450/218/452
f 450/218/453 464/218/453 460/218/453 447/218/453
f 535/218/454 559/218/454 561/218/454 537/218/454
f 537/218/455 561/218/455 560/218/455 536/218/455
f 524/218/456 560/218/456 561/218/456 525/218/456
f 525/218/457 561/218/457 559/218/457 523/218/457
f 523/218/458 529/218/458 531/218/458 525/218/458
f 525/218/459 531/218/459 530/218/459 524/218/459
f 518/218/460 530/218/460 531/218/460 519/218/460
f 519/218/461 531/218/461 529/218/461 517/218/461
f 506/218/462 518/218/462 519/218/462 507/218/462
f 507/218/463 519/218/463 517/218/463 505/218/463
f 494/218/464 506/218/464 507/218/464 495/218/464
f 495/218/465 507/218/465 505/218/465 493/218/465
f 493/218/466 499/218/466 501/218/466 495/218/466
f 495/218/467 501/218/467 500/218/467 494/218/467
f 488/218/468 500/218/468 501/218/468 489/218/468
f 489/218/469 501/218/469 499/218/469 487/218/469
f 487/218/470 508/218/470 510/218/470 489/218/470
f 489/218/471 510/218/471 509/218/471 488/218/471
f 476/218/472 509/218/472 510/218/472 477/218/472
f 477/218/473 510/218/473 508/218/473 475/218/473
f 475/218/474 481/218/474 483/218/474 477/218/474
f 477/218/475 483/218/475 482/218/475 476/218/475
f 470/218/476 482/218/476 483/218/476 471/218/476
f 471/218/477 483/218/477 481/218/477 469/218/477
f 467/218/478 470/218/478 471/218/478 468/218/478
f 468/218/479 471/218/479 469/218/479 466/218/479
f 466/218/480 472/218/480 474/218/480 468/218/480
f 468/218/481 474/218/481 473/218/481 467/218/481
f 472/218/482 484/218/482 486/218/482 474/218/482
f 474/218/483 486/218/483 485/218/483 473/218/483
f 479/218/484 485/218/484 486/218/484 480/218/484
f 480/218/485 486/218/485 484/218/485 478/218/485
f 478/218/486 511/218/486 513/218/486 480/218/486
f 480/218/487 513/218/487 512/218/487 479/218/487
f 491/218/488 512/218/488 513/218/488 492/218/488
f 492/218/489 513/218/489 511/218/489 490/218/489
f 490/218/490 502/218/490 504/218/490 492/218/490
f 492/218/491 504/218/491 503/218/491 491/218/491
f 496/218/492 503/218/492 504/218/492 498/218/492
f 498/218/493 504/218/493 502/218/493 497/218/493
f 562/218/494 576/218/494 582/218/494 565/218/494
f 565/218/495 582/218/495 578/218/495 563/218/495
f 563/218/496 570/218/496 572/218/496 567/218/496
f 567/218/497 572/218/497 569/218/497 564/218/497
f 570/218/498 584/218/498 586/218/498 574/218/498
f 574/218/499 586/218/499 583/218/499 571/218/499
f 667/218/500 684/218/500 686/218/500 668/218/500
f 668/218/501 686/218/501 685/218/501 666/218/501
f 584/218/502 591/218/502 593/218/502 588/218/502
f 588/218/503 593/218/503 590/218/503 585/218/503
f 646/218/504 651/218/504 653/218/504 647/218/504
f 647/218/505 653/218/505 652/218/505 645/218/505
f 651/218/506 663/218/506 665/218/506 653/218/506
f 653/218/507 665/218/507 664/218/507 652/218/507
f 658/218/508 664/218/508 665/218/508 659/218/508
f 659/218/509 665/218/509 663/218/509 657/218/509
f 657/218/510 687/218/510 689/218/510 659/218/510
f 659/218/511 689/218/511 688/218/511 658/218/511
f 670/218/512 688/218/512 689/218/512 671/218/512
f 671/218/513 689/218/513 687/218/513 669/218/513
f 669/218/514 681/218/514 683/218/514 671/218/514
f 671/218/515 683/218/515 682/218/515 670/218/515
f 676/218/516 682/218/516 683/218/516 677/218/516
f 677/218/517 683/218/517 681/218/517 675/218/517
f 673/218/518 676/218/518 677/218/518 674/218/518
f 674/218/519 677/218/519 675/218/519 672/218/519
f 672/218/520 678/218/520 680/218/520 674/218/520
f 674/218/521 680/218/521 679/218/521 673/218/521
f 678/218/522 685/218/522 686/218/522 680/218/522
f 680/218/523 686/218/523 684/218/523 679/218/523
f 628/218/524 646/218/524 647/218/524 629/218/524
f 629/218/525 647/218/525 645/218/525 627/218/525
f 577/218/526 592/218/526 595/218/526 581/218/526
f 581/218/527 595/218/527 591/218/527 578/218/527
f 666/218/528 690/218/528 692/218/528 668/218/528
f 668/218/529 692/218/529 691/218/529 667/218/529
f 655/218/530 691/218/530 692/218/530 656/218/530
f 656/218/531 692/218/531 690/218/531 654/218/531
f 654/218/532 660/218/532 662/218/532 656/218/532
f 656/218/533 662/218/533 661/218/533 655/218/533
f 649/218/534 661/218/534 662/218/534 650/218/534
f 650/218/535 662/218/535 660/218/535 648/218/535
f 637/218/536 649/218/536 650/218/536 638/218/536
f 638/218/537 650/218/537 648/218/537 636/218/537
f 625/218/538 637/218/538 638/218/538 626/218/538
f 626/218/539 638/218/539 636/218/539 624/218/539
f 624/218/540 630/218/540 632/218/540 626/218/540
f 626/218/541 632/218/541 631/218/541 625/218/541
f 619/218/542 631/218/542 632/218/542 620/218/542
f 620/218/543 632/218/543 630/218/543 618/218/543
f 618/218/544 639/218/544 641/218/544 620/218/544
f 620/218/545 641/218/545 640/218/545 619/218/545
f 607/218/546 640/218/546 641/218/546 608/218/546
f 608/218/547 641/218/547 639/218/547 606/218/547
f 606/218/548 612/218/548 614/218/548 608/218/548
f 608/218/549 614/218/549 613/218/549 607/218/549
f 601/218/550 613/218/550 614/218/550 602/218/550
f 602/218/551 614/218/551 612/218/551 600/218/551
f 598/218/552 601/218/552 602/218/552 599/218/552
f 599/218/553 602/218/553 600/218/553 597/218/553
f 597/218/554 603/218/554 605/218/554 599/218/554
f 599/218/555 605/218/555 604/218/555 598/218/555
f 603/218/556 615/218/556 617/218/556 605/218/556
f 605/218/557 617/218/557 616/218/557 604/218/557
f 610/218/558 616/218/558 617/218/558 611/218/558
f 611/218/559 617/218/559 615/218/559 609/218/559
f 609/218/560 642/218/560 644/218/560 611/218/560
f 611/218/561 644/218/561 643/218/561 610/218/561
f 622/218/562 643/218/562 644/218/562 623/218/562
f 623/218/563 644/218/563 642/218/563 621/218/563
f 621/218/564 633/218/564 635/218/564 623/218/564
f 623/218/565 635/218/565 634/218/565 622/218/565
f 627/218/566 634/218/566 635/218/566 629/218/566
f 629/218/567 635/218/567 633/218/567 628/218/567
f 431/218/568 562/218/568 568/218/568 434/218/568
f 434/218/569 568/218/569 564/218/569 432/218/569
f 438/218/570 569/218/570 575/218/570 441/218/570
f 441/218/571 575/218/571 571/218/571 439/218/571
f 447/218/572 577/218/572 579/218/572 451/218/572
f 451/218/573 579/218/573 576/218/573 445/218/573
f 452/218/574 583/218/574 589/218/574 455/218/574
f 455/218/575 589/218/575 585/218/575 453/218/575
f 459/218/576 590/218/576 596/218/576 462/218/576
f 462/218/577 596/218/577 592/218/577 460/218/577
f 431/218/578 445/218/578 576/218/578 562/218/578
f 433/218/579 440/218/579 454/218/579 446/218/579
f 438/218/580 432/218/580 564/218/580 569/218/580
f 452/218/581 439/218/581 571/218/581 583/218/581
f 514/218/579 461/218/579 446/218/579 454/218/579 536/218/579 560/218/579 524/218/579 530/218/579 518/218/579 506/218/579 494/218/579 500/218/579 488/218/579 509/218/579 476/218/579 482/218/579 470/218/579 467/218/579 473/218/579 485/218/579 479/218/579 512/218/579 491/218/579 503/218/579 496/218/579
f 447/218/582 460/218/582 592/218/582 577/218/582
f 536/218/579 454/218/579 461/218/579 514/218/579 521/218/579 533/218/579 527/218/579 557/218/579 539/218/579 551/218/579 545/218/579 542/218/579 548/218/579 553/218/579
f 459/218/583 453/218/583 585/218/583 590/218/583
f 466/218/584 469/218/584 601/218/584 598/218/584
f 472/218/585 466/218/585 598/218/585 604/218/585
f 469/218/586 481/218/586 613/218/586 601/218/586
f 484/218/587 472/218/587 604/218/587 616/218/587
f 475/218/588 508/218/588 640/218/588 607/218/588
f 481/218/589 475/218/589 607/218/589 613/218/589
f 478/218/590 484/218/590 616/218/590 610/218/590
f 511/218/591 478/218/591 610/218/591 643/218/591
f 487/218/592 499/218/592 631/218/592 619/218/592
f 508/218/593 487/218/593 619/218/593 640/218/593
f 490/218/594 511/218/594 643/218/594 622/218/594
f 502/218/595 490/218/595 622/218/595 634/218/595
f 493/218/596 505/218/596 637/218/596 625/218/596
f 499/218/597 493/218/597 625/218/597 631/218/597
f 515/218/598 497/218/598 627/218/598 645/218/598
f 497/218/599 502/218/599 634/218/599 627/218/599
f 505/218/600 517/218/600 649/218/600 637/218/600
f 520/218/601 515/218/601 645/218/601 652/218/601
f 517/218/602 529/218/602 661/218/602 649/218/602
f 532/218/603 520/218/603 652/218/603 664/218/603
f 523/218/604 559/218/604 691/218/604 655/218/604
f 529/218/605 523/218/605 655/218/605 661/218/605
f 526/218/606 532/218/606 664/218/606 658/218/606
f 556/218/607 526/218/607 658/218/607 688/218/607
f 535/218/608 554/218/608 684/218/608 667/218/608
f 559/218/609 535/218/609 667/218/609 691/218/609
f 538/218/610 556/218/610 688/218/610 670/218/610
f 550/218/611 538/218/611 670/218/611 682/218/611
f 541/218/612 544/218/612 676/218/612 673/218/612
f 547/218/613 541/218/613 673/218/613 679/218/613
f 544/218/614 550/218/614 682/218/614 676/218/614
f 554/218/615 547/218/615 679/218/615 684/218/615
f 563/218/616 578/218/616 584/218/616 570/218/616
f 646/218/616 628/218/616 633/218/616 621/218/616 642/218/616 609/218/616 615/218/616 603/218/616 597/218/616 600/218/616 612/218/616 606/218/616 639/218/616 618/218/616 630/218/616 624/218/616 636/218/616 648/218/616 660/218/616 654/218/616 690/218/616 666/218/616 584/218/616 578/218/616 591/218/616
f 666/218/616 685/218/616 678/218/616 672/218/616 675/218/616 681/218/616 669/218/616 687/218/616 657/218/616 663/218/616 651/218/616 646/218/616 591/218/616 584/218/616
o Handle
v -0.199000 0.215000 -0.022293
v -0.197500 0.215000 -0.023800
v -0.198561 0.215000 -0.023359
v 0.191000 0.215000 -0.022293
v 0.189500 0.215000 -0.023800
v 0.190561 0.215000 -0.023359
v -0.199000 0.210651 -0.021864
v -0.197500 0.210357 -0.023343
v -0.198561 0.210443 -0.022910
v 0.191000 0.210651 -0.021864
v 0.189500 0.210357 -0.023343
v 0.190561 0.210443 -0.022910
v -0.199000 0.206469 -0.020596
v -0.197500 0.205892 -0.021988
v -0.198561 0.206061 -0.021580
v 0.191000 0.206469 -0.020596
v 0.189500 0.205892 -0.021988
v 0.190561 0.206061 -0.021580
v -0.199000 0.202615 -0.018536
v -0.197500 0.201777 -0.019789
v -0.198561 0.202023 -0.019422
v 0.191000 0.202615 -0.018536
v 0.189500 0.201777 -0.019789
v 0.190561 0.202023 -0.019422
v -0.199000 0.199237 -0.015763
v -0.197500 0.198171 -0.016829
v -0.198561 0.198483 -0.016517
v 0.191000 0.199237 -0.015763
v 0.189500 0.198171 -0.016829
v 0.190561 0.198483 -0.016517
v -0.199000 0.196464 -0.012385
v -0.197500 0.195211 -0.013223
v -0.198561 0.195578 -0.012977
v 0.191000 0.196464 -0.012385
v 0.189500 0.195211 -0.013223
v 0.190561 0.195578 -0.012977
v -0.199000 0.194404 -0.008531
v -0.197500 0.193012 -0.009108
v -0.198561 0.193420 -0.008939
v 0.191000 0.194404 -0.008531
v 0.189500 0.193012 -0.009108
v 0.190561 0.193420 -0.008939
v -0.199000 0.193136 -0.004349
v -0.197500 0.191657 -0.004643
v -0.198561 0.192090 -0.004557
v 0.191000 0.193136 -0.004349
v 0.189500 0.191657 -0.004643
v 0.190561 0.192090 -0.004557
v -0.199000 0.192707 0.000000
v -0.197500 0.191200 0.000000
v -0.198561 0.191641 0.000000
v 0.191000 0.192707 -0.000000
v 0.189500 0.191200 0.000000
v 0.190561 0.191641 -0.000000
v -0.199000 0.193136 0.004349
v -0.197500 0.191657 0.004643
v -0.198561 0.192090 0.004557
v 0.191000 0.193136 0.004349
v 0.189500 0.191657 0.004643
v 0.190561 0.192090 0.004557
v -0.199000 0.194404 0.008531
v -0.197500 0.193012 0.009108
v -0.198561 0.193420 0.008939
v 0.191000 0.194404 0.008531
v 0.189500 0.193012 0.009108
v 0.190561 0.193420 0.008939
v -0.199000 0.196464 0.012385
v -0.197500 0.195211 0.013223
v -0.198561 0.195578 0.012977
v 0.191000 0.196464 0.012385
v 0.189500 0.195211 0.013223
v 0.190561 0.195578 0.012977
v -0.199000 0.199237 0.015763
v -0.197500 0.198171 0.016829
v -0.198561 0.198483 0.016517
v 0.191000 0.199237 0.015763
v 0.189500 0.198171 0.016829
v 0.190561 0.198483 0.016517
v -0.199000 0.202615 0.018536
v -0.197500 0.201777 0.019789
v -0.198561 0.202023 0.019422
v 0.191000 0.202615 0.018536
v 0.189500 0.201777 0.019789
v 0.190561 0.202023 0.019422
v -0.199000 0.206469 0.020596
v -0.197500 0.205892 0.021988
v -0.198561 0.206061 0.021580
v 0.191000 0.206469 0.020596
v 0.189500 0.205892 0.021988
v 0.190561 0.206061 0.021580
v -0.199000 0.210651 0.021864
v -0.197500 0.210357 0.023343
v -0.198561 0.210443 0.022910
v 0.191000 0.210651 0.021864
v 0.189500 0.210357 0.023343
v 0.190561 0.210443 0.022910
v -0.199000 0.215000 0.022293
v -0.197500 0.215000 0.023800
v -0.198561 0.215000 0.023359
v 0.191000 0.215000 0.022293
v 0.189500 0.215000 0.023800
v 0.190561 0.215000 0.023359
v -0.199000 0.219349 0.021864
v -0.197500 0.219643 0.023343
v -0.198561 0.219557 0.022910
v 0.191000 0.219349 0.021864
v 0.189500 0.219643 0.023343
v 0.190561 0.219557 0.022910
v -0.199000 0.223531 0.020596
v -0.197500 0.224108 0.021988
v -0.198561 0.223939 0.021580
v 0.191000 0.223531 0.020596
v 0.189500 0.224108 0.021988
v 0.190561 0.223939 0.021580
v -0.199000 0.227385 0.018536
v -0.197500 0.228223 0.019789
v -0.198561 0.227977 0.019422
v 0.191000 0.227385 0.018536
v 0.189500 0.228223 0.019789
v 0.190561 0.227977 0.019422
v -0.199000 0.230763 0.015763
v -0.197500 0.231829 0.016829
v -0.198561 0.231517 0.016517
v 0.191000 0.230763 0.015763
v 0.189500 0.231829 0.016829
v 0.190561 0.231517 0.016517
v -0.199000 0.233536 0.012385
v -0.197500 0.234789 0.013223
v -0.198561 0.234422 0.012977
v 0.191000 0.233536 0.012385
v 0.189500 0.234789 0.013223
v 0.190561 0.234422 0.012977
v -0.199000 0.235596 0.008531
v -0.197500 0.236988 0.009108
v -0.198561 0.236580 0.008939
v 0.191000 0.235596 0.008531
v 0.189500 0.236988 0.009108
v 0.190561 0.236580 0.008939
v -0.199000 0.236864 0.004349
v -0.197500 0.238343 0.004643
v -0.198561 0.237910 0.004557
v 0.191000 0.236864 0.004349
v 0.189500 0.238343 0.004643
v 0.190561 0.237910 0.004557
v -0.199000 0.237293 -0.000000
v -0.197500 0.238800 0.000000
v -0.198561 0.238359 -0.000000
v 0.191000 0.237293 0.000000
v 0.189500 0.238800 0.000000
v 0.190561 0.238359 0.000000
v -0.199000 0.236864 -0.004349
v -0.197500 0.238343 -0.004643
v -0.198561 0.237910 -0.004557
v 0.191000 0.236864 -0.004349
v 0.189500 0.238343 -0.004643
v 0.190561 0.237910 -0.004557
v -0.199000 0.235596 -0.008531
v -0.197500 0.236988 -0.009108
v -0.198561 0.236580 -0.008939
v 0.191000 0.235596 -0.008531
v 0.189500 0.236988 -0.009108
v 0.190561 0.236580 -0.008939
v -0.199000 0.233536 -0.012385
v -0.197500 0.234789 -0.013223
v -0.198561 0.234422 -0.012977
v 0.191000 0.233536 -0.012385
v 0.189500 0.234789 -0.013223
v 0.190561 0.234422 -0.012977
v -0.199000 0.230763 -0.015763
v -0.197500 0.231829 -0.016829
v -0.198561 0.231517 -0.016517
v 0.191000 0.230763 -0.015763
v 0.189500 0.231829 -0.016829
v 0.190561 0.231517 -0.016517
v -0.199000 0.227385 -0.018536
v -0.197500 0.228223 -0.019789
v -0.198561 0.227977 -0.019422
v 0.191000 0.227385 -0.018536
v 0.189500 0.228223 -0.019789
v 0.190561 0.227977 -0.019422
v -0.199000 0.223531 -0.020596
v -0.197500 0.224108 -0.021988
v -0.198561 0.223939 -0.021580
v 0.191000 0.223531 -0.020596
v 0.189500 0.224108 -0.021988
v 0.190561 0.223939 -0.021580
v -0.199000 0.219349 -0.021864
v -0.197500 0.219643 -0.023343
v -0.198561 0.219557 -0.022910
v 0.191000 0.219349 -0.021864
v 0.189500 0.219643 -0.023343
v 0.190561 0.219557 -0.022910
vn -0.3827 -0.0906 -0.9194
vn -0.9239 -0.0375 -0.3809
vn 0.3827 -0.0906 -0.9194
vn 0.9239 -0.0375 -0.3809
vn -0.3827 -0.2682 -0.8841
vn -0.9239 -0.1111 -0.3662
vn 0.3827 -0.2682 -0.8841
vn 0.9239 -0.1111 -0.3662
vn -0.3827 -0.4355 -0.8148
vn -0.9239 -0.1804 -0.3375
vn 0.3827 -0.4355 -0.8148
vn 0.9239 -0.1804 -0.3375
vn -0.3827 -0.5861 -0.7142
vn -0.9239 -0.2428 -0.2958
vn 0.3827 -0.5861 -0.7142
vn 0.9239 -0.2428 -0.2958
vn -0.3827 -0.7142 -0.5861
vn -0.9239 -0.2958 -0.2428
vn 0.3827 -0.7142 -0.5861
vn 0.9239 -0.2958 -0.2428
vn -0.3827 -0.8148 -0.4355
vn -0.9239 -0.3375 -0.1804
vn 0.3827 -0.8148 -0.4355
vn 0.9239 -0.3375 -0.1804
vn -0.3827 -0.8841 -0.2682
vn -0.9239 -0.3662 -0.1111
vn 0.3827 -0.8841 -0.2682
vn 0.9239 -0.3662 -0.1111
vn -0.3827 -0.9194 -0.0906
vn -0.9239 -0.3809 -0.0375
vn 0.3827 -0.9194 -0.0906
vn 0.9239 -0.3809 -0.0375
vn -0.3827 -0.9194 0.0906
vn -0.9239 -0.3809 0.0375
vn 0.3827 -0.9194 0.0906
vn 0.9239 -0.3809 0.0375
vn -0.3827 -0.8841 0.2682
vn -0.9239 -0.3662 0.1111
vn 0.3827 -0.8841 0.2682
vn 0.9239 -0.3662 0.1111
vn -0.3827 -0.8148 0.4355
vn -0.9239 -0.3375 0.1804
vn 0.3827 -0.8148 0.4355
vn 0.9239 -0.3375 0.1804
vn -0.3827 -0.7142 0.5861
vn -0.9239 -0.2958 0.2428
vn 0.3827 -0.7142 0.5861
vn 0.9239 -0.2958 0.2428
vn -0.3827 -0.5861 0.7142
vn -0.9239 -0.2428 0.2958
vn 0.3827 -0.5861 0.7142
vn 0.9239 -0.2428 0.2958
vn -0.3827 -0.4355 0.8148
vn -0.9239 -0.1804 0.3375
vn 0.3827 -0.4355 0.8148
vn 0.9239 -0.1804 0.3375
vn -0.3827 -0.2682 0.8841
vn -0.9239 -0.1111 0.3662
vn 0.3827 -0.2682 0.8841
vn 0.9239 -0.1111 0.3662
vn -0.3827 -0.0906 0.9194
vn -0.9239 -0.0375 0.3809
vn 0.3827 -0.0906 0.9194
vn 0.9239 -0.0375 0.3809
vn -0.3827 0.0906 0.9194
vn -0.9239 0.0375 0.3809
vn 0.3827 0.0906 0.9194
vn 0.9239 0.0375 0.3809
vn -0.3827 0.2682 0.8841
vn -0.9239 0.1111 0.3662
vn 0.3827 0.2682 0.8841
vn 0.9239 0.1111 0.3662
vn -0.3827 0.4355 0.8148
vn -0.9239 0.1804 0.3375
vn 0.3827 0.4355 0.8148
vn 0.9239 0.1804 0.3375
vn -0.3827 0.5861 0.7142
vn -0.9239 0.2428 0.2958
vn 0.3827 0.5861 0.7142
vn 0.9239 0.2428 0.2958
vn -0.3827 0.7142 0.5861
vn -0.9239 0.2958 0.2428
vn 0.3827 0.7142 0.5861
vn 0.9239 0.2958 0.2428
vn -0.3827 0.8148 0.4355
vn -0.9239 0.3375 0.1804
vn 0.3827 0.8148 0.4355
vn 0.9239 0.3375 0.1804
vn -0.3827 0.8841 0.2682
vn -0.9239 0.3662 0.1111
vn 0.3827 0.8841 0.2682
vn 0.9239 0.3662 0.1111
vn -0.3827 0.9194 0.0906
vn -0.9239 0.3809 0.0375
vn 0.3827 0.9194 0.0906
vn 0.9239 0.3809 0.0375
vn -0.3827 0.9194 -0.0906
vn -0.9239 0.3809 -0.0375
vn 0.3827 0.9194 -0.0906
vn 0.9239 0.3809 -0.0375
vn -0.3827 0.8841 -0.2682
vn -0.9239 0.3662 -0.1111
vn 0.3827 0.8841 -0.2682
vn 0.9239 0.3662 -0.1111
vn -0.3827 0.8148 -0.4355
vn -0.9239 0.3375 -0.1804
vn 0.3827 0.8148 -0.4355
vn 0.9239 0.3375 -0.1804
vn -0.3827 0.7142 -0.5861
vn -0.9239 0.2958 -0.2428
vn 0.3827 0.7142 -0.5861
vn 0.9239 0.2958 -0.2428
vn -0.3827 0.5861 -0.7142
vn -0.9239 0.2428 -0.2958
vn 0.3827 0.5861 -0.7142
vn 0.9239 0.2428 -0.2958
vn -0.3827 0.4355 -0.8148
vn -0.9239 0.1804 -0.3375
vn 0.3827 0.4355 -0.8148
vn 0.9239 0.1804 -0.3375
vn -0.3827 0.2682 -0.8841
vn -0.9239 0.1111 -0.3662
vn 0.3827 0.2682 -0.8841
vn 0.9239 0.1111 -0.3662
vn -0.3827 0.0906 -0.9194
vn -0.9239 0.0375 -0.3809
vn 0.3827 0.0906 -0.9194
vn 0.9239 0.0375 -0.3809
vn -1.0000 -0.0000 -0.0000
vn -0.0000 -0.0980 -0.9952
vn -0.0000 0.0980 -0.9952
vn 1.0000 -0.0000 -0.0000
vn -0.0000 -0.2903 -0.9569
vn -0.0000 -0.4714 -0.8819
vn -0.0000 -0.6344 -0.7730
vn -0.0000 -0.7730 -0.6344
vn -0.0000 -0.8819 -0.4714
vn -0.0000 -0.9569 -0.2903
vn -0.0000 -0.9952 -0.0980
vn -0.0000 -0.9952 0.0980
vn -0.0000 -0.9569 0.2903
vn -0.0000 -0.8819 0.4714
vn -0.0000 -0.7730 0.6344
vn -0.0000 -0.6344 0.7730
vn -0.0000 -0.4714 0.8819
vn -0.0000 -0.2903 0.9569
vn -0.0000 -0.0980 0.9952
vn -0.0000 0.0980 0.9952
vn -0.0000 0.2903 0.9569
vn -0.0000 0.4714 0.8819
vn -0.0000 0.6344 0.7730
vn -0.0000 0.7730 0.6344
vn -0.0000 0.8819 0.4714
vn -0.0000 0.9569 0.2903
vn -0.0000 0.9952 0.0980
vn -0.0000 0.9952 -0.0980
vn -0.0000 0.9569 -0.2903
vn -0.0000 0.8819 -0.4714
vn -0.0000 0.7730 -0.6344
vn -0.0000 0.6344 -0.7730
vn -0.0000 0.4714 -0.8819
vn -0.0000 0.2903 -0.9569
vt 1.000000 0.501923
vt 0.968750 0.501923
vt 0.968750 0.500000
vt 0.999710 0.500000
vt 0.750000 0.489957
vt 0.796813 0.485346
vt 0.793857 0.470481
vt 0.750000 0.474801
vt 0.968750 0.998077
vt 1.000000 0.998077
vt 0.999710 1.000000
vt 0.968750 1.000000
vt 0.296813 0.485346
vt 0.250000 0.489957
vt 0.250000 0.474801
vt 0.293857 0.470481
vt 0.937500 0.501923
vt 0.937500 0.500000
vt 0.841828 0.471692
vt 0.836028 0.457689
vt 0.937500 0.998077
vt 0.937500 1.000000
vt 0.341828 0.471692
vt 0.336028 0.457689
vt 0.906250 0.501923
vt 0.906250 0.500000
vt 0.883313 0.449517
vt 0.874892 0.436915
vt 0.906250 0.998077
vt 0.906250 1.000000
vt 0.383313 0.449517
vt 0.374893 0.436915
vt 0.875000 0.501923
vt 0.875000 0.500000
vt 0.919675 0.419675
vt 0.908958 0.408958
vt 0.875000 0.998077
vt 0.875000 1.000000
vt 0.419675 0.419675
vt 0.408958 0.408958
vt 0.843750 0.501923
vt 0.843750 0.500000
vt 0.949517 0.383313
vt 0.936915 0.374893
vt 0.843750 0.998077
vt 0.843750 1.000000
vt 0.449517 0.383313
vt 0.436915 0.374893
vt 0.812500 0.501923
vt 0.812500 0.500000
vt 0.971692 0.341828
vt 0.957689 0.336027
vt 0.812500 0.998077
vt 0.812500 1.000000
vt 0.471692 0.341828
vt 0.457689 0.336028
vt 0.781250 0.501923
vt 0.781250 0.500000
vt 0.985346 0.296813
vt 0.970481 0.293856
vt 0.781250 0.998077
vt 0.781250 1.000000
vt 0.485346 0.296813
vt 0.470481 0.293857
vt 0.750000 0.501923
vt 0.750000 0.500000
vt 0.989957 0.250000
vt 0.974801 0.250000
vt 0.750000 0.998077
vt 0.750000 1.000000
vt 0.489957 0.250000
vt 0.474801 0.250000
vt 0.718750 0.501923
vt 0.718750 0.500000
vt 0.985346 0.203187
vt 0.970481 0.206144
vt 0.718750 0.998077
vt 0.718750 1.000000
vt 0.485346 0.203187
vt 0.470481 0.206143
vt 0.687500 0.501923
vt 0.687500 0.500000
vt 0.971692 0.158172
vt 0.957689 0.163973
vt 0.687500 0.998077
vt 0.687500 1.000000
vt 0.471692 0.158172
vt 0.457689 0.163972
vt 0.656250 0.501923
vt 0.656250 0.500000
vt 0.949517 0.116687
vt 0.936915 0.125107
vt 0.656250 0.998077
vt 0.656250 1.000000
vt 0.449517 0.116687
vt 0.436915 0.125107
vt 0.625000 0.501923
vt 0.625000 0.500000
vt 0.919675 0.080325
vt 0.908958 0.091042
vt 0.625000 0.998077
vt 0.625000 1.000000
vt 0.419675 0.080325
vt 0.408958 0.091042
vt 0.593750 0.501923
vt 0.593750 0.500000
vt 0.883313 0.050483
vt 0.874893 0.063085
vt 0.593750 0.998077
vt 0.593750 1.000000
vt 0.383313 0.050483
vt 0.374893 0.063085
vt 0.562500 0.501923
vt 0.562500 0.500000
vt 0.841828 0.028308
vt 0.836027 0.042311
vt 0.562500 0.998077
vt 0.562500 1.000000
vt 0.341828 0.028308
vt 0.336028 0.042311
vt 0.531250 0.501923
vt 0.531250 0.500000
vt 0.796813 0.014653
vt 0.793857 0.029519
vt 0.531250 0.998077
vt 0.531250 1.000000
vt 0.296813 0.014653
vt 0.293857 0.029519
vt 0.500000 0.501923
vt 0.500000 0.500000
vt 0.750000 0.010043
vt 0.750000 0.025199
vt 0.500000 0.998077
vt 0.500000 1.000000
vt 0.250000 0.010043
vt 0.250000 0.025199
vt 0.468750 0.501923
vt 0.468750 0.500000
vt 0.703187 0.014653
vt 0.706144 0.029519
vt 0.468750 0.998077
vt 0.468750 1.000000
vt 0.203187 0.014653
vt 0.206143 0.029519
vt 0.437500 0.501923
vt 0.437500 0.500000
vt 0.658172 0.028308
vt 0.663972 0.042311
vt 0.437500 0.998077
vt 0.437500 1.000000
vt 0.158172 0.028308
vt 0.163972 0.042311
vt 0.406250 0.501923
vt 0.406250 0.500000
vt 0.616687 0.050483
vt 0.625107 0.063085
vt 0.406250 0.998077
vt 0.406250 1.000000
vt 0.116687 0.050483
vt 0.125107 0.063085
vt 0.375000 0.501923
vt 0.375000 0.500000
vt 0.580325 0.080325
vt 0.591042 0.091042
vt 0.375000 0.998077
vt 0.375000 1.000000
vt 0.080325 0.080325
vt 0.091042 0.091042
vt 0.343750 0.501923
vt 0.343750 0.500000
vt 0.550483 0.116687
vt 0.563085 0.125107
vt 0.343750 0.998077
vt 0.343750 1.000000
vt 0.050483 0.116687
vt 0.063085 0.125107
vt 0.312500 0.501923
vt 0.312500 0.500000
vt 0.528308 0.158172
vt 0.542311 0.163972
vt 0.312500 0.998077
vt 0.312500 1.000000
vt 0.028308 0.158172
vt 0.042311 0.163972
vt 0.281250 0.501923
vt 0.281250 0.500000
vt 0.514654 0.203187
vt 0.529519 0.206143
vt 0.281250 0.998077
vt 0.281250 1.000000
vt 0.014653 0.203187
vt 0.029519 0.206144
vt 0.250000 0.501923
vt 0.250000 0.500000
vt 0.510043 0.250000
vt 0.525199 0.250000
vt 0.250000 0.998077
vt 0.250000 1.000000
vt 0.010043 0.250000
vt 0.025199 0.250000
vt 0.218750 0.501923
vt 0.218750 0.500000
vt 0.514654 0.296813
vt 0.529519 0.293857
vt 0.218750 0.998077
vt 0.218750 1.000000
vt 0.014653 0.296813
vt 0.029519 0.293856
vt 0.187500 0.501923
vt 0.187500 0.500000
vt 0.528308 0.341828
vt 0.542311 0.336028
vt 0.187500 0.998077
vt 0.187500 1.000000
vt 0.028308 0.341828
vt 0.042311 0.336027
vt 0.156250 0.501923
vt 0.156250 0.500000
vt 0.550483 0.383313
vt 0.563085 0.374893
vt 0.156250 0.998077
vt 0.156250 1.000000
vt 0.050483 0.383313
vt 0.063085 0.374893
vt 0.125000 0.501923
vt 0.125000 0.500000
vt 0.580325 0.419675
vt 0.591042 0.408958
vt 0.125000 0.998077
vt 0.125000 1.000000
vt 0.080325 0.419675
vt 0.091042 0.408958
vt 0.093750 0.501923
vt 0.093750 0.500000
vt 0.616687 0.449517
vt 0.625107 0.436915
vt 0.093750 0.998077
vt 0.093750 1.000000
vt 0.116687 0.449517
vt 0.125107 0.436915
vt 0.062500 0.501923
vt 0.062500 0.500000
vt 0.658172 0.471692
vt 0.663972 0.457689
vt 0.062500 0.998077
vt 0.062500 1.000000
vt 0.158172 0.471692
vt 0.163972 0.457689
vt 0.031250 0.501923
vt 0.031250 0.500000
vt 0.703187 0.485346
vt 0.706144 0.470481
vt 0.031250 0.998077
vt 0.031250 1.000000
vt 0.203187 0.485346
vt 0.206144 0.470481
vt 0.000000 0.501923
vt 0.000290 0.500000
vt 0.000000 0.998077
vt 0.000290 1.000000
s 0
usemtl HandleMaterial.011
f 694/219/617 700/220/617 701/221/617 695/222/617
f 695/223/618 701/224/618 699/225/618 693/226/618
f 703/227/619 697/228/619 698/229/619 704/230/619
f 704/231/620 698/232/620 696/233/620 702/234/620
f 700/220/621 706/235/621 707/236/621 701/221/621
f 701/224/622 707/237/622 705/238/622 699/225/622
f 709/239/623 703/227/623 704/230/623 710/240/623
f 710/241/624 704/231/624 702/234/624 708/242/624
f 706/235/625 712/243/625 713/244/625 707/236/625
f 707/237/626 713/245/626 711/246/626 705/238/626
f 715/247/627 709/239/627 710/240/627 716/248/627
f 716/249/628 710/241/628 708/242/628 714/250/628
f 712/243/629 718/251/629 719/252/629 713/244/629
f 713/245/630 719/253/630 717/254/630 711/246/630
f 721/255/631 715/247/631 716/248/631 722/256/631
f 722/257/632 716/249/632 714/250/632 720/258/632
f 718/251/633 724/259/633 725/260/633 719/252/633
f 719/253/634 725/261/634 723/262/634 717/254/634
f 727/263/635 721/255/635 722/256/635 728/264/635
f 728/265/636 722/257/636 720/258/636 726/266/636
f 724/259/637 730/267/637 731/268/637 725/260/637
f 725/261/638 731/269/638 729/270/638 723/262/638
f 733/271/639 727/263/639 728/264/639 734/272/639
f 734/273/640 728/265/640 726/266/640 732/274/640
f 730/267/641 736/275/641 737/276/641 731/268/641
f 731/269/642 737/277/642 735/278/642 729/270/642
f 739/279/643 733/271/643 734/272/643 740/280/643
f 740/281/644 734/273/644 732/274/644 738/282/644
f 736/275/645 742/283/645 743/284/645 737/276/645
f 737/277/646 743/285/646 741/286/646 735/278/646
f 745/287/647 739/279/647 740/280/647 746/288/647
f 746/289/648 740/281/648 738/282/648 744/290/648
f 742/283/649 748/291/649 749/292/649 743/284/649
f 743/285/650 749/293/650 747/294/650 741/286/650
f 751/295/651 745/287/651 746/288/651 752/296/651
f 752/297/652 746/289/652 744/290/652 750/298/652
f 748/291/653 754/299/653 755/300/653 749/292/653
f 749/293/654 755/301/654 753/302/654 747/294/654
f 757/303/655 751/295/655 752/296/655 758/304/655
f 758/305/656 752/297/656 750/298/656 756/306/656
f 754/299/657 760/307/657 761/308/657 755/300/657
f 755/301/658 761/309/658 759/310/658 753/302/658
f 763/311/659 757/303/659 758/304/659 764/312/659
f 764/313/660 758/305/660 756/306/660 762/314/660
f 760/307/661 766/315/661 767/316/661 761/308/661
f 761/309/662 767/317/662 765/318/662 759/310/662
f 769/319/663 763/311/663 764/312/663 770/320/663
f 770/321/664 764/313/664 762/314/664 768/322/664
f 766/315/665 772/323/665 773/324/665 767/316/665
f 767/317/666 773/325/666 771/326/666 765/318/666
f 775/327/667 769/319/667 770/320/667 776/328/667
f 776/329/668 770/321/668 768/322/668 774/330/668
f 772/323/669 778/331/669 779/332/669 773/324/669
f 773/325/670 779/333/670 777/334/670 771/326/670
f 781/335/671 775/327/671 776/328/671 782/336/671
f 782/337/672 776/329/672 774/330/672 780/338/672
f 778/331/673 784/339/673 785/340/673 779/332/673
f 779/333/674 785/341/674 783/342/674 777/334/674
f 787/343/675 781/335/675 782/336/675 788/344/675
f 788/345/676 782/337/676 780/338/676 786/346/676
f 784/339/677 790/347/677 791/348/677 785/340/677
f 785/341/678 791/349/678 789/350/678 783/342/678
f 793/351/679 787/343/679 788/344/679 794/352/679
f 794/353/680 788/345/680 786/346/680 792/354/680
f 790/347/681 796/355/681 797/356/681 791/348/681
f 791/349/682 797/357/682 795/358/682 789/350/682
f 799/359/683 793/351/683 794/352/683 800/360/683
f 800/361/684 794/353/684 792/354/684 798/362/684
f 796/355/685 802/363/685 803/364/685 797/356/685
f 797/357/686 803/365/686 801/366/686 795/358/686
f 805/367/687 799/359/687 800/360/687 806/368/687
f 806/369/688 800/361/688 798/362/688 804/370/688
f 802/363/689 808/371/689 809/372/689 803/364/689
f 803/365/690 809/373/690 807/374/690 801/366/690
f 811/375/691 805/367/691 806/368/691 812/376/691
f 812/377/692 806/369/692 804/370/692 810/378/692
f 808/371/693 814/379/693 815/380/693 809/372/693
f 809/373/694 815/381/694 813/382/694 807/374/694
f 817/383/695 811/375/695 812/376/695 818/384/695
f 818/385/696 812/377/696 810/378/696 816/386/696
f 814/379/697 820/387/697 821/388/697 815/380/697
f 815/381/698 821/389/698 819/390/698 813/382/698
f 823/391/699 817/383/699 818/384/699 824/392/699
f 824/393/700 818/385/700 816/386/700 822/394/700
f 820/387/701 826/395/701 827/396/701 821/388/701
f 821/389/702 827/397/702 825/398/702 819/390/702
f 829/399/703 823/391/703 824/392/703 830/400/703
f 830/401/704 824/393/704 822/394/704 828/402/704
f 826/395/705 832/403/705 833/404/705 827/396/705
f 827/397/706 833/405/706 831/406/706 825/398/706
f 835/407/707 829/399/707 830/400/707 836/408/707
f 836/409/708 830/401/708 828/402/708 834/410/708
f 832/403/709 838/411/709 839/412/709 833/404/709
f 833/405/710 839/413/710 837/414/710 831/406/710
f 841/415/711 835/407/711 836/408/711 842/416/711
f 842/417/712 836/409/712 834/410/712 840/418/712
f 838/411/713 844/419/713 845/420/713 839/412/713
f 839/413/714 845/421/714 843/422/714 837/414/714
f 847/423/715 841/415/715 842/416/715 848/424/715
f 848/425/716 842/417/716 840/418/716 846/426/716
f 844/419/717 850/427/717 851/428/717 845/420/717
f 845/421/718 851/429/718 849/430/718 843/422/718
f 853/431/719 847/423/719 848/424/719 854/432/719
f 854/433/720 848/425/720 846/426/720 852/434/720
f 850/427/721 856/435/721 857/436/721 851/428/721
f 851/429/722 857/437/722 855/438/722 849/430/722
f 859/439/723 853/431/723 854/432/723 860/440/723
f 860/441/724 854/433/724 852/434/724 858/442/724
f 856/435/725 862/443/725 863/444/725 857/436/725
f 857/437/726 863/445/726 861/446/726 855/438/726
f 865/447/727 859/439/727 860/440/727 866/448/727
f 866/449/728 860/441/728 858/442/728 864/450/728
f 862/443/729 868/451/729 869/452/729 863/444/729
f 863/445/730 869/453/730 867/454/730 861/446/730
f 871/455/731 865/447/731 866/448/731 872/456/731
f 872/457/732 866/449/732 864/450/732 870/458/732
f 868/451/733 874/459/733 875/460/733 869/452/733
f 869/453/734 875/461/734 873/462/734 867/454/734
f 877/463/735 871/455/735 872/456/735 878/464/735
f 878/465/736 872/457/736 870/458/736 876/466/736
f 874/459/737 880/467/737 881/468/737 875/460/737
f 875/461/738 881/469/738 879/470/738 873/462/738
f 883/471/739 877/463/739 878/464/739 884/472/739
f 884/473/740 878/465/740 876/466/740 882/474/740
f 880/467/741 694/475/741 695/476/741 881/468/741
f 881/469/742 695/223/742 693/226/742 879/470/742
f 697/477/743 883/471/743 884/472/743 698/478/743
f 698/232/744 884/473/744 882/474/744 696/233/744
f 693/226/745 699/225/745 705/238/745 711/246/745 717/254/745 723/262/745 729/270/745 735/278/745 741/286/745 747/294/745 753/302/745 759/310/745 765/318/745 771/326/745 777/334/745 783/342/745 789/350/745 795/358/745 801/366/745 807/374/745 813/382/745 819/390/745 825/398/745 831/406/745 837/414/745 843/422/745 849/430/745 855/438/745 861/446/745 867/454/745 873/462/745 879/470/745
f 694/219/746 697/228/746 703/227/746 700/220/746
f 880/467/747 883/471/747 697/477/747 694/475/747
f 702/234/748 696/233/748 882/474/748 876/466/748 870/458/748 864/450/748 858/442/748 852/434/748 846/426/748 840/418/748 834/410/748 828/402/748 822/394/748 816/386/748 810/378/748 804/370/748 798/362/748 792/354/748 786/346/748 780/338/748 774/330/748 768/322/748 762/314/748 756/306/748 750/298/748 744/290/748 738/282/748 732/274/748 726/266/748 720/258/748 714/250/748 708/242/748
f 700/220/749 703/227/749 709/239/749 706/235/749
f 706/235/750 709/239/750 715/247/750 712/243/750
f 712/243/751 715/247/751 721/255/751 718/251/751
f 718/251/752 721/255/752 727/263/752 724/259/752
f 724/259/753 727/263/753 733/271/753 730/267/753
f 730/267/754 733/271/754 739/279/754 736/275/754
f 736/275/755 739/279/755 745/287/755 742/283/755
f 742/283/756 745/287/756 751/295/756 748/291/756
f 748/291/757 751/295/757 757/303/757 754/299/757
f 754/299/758 757/303/758 763/311/758 760/307/758
f 760/307/759 763/311/759 769/319/759 766/315/759
f 766/315/760 769/319/760 775/327/760 772/323/760
f 772/323/761 775/327/761 781/335/761 778/331/761
f 778/331/762 781/335/762 787/343/762 784/339/762
f 784/339/763 787/343/763 793/351/763 790/347/763
f 790/347/764 793/351/764 799/359/764 796/355/764
f 796/355/765 799/359/765 805/367/765 802/363/765
f 802/363/766 805/367/766 811/375/766 808/371/766
f 808/371/767 811/375/767 817/383/767 814/379/767
f 814/379/768 817/383/768 823/391/768 820/387/768
f 820/387/769 823/391/769 829/399/769 826/395/769
f 826/395/770 829/399/770 835/407/770 832/403/770
f 832/403/771 835/407/771 841/415/771 838/411/771
f 838/411/772 841/415/772 847/423/772 844/419/772
f 844/419/773 847/423/773 853/431/773 850/427/773
f 850/427/774 853/431/774 859/439/774 856/435/774
f 856/435/775 859/439/775 865/447/775 862/443/775
f 862/443/776 865/447/776 871/455/776 868/451/776
f 868/451/777 871/455/777 877/463/777 874/459/777
f 874/459/778 877/463/778 883/471/778 880/467/778
o Sphere
v -0.170000 0.054000 0.085000
v -0.170000 0.053923 0.084220
v -0.170000 0.053326 0.082778
v -0.170000 0.052828 0.082172
v -0.170000 0.051531 0.081304
v -0.170000 0.050000 0.081000
v -0.170000 0.049220 0.081077
v -0.170000 0.047778 0.081674
v -0.170000 0.046674 0.082778
v -0.170000 0.046077 0.084220
v -0.170000 0.046000 0.085000
v -0.169848 0.053923 0.084235
v -0.169701 0.053696 0.083499
v -0.169566 0.053326 0.082820
v -0.169448 0.052828 0.082226
v -0.169351 0.052222 0.081738
v -0.169279 0.051531 0.081375
v -0.169235 0.050780 0.081152
v -0.169220 0.050000 0.081077
v -0.169235 0.049220 0.081152
v -0.169279 0.048469 0.081375
v -0.169351 0.047778 0.081738
v -0.169448 0.047172 0.082226
v -0.169566 0.046674 0.082820
v -0.169701 0.046304 0.083499
v -0.169848 0.046077 0.084235
v -0.169701 0.053923 0.084279
v -0.169414 0.053696 0.083586
v -0.169150 0.053326 0.082947
v -0.168918 0.052828 0.082387
v -0.168727 0.052222 0.081927
v -0.168586 0.051531 0.081586
v -0.168499 0.050780 0.081375
v -0.168469 0.050000 0.081304
v -0.168499 0.049220 0.081375
v -0.168586 0.048469 0.081586
v -0.168727 0.047778 0.081927
v -0.168918 0.047172 0.082387
v -0.169150 0.046674 0.082947
v -0.169414 0.046304 0.083586
v -0.169701 0.046077 0.084279
v -0.169566 0.053923 0.084351
v -0.169150 0.053696 0.083727
v -0.168765 0.053326 0.083152
v -0.168429 0.052828 0.082648
v -0.168152 0.052222 0.082235
v -0.167947 0.051531 0.081927
v -0.167820 0.050780 0.081738
v -0.167778 0.050000 0.081674
v -0.167820 0.049220 0.081738
v -0.167947 0.048469 0.081927
v -0.168152 0.047778 0.082235
v -0.168429 0.047172 0.082648
v -0.168765 0.046674 0.083152
v -0.169150 0.046304 0.083727
v -0.169566 0.046077 0.084351
v -0.169448 0.053923 0.084448
v -0.168918 0.053696 0.083918
v -0.168429 0.053326 0.083429
v -0.168000 0.052828 0.083000
v -0.167648 0.052222 0.082648
v -0.167387 0.051531 0.082387
v -0.167226 0.050780 0.082226
v -0.167172 0.050000 0.082172
v -0.167226 0.049220 0.082226
v -0.167387 0.048469 0.082387
v -0.167648 0.047778 0.082648
v -0.168000 0.047172 0.083000
v -0.168429 0.046674 0.083429
v -0.168918 0.046304 0.083918
v -0.169448 0.046077 0.084448
v -0.169351 0.053923 0.084566
v -0.168727 0.053696 0.084150
v -0.168152 0.053326 0.083765
v -0.167648 0.052828 0.083429
v -0.167235 0.052222 0.083152
v -0.166927 0.051531 0.082947
v -0.166738 0.050780 0.082820
v -0.166674 0.050000 0.082778
v -0.166738 0.049220 0.082820
v -0.166927 0.048469 0.082947
v -0.167235 0.047778 0.083152
v -0.167648 0.047172 0.083429
v -0.168152 0.046674 0.083765
v -0.168727 0.046304 0.084150
v -0.169351 0.046077 0.084566
v -0.169279 0.053923 0.084701
v -0.168586 0.053696 0.084414
v -0.167947 0.053326 0.084150
v -0.167387 0.052828 0.083918
v -0.166927 0.052222 0.083727
v -0.166586 0.051531 0.083586
v -0.166375 0.050780 0.083499
v -0.166304 0.050000 0.083469
v -0.166375 0.049220 0.083499
v -0.166586 0.048469 0.083586
v -0.166927 0.047778 0.083727
v -0.167387 0.047172 0.083918
v -0.167947 0.046674 0.084150
v -0.168586 0.046304 0.084414
v -0.169279 0.046077 0.084701
v -0.169235 0.053923 0.084848
v -0.168499 0.053696 0.084701
v -0.167820 0.053326 0.084566
v -0.167226 0.052828 0.084448
v -0.166738 0.052222 0.084351
v -0.166375 0.051531 0.084279
v -0.166152 0.050780 0.084235
v -0.166077 0.050000 0.084220
v -0.166152 0.049220 0.084235
v -0.166375 0.048469 0.084279
v -0.166738 0.047778 0.084351
v -0.167226 0.047172 0.084448
v -0.167820 0.046674 0.084566
v -0.168499 0.046304 0.084701
v -0.169235 0.046077 0.084848
v -0.169220 0.053923 0.085000
v -0.168469 0.053696 0.085000
v -0.167778 0.053326 0.085000
v -0.167172 0.052828 0.085000
v -0.166674 0.052222 0.085000
v -0.166304 0.051531 0.085000
v -0.166077 0.050780 0.085000
v -0.166000 0.050000 0.085000
v -0.166077 0.049220 0.085000
v -0.166304 0.048469 0.085000
v -0.166674 0.047778 0.085000
v -0.167172 0.047172 0.085000
v -0.167778 0.046674 0.085000
v -0.168469 0.046304 0.085000
v -0.169220 0.046077 0.085000
v -0.169235 0.053923 0.085152
v -0.168499 0.053696 0.085299
v -0.167820 0.053326 0.085434
v -0.167226 0.052828 0.085552
v -0.166738 0.052222 0.085649
v -0.166375 0.051531 0.085721
v -0.166152 0.050780 0.085765
v -0.166077 0.050000 0.085780
v -0.166152 0.049220 0.085765
v -0.166375 0.048469 0.085721
v -0.166738 0.047778 0.085649
v -0.167226 0.047172 0.085552
v -0.167820 0.046674 0.085434
v -0.168499 0.046304 0.085299
v -0.169235 0.046077 0.085152
v -0.169279 0.053923 0.085299
v -0.168586 0.053696 0.085586
v -0.167947 0.053326 0.085850
v -0.167387 0.052828 0.086082
v -0.166927 0.052222 0.086273
v -0.166586 0.051531 0.086414
v -0.166375 0.050780 0.086501
v -0.166304 0.050000 0.086531
v -0.166375 0.049220 0.086501
v -0.166586 0.048469 0.086414
v -0.166927 0.047778 0.086273
v -0.167387 0.047172 0.086082
v -0.167947 0.046674 0.085850
v -0.168586 0.046304 0.085586
v -0.169279 0.046077 0.085299
v -0.169351 0.053923 0.085434
v -0.168727 0.053696 0.085850
v -0.168152 0.053326 0.086235
v -0.167648 0.052828 0.086571
v -0.167235 0.052222 0.086848
v -0.166927 0.051531 0.087053
v -0.166738 0.050780 0.087180
v -0.166674 0.050000 0.087222
v -0.166738 0.049220 0.087180
v -0.166927 0.048469 0.087053
v -0.167235 0.047778 0.086848
v -0.167648 0.047172 0.086571
v -0.168152 0.046674 0.086235
v -0.168727 0.046304 0.085850
v -0.169351 0.046077 0.085434
v -0.169448 0.053923 0.085552
v -0.168918 0.053696 0.086082
v -0.168429 0.053326 0.086571
v -0.168000 0.052828 0.087000
v -0.167648 0.052222 0.087352
v -0.167387 0.051531 0.087613
v -0.167226 0.050780 0.087774
v -0.167172 0.050000 0.087828
v -0.167226 0.049220 0.087774
v -0.167387 0.048469 0.087613
v -0.167648 0.047778 0.087352
v -0.168000 0.047172 0.087000
v -0.168429 0.046674 0.086571
v -0.168918 0.046304 0.086082
v -0.169448 0.046077 0.085552
v -0.169566 0.053923 0.085649
v -0.169150 0.053696 0.086273
v -0.168765 0.053326 0.086848
v -0.168429 0.052828 0.087352
v -0.168152 0.052222 0.087765
v -0.167947 0.051531 0.088073
v -0.167820 0.050780 0.088262
v -0.167778 0.050000 0.088326
v -0.167820 0.049220 0.088262
v -0.167947 0.048469 0.088073
v -0.168152 0.047778 0.087765
v -0.168429 0.047172 0.087352
v -0.168765 0.046674 0.086848
v -0.169150 0.046304 0.086273
v -0.169566 0.046077 0.085649
v -0.169701 0.053923 0.085721
v -0.169414 0.053696 0.086414
v -0.169150 0.053326 0.087053
v -0.168918 0.052828 0.087613
v -0.168727 0.052222 0.088073
v -0.168586 0.051531 0.088414
v -0.168499 0.050780 0.088625
v -0.168469 0.050000 0.088696
v -0.168499 0.049220 0.088625
v -0.168586 0.048469 0.088414
v -0.168727 0.047778 0.088073
v -0.168918 0.047172 0.087613
v -0.169150 0.046674 0.087053
v -0.169414 0.046304 0.086414
v -0.169701 0.046077 0.085721
v -0.169848 0.053923 0.085765
v -0.169701 0.053696 0.086501
v -0.169566 0.053326 0.087180
v -0.169448 0.052828 0.087774
v -0.169351 0.052222 0.088262
v -0.169279 0.051531 0.088625
v -0.169235 0.050780 0.088848
v -0.169220 0.050000 0.088923
v -0.169235 0.049220 0.088848
v -0.169279 0.048469 0.088625
v -0.169351 0.047778 0.088262
v -0.169448 0.047172 0.087774
v -0.169566 0.046674 0.087180
v -0.169701 0.046304 0.086501
v -0.169848 0.046077 0.085765
v -0.170000 0.053923 0.085780
v -0.170000 0.053696 0.086531
v -0.170000 0.053326 0.087222
v -0.170000 0.052828 0.087828
v -0.170000 0.052222 0.088326
v -0.170000 0.051531 0.088696
v -0.170000 0.050780 0.088923
v -0.170000 0.050000 0.089000
v -0.170000 0.049220 0.088923
v -0.170000 0.048469 0.088696
v -0.170000 0.047778 0.088326
v -0.170000 0.047172 0.087828
v -0.170000 0.046674 0.087222
v -0.170000 0.046304 0.086531
v -0.170000 0.046077 0.085780
v -0.170152 0.053923 0.085765
v -0.170299 0.053696 0.086501
v -0.170434 0.053326 0.087180
v -0.170552 0.052828 0.087774
v -0.170649 0.052222 0.088262
v -0.170721 0.051531 0.088625
v -0.170765 0.050780 0.088848
v -0.170780 0.050000 0.088923
v -0.170765 0.049220 0.088848
v -0.170721 0.048469 0.088625
v -0.170649 0.047778 0.088262
v -0.170552 0.047172 0.087774
v -0.170434 0.046674 0.087180
v -0.170299 0.046304 0.086501
v -0.170152 0.046077 0.085765
v -0.170299 0.053923 0.085721
v -0.170586 0.053696 0.086414
v -0.170850 0.053326 0.087053
v -0.171082 0.052828 0.087613
v -0.171273 0.052222 0.088073
v -0.171414 0.051531 0.088414
v -0.171501 0.050780 0.088625
v -0.171531 0.050000 0.088696
v -0.171501 0.049220 0.088625
v -0.171414 0.048469 0.088414
v -0.171273 0.047778 0.088073
v -0.171082 0.047172 0.087613
v -0.170850 0.046674 0.087053
v -0.170586 0.046304 0.086414
v -0.170299 0.046077 0.085721
v -0.170434 0.053923 0.085649
v -0.170850 0.053696 0.086273
v -0.171235 0.053326 0.086848
v -0.171571 0.052828 0.087352
v -0.171848 0.052222 0.087765
v -0.172053 0.051531 0.088073
v -0.172180 0.050780 0.088262
v -0.172222 0.050000 0.088326
v -0.172180 0.049220 0.088262
v -0.172053 0.048469 0.088073
v -0.171848 0.047778 0.087765
v -0.171571 0.047172 0.087352
v -0.171235 0.046674 0.086848
v -0.170850 0.046304 0.086273
v -0.170434 0.046077 0.085649
v -0.170552 0.053923 0.085552
v -0.171082 0.053696 0.086082
v -0.171571 0.053326 0.086571
v -0.172000 0.052828 0.087000
v -0.172352 0.052222 0.087352
v -0.172613 0.051531 0.087613
v -0.172774 0.050780 0.087774
v -0.172828 0.050000 0.087828
v -0.172774 0.049220 0.087774
v -0.172613 0.048469 0.087613
v -0.172352 0.047778 0.087352
v -0.172000 0.047172 0.087000
v -0.171571 0.046674 0.086571
v -0.171082 0.046304 0.086082
v -0.170552 0.046077 0.085552
v -0.170649 0.053923 0.085434
v -0.171273 0.053696 0.085850
v -0.171848 0.053326 0.086235
v -0.172352 0.052828 0.086571
v -0.172765 0.052222 0.086848
v -0.173073 0.051531 0.087053
v -0.173262 0.050780 0.087180
v -0.173326 0.050000 0.087222
v -0.173262 0.049220 0.087180
v -0.173073 0.048469 0.087053
v -0.172765 0.047778 0.086848
v -0.172352 0.047172 0.086571
v -0.171848 0.046674 0.086235
v -0.171273 0.046304 0.085850
v -0.170649 0.046077 0.085434
v -0.170721 0.053923 0.085299
v -0.171414 0.053696 0.085586
v -0.172053 0.053326 0.085850
v -0.172613 0.052828 0.086082
v -0.173073 0.052222 0.086273
v -0.173414 0.051531 0.086414
v -0.173625 0.050780 0.086501
v -0.173696 0.050000 0.086531
v -0.173625 0.049220 0.086501
v -0.173414 0.048469 0.086414
v -0.173073 0.047778 0.086273
v -0.172613 0.047172 0.086082
v -0.172053 0.046674 0.085850
v -0.171414 0.046304 0.085586
v -0.170721 0.046077 0.085299
v -0.170765 0.053923 0.085152
v -0.171501 0.053696 0.085299
v -0.172180 0.053326 0.085434
v -0.172774 0.052828 0.085552
v -0.173262 0.052222 0.085649
v -0.173625 0.051531 0.085721
v -0.173848 0.050780 0.085765
v -0.173923 0.050000 0.085780
v -0.173848 0.049220 0.085765
v -0.173625 0.048469 0.085721
v -0.173262 0.047778 0.085649
v -0.172774 0.047172 0.085552
v -0.172180 0.046674 0.085434
v -0.171501 0.046304 0.085299
v -0.170765 0.046077 0.085152
v -0.170780 0.053923 0.085000
v -0.171531 0.053696 0.085000
v -0.172222 0.053326 0.085000
v -0.172828 0.052828 0.085000
v -0.173326 0.052222 0.085000
v -0.173696 0.051531 0.085000
v -0.173923 0.050780 0.085000
v -0.174000 0.050000 0.085000
v -0.173923 0.049220 0.085000
v -0.173696 0.048469 0.085000
v -0.173326 0.047778 0.085000
v -0.172828 0.047172 0.085000
v -0.172222 0.046674 0.085000
v -0.171531 0.046304 0.085000
v -0.170780 0.046077 0.085000
v -0.170765 0.053923 0.084848
v -0.171501 0.053696 0.084701
v -0.172180 0.053326 0.084566
v -0.172774 0.052828 0.084448
v -0.173262 0.052222 0.084351
v -0.173625 0.051531 0.084279
v -0.173848 0.050780 0.084235
v -0.173923 0.050000 0.084220
v -0.173848 0.049220 0.084235
v -0.173625 0.048469 0.084279
v -0.173262 0.047778 0.084351
v -0.172774 0.047172 0.084448
v -0.172180 0.046674 0.084566
v -0.171501 0.046304 0.084701
v -0.170765 0.046077 0.084848
v -0.170721 0.053923 0.084701
v -0.171414 0.053696 0.084414
v -0.172053 0.053326 0.084150
v -0.172613 0.052828 0.083918
v -0.173073 0.052222 0.083727
v -0.173414 0.051531 0.083586
v -0.173625 0.050780 0.083499
v -0.173696 0.050000 0.083469
v -0.173625 0.049220 0.083499
v -0.173414 0.048469 0.083586
v -0.173073 0.047778 0.083727
v -0.172613 0.047172 0.083918
v -0.172053 0.046674 0.084150
v -0.171414 0.046304 0.084414
v -0.170721 0.046077 0.084701
v -0.170649 0.053923 0.084566
v -0.171273 0.053696 0.084150
v -0.171848 0.053326 0.083765
v -0.172352 0.052828 0.083429
v -0.172765 0.052222 0.083152
v -0.173073 0.051531 0.082947
v -0.173262 0.050780 0.082820
v -0.173326 0.050000 0.082778
v -0.173262 0.049220 0.082820
v -0.173073 0.048469 0.082947
v -0.172765 0.047778 0.083152
v -0.172352 0.047172 0.083429
v -0.171848 0.046674 0.083765
v -0.171273 0.046304 0.084150
v -0.170649 0.046077 0.084566
v -0.170552 0.053923 0.084448
v -0.171082 0.053696 0.083918
v -0.171571 0.053326 0.083429
v -0.172000 0.052828 0.083000
v -0.172352 0.052222 0.082648
v -0.172613 0.051531 0.082387
v -0.172774 0.050780 0.082226
v -0.172828 0.050000 0.082172
v -0.172774 0.049220 0.082226
v -0.172613 0.048469 0.082387
v -0.172352 0.047778 0.082648
v -0.172000 0.047172 0.083000
v -0.171571 0.046674 0.083429
v -0.171082 0.046304 0.083918
v -0.170552 0.046077 0.084448
v -0.170434 0.053923 0.084351
v -0.170850 0.053696 0.083727
v -0.171235 0.053326 0.083152
v -0.171571 0.052828 0.082648
v -0.171848 0.052222 0.082235
v -0.172053 0.051531 0.081927
v -0.172180 0.050780 0.081738
v -0.172222 0.050000 0.081674
v -0.172180 0.049220 0.081738
v -0.172053 0.048469 0.081927
v -0.171848 0.047778 0.082235
v -0.171571 0.047172 0.082648
v -0.171235 0.046674 0.083152
v -0.170850 0.046304 0.083727
v -0.170434 0.046077 0.084351
v -0.170299 0.053923 0.084279
v -0.170586 0.053696 0.083586
v -0.170850 0.053326 0.082947
v -0.171082 0.052828 0.082387
v -0.171273 0.052222 0.081927
v -0.171414 0.051531 0.081586
v -0.171501 0.050780 0.081375
v -0.171531 0.050000 0.081304
v -0.171501 0.049220 0.081375
v -0.171414 0.048469 0.081586
v -0.171273 0.047778 0.081927
v -0.171082 0.047172 0.082387
v -0.170850 0.046674 0.082947
v -0.170586 0.046304 0.083586
v -0.170299 0.046077 0.084279
v -0.170152 0.053923 0.084235
v -0.170299 0.053696 0.083499
v -0.170434 0.053326 0.082820
v -0.170552 0.052828 0.082226
v -0.170649 0.052222 0.081738
v -0.170721 0.051531 0.081375
v -0.170765 0.050780 0.081152
v -0.170780 0.050000 0.081077
v -0.170765 0.049220 0.081152
v -0.170721 0.048469 0.081375
v -0.170649 0.047778 0.081738
v -0.170552 0.047172 0.082226
v -0.170434 0.046674 0.082820
v -0.170299 0.046304 0.083499
v -0.170152 0.046077 0.084235
v -0.170000 0.053696 0.083469
v -0.170000 0.052222 0.081674
v -0.170000 0.050780 0.081077
v -0.170000 0.048469 0.081304
v -0.170000 0.047172 0.082172
v -0.170000 0.046304 0.083469
vn 0.0286 -0.9565 -0.2902
vn 0.0975 0.0976 -0.9904
vn 0.0097 0.9951 -0.0980
vn 0.0097 -0.9951 -0.0980
vn 0.0975 -0.0975 -0.9904
vn 0.0286 0.9565 -0.2902
vn 0.0938 -0.2890 -0.9527
vn 0.0464 0.8810 -0.4709
vn 0.0865 -0.4696 -0.8786
vn 0.0624 0.7715 -0.6332
vn 0.0759 -0.6326 -0.7708
vn 0.0759 0.6326 -0.7708
vn 0.0624 -0.7715 -0.6332
vn 0.0865 0.4696 -0.8786
vn 0.0464 -0.8810 -0.4709
vn 0.0938 0.2890 -0.9527
vn 0.1374 -0.8810 -0.4528
vn 0.2779 0.2890 -0.9161
vn 0.0846 -0.9565 -0.2790
vn 0.2889 0.0975 -0.9524
vn 0.0286 0.9951 -0.0942
vn 0.0286 -0.9951 -0.0942
vn 0.2889 -0.0975 -0.9524
vn 0.0846 0.9565 -0.2790
vn 0.2779 -0.2890 -0.9161
vn 0.1374 0.8810 -0.4528
vn 0.2563 -0.4696 -0.8448
vn 0.1847 0.7715 -0.6088
vn 0.2248 -0.6326 -0.7412
vn 0.2248 0.6326 -0.7412
vn 0.1847 -0.7715 -0.6088
vn 0.2563 0.4696 -0.8448
vn 0.2230 0.8810 -0.4173
vn 0.4162 -0.4696 -0.7786
vn 0.2999 0.7715 -0.5611
vn 0.3651 -0.6326 -0.6831
vn 0.3651 0.6326 -0.6831
vn 0.2999 -0.7715 -0.5611
vn 0.4162 0.4696 -0.7786
vn 0.2230 -0.8810 -0.4173
vn 0.4513 0.2890 -0.8443
vn 0.1374 -0.9565 -0.2571
vn 0.4691 0.0975 -0.8777
vn 0.0464 0.9951 -0.0869
vn 0.0464 -0.9951 -0.0869
vn 0.4691 -0.0975 -0.8777
vn 0.1374 0.9565 -0.2571
vn 0.4513 -0.2890 -0.8443
vn 0.6073 0.2890 -0.7400
vn 0.1850 -0.9565 -0.2254
vn 0.6314 0.0975 -0.7693
vn 0.0625 0.9951 -0.0761
vn 0.0625 -0.9951 -0.0761
vn 0.6314 -0.0975 -0.7693
vn 0.1850 0.9565 -0.2254
vn 0.6073 -0.2890 -0.7400
vn 0.3002 0.8810 -0.3658
vn 0.5601 -0.4696 -0.6825
vn 0.4036 0.7715 -0.4918
vn 0.4913 -0.6326 -0.5987
vn 0.4913 0.6326 -0.5987
vn 0.4036 -0.7715 -0.4918
vn 0.5601 0.4696 -0.6825
vn 0.3002 -0.8810 -0.3658
vn 0.6825 -0.4696 -0.5601
vn 0.4918 0.7715 -0.4036
vn 0.5987 -0.6326 -0.4913
vn 0.5987 0.6326 -0.4913
vn 0.4918 -0.7715 -0.4036
vn 0.6825 0.4696 -0.5601
vn 0.3658 -0.8810 -0.3002
vn 0.7400 0.2890 -0.6073
vn 0.2254 -0.9565 -0.1850
vn 0.7693 0.0975 -0.6314
vn 0.0761 0.9951 -0.0625
vn 0.0761 -0.9951 -0.0625
vn 0.7693 -0.0975 -0.6314
vn 0.2254 0.9565 -0.1850
vn 0.7400 -0.2890 -0.6073
vn 0.3658 0.8810 -0.3002
vn 0.2571 -0.9565 -0.1374
vn 0.8777 0.0975 -0.4691
vn 0.0869 0.9951 -0.0464
vn 0.0869 -0.9951 -0.0464
vn 0.8777 -0.0975 -0.4691
vn 0.2571 0.9565 -0.1374
vn 0.8443 -0.2890 -0.4513
vn 0.4173 0.8810 -0.2230
vn 0.7786 -0.4696 -0.4162
vn 0.5611 0.7715 -0.2999
vn 0.6831 -0.6326 -0.3651
vn 0.6831 0.6326 -0.3651
vn 0.5611 -0.7715 -0.2999
vn 0.7786 0.4696 -0.4162
vn 0.4173 -0.8810 -0.2230
vn 0.8443 0.2890 -0.4513
vn 0.7412 -0.6326 -0.2248
vn 0.7412 0.6326 -0.2248
vn 0.6088 -0.7715 -0.1847
vn 0.8448 0.4696 -0.2563
vn 0.4528 -0.8810 -0.1374
vn 0.9161 0.2890 -0.2779
vn 0.2790 -0.9565 -0.0846
vn 0.9524 0.0975 -0.2889
vn 0.0942 0.9951 -0.0286
vn 0.0942 -0.9951 -0.0286
vn 0.9524 -0.0975 -0.2889
vn 0.2790 0.9565 -0.0846
vn 0.9161 -0.2890 -0.2779
vn 0.4528 0.8810 -0.1374
vn 0.8448 -0.4696 -0.2563
vn 0.6088 0.7715 -0.1847
vn 0.0980 0.9951 -0.0097
vn 0.0980 -0.9951 -0.0097
vn 0.9904 -0.0976 -0.0975
vn 0.2902 0.9565 -0.0286
vn 0.9527 -0.2890 -0.0938
vn 0.4709 0.8810 -0.0464
vn 0.8786 -0.4696 -0.0865
vn 0.6332 0.7715 -0.0624
vn 0.7708 -0.6326 -0.0759
vn 0.7708 0.6326 -0.0759
vn 0.6332 -0.7715 -0.0624
vn 0.8786 0.4696 -0.0865
vn 0.4709 -0.8810 -0.0464
vn 0.9527 0.2890 -0.0938
vn 0.2902 -0.9565 -0.0286
vn 0.9904 0.0976 -0.0975
vn 0.7708 0.6326 0.0759
vn 0.6332 -0.7715 0.0624
vn 0.8786 0.4696 0.0865
vn 0.4709 -0.8810 0.0464
vn 0.9527 0.2890 0.0938
vn 0.2902 -0.9565 0.0286
vn 0.9904 0.0976 0.0975
vn 0.0980 0.9951 0.0097
vn 0.0980 -0.9951 0.0097
vn 0.9904 -0.0976 0.0975
vn 0.2902 0.9565 0.0286
vn 0.9527 -0.2890 0.0938
vn 0.4709 0.8810 0.0464
vn 0.8786 -0.4696 0.0865
vn 0.6332 0.7715 0.0624
vn 0.7708 -0.6326 0.0759
vn 0.9524 -0.0976 0.2889
vn 0.2790 0.9565 0.0846
vn 0.9161 -0.2890 0.2779
vn 0.4528 0.8810 0.1374
vn 0.8448 -0.4696 0.2563
vn 0.6088 0.7715 0.1847
vn 0.7412 -0.6326 0.2248
vn 0.7412 0.6326 0.2248
vn 0.6088 -0.7715 0.1847
vn 0.8448 0.4696 0.2563
vn 0.4528 -0.8810 0.1374
vn 0.9161 0.2890 0.2779
vn 0.2790 -0.9565 0.0846
vn 0.9524 0.0976 0.2889
vn 0.0942 0.9951 0.0286
vn 0.0942 -0.9951 0.0286
vn 0.5611 -0.7715 0.2999
vn 0.7786 0.4696 0.4162
vn 0.4173 -0.8810 0.2230
vn 0.8443 0.2890 0.4513
vn 0.2571 -0.9565 0.1374
vn 0.8777 0.0976 0.4691
vn 0.0869 0.9951 0.0464
vn 0.0869 -0.9951 0.0464
vn 0.8777 -0.0976 0.4691
vn 0.2571 0.9565 0.1374
vn 0.8443 -0.2890 0.4513
vn 0.4173 0.8810 0.2230
vn 0.7786 -0.4696 0.4162
vn 0.5611 0.7715 0.2999
vn 0.6831 -0.6326 0.3651
vn 0.6831 0.6326 0.3651
vn 0.2254 0.9565 0.1850
vn 0.7400 -0.2890 0.6073
vn 0.3658 0.8810 0.3002
vn 0.6825 -0.4696 0.5601
vn 0.4918 0.7715 0.4036
vn 0.5987 -0.6326 0.4913
vn 0.5987 0.6326 0.4913
vn 0.4918 -0.7715 0.4036
vn 0.6825 0.4696 0.5601
vn 0.3658 -0.8810 0.3002
vn 0.7400 0.2890 0.6073
vn 0.2254 -0.9565 0.1850
vn 0.7693 0.0976 0.6314
vn 0.0761 0.9951 0.0625
vn 0.0761 -0.9951 0.0625
vn 0.7693 -0.0976 0.6314
vn 0.5601 0.4696 0.6825
vn 0.3002 -0.8810 0.3658
vn 0.6073 0.2890 0.7400
vn 0.1850 -0.9565 0.2254
vn 0.6314 0.0976 0.7693
vn 0.0625 0.9951 0.0761
vn 0.0625 -0.9951 0.0761
vn 0.6314 -0.0976 0.7693
vn 0.1850 0.9565 0.2254
vn 0.6073 -0.2890 0.7400
vn 0.3002 0.8810 0.3658
vn 0.5601 -0.4696 0.6825
vn 0.4036 0.7715 0.4918
vn 0.4913 -0.6326 0.5987
vn 0.4913 0.6326 0.5987
vn 0.4036 -0.7715 0.4918
vn 0.4513 -0.2890 0.8443
vn 0.2231 0.8810 0.4173
vn 0.4162 -0.4696 0.7786
vn 0.2999 0.7715 0.5611
vn 0.3651 -0.6326 0.6831
vn 0.3651 0.6326 0.6831
vn 0.2999 -0.7715 0.5611
vn 0.4162 0.4696 0.7786
vn 0.2231 -0.8810 0.4173
vn 0.4513 0.2890 0.8443
vn 0.1374 -0.9565 0.2571
vn 0.4691 0.0976 0.8777
vn 0.0464 0.9951 0.0869
vn 0.0464 -0.9951 0.0869
vn 0.4691 -0.0976 0.8777
vn 0.1374 0.9565 0.2571
vn 0.1374 -0.8810 0.4528
vn 0.2779 0.2890 0.9161
vn 0.0846 -0.9565 0.2790
vn 0.2889 0.0975 0.9524
vn 0.0286 0.9951 0.0942
vn 0.0286 -0.9951 0.0942
vn 0.2889 -0.0976 0.9524
vn 0.0846 0.9565 0.2790
vn 0.2779 -0.2890 0.9161
vn 0.1374 0.8810 0.4528
vn 0.2563 -0.4696 0.8448
vn 0.1847 0.7715 0.6088
vn 0.2248 -0.6326 0.7412
vn 0.2248 0.6326 0.7412
vn 0.1847 -0.7715 0.6088
vn 0.2563 0.4696 0.8448
vn 0.0865 -0.4696 0.8786
vn 0.0624 0.7715 0.6332
vn 0.0759 -0.6326 0.7708
vn 0.0759 0.6326 0.7708
vn 0.0624 -0.7715 0.6332
vn 0.0865 0.4696 0.8786
vn 0.0464 -0.8810 0.4709
vn 0.0938 0.2890 0.9527
vn 0.0286 -0.9565 0.2902
vn 0.0975 0.0975 0.9904
vn 0.0097 0.9951 0.0980
vn 0.0097 -0.9951 0.0980
vn 0.0975 -0.0975 0.9904
vn 0.0286 0.9565 0.2902
vn 0.0938 -0.2890 0.9527
vn 0.0464 0.8810 0.4709
vn -0.0286 -0.9565 0.2902
vn -0.0975 0.0975 0.9904
vn -0.0097 0.9951 0.0980
vn -0.0097 -0.9951 0.0980
vn -0.0975 -0.0975 0.9904
vn -0.0286 0.9565 0.2902
vn -0.0938 -0.2890 0.9527
vn -0.0464 0.8810 0.4709
vn -0.0865 -0.4696 0.8786
vn -0.0624 0.7715 0.6332
vn -0.0759 -0.6326 0.7708
vn -0.0759 0.6326 0.7708
vn -0.0624 -0.7715 0.6332
vn -0.0865 0.4696 0.8786
vn -0.0464 -0.8810 0.4709
vn -0.0938 0.2890 0.9527
vn -0.1847 0.7715 0.6088
vn -0.2248 -0.6326 0.7412
vn -0.2248 0.6326 0.7412
vn -0.1847 -0.7715 0.6088
vn -0.2563 0.4696 0.8448
vn -0.1374 -0.8810 0.4528
vn -0.2779 0.2890 0.9161
vn -0.0846 -0.9565 0.2790
vn -0.2889 0.0976 0.9524
vn -0.0286 0.9951 0.0942
vn -0.0286 -0.9951 0.0942
vn -0.2889 -0.0976 0.9524
vn -0.0846 0.9565 0.2790
vn -0.2779 -0.2890 0.9161
vn -0.1374 0.8810 0.4528
vn -0.2563 -0.4696 0.8448
vn -0.4691 0.0976 0.8777
vn -0.0464 0.9951 0.0869
vn -0.0464 -0.9951 0.0869
vn -0.4691 -0.0976 0.8777
vn -0.1374 0.9565 0.2571
vn -0.4513 -0.2890 0.8443
vn -0.2231 0.8810 0.4173
vn -0.4162 -0.4696 0.7786
vn -0.2999 0.7715 0.5611
vn -0.3651 -0.6326 0.6831
vn -0.3651 0.6326 0.6831
vn -0.2999 -0.7715 0.5611
vn -0.4162 0.4696 0.7786
vn -0.2231 -0.8810 0.4173
vn -0.4513 0.2890 0.8443
vn -0.1374 -0.9565 0.2571
vn -0.4913 -0.6326 0.5987
vn -0.4913 0.6326 0.5987
vn -0.4036 -0.7715 0.4918
vn -0.5601 0.4696 0.6825
vn -0.3002 -0.8810 0.3658
vn -0.6073 0.2890 0.7400
vn -0.1850 -0.9565 0.2254
vn -0.6314 0.0976 0.7693
vn -0.0625 0.9951 0.0761
vn -0.0625 -0.9951 0.0761
vn -0.6314 -0.0976 0.7693
vn -0.1850 0.9565 0.2254
vn -0.6073 -0.2890 0.7400
vn -0.3002 0.8810 0.3658
vn -0.5601 -0.4696 0.6825
vn -0.4036 0.7715 0.4918
vn -0.0761 0.9951 0.0625
vn -0.0761 -0.9951 0.0625
vn -0.7693 -0.0976 0.6314
vn -0.2254 0.9565 0.1850
vn -0.7400 -0.2890 0.6073
vn -0.3658 0.8810 0.3002
vn -0.6825 -0.4696 0.5601
vn -0.4918 0.7715 0.4036
vn -0.5987 -0.6326 0.4913
vn -0.5987 0.6326 0.4913
vn -0.4918 -0.7715 0.4036
vn -0.6825 0.4696 0.5601
vn -0.3658 -0.8810 0.3002
vn -0.7400 0.2890 0.6073
vn -0.2254 -0.9565 0.1850
vn -0.7693 0.0976 0.6314
vn -0.6831 0.6326 0.3651
vn -0.5611 -0.7715 0.2999
vn -0.7786 0.4696 0.4162
vn -0.4173 -0.8810 0.2230
vn -0.8443 0.2890 0.4513
vn -0.2571 -0.9565 0.1374
vn -0.8777 0.0976 0.4691
vn -0.0869 0.9951 0.0464
vn -0.0869 -0.9951 0.0464
vn -0.8777 -0.0976 0.4691
vn -0.2571 0.9565 0.1374
vn -0.8443 -0.2890 0.4513
vn -0.4173 0.8810 0.2230
vn -0.7786 -0.4696 0.4162
vn -0.5611 0.7715 0.2999
vn -0.6831 -0.6326 0.3651
vn -0.9524 -0.0976 0.2889
vn -0.2790 0.9565 0.0846
vn -0.9161 -0.2890 0.2779
vn -0.4528 0.8810 0.1374
vn -0.8448 -0.4696 0.2563
vn -0.6088 0.7715 0.1847
vn -0.7412 -0.6326 0.2248
vn -0.7412 0.6326 0.2248
vn -0.6088 -0.7715 0.1847
vn -0.8448 0.4696 0.2563
vn -0.4528 -0.8810 0.1374
vn -0.9161 0.2890 0.2779
vn -0.2790 -0.9565 0.0846
vn -0.9524 0.0976 0.2889
vn -0.0942 0.9951 0.0286
vn -0.0942 -0.9951 0.0286
vn -0.6332 -0.7715 0.0624
vn -0.8786 0.4696 0.0865
vn -0.4709 -0.8810 0.0464
vn -0.9527 0.2890 0.0938
vn -0.2902 -0.9565 0.0286
vn -0.9904 0.0976 0.0975
vn -0.0980 0.9951 0.0097
vn -0.0980 -0.9951 0.0097
vn -0.9904 -0.0976 0.0975
vn -0.2902 0.9565 0.0286
vn -0.9527 -0.2890 0.0938
vn -0.4709 0.8810 0.0464
vn -0.8786 -0.4696 0.0865
vn -0.6332 0.7715 0.0624
vn -0.7708 -0.6326 0.0759
vn -0.7708 0.6326 0.0759
vn -0.9527 -0.2890 -0.0938
vn -0.4709 0.8810 -0.0464
vn -0.8786 -0.4696 -0.0865
vn -0.6332 0.7715 -0.0624
vn -0.7708 -0.6326 -0.0759
vn -0.7708 0.6326 -0.0759
vn -0.6332 -0.7715 -0.0624
vn -0.8786 0.4696 -0.0865
vn -0.4709 -0.8810 -0.0464
vn -0.9527 0.2890 -0.0938
vn -0.2902 -0.9565 -0.0286
vn -0.9904 0.0976 -0.0976
vn -0.0980 0.9951 -0.0097
vn -0.0980 -0.9951 -0.0097
vn -0.9904 -0.0976 -0.0976
vn -0.2902 0.9565 -0.0286
vn -0.4528 -0.8810 -0.1374
vn -0.9161 0.2890 -0.2779
vn -0.2790 -0.9565 -0.0846
vn -0.9524 0.0976 -0.2889
vn -0.0942 0.9951 -0.0286
vn -0.0942 -0.9951 -0.0286
vn -0.9524 -0.0976 -0.2889
vn -0.2790 0.9565 -0.0846
vn -0.9161 -0.2890 -0.2779
vn -0.4528 0.8810 -0.1374
vn -0.8448 -0.4696 -0.2563
vn -0.6088 0.7715 -0.1847
vn -0.7412 -0.6326 -0.2248
vn -0.7412 0.6326 -0.2248
vn -0.6088 -0.7715 -0.1847
vn -0.8448 0.4696 -0.2563
vn -0.4173 0.8810 -0.2230
vn -0.7786 -0.4696 -0.4162
vn -0.5611 0.7715 -0.2999
vn -0.6831 -0.6326 -0.3651
vn -0.6831 0.6326 -0.3651
vn -0.5611 -0.7715 -0.2999
vn -0.7786 0.4696 -0.4162
vn -0.4173 -0.8810 -0.2230
vn -0.8443 0.2890 -0.4513
vn -0.2571 -0.9565 -0.1374
vn -0.8777 0.0976 -0.4691
vn -0.0869 0.9951 -0.0464
vn -0.0869 -0.9951 -0.0464
vn -0.8777 -0.0976 -0.4691
vn -0.2571 0.9565 -0.1374
vn -0.8443 -0.2890 -0.4513
vn -0.7400 0.2890 -0.6073
vn -0.2254 -0.9565 -0.1850
vn -0.7693 0.0976 -0.6314
vn -0.0761 0.9951 -0.0625
vn -0.0761 -0.9951 -0.0625
vn -0.7693 -0.0976 -0.6314
vn -0.2254 0.9565 -0.1850
vn -0.7400 -0.2890 -0.6073
vn -0.3658 0.8810 -0.3002
vn -0.6825 -0.4696 -0.5601
vn -0.4918 0.7715 -0.4036
vn -0.5987 -0.6326 -0.4913
vn -0.5987 0.6326 -0.4913
vn -0.4918 -0.7715 -0.4036
vn -0.6825 0.4696 -0.5601
vn -0.3658 -0.8810 -0.3002
vn -0.5601 -0.4696 -0.6825
vn -0.4036 0.7715 -0.4918
vn -0.4913 -0.6326 -0.5987
vn -0.4913 0.6326 -0.5987
vn -0.4036 -0.7715 -0.4918
vn -0.5601 0.4696 -0.6825
vn -0.3002 -0.8810 -0.3658
vn -0.6073 0.2890 -0.7400
vn -0.1850 -0.9565 -0.2254
vn -0.6314 0.0976 -0.7693
vn -0.0625 0.9951 -0.0761
vn -0.0625 -0.9951 -0.0761
vn -0.6314 -0.0976 -0.7693
vn -0.1850 0.9565 -0.2254
vn -0.6073 -0.2890 -0.7400
vn -0.3002 0.8810 -0.3658
vn -0.1374 -0.9565 -0.2571
vn -0.4691 0.0976 -0.8777
vn -0.0464 0.9951 -0.0869
vn -0.0464 -0.9951 -0.0869
vn -0.4691 -0.0976 -0.8777
vn -0.1374 0.9565 -0.2571
vn -0.4513 -0.2890 -0.8443
vn -0.2230 0.8810 -0.4173
vn -0.4162 -0.4696 -0.7786
vn -0.2999 0.7715 -0.5611
vn -0.3651 -0.6326 -0.6831
vn -0.3651 0.6326 -0.6831
vn -0.2999 -0.7715 -0.5611
vn -0.4162 0.4696 -0.7786
vn -0.2230 -0.8810 -0.4173
vn -0.4513 0.2890 -0.8443
vn -0.1847 0.7715 -0.6088
vn -0.2248 -0.6326 -0.7412
vn -0.2248 0.6326 -0.7412
vn -0.1847 -0.7715 -0.6088
vn -0.2563 0.4696 -0.8448
vn -0.1374 -0.8810 -0.4528
vn -0.2779 0.2890 -0.9161
vn -0.0846 -0.9565 -0.2790
vn -0.2889 0.0976 -0.9524
vn -0.0286 0.9951 -0.0942
vn -0.0286 -0.9951 -0.0942
vn -0.2889 -0.0976 -0.9524
vn -0.0846 0.9565 -0.2790
vn -0.2779 -0.2890 -0.9161
vn -0.1374 0.8810 -0.4528
vn -0.2563 -0.4696 -0.8448
vn -0.0976 0.0976 -0.9904
vn -0.0097 0.9951 -0.0980
vn -0.0097 -0.9951 -0.0980
vn -0.0976 -0.0976 -0.9904
vn -0.0286 0.9565 -0.2902
vn -0.0938 -0.2890 -0.9527
vn -0.0464 0.8810 -0.4709
vn -0.0865 -0.4696 -0.8786
vn -0.0624 0.7715 -0.6332
vn -0.0759 -0.6326 -0.7708
vn -0.0759 0.6326 -0.7708
vn -0.0624 -0.7715 -0.6332
vn -0.0865 0.4696 -0.8786
vn -0.0464 -0.8810 -0.4709
vn -0.0938 0.2890 -0.9527
vn -0.0286 -0.9565 -0.2902
vt 0.750000 0.062500
vt 0.750000 0.125000
vt 0.718750 0.125000
vt 0.718750 0.062500
vt 0.750000 0.500000
vt 0.750000 0.562500
vt 0.718750 0.562500
vt 0.718750 0.500000
vt 0.750000 0.937500
vt 0.734375 1.000000
vt 0.718750 0.937500
vt 0.734375 0.000000
vt 0.750000 0.437500
vt 0.718750 0.437500
vt 0.750000 0.875000
vt 0.718750 0.875000
vt 0.750000 0.375000
vt 0.718750 0.375000
vt 0.750000 0.812500
vt 0.718750 0.812500
vt 0.750000 0.312500
vt 0.718750 0.312500
vt 0.750000 0.750000
vt 0.718750 0.750000
vt 0.750000 0.250000
vt 0.718750 0.250000
vt 0.750000 0.687500
vt 0.718750 0.687500
vt 0.750000 0.187500
vt 0.718750 0.187500
vt 0.750000 0.625000
vt 0.718750 0.625000
vt 0.687500 0.187500
vt 0.687500 0.125000
vt 0.687500 0.625000
vt 0.687500 0.562500
vt 0.687500 0.062500
vt 0.687500 0.500000
vt 0.703125 1.000000
vt 0.687500 0.937500
vt 0.703125 0.000000
vt 0.687500 0.437500
vt 0.687500 0.875000
vt 0.687500 0.375000
vt 0.687500 0.812500
vt 0.687500 0.312500
vt 0.687500 0.750000
vt 0.687500 0.250000
vt 0.687500 0.687500
vt 0.656250 0.875000
vt 0.656250 0.812500
vt 0.656250 0.375000
vt 0.656250 0.312500
vt 0.656250 0.750000
vt 0.656250 0.250000
vt 0.656250 0.687500
vt 0.656250 0.187500
vt 0.656250 0.625000
vt 0.656250 0.125000
vt 0.656250 0.562500
vt 0.656250 0.062500
vt 0.656250 0.500000
vt 0.671875 1.000000
vt 0.656250 0.937500
vt 0.671875 0.000000
vt 0.656250 0.437500
vt 0.625000 0.625000
vt 0.625000 0.562500
vt 0.625000 0.125000
vt 0.625000 0.062500
vt 0.625000 0.500000
vt 0.640625 1.000000
vt 0.625000 0.937500
vt 0.640625 0.000000
vt 0.625000 0.437500
vt 0.625000 0.875000
vt 0.625000 0.375000
vt 0.625000 0.812500
vt 0.625000 0.312500
vt 0.625000 0.750000
vt 0.625000 0.250000
vt 0.625000 0.687500
vt 0.625000 0.187500
vt 0.593750 0.375000
vt 0.593750 0.312500
vt 0.593750 0.812500
vt 0.593750 0.750000
vt 0.593750 0.250000
vt 0.593750 0.687500
vt 0.593750 0.187500
vt 0.593750 0.625000
vt 0.593750 0.125000
vt 0.593750 0.562500
vt 0.593750 0.062500
vt 0.593750 0.500000
vt 0.609375 1.000000
vt 0.593750 0.937500
vt 0.609375 0.000000
vt 0.593750 0.437500
vt 0.593750 0.875000
vt 0.562500 0.125000
vt 0.562500 0.062500
vt 0.562500 0.562500
vt 0.562500 0.500000
vt 0.578125 1.000000
vt 0.562500 0.937500
vt 0.578125 0.000000
vt 0.562500 0.437500
vt 0.562500 0.875000
vt 0.562500 0.375000
vt 0.562500 0.812500
vt 0.562500 0.312500
vt 0.562500 0.750000
vt 0.562500 0.250000
vt 0.562500 0.687500
vt 0.562500 0.187500
vt 0.562500 0.625000
vt 0.531250 0.312500
vt 0.531250 0.250000
vt 0.531250 0.750000
vt 0.531250 0.687500
vt 0.531250 0.187500
vt 0.531250 0.625000
vt 0.531250 0.125000
vt 0.531250 0.562500
vt 0.531250 0.062500
vt 0.531250 0.500000
vt 0.546875 1.000000
vt 0.531250 0.937500
vt 0.546875 0.000000
vt 0.531250 0.437500
vt 0.531250 0.875000
vt 0.531250 0.375000
vt 0.531250 0.812500
vt 0.515625 1.000000
vt 0.500000 0.937500
vt 0.515625 0.000000
vt 0.500000 0.062500
vt 0.500000 0.500000
vt 0.500000 0.437500
vt 0.500000 0.875000
vt 0.500000 0.375000
vt 0.500000 0.812500
vt 0.500000 0.312500
vt 0.500000 0.750000
vt 0.500000 0.250000
vt 0.500000 0.687500
vt 0.500000 0.187500
vt 0.500000 0.625000
vt 0.500000 0.125000
vt 0.500000 0.562500
vt 0.468750 0.750000
vt 0.468750 0.687500
vt 0.468750 0.250000
vt 0.468750 0.187500
vt 0.468750 0.625000
vt 0.468750 0.125000
vt 0.468750 0.562500
vt 0.468750 0.062500
vt 0.468750 0.500000
vt 0.484375 1.000000
vt 0.468750 0.937500
vt 0.484375 0.000000
vt 0.468750 0.437500
vt 0.468750 0.875000
vt 0.468750 0.375000
vt 0.468750 0.812500
vt 0.468750 0.312500
vt 0.437500 0.500000
vt 0.437500 0.437500
vt 0.437500 0.937500
vt 0.437500 0.875000
vt 0.437500 0.375000
vt 0.437500 0.812500
vt 0.437500 0.312500
vt 0.437500 0.750000
vt 0.437500 0.250000
vt 0.437500 0.687500
vt 0.437500 0.187500
vt 0.437500 0.625000
vt 0.437500 0.125000
vt 0.437500 0.562500
vt 0.437500 0.062500
vt 0.453125 1.000000
vt 0.453125 0.000000
vt 0.406250 0.250000
vt 0.406250 0.187500
vt 0.406250 0.687500
vt 0.406250 0.625000
vt 0.406250 0.125000
vt 0.406250 0.562500
vt 0.406250 0.062500
vt 0.406250 0.500000
vt 0.421875 1.000000
vt 0.406250 0.937500
vt 0.421875 0.000000
vt 0.406250 0.437500
vt 0.406250 0.875000
vt 0.406250 0.375000
vt 0.406250 0.812500
vt 0.406250 0.312500
vt 0.406250 0.750000
vt 0.375000 0.937500
vt 0.375000 0.875000
vt 0.375000 0.437500
vt 0.375000 0.375000
vt 0.375000 0.812500
vt 0.375000 0.312500
vt 0.375000 0.750000
vt 0.375000 0.250000
vt 0.375000 0.687500
vt 0.375000 0.187500
vt 0.375000 0.625000
vt 0.375000 0.125000
vt 0.375000 0.562500
vt 0.375000 0.062500
vt 0.375000 0.500000
vt 0.390625 1.000000
vt 0.390625 0.000000
vt 0.343750 0.687500
vt 0.343750 0.625000
vt 0.343750 0.187500
vt 0.343750 0.125000
vt 0.343750 0.562500
vt 0.343750 0.062500
vt 0.343750 0.500000
vt 0.359375 1.000000
vt 0.343750 0.937500
vt 0.359375 0.000000
vt 0.343750 0.437500
vt 0.343750 0.875000
vt 0.343750 0.375000
vt 0.343750 0.812500
vt 0.343750 0.312500
vt 0.343750 0.750000
vt 0.343750 0.250000
vt 0.312500 0.437500
vt 0.312500 0.375000
vt 0.312500 0.875000
vt 0.312500 0.812500
vt 0.312500 0.312500
vt 0.312500 0.750000
vt 0.312500 0.250000
vt 0.312500 0.687500
vt 0.312500 0.187500
vt 0.312500 0.625000
vt 0.312500 0.125000
vt 0.312500 0.562500
vt 0.312500 0.062500
vt 0.312500 0.500000
vt 0.328125 1.000000
vt 0.312500 0.937500
vt 0.328125 0.000000
vt 0.281250 0.187500
vt 0.281250 0.125000
vt 0.281250 0.625000
vt 0.281250 0.562500
vt 0.281250 0.062500
vt 0.281250 0.500000
vt 0.296875 1.000000
vt 0.281250 0.937500
vt 0.296875 0.000000
vt 0.281250 0.437500
vt 0.281250 0.875000
vt 0.281250 0.375000
vt 0.281250 0.812500
vt 0.281250 0.312500
vt 0.281250 0.750000
vt 0.281250 0.250000
vt 0.281250 0.687500
vt 0.250000 0.375000
vt 0.250000 0.312500
vt 0.250000 0.812500
vt 0.250000 0.750000
vt 0.250000 0.250000
vt 0.250000 0.687500
vt 0.250000 0.187500
vt 0.250000 0.625000
vt 0.250000 0.125000
vt 0.250000 0.562500
vt 0.250000 0.062500
vt 0.250000 0.500000
vt 0.265625 1.000000
vt 0.250000 0.937500
vt 0.265625 0.000000
vt 0.250000 0.437500
vt 0.250000 0.875000
vt 0.218750 0.125000
vt 0.218750 0.062500
vt 0.218750 0.562500
vt 0.218750 0.500000
vt 0.234375 1.000000
vt 0.218750 0.937500
vt 0.234375 0.000000
vt 0.218750 0.437500
vt 0.218750 0.875000
vt 0.218750 0.375000
vt 0.218750 0.812500
vt 0.218750 0.312500
vt 0.218750 0.750000
vt 0.218750 0.250000
vt 0.218750 0.687500
vt 0.218750 0.187500
vt 0.218750 0.625000
vt 0.187500 0.812500
vt 0.187500 0.750000
vt 0.187500 0.312500
vt 0.187500 0.250000
vt 0.187500 0.687500
vt 0.187500 0.187500
vt 0.187500 0.625000
vt 0.187500 0.125000
vt 0.187500 0.562500
vt 0.187500 0.062500
vt 0.187500 0.500000
vt 0.203125 1.000000
vt 0.187500 0.937500
vt 0.203125 0.000000
vt 0.187500 0.437500
vt 0.187500 0.875000
vt 0.187500 0.375000
vt 0.156250 0.562500
vt 0.156250 0.500000
vt 0.171875 1.000000
vt 0.156250 0.937500
vt 0.171875 0.000000
vt 0.156250 0.062500
vt 0.156250 0.437500
vt 0.156250 0.875000
vt 0.156250 0.375000
vt 0.156250 0.812500
vt 0.156250 0.312500
vt 0.156250 0.750000
vt 0.156250 0.250000
vt 0.156250 0.687500
vt 0.156250 0.187500
vt 0.156250 0.625000
vt 0.156250 0.125000
vt 0.125000 0.312500
vt 0.125000 0.250000
vt 0.125000 0.750000
vt 0.125000 0.687500
vt 0.125000 0.187500
vt 0.125000 0.625000
vt 0.125000 0.125000
vt 0.125000 0.562500
vt 0.125000 0.062500
vt 0.125000 0.500000
vt 0.140625 1.000000
vt 0.125000 0.937500
vt 0.140625 0.000000
vt 0.125000 0.437500
vt 0.125000 0.875000
vt 0.125000 0.375000
vt 0.125000 0.812500
vt 0.109375 1.000000
vt 0.093750 0.937500
vt 0.109375 0.000000
vt 0.093750 0.062500
vt 0.093750 0.500000
vt 0.093750 0.437500
vt 0.093750 0.875000
vt 0.093750 0.375000
vt 0.093750 0.812500
vt 0.093750 0.312500
vt 0.093750 0.750000
vt 0.093750 0.250000
vt 0.093750 0.687500
vt 0.093750 0.187500
vt 0.093750 0.625000
vt 0.093750 0.125000
vt 0.093750 0.562500
vt 0.062500 0.750000
vt 0.062500 0.687500
vt 0.062500 0.250000
vt 0.062500 0.187500
vt 0.062500 0.625000
vt 0.062500 0.125000
vt 0.062500 0.562500
vt 0.062500 0.062500
vt 0.062500 0.500000
vt 0.078125 1.000000
vt 0.062500 0.937500
vt 0.078125 0.000000
vt 0.062500 0.437500
vt 0.062500 0.875000
vt 0.062500 0.375000
vt 0.062500 0.812500
vt 0.062500 0.312500
vt 0.031250 0.500000
vt 0.031250 0.437500
vt 0.031250 0.937500
vt 0.031250 0.875000
vt 0.031250 0.375000
vt 0.031250 0.812500
vt 0.031250 0.312500
vt 0.031250 0.750000
vt 0.031250 0.250000
vt 0.031250 0.687500
vt 0.031250 0.187500
vt 0.031250 0.625000
vt 0.031250 0.125000
vt 0.031250 0.562500
vt 0.031250 0.062500
vt 0.046875 1.000000
vt 0.046875 0.000000
vt 0.000000 0.250000
vt 0.000000 0.187500
vt 0.000000 0.687500
vt 0.000000 0.625000
vt 0.000000 0.125000
vt 0.000000 0.562500
vt 0.000000 0.062500
vt 0.000000 0.500000
vt 0.015625 1.000000
vt 0.000000 0.937500
vt 0.015625 0.000000
vt 0.000000 0.437500
vt 0.000000 0.875000
vt 0.000000 0.375000
vt 0.000000 0.812500
vt 0.000000 0.312500
vt 0.000000 0.750000
vt 1.000000 0.375000
vt 1.000000 0.437500
vt 0.968750 0.437500
vt 0.968750 0.375000
vt 1.000000 0.812500
vt 1.000000 0.875000
vt 0.968750 0.875000
vt 0.968750 0.812500
vt 1.000000 0.312500
vt 0.968750 0.312500
vt 1.000000 0.750000
vt 0.968750 0.750000
vt 1.000000 0.250000
vt 0.968750 0.250000
vt 1.000000 0.687500
vt 0.968750 0.687500
vt 1.000000 0.187500
vt 0.968750 0.187500
vt 1.000000 0.625000
vt 0.968750 0.625000
vt 1.000000 0.125000
vt 0.968750 0.125000
vt 1.000000 0.562500
vt 0.968750 0.562500
vt 1.000000 0.062500
vt 0.968750 0.062500
vt 1.000000 0.500000
vt 0.968750 0.500000
vt 1.000000 0.937500
vt 0.984375 1.000000
vt 0.968750 0.937500
vt 0.984375 0.000000
vt 0.937500 0.187500
vt 0.937500 0.125000
vt 0.937500 0.625000
vt 0.937500 0.562500
vt 0.937500 0.062500
vt 0.937500 0.500000
vt 0.953125 1.000000
vt 0.937500 0.937500
vt 0.953125 0.000000
vt 0.937500 0.437500
vt 0.937500 0.875000
vt 0.937500 0.375000
vt 0.937500 0.812500
vt 0.937500 0.312500
vt 0.937500 0.750000
vt 0.937500 0.250000
vt 0.937500 0.687500
vt 0.906250 0.875000
vt 0.906250 0.812500
vt 0.906250 0.375000
vt 0.906250 0.312500
vt 0.906250 0.750000
vt 0.906250 0.250000
vt 0.906250 0.687500
vt 0.906250 0.187500
vt 0.906250 0.625000
vt 0.906250 0.125000
vt 0.906250 0.562500
vt 0.906250 0.062500
vt 0.906250 0.500000
vt 0.921875 1.000000
vt 0.906250 0.937500
vt 0.921875 0.000000
vt 0.906250 0.437500
vt 0.875000 0.625000
vt 0.875000 0.562500
vt 0.875000 0.125000
vt 0.875000 0.062500
vt 0.875000 0.500000
vt 0.890625 1.000000
vt 0.875000 0.937500
vt 0.890625 0.000000
vt 0.875000 0.437500
vt 0.875000 0.875000
vt 0.875000 0.375000
vt 0.875000 0.812500
vt 0.875000 0.312500
vt 0.875000 0.750000
vt 0.875000 0.250000
vt 0.875000 0.687500
vt 0.875000 0.187500
vt 0.843750 0.375000
vt 0.843750 0.312500
vt 0.843750 0.812500
vt 0.843750 0.750000
vt 0.843750 0.250000
vt 0.843750 0.687500
vt 0.843750 0.187500
vt 0.843750 0.625000
vt 0.843750 0.125000
vt 0.843750 0.562500
vt 0.843750 0.062500
vt 0.843750 0.500000
vt 0.859375 1.000000
vt 0.843750 0.937500
vt 0.859375 0.000000
vt 0.843750 0.437500
vt 0.843750 0.875000
vt 0.812500 0.125000
vt 0.812500 0.062500
vt 0.812500 0.562500
vt 0.812500 0.500000
vt 0.828125 1.000000
vt 0.812500 0.937500
vt 0.828125 0.000000
vt 0.812500 0.437500
vt 0.812500 0.875000
vt 0.812500 0.375000
vt 0.812500 0.812500
vt 0.812500 0.312500
vt 0.812500 0.750000
vt 0.812500 0.250000
vt 0.812500 0.687500
vt 0.812500 0.187500
vt 0.812500 0.625000
vt 0.781250 0.812500
vt 0.781250 0.750000
vt 0.781250 0.312500
vt 0.781250 0.250000
vt 0.781250 0.687500
vt 0.781250 0.187500
vt 0.781250 0.625000
vt 0.781250 0.125000
vt 0.781250 0.562500
vt 0.781250 0.062500
vt 0.781250 0.500000
vt 0.796875 1.000000
vt 0.781250 0.937500
vt 0.796875 0.000000
vt 0.781250 0.437500
vt 0.781250 0.875000
vt 0.781250 0.375000
vt 0.765625 1.000000
vt 0.765625 0.000000
s 0
usemtl HandleMaterial.011
f 894/479/779 1366/480/779 909/481/779 910/482/779
f 890/483/780 1363/484/780 902/485/780 903/486/780
f 886/487/781 885/488/781 896/489/781
f 895/490/782 894/479/782 910/482/782
f 891/491/783 890/483/783 903/486/783 904/492/783
f 1361/493/784 886/487/784 896/489/784 897/494/784
f 1364/495/785 891/491/785 904/492/785 905/496/785
f 887/497/786 1361/493/786 897/494/786 898/498/786
f 892/499/787 1364/495/787 905/496/787 906/500/787
f 888/501/788 887/497/788 898/498/788 899/502/788
f 1365/503/789 892/499/789 906/500/789 907/504/789
f 1362/505/790 888/501/790 899/502/790 900/506/790
f 893/507/791 1365/503/791 907/504/791 908/508/791
f 889/509/792 1362/505/792 900/506/792 901/510/792
f 1366/480/793 893/507/793 908/508/793 909/481/793
f 1363/484/794 889/509/794 901/510/794 902/485/794
f 909/481/795 908/508/795 923/511/795 924/512/795
f 902/485/796 901/510/796 916/513/796 917/514/796
f 910/482/797 909/481/797 924/512/797 925/515/797
f 903/486/798 902/485/798 917/514/798 918/516/798
f 896/489/799 885/517/799 911/518/799
f 895/519/800 910/482/800 925/515/800
f 904/492/801 903/486/801 918/516/801 919/520/801
f 897/494/802 896/489/802 911/518/802 912/521/802
f 905/496/803 904/492/803 919/520/803 920/522/803
f 898/498/804 897/494/804 912/521/804 913/523/804
f 906/500/805 905/496/805 920/522/805 921/524/805
f 899/502/806 898/498/806 913/523/806 914/525/806
f 907/504/807 906/500/807 921/524/807 922/526/807
f 900/506/808 899/502/808 914/525/808 915/527/808
f 908/508/809 907/504/809 922/526/809 923/511/809
f 901/510/810 900/506/810 915/527/810 916/513/810
f 913/523/811 912/521/811 927/528/811 928/529/811
f 921/524/812 920/522/812 935/530/812 936/531/812
f 914/525/813 913/523/813 928/529/813 929/532/813
f 922/526/814 921/524/814 936/531/814 937/533/814
f 915/527/815 914/525/815 929/532/815 930/534/815
f 923/511/816 922/526/816 937/533/816 938/535/816
f 916/513/817 915/527/817 930/534/817 931/536/817
f 924/512/818 923/511/818 938/535/818 939/537/818
f 917/514/819 916/513/819 931/536/819 932/538/819
f 925/515/820 924/512/820 939/537/820 940/539/820
f 918/516/821 917/514/821 932/538/821 933/540/821
f 911/518/822 885/541/822 926/542/822
f 895/543/823 925/515/823 940/539/823
f 919/520/824 918/516/824 933/540/824 934/544/824
f 912/521/825 911/518/825 926/542/825 927/528/825
f 920/522/826 919/520/826 934/544/826 935/530/826
f 932/538/827 931/536/827 946/545/827 947/546/827
f 940/539/828 939/537/828 954/547/828 955/548/828
f 933/540/829 932/538/829 947/546/829 948/549/829
f 926/542/830 885/550/830 941/551/830
f 895/552/831 940/539/831 955/548/831
f 934/544/832 933/540/832 948/549/832 949/553/832
f 927/528/833 926/542/833 941/551/833 942/554/833
f 935/530/834 934/544/834 949/553/834 950/555/834
f 928/529/835 927/528/835 942/554/835 943/556/835
f 936/531/836 935/530/836 950/555/836 951/557/836
f 929/532/837 928/529/837 943/556/837 944/558/837
f 937/533/838 936/531/838 951/557/838 952/559/838
f 930/534/839 929/532/839 944/558/839 945/560/839
f 938/535/840 937/533/840 952/559/840 953/561/840
f 931/536/841 930/534/841 945/560/841 946/545/841
f 939/537/842 938/535/842 953/561/842 954/547/842
f 951/557/843 950/555/843 965/562/843 966/563/843
f 944/558/844 943/556/844 958/564/844 959/565/844
f 952/559/845 951/557/845 966/563/845 967/566/845
f 945/560/846 944/558/846 959/565/846 960/567/846
f 953/561/847 952/559/847 967/566/847 968/568/847
f 946/545/848 945/560/848 960/567/848 961/569/848
f 954/547/849 953/561/849 968/568/849 969/570/849
f 947/546/850 946/545/850 961/569/850 962/571/850
f 955/548/851 954/547/851 969/570/851 970/572/851
f 948/549/852 947/546/852 962/571/852 963/573/852
f 941/551/853 885/574/853 956/575/853
f 895/576/854 955/548/854 970/572/854
f 949/553/855 948/549/855 963/573/855 964/577/855
f 942/554/856 941/551/856 956/575/856 957/578/856
f 950/555/857 949/553/857 964/577/857 965/562/857
f 943/556/858 942/554/858 957/578/858 958/564/858
f 970/572/859 969/570/859 984/579/859 985/580/859
f 963/573/860 962/571/860 977/581/860 978/582/860
f 956/575/861 885/583/861 971/584/861
f 895/585/862 970/572/862 985/580/862
f 964/577/863 963/573/863 978/582/863 979/586/863
f 957/578/864 956/575/864 971/584/864 972/587/864
f 965/562/865 964/577/865 979/586/865 980/588/865
f 958/564/866 957/578/866 972/587/866 973/589/866
f 966/563/867 965/562/867 980/588/867 981/590/867
f 959/565/868 958/564/868 973/589/868 974/591/868
f 967/566/869 966/563/869 981/590/869 982/592/869
f 960/567/870 959/565/870 974/591/870 975/593/870
f 968/568/871 967/566/871 982/592/871 983/594/871
f 961/569/872 960/567/872 975/593/872 976/595/872
f 969/570/873 968/568/873 983/594/873 984/579/873
f 962/571/874 961/569/874 976/595/874 977/581/874
f 982/592/875 981/590/875 996/596/875 997/597/875
f 975/593/876 974/591/876 989/598/876 990/599/876
f 983/594/877 982/592/877 997/597/877 998/600/877
f 976/595/878 975/593/878 990/599/878 991/601/878
f 984/579/879 983/594/879 998/600/879 999/602/879
f 977/581/880 976/595/880 991/601/880 992/603/880
f 985/580/881 984/579/881 999/602/881 1000/604/881
f 978/582/882 977/581/882 992/603/882 993/605/882
f 971/584/883 885/606/883 986/607/883
f 895/608/884 985/580/884 1000/604/884
f 979/586/885 978/582/885 993/605/885 994/609/885
f 972/587/886 971/584/886 986/607/886 987/610/886
f 980/588/887 979/586/887 994/609/887 995/611/887
f 973/589/888 972/587/888 987/610/888 988/612/888
f 981/590/889 980/588/889 995/611/889 996/596/889
f 974/591/890 973/589/890 988/612/890 989/598/890
f 986/607/891 885/613/891 1001/614/891
f 895/615/892 1000/604/892 1015/616/892
f 994/609/893 993/605/893 1008/617/893 1009/618/893
f 987/610/894 986/607/894 1001/614/894 1002/619/894
f 995/611/895 994/609/895 1009/618/895 1010/620/895
f 988/612/896 987/610/896 1002/619/896 1003/621/896
f 996/596/897 995/611/897 1010/620/897 1011/622/897
f 989/598/898 988/612/898 1003/621/898 1004/623/898
f 997/597/899 996/596/899 1011/622/899 1012/624/899
f 990/599/900 989/598/900 1004/623/900 1005/625/900
f 998/600/901 997/597/901 1012/624/901 1013/626/901
f 991/601/902 990/599/902 1005/625/902 1006/627/902
f 999/602/903 998/600/903 1013/626/903 1014/628/903
f 992/603/904 991/601/904 1006/627/904 1007/629/904
f 1000/604/905 999/602/905 1014/628/905 1015/616/905
f 993/605/906 992/603/906 1007/629/906 1008/617/906
f 1005/625/907 1004/623/907 1019/630/907 1020/631/907
f 1013/626/908 1012/624/908 1027/632/908 1028/633/908
f 1006/627/909 1005/625/909 1020/631/909 1021/634/909
f 1014/628/910 1013/626/910 1028/633/910 1029/635/910
f 1007/629/911 1006/627/911 1021/634/911 1022/636/911
f 1015/616/912 1014/628/912 1029/635/912 1030/637/912
f 1008/617/913 1007/629/913 1022/636/913 1023/638/913
f 1001/614/914 885/639/914 1016/640/914
f 895/641/915 1015/616/915 1030/637/915
f 1009/618/916 1008/617/916 1023/638/916 1024/642/916
f 1002/619/917 1001/614/917 1016/640/917 1017/643/917
f 1010/620/918 1009/618/918 1024/642/918 1025/644/918
f 1003/621/919 1002/619/919 1017/643/919 1018/645/919
f 1011/622/920 1010/620/920 1025/644/920 1026/646/920
f 1004/623/921 1003/621/921 1018/645/921 1019/630/921
f 1012/624/922 1011/622/922 1026/646/922 1027/632/922
f 1024/642/923 1023/638/923 1038/647/923 1039/648/923
f 1017/643/924 1016/640/924 1031/649/924 1032/650/924
f 1025/644/925 1024/642/925 1039/648/925 1040/651/925
f 1018/645/926 1017/643/926 1032/650/926 1033/652/926
f 1026/646/927 1025/644/927 1040/651/927 1041/653/927
f 1019/630/928 1018/645/928 1033/652/928 1034/654/928
f 1027/632/929 1026/646/929 1041/653/929 1042/655/929
f 1020/631/930 1019/630/930 1034/654/930 1035/656/930
f 1028/633/931 1027/632/931 1042/655/931 1043/657/931
f 1021/634/932 1020/631/932 1035/656/932 1036/658/932
f 1029/635/933 1028/633/933 1043/657/933 1044/659/933
f 1022/636/934 1021/634/934 1036/658/934 1037/660/934
f 1030/637/935 1029/635/935 1044/659/935 1045/661/935
f 1023/638/936 1022/636/936 1037/660/936 1038/647/936
f 1016/640/937 885/662/937 1031/649/937
f 895/663/938 1030/637/938 1045/661/938
f 1043/657/939 1042/655/939 1057/664/939 1058/665/939
f 1036/658/940 1035/656/940 1050/666/940 1051/667/940
f 1044/659/941 1043/657/941 1058/665/941 1059/668/941
f 1037/660/942 1036/658/942 1051/667/942 1052/669/942
f 1045/661/943 1044/659/943 1059/668/943 1060/670/943
f 1038/647/944 1037/660/944 1052/669/944 1053/671/944
f 1031/649/945 885/672/945 1046/673/945
f 895/674/946 1045/661/946 1060/670/946
f 1039/648/947 1038/647/947 1053/671/947 1054/675/947
f 1032/650/948 1031/649/948 1046/673/948 1047/676/948
f 1040/651/949 1039/648/949 1054/675/949 1055/677/949
f 1033/652/950 1032/650/950 1047/676/950 1048/678/950
f 1041/653/951 1040/651/951 1055/677/951 1056/679/951
f 1034/654/952 1033/652/952 1048/678/952 1049/680/952
f 1042/655/953 1041/653/953 1056/679/953 1057/664/953
f 1035/656/954 1034/654/954 1049/680/954 1050/666/954
f 1047/676/955 1046/673/955 1061/681/955 1062/682/955
f 1055/677/956 1054/675/956 1069/683/956 1070/684/956
f 1048/678/957 1047/676/957 1062/682/957 1063/685/957
f 1056/679/958 1055/677/958 1070/684/958 1071/686/958
f 1049/680/959 1048/678/959 1063/685/959 1064/687/959
f 1057/664/960 1056/679/960 1071/686/960 1072/688/960
f 1050/666/961 1049/680/961 1064/687/961 1065/689/961
f 1058/665/962 1057/664/962 1072/688/962 1073/690/962
f 1051/667/963 1050/666/963 1065/689/963 1066/691/963
f 1059/668/964 1058/665/964 1073/690/964 1074/692/964
f 1052/669/965 1051/667/965 1066/691/965 1067/693/965
f 1060/670/966 1059/668/966 1074/692/966 1075/694/966
f 1053/671/967 1052/669/967 1067/693/967 1068/695/967
f 1046/673/968 885/696/968 1061/681/968
f 895/697/969 1060/670/969 1075/694/969
f 1054/675/970 1053/671/970 1068/695/970 1069/683/970
f 1066/691/971 1065/689/971 1080/698/971 1081/699/971
f 1074/692/972 1073/690/972 1088/700/972 1089/701/972
f 1067/693/973 1066/691/973 1081/699/973 1082/702/973
f 1075/694/974 1074/692/974 1089/701/974 1090/703/974
f 1068/695/975 1067/693/975 1082/702/975 1083/704/975
f 1061/681/976 885/705/976 1076/706/976
f 895/707/977 1075/694/977 1090/703/977
f 1069/683/978 1068/695/978 1083/704/978 1084/708/978
f 1062/682/979 1061/681/979 1076/706/979 1077/709/979
f 1070/684/980 1069/683/980 1084/708/980 1085/710/980
f 1063/685/981 1062/682/981 1077/709/981 1078/711/981
f 1071/686/982 1070/684/982 1085/710/982 1086/712/982
f 1064/687/983 1063/685/983 1078/711/983 1079/713/983
f 1072/688/984 1071/686/984 1086/712/984 1087/714/984
f 1065/689/985 1064/687/985 1079/713/985 1080/698/985
f 1073/690/986 1072/688/986 1087/714/986 1088/700/986
f 1085/710/987 1084/708/987 1099/715/987 1100/716/987
f 1078/711/988 1077/709/988 1092/717/988 1093/718/988
f 1086/712/989 1085/710/989 1100/716/989 1101/719/989
f 1079/713/990 1078/711/990 1093/718/990 1094/720/990
f 1087/714/991 1086/712/991 1101/719/991 1102/721/991
f 1080/698/992 1079/713/992 1094/720/992 1095/722/992
f 1088/700/993 1087/714/993 1102/721/993 1103/723/993
f 1081/699/994 1080/698/994 1095/722/994 1096/724/994
f 1089/701/995 1088/700/995 1103/723/995 1104/725/995
f 1082/702/996 1081/699/996 1096/724/996 1097/726/996
f 1090/703/997 1089/701/997 1104/725/997 1105/727/997
f 1083/704/998 1082/702/998 1097/726/998 1098/728/998
f 1076/706/999 885/729/999 1091/730/999
f 895/731/1000 1090/703/1000 1105/727/1000
f 1084/708/1001 1083/704/1001 1098/728/1001 1099/715/1001
f 1077/709/1002 1076/706/1002 1091/730/1002 1092/717/1002
f 1104/725/1003 1103/723/1003 1118/732/1003 1119/733/1003
f 1097/726/1004 1096/724/1004 1111/734/1004 1112/735/1004
f 1105/727/1005 1104/725/1005 1119/733/1005 1120/736/1005
f 1098/728/1006 1097/726/1006 1112/735/1006 1113/737/1006
f 1091/730/1007 885/738/1007 1106/739/1007
f 895/740/1008 1105/727/1008 1120/736/1008
f 1099/715/1009 1098/728/1009 1113/737/1009 1114/741/1009
f 1092/717/1010 1091/730/1010 1106/739/1010 1107/742/1010
f 1100/716/1011 1099/715/1011 1114/741/1011 1115/743/1011
f 1093/718/1012 1092/717/1012 1107/742/1012 1108/744/1012
f 1101/719/1013 1100/716/1013 1115/743/1013 1116/745/1013
f 1094/720/1014 1093/718/1014 1108/744/1014 1109/746/1014
f 1102/721/1015 1101/719/1015 1116/745/1015 1117/747/1015
f 1095/722/1016 1094/720/1016 1109/746/1016 1110/748/1016
f 1103/723/1017 1102/721/1017 1117/747/1017 1118/732/1017
f 1096/724/1018 1095/722/1018 1110/748/1018 1111/734/1018
f 1116/745/1019 1115/743/1019 1130/749/1019 1131/750/1019
f 1109/746/1020 1108/744/1020 1123/751/1020 1124/752/1020
f 1117/747/1021 1116/745/1021 1131/750/1021 1132/753/1021
f 1110/748/1022 1109/746/1022 1124/752/1022 1125/754/1022
f 1118/732/1023 1117/747/1023 1132/753/1023 1133/755/1023
f 1111/734/1024 1110/748/1024 1125/754/1024 1126/756/1024
f 1119/733/1025 1118/732/1025 1133/755/1025 1134/757/1025
f 1112/735/1026 1111/734/1026 1126/756/1026 1127/758/1026
f 1120/736/1027 1119/733/1027 1134/757/1027 1135/759/1027
f 1113/737/1028 1112/735/1028 1127/758/1028 1128/760/1028
f 1106/739/1029 885/761/1029 1121/762/1029
f 895/763/1030 1120/736/1030 1135/759/1030
f 1114/741/1031 1113/737/1031 1128/760/1031 1129/764/1031
f 1107/742/1032 1106/739/1032 1121/762/1032 1122/765/1032
f 1115/743/1033 1114/741/1033 1129/764/1033 1130/749/1033
f 1108/744/1034 1107/742/1034 1122/765/1034 1123/751/1034
f 1135/759/1035 1134/757/1035 1149/766/1035 1150/767/1035
f 1128/760/1036 1127/758/1036 1142/768/1036 1143/769/1036
f 1121/762/1037 885/770/1037 1136/771/1037
f 895/772/1038 1135/759/1038 1150/767/1038
f 1129/764/1039 1128/760/1039 1143/769/1039 1144/773/1039
f 1122/765/1040 1121/762/1040 1136/771/1040 1137/774/1040
f 1130/749/1041 1129/764/1041 1144/773/1041 1145/775/1041
f 1123/751/1042 1122/765/1042 1137/774/1042 1138/776/1042
f 1131/750/1043 1130/749/1043 1145/775/1043 1146/777/1043
f 1124/752/1044 1123/751/1044 1138/776/1044 1139/778/1044
f 1132/753/1045 1131/750/1045 1146/777/1045 1147/779/1045
f 1125/754/1046 1124/752/1046 1139/778/1046 1140/780/1046
f 1133/755/1047 1132/753/1047 1147/779/1047 1148/781/1047
f 1126/756/1048 1125/754/1048 1140/780/1048 1141/782/1048
f 1134/757/1049 1133/755/1049 1148/781/1049 1149/766/1049
f 1127/758/1050 1126/756/1050 1141/782/1050 1142/768/1050
f 1139/778/1051 1138/776/1051 1153/783/1051 1154/784/1051
f 1147/779/1052 1146/777/1052 1161/785/1052 1162/786/1052
f 1140/780/1053 1139/778/1053 1154/784/1053 1155/787/1053
f 1148/781/1054 1147/779/1054 1162/786/1054 1163/788/1054
f 1141/782/1055 1140/780/1055 1155/787/1055 1156/789/1055
f 1149/766/1056 1148/781/1056 1163/788/1056 1164/790/1056
f 1142/768/1057 1141/782/1057 1156/789/1057 1157/791/1057
f 1150/767/1058 1149/766/1058 1164/790/1058 1165/792/1058
f 1143/769/1059 1142/768/1059 1157/791/1059 1158/793/1059
f 1136/771/1060 885/794/1060 1151/795/1060
f 895/796/1061 1150/767/1061 1165/792/1061
f 1144/773/1062 1143/769/1062 1158/793/1062 1159/797/1062
f 1137/774/1063 1136/771/1063 1151/795/1063 1152/798/1063
f 1145/775/1064 1144/773/1064 1159/797/1064 1160/799/1064
f 1138/776/1065 1137/774/1065 1152/798/1065 1153/783/1065
f 1146/777/1066 1145/775/1066 1160/799/1066 1161/785/1066
f 1158/793/1067 1157/791/1067 1172/800/1067 1173/801/1067
f 1151/795/1068 885/802/1068 1166/803/1068
f 895/804/1069 1165/792/1069 1180/805/1069
f 1159/797/1070 1158/793/1070 1173/801/1070 1174/806/1070
f 1152/798/1071 1151/795/1071 1166/803/1071 1167/807/1071
f 1160/799/1072 1159/797/1072 1174/806/1072 1175/808/1072
f 1153/783/1073 1152/798/1073 1167/807/1073 1168/809/1073
f 1161/785/1074 1160/799/1074 1175/808/1074 1176/810/1074
f 1154/784/1075 1153/783/1075 1168/809/1075 1169/811/1075
f 1162/786/1076 1161/785/1076 1176/810/1076 1177/812/1076
f 1155/787/1077 1154/784/1077 1169/811/1077 1170/813/1077
f 1163/788/1078 1162/786/1078 1177/812/1078 1178/814/1078
f 1156/789/1079 1155/787/1079 1170/813/1079 1171/815/1079
f 1164/790/1080 1163/788/1080 1178/814/1080 1179/816/1080
f 1157/791/1081 1156/789/1081 1171/815/1081 1172/800/1081
f 1165/792/1082 1164/790/1082 1179/816/1082 1180/805/1082
f 1177/812/1083 1176/810/1083 1191/817/1083 1192/818/1083
f 1170/813/1084 1169/811/1084 1184/819/1084 1185/820/1084
f 1178/814/1085 1177/812/1085 1192/818/1085 1193/821/1085
f 1171/815/1086 1170/813/1086 1185/820/1086 1186/822/1086
f 1179/816/1087 1178/814/1087 1193/821/1087 1194/823/1087
f 1172/800/1088 1171/815/1088 1186/822/1088 1187/824/1088
f 1180/805/1089 1179/816/1089 1194/823/1089 1195/825/1089
f 1173/801/1090 1172/800/1090 1187/824/1090 1188/826/1090
f 1166/803/1091 885/827/1091 1181/828/1091
f 895/829/1092 1180/805/1092 1195/825/1092
f 1174/806/1093 1173/801/1093 1188/826/1093 1189/830/1093
f 1167/807/1094 1166/803/1094 1181/828/1094 1182/831/1094
f 1175/808/1095 1174/806/1095 1189/830/1095 1190/832/1095
f 1168/809/1096 1167/807/1096 1182/831/1096 1183/833/1096
f 1176/810/1097 1175/808/1097 1190/832/1097 1191/817/1097
f 1169/811/1098 1168/809/1098 1183/833/1098 1184/819/1098
f 1181/828/1099 885/834/1099 1196/835/1099
f 895/836/1100 1195/825/1100 1210/837/1100
f 1189/830/1101 1188/826/1101 1203/838/1101 1204/839/1101
f 1182/831/1102 1181/828/1102 1196/835/1102 1197/840/1102
f 1190/832/1103 1189/830/1103 1204/839/1103 1205/841/1103
f 1183/833/1104 1182/831/1104 1197/840/1104 1198/842/1104
f 1191/817/1105 1190/832/1105 1205/841/1105 1206/843/1105
f 1184/819/1106 1183/833/1106 1198/842/1106 1199/844/1106
f 1192/818/1107 1191/817/1107 1206/843/1107 1207/845/1107
f 1185/820/1108 1184/819/1108 1199/844/1108 1200/846/1108
f 1193/821/1109 1192/818/1109 1207/845/1109 1208/847/1109
f 1186/822/1110 1185/820/1110 1200/846/1110 1201/848/1110
f 1194/823/1111 1193/821/1111 1208/847/1111 1209/849/1111
f 1187/824/1112 1186/822/1112 1201/848/1112 1202/850/1112
f 1195/825/1113 1194/823/1113 1209/849/1113 1210/837/1113
f 1188/826/1114 1187/824/1114 1202/850/1114 1203/838/1114
f 1200/846/1115 1199/844/1115 1214/851/1115 1215/852/1115
f 1208/847/1116 1207/845/1116 1222/853/1116 1223/854/1116
f 1201/848/1117 1200/846/1117 1215/852/1117 1216/855/1117
f 1209/849/1118 1208/847/1118 1223/854/1118 1224/856/1118
f 1202/850/1119 1201/848/1119 1216/855/1119 1217/857/1119
f 1210/837/1120 1209/849/1120 1224/856/1120 1225/858/1120
f 1203/838/1121 1202/850/1121 1217/857/1121 1218/859/1121
f 1196/835/1122 885/860/1122 1211/861/1122
f 895/862/1123 1210/837/1123 1225/858/1123
f 1204/839/1124 1203/838/1124 1218/859/1124 1219/863/1124
f 1197/840/1125 1196/835/1125 1211/861/1125 1212/864/1125
f 1205/841/1126 1204/839/1126 1219/863/1126 1220/865/1126
f 1198/842/1127 1197/840/1127 1212/864/1127 1213/866/1127
f 1206/843/1128 1205/841/1128 1220/865/1128 1221/867/1128
f 1199/844/1129 1198/842/1129 1213/866/1129 1214/851/1129
f 1207/845/1130 1206/843/1130 1221/867/1130 1222/853/1130
f 1219/863/1131 1218/859/1131 1233/868/1131 1234/869/1131
f 1212/864/1132 1211/861/1132 1226/870/1132 1227/871/1132
f 1220/865/1133 1219/863/1133 1234/869/1133 1235/872/1133
f 1213/866/1134 1212/864/1134 1227/871/1134 1228/873/1134
f 1221/867/1135 1220/865/1135 1235/872/1135 1236/874/1135
f 1214/851/1136 1213/866/1136 1228/873/1136 1229/875/1136
f 1222/853/1137 1221/867/1137 1236/874/1137 1237/876/1137
f 1215/852/1138 1214/851/1138 1229/875/1138 1230/877/1138
f 1223/854/1139 1222/853/1139 1237/876/1139 1238/878/1139
f 1216/855/1140 1215/852/1140 1230/877/1140 1231/879/1140
f 1224/856/1141 1223/854/1141 1238/878/1141 1239/880/1141
f 1217/857/1142 1216/855/1142 1231/879/1142 1232/881/1142
f 1225/858/1143 1224/856/1143 1239/880/1143 1240/882/1143
f 1218/859/1144 1217/857/1144 1232/881/1144 1233/868/1144
f 1211/861/1145 885/883/1145 1226/870/1145
f 895/884/1146 1225/858/1146 1240/882/1146
f 1238/878/1147 1237/876/1147 1252/885/1147 1253/886/1147
f 1231/879/1148 1230/877/1148 1245/887/1148 1246/888/1148
f 1239/880/1149 1238/878/1149 1253/886/1149 1254/889/1149
f 1232/881/1150 1231/879/1150 1246/888/1150 1247/890/1150
f 1240/882/1151 1239/880/1151 1254/889/1151 1255/891/1151
f 1233/868/1152 1232/881/1152 1247/890/1152 1248/892/1152
f 1226/870/1153 885/893/1153 1241/894/1153
f 895/895/1154 1240/882/1154 1255/891/1154
f 1234/869/1155 1233/868/1155 1248/892/1155 1249/896/1155
f 1227/871/1156 1226/870/1156 1241/894/1156 1242/897/1156
f 1235/872/1157 1234/869/1157 1249/896/1157 1250/898/1157
f 1228/873/1158 1227/871/1158 1242/897/1158 1243/899/1158
f 1236/874/1159 1235/872/1159 1250/898/1159 1251/900/1159
f 1229/875/1160 1228/873/1160 1243/899/1160 1244/901/1160
f 1237/876/1161 1236/874/1161 1251/900/1161 1252/885/1161
f 1230/877/1162 1229/875/1162 1244/901/1162 1245/887/1162
f 1250/902/1163 1249/903/1163 1264/904/1163 1265/905/1163
f 1243/906/1164 1242/907/1164 1257/908/1164 1258/909/1164
f 1251/910/1165 1250/902/1165 1265/905/1165 1266/911/1165
f 1244/912/1166 1243/906/1166 1258/909/1166 1259/913/1166
f 1252/914/1167 1251/910/1167 1266/911/1167 1267/915/1167
f 1245/916/1168 1244/912/1168 1259/913/1168 1260/917/1168
f 1253/918/1169 1252/914/1169 1267/915/1169 1268/919/1169
f 1246/920/1170 1245/916/1170 1260/917/1170 1261/921/1170
f 1254/922/1171 1253/918/1171 1268/919/1171 1269/923/1171
f 1247/924/1172 1246/920/1172 1261/921/1172 1262/925/1172
f 1255/926/1173 1254/922/1173 1269/923/1173 1270/927/1173
f 1248/928/1174 1247/924/1174 1262/925/1174 1263/929/1174
f 1241/930/1175 885/931/1175 1256/932/1175
f 895/933/1176 1255/926/1176 1270/927/1176
f 1249/903/1177 1248/928/1177 1263/929/1177 1264/904/1177
f 1242/907/1178 1241/930/1178 1256/932/1178 1257/908/1178
f 1269/923/1179 1268/919/1179 1283/934/1179 1284/935/1179
f 1262/925/1180 1261/921/1180 1276/936/1180 1277/937/1180
f 1270/927/1181 1269/923/1181 1284/935/1181 1285/938/1181
f 1263/929/1182 1262/925/1182 1277/937/1182 1278/939/1182
f 1256/932/1183 885/940/1183 1271/941/1183
f 895/942/1184 1270/927/1184 1285/938/1184
f 1264/904/1185 1263/929/1185 1278/939/1185 1279/943/1185
f 1257/908/1186 1256/932/1186 1271/941/1186 1272/944/1186
f 1265/905/1187 1264/904/1187 1279/943/1187 1280/945/1187
f 1258/909/1188 1257/908/1188 1272/944/1188 1273/946/1188
f 1266/911/1189 1265/905/1189 1280/945/1189 1281/947/1189
f 1259/913/1190 1258/909/1190 1273/946/1190 1274/948/1190
f 1267/915/1191 1266/911/1191 1281/947/1191 1282/949/1191
f 1260/917/1192 1259/913/1192 1274/948/1192 1275/950/1192
f 1268/919/1193 1267/915/1193 1282/949/1193 1283/934/1193
f 1261/921/1194 1260/917/1194 1275/950/1194 1276/936/1194
f 1273/946/1195 1272/944/1195 1287/951/1195 1288/952/1195
f 1281/947/1196 1280/945/1196 1295/953/1196 1296/954/1196
f 1274/948/1197 1273/946/1197 1288/952/1197 1289/955/1197
f 1282/949/1198 1281/947/1198 1296/954/1198 1297/956/1198
f 1275/950/1199 1274/948/1199 1289/955/1199 1290/957/1199
f 1283/934/1200 1282/949/1200 1297/956/1200 1298/958/1200
f 1276/936/1201 1275/950/1201 1290/957/1201 1291/959/1201
f 1284/935/1202 1283/934/1202 1298/958/1202 1299/960/1202
f 1277/937/1203 1276/936/1203 1291/959/1203 1292/961/1203
f 1285/938/1204 1284/935/1204 1299/960/1204 1300/962/1204
f 1278/939/1205 1277/937/1205 1292/961/1205 1293/963/1205
f 1271/941/1206 885/964/1206 1286/965/1206
f 895/966/1207 1285/938/1207 1300/962/1207
f 1279/943/1208 1278/939/1208 1293/963/1208 1294/967/1208
f 1272/944/1209 1271/941/1209 1286/965/1209 1287/951/1209
f 1280/945/1210 1279/943/1210 1294/967/1210 1295/953/1210
f 1292/961/1211 1291/959/1211 1306/968/1211 1307/969/1211
f 1300/962/1212 1299/960/1212 1314/970/1212 1315/971/1212
f 1293/963/1213 1292/961/1213 1307/969/1213 1308/972/1213
f 1286/965/1214 885/973/1214 1301/974/1214
f 895/975/1215 1300/962/1215 1315/971/1215
f 1294/967/1216 1293/963/1216 1308/972/1216 1309/976/1216
f 1287/951/1217 1286/965/1217 1301/974/1217 1302/977/1217
f 1295/953/1218 1294/967/1218 1309/976/1218 1310/978/1218
f 1288/952/1219 1287/951/1219 1302/977/1219 1303/979/1219
f 1296/954/1220 1295/953/1220 1310/978/1220 1311/980/1220
f 1289/955/1221 1288/952/1221 1303/979/1221 1304/981/1221
f 1297/956/1222 1296/954/1222 1311/980/1222 1312/982/1222
f 1290/957/1223 1289/955/1223 1304/981/1223 1305/983/1223
f 1298/958/1224 1297/956/1224 1312/982/1224 1313/984/1224
f 1291/959/1225 1290/957/1225 1305/983/1225 1306/968/1225
f 1299/960/1226 1298/958/1226 1313/984/1226 1314/970/1226
f 1311/980/1227 1310/978/1227 1325/985/1227 1326/986/1227
f 1304/981/1228 1303/979/1228 1318/987/1228 1319/988/1228
f 1312/982/1229 1311/980/1229 1326/986/1229 1327/989/1229
f 1305/983/1230 1304/981/1230 1319/988/1230 1320/990/1230
f 1313/984/1231 1312/982/1231 1327/989/1231 1328/991/1231
f 1306/968/1232 1305/983/1232 1320/990/1232 1321/992/1232
f 1314/970/1233 1313/984/1233 1328/991/1233 1329/993/1233
f 1307/969/1234 1306/968/1234 1321/992/1234 1322/994/1234
f 1315/971/1235 1314/970/1235 1329/993/1235 1330/995/1235
f 1308/972/1236 1307/969/1236 1322/994/1236 1323/996/1236
f 1301/974/1237 885/997/1237 1316/998/1237
f 895/999/1238 1315/971/1238 1330/995/1238
f 1309/976/1239 1308/972/1239 1323/996/1239 1324/1000/1239
f 1302/977/1240 1301/974/1240 1316/998/1240 1317/1001/1240
f 1310/978/1241 1309/976/1241 1324/1000/1241 1325/985/1241
f 1303/979/1242 1302/977/1242 1317/1001/1242 1318/987/1242
f 1330/995/1243 1329/993/1243 1344/1002/1243 1345/1003/1243
f 1323/996/1244 1322/994/1244 1337/1004/1244 1338/1005/1244
f 1316/998/1245 885/1006/1245 1331/1007/1245
f 895/1008/1246 1330/995/1246 1345/1003/1246
f 1324/1000/1247 1323/996/1247 1338/1005/1247 1339/1009/1247
f 1317/1001/1248 1316/998/1248 1331/1007/1248 1332/1010/1248
f 1325/985/1249 1324/1000/1249 1339/1009/1249 1340/1011/1249
f 1318/987/1250 1317/1001/1250 1332/1010/1250 1333/1012/1250
f 1326/986/1251 1325/985/1251 1340/1011/1251 1341/1013/1251
f 1319/988/1252 1318/987/1252 1333/1012/1252 1334/1014/1252
f 1327/989/1253 1326/986/1253 1341/1013/1253 1342/1015/1253
f 1320/990/1254 1319/988/1254 1334/1014/1254 1335/1016/1254
f 1328/991/1255 1327/989/1255 1342/1015/1255 1343/1017/1255
f 1321/992/1256 1320/990/1256 1335/1016/1256 1336/1018/1256
f 1329/993/1257 1328/991/1257 1343/1017/1257 1344/1002/1257
f 1322/994/1258 1321/992/1258 1336/1018/1258 1337/1004/1258
f 1334/1014/1259 1333/1012/1259 1348/1019/1259 1349/1020/1259
f 1342/1015/1260 1341/1013/1260 1356/1021/1260 1357/1022/1260
f 1335/1016/1261 1334/1014/1261 1349/1020/1261 1350/1023/1261
f 1343/1017/1262 1342/1015/1262 1357/1022/1262 1358/1024/1262
f 1336/1018/1263 1335/1016/1263 1350/1023/1263 1351/1025/1263
f 1344/1002/1264 1343/1017/1264 1358/1024/1264 1359/1026/1264
f 1337/1004/1265 1336/1018/1265 1351/1025/1265 1352/1027/1265
f 1345/1003/1266 1344/1002/1266 1359/1026/1266 1360/1028/1266
f 1338/1005/1267 1337/1004/1267 1352/1027/1267 1353/1029/1267
f 1331/1007/1268 885/1030/1268 1346/1031/1268
f 895/1032/1269 1345/1003/1269 1360/1028/1269
f 1339/1009/1270 1338/1005/1270 1353/1029/1270 1354/1033/1270
f 1332/1010/1271 1331/1007/1271 1346/1031/1271 1347/1034/1271
f 1340/1011/1272 1339/1009/1272 1354/1033/1272 1355/1035/1272
f 1333/1012/1273 1332/1010/1273 1347/1034/1273 1348/1019/1273
f 1341/1013/1274 1340/1011/1274 1355/1035/1274 1356/1021/1274
f 1353/1029/1275 1352/1027/1275 1363/484/1275 890/483/1275
f 1346/1031/1276 885/1036/1276 886/487/1276
f 895/1037/1277 1360/1028/1277 894/479/1277
f 1354/1033/1278 1353/1029/1278 890/483/1278 891/491/1278
f 1347/1034/1279 1346/1031/1279 886/487/1279 1361/493/1279
f 1355/1035/1280 1354/1033/1280 891/491/1280 1364/495/1280
f 1348/1019/1281 1347/1034/1281 1361/493/1281 887/497/1281
f 1356/1021/1282 1355/1035/1282 1364/495/1282 892/499/1282
f 1349/1020/1283 1348/1019/1283 887/497/1283 888/501/1283
f 1357/1022/1284 1356/1021/1284 892/499/1284 1365/503/1284
f 1350/1023/1285 1349/1020/1285 888/501/1285 1362/505/1285
f 1358/1024/1286 1357/1022/1286 1365/503/1286 893/507/1286
f 1351/1025/1287 1350/1023/1287 1362/505/1287 889/509/1287
f 1359/1026/1288 1358/1024/1288 893/507/1288 1366/480/1288
f 1352/1027/1289 1351/1025/1289 889/509/1289 1363/484/1289
f 1360/1028/1290 1359/1026/1290 1366/480/1290 894/479/1290
o Sphere.001
v -0.170000 0.124000 0.085000
v -0.170000 0.123923 0.084220
v -0.170000 0.123326 0.082778
v -0.170000 0.122828 0.082172
v -0.170000 0.121531 0.081304
v -0.170000 0.120000 0.081000
v -0.170000 0.119220 0.081077
v -0.170000 0.117778 0.081674
v -0.170000 0.116674 0.082778
v -0.170000 0.116077 0.084220
v -0.170000 0.116000 0.085000
v -0.169848 0.123923 0.084235
v -0.169701 0.123696 0.083499
v -0.169566 0.123326 0.082820
v -0.169448 0.122828 0.082226
v -0.169351 0.122222 0.081738
v -0.169279 0.121531 0.081375
v -0.169235 0.120780 0.081152
v -0.169220 0.120000 0.081077
v -0.169235 0.119220 0.081152
v -0.169279 0.118469 0.081375
v -0.169351 0.117778 0.081738
v -0.169448 0.117172 0.082226
v -0.169566 0.116674 0.082820
v -0.169701 0.116304 0.083499
v -0.169848 0.116077 0.084235
v -0.169701 0.123923 0.084279
v -0.169414 0.123696 0.083586
v -0.169150 0.123326 0.082947
v -0.168918 0.122828 0.082387
v -0.168727 0.122222 0.081927
v -0.168586 0.121531 0.081586
v -0.168499 0.120780 0.081375
v -0.168469 0.120000 0.081304
v -0.168499 0.119220 0.081375
v -0.168586 0.118469 0.081586
v -0.168727 0.117778 0.081927
v -0.168918 0.117172 0.082387
v -0.169150 0.116674 0.082947
v -0.169414 0.116304 0.083586
v -0.169701 0.116077 0.084279
v -0.169566 0.123923 0.084351
v -0.169150 0.123696 0.083727
v -0.168765 0.123326 0.083152
v -0.168429 0.122828 0.082648
v -0.168152 0.122222 0.082235
v -0.167947 0.121531 0.081927
v -0.167820 0.120780 0.081738
v -0.167778 0.120000 0.081674
v -0.167820 0.119220 0.081738
v -0.167947 0.118469 0.081927
v -0.168152 0.117778 0.082235
v -0.168429 0.117172 0.082648
v -0.168765 0.116674 0.083152
v -0.169150 0.116304 0.083727
v -0.169566 0.116077 0.084351
v -0.169448 0.123923 0.084448
v -0.168918 0.123696 0.083918
v -0.168429 0.123326 0.083429
v -0.168000 0.122828 0.083000
v -0.167648 0.122222 0.082648
v -0.167387 0.121531 0.082387
v -0.167226 0.120780 0.082226
v -0.167172 0.120000 0.082172
v -0.167226 0.119220 0.082226
v -0.167387 0.118469 0.082387
v -0.167648 0.117778 0.082648
v -0.168000 0.117172 0.083000
v -0.168429 0.116674 0.083429
v -0.168918 0.116304 0.083918
v -0.169448 0.116077 0.084448
v -0.169351 0.123923 0.084566
v -0.168727 0.123696 0.084150
v -0.168152 0.123326 0.083765
v -0.167648 0.122828 0.083429
v -0.167235 0.122222 0.083152
v -0.166927 0.121531 0.082947
v -0.166738 0.120780 0.082820
v -0.166674 0.120000 0.082778
v -0.166738 0.119220 0.082820
v -0.166927 0.118469 0.082947
v -0.167235 0.117778 0.083152
v -0.167648 0.117172 0.083429
v -0.168152 0.116674 0.083765
v -0.168727 0.116304 0.084150
v -0.169351 0.116077 0.084566
v -0.169279 0.123923 0.084701
v -0.168586 0.123696 0.084414
v -0.167947 0.123326 0.084150
v -0.167387 0.122828 0.083918
v -0.166927 0.122222 0.083727
v -0.166586 0.121531 0.083586
v -0.166375 0.120780 0.083499
v -0.166304 0.120000 0.083469
v -0.166375 0.119220 0.083499
v -0.166586 0.118469 0.083586
v -0.166927 0.117778 0.083727
v -0.167387 0.117172 0.083918
v -0.167947 0.116674 0.084150
v -0.168586 0.116304 0.084414
v -0.169279 0.116077 0.084701
v -0.169235 0.123923 0.084848
v -0.168499 0.123696 0.084701
v -0.167820 0.123326 0.084566
v -0.167226 0.122828 0.084448
v -0.166738 0.122222 0.084351
v -0.166375 0.121531 0.084279
v -0.166152 0.120780 0.084235
v -0.166077 0.120000 0.084220
v -0.166152 0.119220 0.084235
v -0.166375 0.118469 0.084279
v -0.166738 0.117778 0.084351
v -0.167226 0.117172 0.084448
v -0.167820 0.116674 0.084566
v -0.168499 0.116304 0.084701
v -0.169235 0.116077 0.084848
v -0.169220 0.123923 0.085000
v -0.168469 0.123696 0.085000
v -0.167778 0.123326 0.085000
v -0.167172 0.122828 0.085000
v -0.166674 0.122222 0.085000
v -0.166304 0.121531 0.085000
v -0.166077 0.120780 0.085000
v -0.166000 0.120000 0.085000
v -0.166077 0.119220 0.085000
v -0.166304 0.118469 0.085000
v -0.166674 0.117778 0.085000
v -0.167172 0.117172 0.085000
v -0.167778 0.116674 0.085000
v -0.168469 0.116304 0.085000
v -0.169220 0.116077 0.085000
v -0.169235 0.123923 0.085152
v -0.168499 0.123696 0.085299
v -0.167820 0.123326 0.085434
v -0.167226 0.122828 0.085552
v -0.166738 0.122222 0.085649
v -0.166375 0.121531 0.085721
v -0.166152 0.120780 0.085765
v -0.166077 0.120000 0.085780
v -0.166152 0.119220 0.085765
v -0.166375 0.118469 0.085721
v -0.166738 0.117778 0.085649
v -0.167226 0.117172 0.085552
v -0.167820 0.116674 0.085434
v -0.168499 0.116304 0.085299
v -0.169235 0.116077 0.085152
v -0.169279 0.123923 0.085299
v -0.168586 0.123696 0.085586
v -0.167947 0.123326 0.085850
v -0.167387 0.122828 0.086082
v -0.166927 0.122222 0.086273
v -0.166586 0.121531 0.086414
v -0.166375 0.120780 0.086501
v -0.166304 0.120000 0.086531
v -0.166375 0.119220 0.086501
v -0.166586 0.118469 0.086414
v -0.166927 0.117778 0.086273
v -0.167387 0.117172 0.086082
v -0.167947 0.116674 0.085850
v -0.168586 0.116304 0.085586
v -0.169279 0.116077 0.085299
v -0.169351 0.123923 0.085434
v -0.168727 0.123696 0.085850
v -0.168152 0.123326 0.086235
v -0.167648 0.122828 0.086571
v -0.167235 0.122222 0.086848
v -0.166927 0.121531 0.087053
v -0.166738 0.120780 0.087180
v -0.166674 0.120000 0.087222
v -0.166738 0.119220 0.087180
v -0.166927 0.118469 0.087053
v -0.167235 0.117778 0.086848
v -0.167648 0.117172 0.086571
v -0.168152 0.116674 0.086235
v -0.168727 0.116304 0.085850
v -0.169351 0.116077 0.085434
v -0.169448 0.123923 0.085552
v -0.168918 0.123696 0.086082
v -0.168429 0.123326 0.086571
v -0.168000 0.122828 0.087000
v -0.167648 0.122222 0.087352
v -0.167387 0.121531 0.087613
v -0.167226 0.120780 0.087774
v -0.167172 0.120000 0.087828
v -0.167226 0.119220 0.087774
v -0.167387 0.118469 0.087613
v -0.167648 0.117778 0.087352
v -0.168000 0.117172 0.087000
v -0.168429 0.116674 0.086571
v -0.168918 0.116304 0.086082
v -0.169448 0.116077 0.085552
v -0.169566 0.123923 0.085649
v -0.169150 0.123696 0.086273
v -0.168765 0.123326 0.086848
v -0.168429 0.122828 0.087352
v -0.168152 0.122222 0.087765
v -0.167947 0.121531 0.088073
v -0.167820 0.120780 0.088262
v -0.167778 0.120000 0.088326
v -0.167820 0.119220 0.088262
v -0.167947 0.118469 0.088073
v -0.168152 0.117778 0.087765
v -0.168429 0.117172 0.087352
v -0.168765 0.116674 0.086848
v -0.169150 0.116304 0.086273
v -0.169566 0.116077 0.085649
v -0.169701 0.123923 0.085721
v -0.169414 0.123696 0.086414
v -0.169150 0.123326 0.087053
v -0.168918 0.122828 0.087613
v -0.168727 0.122222 0.088073
v -0.168586 0.121531 0.088414
v -0.168499 0.120780 0.088625
v -0.168469 0.120000 0.088696
v -0.168499 0.119220 0.088625
v -0.168586 0.118469 0.088414
v -0.168727 0.117778 0.088073
v -0.168918 0.117172 0.087613
v -0.169150 0.116674 0.087053
v -0.169414 0.116304 0.086414
v -0.169701 0.116077 0.085721
v -0.169848 0.123923 0.085765
v -0.169701 0.123696 0.086501
v -0.169566 0.123326 0.087180
v -0.169448 0.122828 0.087774
v -0.169351 0.122222 0.088262
v -0.169279 0.121531 0.088625
v -0.169235 0.120780 0.088848
v -0.169220 0.120000 0.088923
v -0.169235 0.119220 0.088848
v -0.169279 0.118469 0.088625
v -0.169351 0.117778 0.088262
v -0.169448 0.117172 0.087774
v -0.169566 0.116674 0.087180
v -0.169701 0.116304 0.086501
v -0.169848 0.116077 0.085765
v -0.170000 0.123923 0.085780
v -0.170000 0.123696 0.086531
v -0.170000 0.123326 0.087222
v -0.170000 0.122828 0.087828
v -0.170000 0.122222 0.088326
v -0.170000 0.121531 0.088696
v -0.170000 0.120780 0.088923
v -0.170000 0.120000 0.089000
v -0.170000 0.119220 0.088923
v -0.170000 0.118469 0.088696
v -0.170000 0.117778 0.088326
v -0.170000 0.117172 0.087828
v -0.170000 0.116674 0.087222
v -0.170000 0.116304 0.086531
v -0.170000 0.116077 0.085780
v -0.170152 0.123923 0.085765
v -0.170299 0.123696 0.086501
v -0.170434 0.123326 0.087180
v -0.170552 0.122828 0.087774
v -0.170649 0.122222 0.088262
v -0.170721 0.121531 0.088625
v -0.170765 0.120780 0.088848
v -0.170780 0.120000 0.088923
v -0.170765 0.119220 0.088848
v -0.170721 0.118469 0.088625
v -0.170649 0.117778 0.088262
v -0.170552 0.117172 0.087774
v -0.170434 0.116674 0.087180
v -0.170299 0.116304 0.086501
v -0.170152 0.116077 0.085765
v -0.170299 0.123923 0.085721
v -0.170586 0.123696 0.086414
v -0.170850 0.123326 0.087053
v -0.171082 0.122828 0.087613
v -0.171273 0.122222 0.088073
v -0.171414 0.121531 0.088414
v -0.171501 0.120780 0.088625
v -0.171531 0.120000 0.088696
v -0.171501 0.119220 0.088625
v -0.171414 0.118469 0.088414
v -0.171273 0.117778 0.088073
v -0.171082 0.117172 0.087613
v -0.170850 0.116674 0.087053
v -0.170586 0.116304 0.086414
v -0.170299 0.116077 0.085721
v -0.170434 0.123923 0.085649
v -0.170850 0.123696 0.086273
v -0.171235 0.123326 0.086848
v -0.171571 0.122828 0.087352
v -0.171848 0.122222 0.087765
v -0.172053 0.121531 0.088073
v -0.172180 0.120780 0.088262
v -0.172222 0.120000 0.088326
v -0.172180 0.119220 0.088262
v -0.172053 0.118469 0.088073
v -0.171848 0.117778 0.087765
v -0.171571 0.117172 0.087352
v -0.171235 0.116674 0.086848
v -0.170850 0.116304 0.086273
v -0.170434 0.116077 0.085649
v -0.170552 0.123923 0.085552
v -0.171082 0.123696 0.086082
v -0.171571 0.123326 0.086571
v -0.172000 0.122828 0.087000
v -0.172352 0.122222 0.087352
v -0.172613 0.121531 0.087613
v -0.172774 0.120780 0.087774
v -0.172828 0.120000 0.087828
v -0.172774 0.119220 0.087774
v -0.172613 0.118469 0.087613
v -0.172352 0.117778 0.087352
v -0.172000 0.117172 0.087000
v -0.171571 0.116674 0.086571
v -0.171082 0.116304 0.086082
v -0.170552 0.116077 0.085552
v -0.170649 0.123923 0.085434
v -0.171273 0.123696 0.085850
v -0.171848 0.123326 0.086235
v -0.172352 0.122828 0.086571
v -0.172765 0.122222 0.086848
v -0.173073 0.121531 0.087053
v -0.173262 0.120780 0.087180
v -0.173326 0.120000 0.087222
v -0.173262 0.119220 0.087180
v -0.173073 0.118469 0.087053
v -0.172765 0.117778 0.086848
v -0.172352 0.117172 0.086571
v -0.171848 0.116674 0.086235
v -0.171273 0.116304 0.085850
v -0.170649 0.116077 0.085434
v -0.170721 0.123923 0.085299
v -0.171414 0.123696 0.085586
v -0.172053 0.123326 0.085850
v -0.172613 0.122828 0.086082
v -0.173073 0.122222 0.086273
v -0.173414 0.121531 0.086414
v -0.173625 0.120780 0.086501
v -0.173696 0.120000 0.086531
v -0.173625 0.119220 0.086501
v -0.173414 0.118469 0.086414
v -0.173073 0.117778 0.086273
v -0.172613 0.117172 0.086082
v -0.172053 0.116674 0.085850
v -0.171414 0.116304 0.085586
v -0.170721 0.116077 0.085299
v -0.170765 0.123923 0.085152
v -0.171501 0.123696 0.085299
v -0.172180 0.123326 0.085434
v -0.172774 0.122828 0.085552
v -0.173262 0.122222 0.085649
v -0.173625 0.121531 0.085721
v -0.173848 0.120780 0.085765
v -0.173923 0.120000 0.085780
v -0.173848 0.119220 0.085765
v -0.173625 0.118469 0.085721
v -0.173262 0.117778 0.085649
v -0.172774 0.117172 0.085552
v -0.172180 0.116674 0.085434
v -0.171501 0.116304 0.085299
v -0.170765 0.116077 0.085152
v -0.170780 0.123923 0.085000
v -0.171531 0.123696 0.085000
v -0.172222 0.123326 0.085000
v -0.172828 0.122828 0.085000
v -0.173326 0.122222 0.085000
v -0.173696 0.121531 0.085000
v -0.173923 0.120780 0.085000
v -0.174000 0.120000 0.085000
v -0.173923 0.119220 0.085000
v -0.173696 0.118469 0.085000
v -0.173326 0.117778 0.085000
v -0.172828 0.117172 0.085000
v -0.172222 0.116674 0.085000
v -0.171531 0.116304 0.085000
v -0.170780 0.116077 0.085000
v -0.170765 0.123923 0.084848
v -0.171501 0.123696 0.084701
v -0.172180 0.123326 0.084566
v -0.172774 0.122828 0.084448
v -0.173262 0.122222 0.084351
v -0.173625 0.121531 0.084279
v -0.173848 0.120780 0.084235
v -0.173923 0.120000 0.084220
v -0.173848 0.119220 0.084235
v -0.173625 0.118469 0.084279
v -0.173262 0.117778 0.084351
v -0.172774 0.117172 0.084448
v -0.172180 0.116674 0.084566
v -0.171501 0.116304 0.084701
v -0.170765 0.116077 0.084848
v -0.170721 0.123923 0.084701
v -0.171414 0.123696 0.084414
v -0.172053 0.123326 0.084150
v -0.172613 0.122828 0.083918
v -0.173073 0.122222 0.083727
v -0.173414 0.121531 0.083586
v -0.173625 0.120780 0.083499
v -0.173696 0.120000 0.083469
v -0.173625 0.119220 0.083499
v -0.173414 0.118469 0.083586
v -0.173073 0.117778 0.083727
v -0.172613 0.117172 0.083918
v -0.172053 0.116674 0.084150
v -0.171414 0.116304 0.084414
v -0.170721 0.116077 0.084701
v -0.170649 0.123923 0.084566
v -0.171273 0.123696 0.084150
v -0.171848 0.123326 0.083765
v -0.172352 0.122828 0.083429
v -0.172765 0.122222 0.083152
v -0.173073 0.121531 0.082947
v -0.173262 0.120780 0.082820
v -0.173326 0.120000 0.082778
v -0.173262 0.119220 0.082820
v -0.173073 0.118469 0.082947
v -0.172765 0.117778 0.083152
v -0.172352 0.117172 0.083429
v -0.171848 0.116674 0.083765
v -0.171273 0.116304 0.084150
v -0.170649 0.116077 0.084566
v -0.170552 0.123923 0.084448
v -0.171082 0.123696 0.083918
v -0.171571 0.123326 0.083429
v -0.172000 0.122828 0.083000
v -0.172352 0.122222 0.082648
v -0.172613 0.121531 0.082387
v -0.172774 0.120780 0.082226
v -0.172828 0.120000 0.082172
v -0.172774 0.119220 0.082226
v -0.172613 0.118469 0.082387
v -0.172352 0.117778 0.082648
v -0.172000 0.117172 0.083000
v -0.171571 0.116674 0.083429
v -0.171082 0.116304 0.083918
v -0.170552 0.116077 0.084448
v -0.170434 0.123923 0.084351
v -0.170850 0.123696 0.083727
v -0.171235 0.123326 0.083152
v -0.171571 0.122828 0.082648
v -0.171848 0.122222 0.082235
v -0.172053 0.121531 0.081927
v -0.172180 0.120780 0.081738
v -0.172222 0.120000 0.081674
v -0.172180 0.119220 0.081738
v -0.172053 0.118469 0.081927
v -0.171848 0.117778 0.082235
v -0.171571 0.117172 0.082648
v -0.171235 0.116674 0.083152
v -0.170850 0.116304 0.083727
v -0.170434 0.116077 0.084351
v -0.170299 0.123923 0.084279
v -0.170586 0.123696 0.083586
v -0.170850 0.123326 0.082947
v -0.171082 0.122828 0.082387
v -0.171273 0.122222 0.081927
v -0.171414 0.121531 0.081586
v -0.171501 0.120780 0.081375
v -0.171531 0.120000 0.081304
v -0.171501 0.119220 0.081375
v -0.171414 0.118469 0.081586
v -0.171273 0.117778 0.081927
v -0.171082 0.117172 0.082387
v -0.170850 0.116674 0.082947
v -0.170586 0.116304 0.083586
v -0.170299 0.116077 0.084279
v -0.170152 0.123923 0.084235
v -0.170299 0.123696 0.083499
v -0.170434 0.123326 0.082820
v -0.170552 0.122828 0.082226
v -0.170649 0.122222 0.081738
v -0.170721 0.121531 0.081375
v -0.170765 0.120780 0.081152
v -0.170780 0.120000 0.081077
v -0.170765 0.119220 0.081152
v -0.170721 0.118469 0.081375
v -0.170649 0.117778 0.081738
v -0.170552 0.117172 0.082226
v -0.170434 0.116674 0.082820
v -0.170299 0.116304 0.083499
v -0.170152 0.116077 0.084235
v -0.170000 0.123696 0.083469
v -0.170000 0.122222 0.081674
v -0.170000 0.120780 0.081077
v -0.170000 0.118469 0.081304
v -0.170000 0.117172 0.082172
v -0.170000 0.116304 0.083469
vn 0.0975 0.0976 -0.9904
vn 0.0097 0.9951 -0.0980
vn 0.0097 -0.9951 -0.0980
vn 0.0975 -0.0975 -0.9904
vn 0.0286 0.9565 -0.2902
vn 0.0938 -0.2890 -0.9527
vn 0.0464 0.8810 -0.4709
vn 0.0865 -0.4696 -0.8786
vn 0.0624 0.7715 -0.6332
vn 0.0759 -0.6326 -0.7708
vn 0.0759 0.6326 -0.7708
vn 0.0624 -0.7715 -0.6332
vn 0.0865 0.4696 -0.8786
vn 0.0464 -0.8810 -0.4709
vn 0.0938 0.2890 -0.9527
vn 0.0286 -0.9565 -0.2902
vn 0.2779 0.2890 -0.9161
vn 0.0846 -0.9565 -0.2790
vn 0.2889 0.0975 -0.9524
vn 0.0286 0.9951 -0.0942
vn 0.0286 -0.9951 -0.0942
vn 0.2889 -0.0975 -0.9524
vn 0.0846 0.9565 -0.2790
vn 0.2779 -0.2890 -0.9161
vn 0.1374 0.8810 -0.4528
vn 0.2563 -0.4696 -0.8448
vn 0.1847 0.7715 -0.6088
vn 0.2248 -0.6326 -0.7412
vn 0.2248 0.6326 -0.7412
vn 0.1847 -0.7715 -0.6088
vn 0.2563 0.4696 -0.8448
vn 0.1374 -0.8810 -0.4528
vn 0.4162 -0.4696 -0.7786
vn 0.2999 0.7715 -0.5611
vn 0.3651 -0.6326 -0.6831
vn 0.3651 0.6326 -0.6831
vn 0.2999 -0.7715 -0.5611
vn 0.4162 0.4696 -0.7786
vn 0.2230 -0.8810 -0.4173
vn 0.4513 0.2890 -0.8443
vn 0.1374 -0.9565 -0.2571
vn 0.4691 0.0975 -0.8777
vn 0.0464 0.9951 -0.0869
vn 0.0464 -0.9951 -0.0869
vn 0.4691 -0.0975 -0.8777
vn 0.1374 0.9565 -0.2571
vn 0.4513 -0.2890 -0.8443
vn 0.2230 0.8810 -0.4173
vn 0.1850 -0.9565 -0.2254
vn 0.6314 0.0975 -0.7693
vn 0.0625 0.9951 -0.0761
vn 0.0625 -0.9951 -0.0761
vn 0.6314 -0.0975 -0.7693
vn 0.1850 0.9565 -0.2254
vn 0.6073 -0.2890 -0.7400
vn 0.3002 0.8810 -0.3658
vn 0.5601 -0.4696 -0.6825
vn 0.4036 0.7715 -0.4918
vn 0.4913 -0.6326 -0.5987
vn 0.4913 0.6326 -0.5987
vn 0.4036 -0.7715 -0.4918
vn 0.5601 0.4696 -0.6825
vn 0.3002 -0.8810 -0.3658
vn 0.6073 0.2890 -0.7400
vn 0.4918 0.7715 -0.4036
vn 0.5987 -0.6326 -0.4913
vn 0.5987 0.6326 -0.4913
vn 0.4918 -0.7715 -0.4036
vn 0.6825 0.4696 -0.5601
vn 0.3658 -0.8810 -0.3002
vn 0.7400 0.2890 -0.6073
vn 0.2254 -0.9565 -0.1850
vn 0.7693 0.0975 -0.6314
vn 0.0761 0.9951 -0.0625
vn 0.0761 -0.9951 -0.0625
vn 0.7693 -0.0975 -0.6314
vn 0.2254 0.9565 -0.1850
vn 0.7400 -0.2890 -0.6073
vn 0.3658 0.8810 -0.3002
vn 0.6825 -0.4696 -0.5601
vn 0.8777 0.0975 -0.4691
vn 0.0869 0.9951 -0.0464
vn 0.0869 -0.9951 -0.0464
vn 0.8777 -0.0975 -0.4691
vn 0.2571 0.9565 -0.1374
vn 0.8443 -0.2890 -0.4513
vn 0.4173 0.8810 -0.2230
vn 0.7786 -0.4696 -0.4162
vn 0.5611 0.7715 -0.2999
vn 0.6831 -0.6326 -0.3651
vn 0.6831 0.6326 -0.3651
vn 0.5611 -0.7715 -0.2999
vn 0.7786 0.4696 -0.4162
vn 0.4173 -0.8810 -0.2230
vn 0.8443 0.2890 -0.4513
vn 0.2571 -0.9565 -0.1374
vn 0.7412 -0.6326 -0.2248
vn 0.7412 0.6326 -0.2248
vn 0.6088 -0.7715 -0.1847
vn 0.8448 0.4696 -0.2563
vn 0.4528 -0.8810 -0.1374
vn 0.9161 0.2890 -0.2779
vn 0.2790 -0.9565 -0.0846
vn 0.9524 0.0975 -0.2889
vn 0.0942 0.9951 -0.0286
vn 0.0942 -0.9951 -0.0286
vn 0.9524 -0.0975 -0.2889
vn 0.2790 0.9565 -0.0846
vn 0.9161 -0.2890 -0.2779
vn 0.4528 0.8810 -0.1374
vn 0.8448 -0.4696 -0.2563
vn 0.6088 0.7715 -0.1847
vn 0.0980 -0.9951 -0.0097
vn 0.9904 -0.0976 -0.0975
vn 0.2902 0.9565 -0.0286
vn 0.9527 -0.2890 -0.0938
vn 0.4709 0.8810 -0.0464
vn 0.8786 -0.4696 -0.0865
vn 0.6332 0.7715 -0.0624
vn 0.7708 -0.6326 -0.0759
vn 0.7708 0.6326 -0.0759
vn 0.6332 -0.7715 -0.0624
vn 0.8786 0.4696 -0.0865
vn 0.4709 -0.8810 -0.0464
vn 0.9527 0.2890 -0.0938
vn 0.2902 -0.9565 -0.0286
vn 0.9904 0.0976 -0.0975
vn 0.0980 0.9951 -0.0097
vn 0.6332 -0.7715 0.0624
vn 0.8786 0.4696 0.0865
vn 0.4709 -0.8810 0.0464
vn 0.9527 0.2890 0.0938
vn 0.2902 -0.9565 0.0286
vn 0.9904 0.0976 0.0975
vn 0.0980 0.9951 0.0097
vn 0.0980 -0.9951 0.0097
vn 0.9904 -0.0976 0.0975
vn 0.2902 0.9565 0.0286
vn 0.9527 -0.2890 0.0938
vn 0.4709 0.8810 0.0464
vn 0.8786 -0.4696 0.0865
vn 0.6332 0.7715 0.0624
vn 0.7708 -0.6326 0.0759
vn 0.7708 0.6326 0.0759
vn 0.2790 0.9565 0.0846
vn 0.9161 -0.2890 0.2779
vn 0.4528 0.8810 0.1374
vn 0.8448 -0.4696 0.2563
vn 0.6088 0.7715 0.1847
vn 0.7412 -0.6326 0.2248
vn 0.7412 0.6326 0.2248
vn 0.6088 -0.7715 0.1847
vn 0.8448 0.4696 0.2563
vn 0.4528 -0.8810 0.1374
vn 0.9161 0.2890 0.2779
vn 0.2790 -0.9565 0.0846
vn 0.9524 0.0976 0.2889
vn 0.0942 0.9951 0.0286
vn 0.0942 -0.9951 0.0286
vn 0.9524 -0.0976 0.2889
vn 0.7786 0.4696 0.4162
vn 0.4173 -0.8810 0.2230
vn 0.8443 0.2890 0.4513
vn 0.2571 -0.9565 0.1374
vn 0.8777 0.0976 0.4691
vn 0.0869 0.9951 0.0464
vn 0.0869 -0.9951 0.0464
vn 0.8777 -0.0976 0.4691
vn 0.2571 0.9565 0.1374
vn 0.8443 -0.2890 0.4513
vn 0.4173 0.8810 0.2230
vn 0.7786 -0.4696 0.4162
vn 0.5611 0.7715 0.2999
vn 0.6831 -0.6326 0.3651
vn 0.6831 0.6326 0.3651
vn 0.5611 -0.7715 0.2999
vn 0.7400 -0.2890 0.6073
vn 0.3658 0.8810 0.3002
vn 0.6825 -0.4696 0.5601
vn 0.4918 0.7715 0.4036
vn 0.5987 -0.6326 0.4913
vn 0.5987 0.6326 0.4913
vn 0.4918 -0.7715 0.4036
vn 0.6825 0.4696 0.5601
vn 0.3658 -0.8810 0.3002
vn 0.7400 0.2890 0.6073
vn 0.2254 -0.9565 0.1850
vn 0.7693 0.0976 0.6314
vn 0.0761 0.9951 0.0625
vn 0.0761 -0.9951 0.0625
vn 0.7693 -0.0976 0.6314
vn 0.2254 0.9565 0.1850
vn 0.3002 -0.8810 0.3658
vn 0.6073 0.2890 0.7400
vn 0.1850 -0.9565 0.2254
vn 0.6314 0.0976 0.7693
vn 0.0625 0.9951 0.0761
vn 0.0625 -0.9951 0.0761
vn 0.6314 -0.0976 0.7693
vn 0.1850 0.9565 0.2254
vn 0.6073 -0.2890 0.7400
vn 0.3002 0.8810 0.3658
vn 0.5601 -0.4696 0.6825
vn 0.4036 0.7715 0.4918
vn 0.4913 -0.6326 0.5987
vn 0.4913 0.6326 0.5987
vn 0.4036 -0.7715 0.4918
vn 0.5601 0.4696 0.6825
vn 0.2231 0.8810 0.4173
vn 0.4162 -0.4696 0.7786
vn 0.2999 0.7715 0.5611
vn 0.3651 -0.6326 0.6831
vn 0.3651 0.6326 0.6831
vn 0.2999 -0.7715 0.5611
vn 0.4162 0.4696 0.7786
vn 0.2231 -0.8810 0.4173
vn 0.4513 0.2890 0.8443
vn 0.1374 -0.9565 0.2571
vn 0.4691 0.0976 0.8777
vn 0.0464 0.9951 0.0869
vn 0.0464 -0.9951 0.0869
vn 0.4691 -0.0976 0.8777
vn 0.1374 0.9565 0.2571
vn 0.4513 -0.2890 0.8443
vn 0.2779 0.2890 0.9161
vn 0.0846 -0.9565 0.2790
vn 0.2889 0.0975 0.9524
vn 0.0286 0.9951 0.0942
vn 0.0286 -0.9951 0.0942
vn 0.2889 -0.0976 0.9524
vn 0.0846 0.9565 0.2790
vn 0.2779 -0.2890 0.9161
vn 0.1374 0.8810 0.4528
vn 0.2563 -0.4696 0.8448
vn 0.1847 0.7715 0.6088
vn 0.2248 -0.6326 0.7412
vn 0.2248 0.6326 0.7412
vn 0.1847 -0.7715 0.6088
vn 0.2563 0.4696 0.8448
vn 0.1374 -0.8810 0.4528
vn 0.0865 -0.4696 0.8786
vn 0.0624 0.7715 0.6332
vn 0.0759 -0.6326 0.7708
vn 0.0759 0.6326 0.7708
vn 0.0624 -0.7715 0.6332
vn 0.0865 0.4696 0.8786
vn 0.0464 -0.8810 0.4709
vn 0.0938 0.2890 0.9527
vn 0.0286 -0.9565 0.2902
vn 0.0975 0.0975 0.9904
vn 0.0097 0.9951 0.0980
vn 0.0097 -0.9951 0.0980
vn 0.0975 -0.0975 0.9904
vn 0.0286 0.9565 0.2902
vn 0.0938 -0.2890 0.9527
vn 0.0464 0.8810 0.4709
vn -0.0286 -0.9565 0.2902
vn -0.0975 0.0975 0.9904
vn -0.0097 0.9951 0.0980
vn -0.0097 -0.9951 0.0980
vn -0.0975 -0.0975 0.9904
vn -0.0286 0.9565 0.2902
vn -0.0938 -0.2890 0.9527
vn -0.0464 0.8810 0.4709
vn -0.0865 -0.4696 0.8786
vn -0.0624 0.7715 0.6332
vn -0.0759 -0.6326 0.7708
vn -0.0759 0.6326 0.7708
vn -0.0624 -0.7715 0.6332
vn -0.0865 0.4696 0.8786
vn -0.0464 -0.8810 0.4709
vn -0.0938 0.2890 0.9527
vn -0.2248 -0.6326 0.7412
vn -0.2248 0.6326 0.7412
vn -0.1847 -0.7715 0.6088
vn -0.2563 0.4696 0.8448
vn -0.1374 -0.8810 0.4528
vn -0.2779 0.2890 0.9161
vn -0.0846 -0.9565 0.2790
vn -0.2889 0.0976 0.9524
vn -0.0286 0.9951 0.0942
vn -0.0286 -0.9951 0.0942
vn -0.2889 -0.0976 0.9524
vn -0.0846 0.9565 0.2790
vn -0.2779 -0.2890 0.9161
vn -0.1374 0.8810 0.4528
vn -0.2563 -0.4696 0.8448
vn -0.1847 0.7715 0.6088
vn -0.0464 0.9951 0.0869
vn -0.0464 -0.9951 0.0869
vn -0.4691 -0.0976 0.8777
vn -0.1374 0.9565 0.2571
vn -0.4513 -0.2890 0.8443
vn -0.2231 0.8810 0.4173
vn -0.4162 -0.4696 0.7786
vn -0.2999 0.7715 0.5611
vn -0.3651 -0.6326 0.6831
vn -0.3651 0.6326 0.6831
vn -0.2999 -0.7715 0.5611
vn -0.4162 0.4696 0.7786
vn -0.2231 -0.8810 0.4173
vn -0.4513 0.2890 0.8443
vn -0.1374 -0.9565 0.2571
vn -0.4691 0.0976 0.8777
vn -0.4913 0.6326 0.5987
vn -0.4036 -0.7715 0.4918
vn -0.5601 0.4696 0.6825
vn -0.3002 -0.8810 0.3658
vn -0.6073 0.2890 0.7400
vn -0.1850 -0.9565 0.2254
vn -0.6314 0.0976 0.7693
vn -0.0625 0.9951 0.0761
vn -0.0625 -0.9951 0.0761
vn -0.6314 -0.0976 0.7693
vn -0.1850 0.9565 0.2254
vn -0.6073 -0.2890 0.7400
vn -0.3002 0.8810 0.3658
vn -0.5601 -0.4696 0.6825
vn -0.4036 0.7715 0.4918
vn -0.4913 -0.6326 0.5987
vn -0.7693 -0.0976 0.6314
vn -0.2254 0.9565 0.1850
vn -0.7400 -0.2890 0.6073
vn -0.3658 0.8810 0.3002
vn -0.6825 -0.4696 0.5601
vn -0.4918 0.7715 0.4036
vn -0.5987 -0.6326 0.4913
vn -0.5987 0.6326 0.4913
vn -0.4918 -0.7715 0.4036
vn -0.6825 0.4696 0.5601
vn -0.3658 -0.8810 0.3002
vn -0.7400 0.2890 0.6073
vn -0.2254 -0.9565 0.1850
vn -0.7693 0.0976 0.6314
vn -0.0761 0.9951 0.0625
vn -0.0761 -0.9951 0.0625
vn -0.5611 -0.7715 0.2999
vn -0.7786 0.4696 0.4162
vn -0.4173 -0.8810 0.2230
vn -0.8443 0.2890 0.4513
vn -0.2571 -0.9565 0.1374
vn -0.8777 0.0976 0.4691
vn -0.0869 0.9951 0.0464
vn -0.0869 -0.9951 0.0464
vn -0.8777 -0.0976 0.4691
vn -0.2571 0.9565 0.1374
vn -0.8443 -0.2890 0.4513
vn -0.4173 0.8810 0.2230
vn -0.7786 -0.4696 0.4162
vn -0.5611 0.7715 0.2999
vn -0.6831 -0.6326 0.3651
vn -0.6831 0.6326 0.3651
vn -0.2790 0.9565 0.0846
vn -0.9161 -0.2890 0.2779
vn -0.4528 0.8810 0.1374
vn -0.8448 -0.4696 0.2563
vn -0.6088 0.7715 0.1847
vn -0.7412 -0.6326 0.2248
vn -0.7412 0.6326 0.2248
vn -0.6088 -0.7715 0.1847
vn -0.8448 0.4696 0.2563
vn -0.4528 -0.8810 0.1374
vn -0.9161 0.2890 0.2779
vn -0.2790 -0.9565 0.0846
vn -0.9524 0.0976 0.2889
vn -0.0942 0.9951 0.0286
vn -0.0942 -0.9951 0.0286
vn -0.9524 -0.0976 0.2889
vn -0.8786 0.4696 0.0865
vn -0.4709 -0.8810 0.0464
vn -0.9527 0.2890 0.0938
vn -0.2902 -0.9565 0.0286
vn -0.9904 0.0976 0.0975
vn -0.0980 0.9951 0.0097
vn -0.0980 -0.9951 0.0097
vn -0.9904 -0.0976 0.0975
vn -0.2902 0.9565 0.0286
vn -0.9527 -0.2890 0.0938
vn -0.4709 0.8810 0.0464
vn -0.8786 -0.4696 0.0865
vn -0.6332 0.7715 0.0624
vn -0.7708 -0.6326 0.0759
vn -0.7708 0.6326 0.0759
vn -0.6332 -0.7715 0.0624
vn -0.9527 -0.2890 -0.0938
vn -0.4709 0.8810 -0.0464
vn -0.8786 -0.4696 -0.0865
vn -0.6332 0.7715 -0.0624
vn -0.7708 -0.6326 -0.0759
vn -0.7708 0.6326 -0.0759
vn -0.6332 -0.7715 -0.0624
vn -0.8786 0.4696 -0.0865
vn -0.4709 -0.8810 -0.0464
vn -0.9527 0.2890 -0.0938
vn -0.2902 -0.9565 -0.0286
vn -0.9904 0.0976 -0.0976
vn -0.0980 0.9951 -0.0097
vn -0.0980 -0.9951 -0.0097
vn -0.9904 -0.0976 -0.0976
vn -0.2902 0.9565 -0.0286
vn -0.4528 -0.8810 -0.1374
vn -0.9161 0.2890 -0.2779
vn -0.2790 -0.9565 -0.0846
vn -0.9524 0.0976 -0.2889
vn -0.0942 0.9951 -0.0286
vn -0.0942 -0.9951 -0.0286
vn -0.9524 -0.0976 -0.2889
vn -0.2790 0.9565 -0.0846
vn -0.9161 -0.2890 -0.2779
vn -0.4528 0.8810 -0.1374
vn -0.8448 -0.4696 -0.2563
vn -0.6088 0.7715 -0.1847
vn -0.7412 -0.6326 -0.2248
vn -0.7412 0.6326 -0.2248
vn -0.6088 -0.7715 -0.1847
vn -0.8448 0.4696 -0.2563
vn -0.7786 -0.4696 -0.4162
vn -0.5611 0.7715 -0.2999
vn -0.6831 -0.6326 -0.3651
vn -0.6831 0.6326 -0.3651
vn -0.5611 -0.7715 -0.2999
vn -0.7786 0.4696 -0.4162
vn -0.4173 -0.8810 -0.2230
vn -0.8443 0.2890 -0.4513
vn -0.2571 -0.9565 -0.1374
vn -0.8777 0.0976 -0.4691
vn -0.0869 0.9951 -0.0464
vn -0.0869 -0.9951 -0.0464
vn -0.8777 -0.0976 -0.4691
vn -0.2571 0.9565 -0.1374
vn -0.8443 -0.2890 -0.4513
vn -0.4173 0.8810 -0.2230
vn -0.2254 -0.9565 -0.1850
vn -0.7693 0.0976 -0.6314
vn -0.0761 0.9951 -0.0625
vn -0.0761 -0.9951 -0.0625
vn -0.7693 -0.0976 -0.6314
vn -0.2254 0.9565 -0.1850
vn -0.7400 -0.2890 -0.6073
vn -0.3658 0.8810 -0.3002
vn -0.6825 -0.4696 -0.5601
vn -0.4918 0.7715 -0.4036
vn -0.5987 -0.6326 -0.4913
vn -0.5987 0.6326 -0.4913
vn -0.4918 -0.7715 -0.4036
vn -0.6825 0.4696 -0.5601
vn -0.3658 -0.8810 -0.3002
vn -0.7400 0.2890 -0.6073
vn -0.4036 0.7715 -0.4918
vn -0.4913 -0.6326 -0.5987
vn -0.4913 0.6326 -0.5987
vn -0.4036 -0.7715 -0.4918
vn -0.5601 0.4696 -0.6825
vn -0.3002 -0.8810 -0.3658
vn -0.6073 0.2890 -0.7400
vn -0.1850 -0.9565 -0.2254
vn -0.6314 0.0976 -0.7693
vn -0.0625 0.9951 -0.0761
vn -0.0625 -0.9951 -0.0761
vn -0.6314 -0.0976 -0.7693
vn -0.1850 0.9565 -0.2254
vn -0.6073 -0.2890 -0.7400
vn -0.3002 0.8810 -0.3658
vn -0.5601 -0.4696 -0.6825
vn -0.4691 0.0976 -0.8777
vn -0.0464 0.9951 -0.0869
vn -0.0464 -0.9951 -0.0869
vn -0.4691 -0.0976 -0.8777
vn -0.1374 0.9565 -0.2571
vn -0.4513 -0.2890 -0.8443
vn -0.2230 0.8810 -0.4173
vn -0.4162 -0.4696 -0.7786
vn -0.2999 0.7715 -0.5611
vn -0.3651 -0.6326 -0.6831
vn -0.3651 0.6326 -0.6831
vn -0.2999 -0.7715 -0.5611
vn -0.4162 0.4696 -0.7786
vn -0.2230 -0.8810 -0.4173
vn -0.4513 0.2890 -0.8443
vn -0.1374 -0.9565 -0.2571
vn -0.2248 -0.6326 -0.7412
vn -0.2248 0.6326 -0.7412
vn -0.1847 -0.7715 -0.6088
vn -0.2563 0.4696 -0.8448
vn -0.1374 -0.8810 -0.4528
vn -0.2779 0.2890 -0.9161
vn -0.0846 -0.9565 -0.2790
vn -0.2889 0.0976 -0.9524
vn -0.0286 0.9951 -0.0942
vn -0.0286 -0.9951 -0.0942
vn -0.2889 -0.0976 -0.9524
vn -0.0846 0.9565 -0.2790
vn -0.2779 -0.2890 -0.9161
vn -0.1374 0.8810 -0.4528
vn -0.2563 -0.4696 -0.8448
vn -0.1847 0.7715 -0.6088
vn -0.0097 0.9951 -0.0980
vn -0.0097 -0.9951 -0.0980
vn -0.0976 -0.0976 -0.9904
vn -0.0286 0.9565 -0.2902
vn -0.0938 -0.2890 -0.9527
vn -0.0464 0.8810 -0.4709
vn -0.0865 -0.4696 -0.8786
vn -0.0624 0.7715 -0.6332
vn -0.0759 -0.6326 -0.7708
vn -0.0759 0.6326 -0.7708
vn -0.0624 -0.7715 -0.6332
vn -0.0865 0.4696 -0.8786
vn -0.0464 -0.8810 -0.4709
vn -0.0938 0.2890 -0.9527
vn -0.0286 -0.9565 -0.2902
vn -0.0976 0.0976 -0.9904
vt 0.750000 0.500000
vt 0.750000 0.562500
vt 0.718750 0.562500
vt 0.718750 0.500000
vt 0.750000 0.937500
vt 0.734375 1.000000
vt 0.718750 0.937500
vt 0.734375 0.000000
vt 0.750000 0.062500
vt 0.718750 0.062500
vt 0.750000 0.437500
vt 0.718750 0.437500
vt 0.750000 0.875000
vt 0.718750 0.875000
vt 0.750000 0.375000
vt 0.718750 0.375000
vt 0.750000 0.812500
vt 0.718750 0.812500
vt 0.750000 0.312500
vt 0.718750 0.312500
vt 0.750000 0.750000
vt 0.718750 0.750000
vt 0.750000 0.250000
vt 0.718750 0.250000
vt 0.750000 0.687500
vt 0.718750 0.687500
vt 0.750000 0.187500
vt 0.718750 0.187500
vt 0.750000 0.625000
vt 0.718750 0.625000
vt 0.750000 0.125000
vt 0.718750 0.125000
vt 0.687500 0.625000
vt 0.687500 0.562500
vt 0.687500 0.125000
vt 0.687500 0.062500
vt 0.687500 0.500000
vt 0.703125 1.000000
vt 0.687500 0.937500
vt 0.703125 0.000000
vt 0.687500 0.437500
vt 0.687500 0.875000
vt 0.687500 0.375000
vt 0.687500 0.812500
vt 0.687500 0.312500
vt 0.687500 0.750000
vt 0.687500 0.250000
vt 0.687500 0.687500
vt 0.687500 0.187500
vt 0.656250 0.375000
vt 0.656250 0.312500
vt 0.656250 0.812500
vt 0.656250 0.750000
vt 0.656250 0.250000
vt 0.656250 0.687500
vt 0.656250 0.187500
vt 0.656250 0.625000
vt 0.656250 0.125000
vt 0.656250 0.562500
vt 0.656250 0.062500
vt 0.656250 0.500000
vt 0.671875 1.000000
vt 0.656250 0.937500
vt 0.671875 0.000000
vt 0.656250 0.437500
vt 0.656250 0.875000
vt 0.625000 0.125000
vt 0.625000 0.062500
vt 0.625000 0.562500
vt 0.625000 0.500000
vt 0.640625 1.000000
vt 0.625000 0.937500
vt 0.640625 0.000000
vt 0.625000 0.437500
vt 0.625000 0.875000
vt 0.625000 0.375000
vt 0.625000 0.812500
vt 0.625000 0.312500
vt 0.625000 0.750000
vt 0.625000 0.250000
vt 0.625000 0.687500
vt 0.625000 0.187500
vt 0.625000 0.625000
vt 0.593750 0.812500
vt 0.593750 0.750000
vt 0.593750 0.312500
vt 0.593750 0.250000
vt 0.593750 0.687500
vt 0.593750 0.187500
vt 0.593750 0.625000
vt 0.593750 0.125000
vt 0.593750 0.562500
vt 0.593750 0.062500
vt 0.593750 0.500000
vt 0.609375 1.000000
vt 0.593750 0.937500
vt 0.609375 0.000000
vt 0.593750 0.437500
vt 0.593750 0.875000
vt 0.593750 0.375000
vt 0.562500 0.562500
vt 0.562500 0.500000
vt 0.578125 1.000000
vt 0.562500 0.937500
vt 0.578125 0.000000
vt 0.562500 0.062500
vt 0.562500 0.437500
vt 0.562500 0.875000
vt 0.562500 0.375000
vt 0.562500 0.812500
vt 0.562500 0.312500
vt 0.562500 0.750000
vt 0.562500 0.250000
vt 0.562500 0.687500
vt 0.562500 0.187500
vt 0.562500 0.625000
vt 0.562500 0.125000
vt 0.531250 0.312500
vt 0.531250 0.250000
vt 0.531250 0.750000
vt 0.531250 0.687500
vt 0.531250 0.187500
vt 0.531250 0.625000
vt 0.531250 0.125000
vt 0.531250 0.562500
vt 0.531250 0.062500
vt 0.531250 0.500000
vt 0.546875 1.000000
vt 0.531250 0.937500
vt 0.546875 0.000000
vt 0.531250 0.437500
vt 0.531250 0.875000
vt 0.531250 0.375000
vt 0.531250 0.812500
vt 0.515625 0.000000
vt 0.500000 0.062500
vt 0.500000 0.500000
vt 0.500000 0.437500
vt 0.500000 0.937500
vt 0.500000 0.875000
vt 0.500000 0.375000
vt 0.500000 0.812500
vt 0.500000 0.312500
vt 0.500000 0.750000
vt 0.500000 0.250000
vt 0.500000 0.687500
vt 0.500000 0.187500
vt 0.500000 0.625000
vt 0.500000 0.125000
vt 0.500000 0.562500
vt 0.515625 1.000000
vt 0.468750 0.250000
vt 0.468750 0.187500
vt 0.468750 0.687500
vt 0.468750 0.625000
vt 0.468750 0.125000
vt 0.468750 0.562500
vt 0.468750 0.062500
vt 0.468750 0.500000
vt 0.484375 1.000000
vt 0.468750 0.937500
vt 0.484375 0.000000
vt 0.468750 0.437500
vt 0.468750 0.875000
vt 0.468750 0.375000
vt 0.468750 0.812500
vt 0.468750 0.312500
vt 0.468750 0.750000
vt 0.437500 0.937500
vt 0.437500 0.875000
vt 0.437500 0.437500
vt 0.437500 0.375000
vt 0.437500 0.812500
vt 0.437500 0.312500
vt 0.437500 0.750000
vt 0.437500 0.250000
vt 0.437500 0.687500
vt 0.437500 0.187500
vt 0.437500 0.625000
vt 0.437500 0.125000
vt 0.437500 0.562500
vt 0.437500 0.062500
vt 0.437500 0.500000
vt 0.453125 1.000000
vt 0.453125 0.000000
vt 0.406250 0.687500
vt 0.406250 0.625000
vt 0.406250 0.187500
vt 0.406250 0.125000
vt 0.406250 0.562500
vt 0.406250 0.062500
vt 0.406250 0.500000
vt 0.421875 1.000000
vt 0.406250 0.937500
vt 0.421875 0.000000
vt 0.406250 0.437500
vt 0.406250 0.875000
vt 0.406250 0.375000
vt 0.406250 0.812500
vt 0.406250 0.312500
vt 0.406250 0.750000
vt 0.406250 0.250000
vt 0.375000 0.437500
vt 0.375000 0.375000
vt 0.375000 0.875000
vt 0.375000 0.812500
vt 0.375000 0.312500
vt 0.375000 0.750000
vt 0.375000 0.250000
vt 0.375000 0.687500
vt 0.375000 0.187500
vt 0.375000 0.625000
vt 0.375000 0.125000
vt 0.375000 0.562500
vt 0.375000 0.062500
vt 0.375000 0.500000
vt 0.390625 1.000000
vt 0.375000 0.937500
vt 0.390625 0.000000
vt 0.343750 0.187500
vt 0.343750 0.125000
vt 0.343750 0.625000
vt 0.343750 0.562500
vt 0.343750 0.062500
vt 0.343750 0.500000
vt 0.359375 1.000000
vt 0.343750 0.937500
vt 0.359375 0.000000
vt 0.343750 0.437500
vt 0.343750 0.875000
vt 0.343750 0.375000
vt 0.343750 0.812500
vt 0.343750 0.312500
vt 0.343750 0.750000
vt 0.343750 0.250000
vt 0.343750 0.687500
vt 0.312500 0.875000
vt 0.312500 0.812500
vt 0.312500 0.375000
vt 0.312500 0.312500
vt 0.312500 0.750000
vt 0.312500 0.250000
vt 0.312500 0.687500
vt 0.312500 0.187500
vt 0.312500 0.625000
vt 0.312500 0.125000
vt 0.312500 0.562500
vt 0.312500 0.062500
vt 0.312500 0.500000
vt 0.328125 1.000000
vt 0.312500 0.937500
vt 0.328125 0.000000
vt 0.312500 0.437500
vt 0.281250 0.625000
vt 0.281250 0.562500
vt 0.281250 0.125000
vt 0.281250 0.062500
vt 0.281250 0.500000
vt 0.296875 1.000000
vt 0.281250 0.937500
vt 0.296875 0.000000
vt 0.281250 0.437500
vt 0.281250 0.875000
vt 0.281250 0.375000
vt 0.281250 0.812500
vt 0.281250 0.312500
vt 0.281250 0.750000
vt 0.281250 0.250000
vt 0.281250 0.687500
vt 0.281250 0.187500
vt 0.250000 0.375000
vt 0.250000 0.312500
vt 0.250000 0.812500
vt 0.250000 0.750000
vt 0.250000 0.250000
vt 0.250000 0.687500
vt 0.250000 0.187500
vt 0.250000 0.625000
vt 0.250000 0.125000
vt 0.250000 0.562500
vt 0.250000 0.062500
vt 0.250000 0.500000
vt 0.265625 1.000000
vt 0.250000 0.937500
vt 0.265625 0.000000
vt 0.250000 0.437500
vt 0.250000 0.875000
vt 0.218750 0.125000
vt 0.218750 0.062500
vt 0.218750 0.562500
vt 0.218750 0.500000
vt 0.234375 1.000000
vt 0.218750 0.937500
vt 0.234375 0.000000
vt 0.218750 0.437500
vt 0.218750 0.875000
vt 0.218750 0.375000
vt 0.218750 0.812500
vt 0.218750 0.312500
vt 0.218750 0.750000
vt 0.218750 0.250000
vt 0.218750 0.687500
vt 0.218750 0.187500
vt 0.218750 0.625000
vt 0.187500 0.312500
vt 0.187500 0.250000
vt 0.187500 0.750000
vt 0.187500 0.687500
vt 0.187500 0.187500
vt 0.187500 0.625000
vt 0.187500 0.125000
vt 0.187500 0.562500
vt 0.187500 0.062500
vt 0.187500 0.500000
vt 0.203125 1.000000
vt 0.187500 0.937500
vt 0.203125 0.000000
vt 0.187500 0.437500
vt 0.187500 0.875000
vt 0.187500 0.375000
vt 0.187500 0.812500
vt 0.171875 1.000000
vt 0.156250 0.937500
vt 0.171875 0.000000
vt 0.156250 0.062500
vt 0.156250 0.500000
vt 0.156250 0.437500
vt 0.156250 0.875000
vt 0.156250 0.375000
vt 0.156250 0.812500
vt 0.156250 0.312500
vt 0.156250 0.750000
vt 0.156250 0.250000
vt 0.156250 0.687500
vt 0.156250 0.187500
vt 0.156250 0.625000
vt 0.156250 0.125000
vt 0.156250 0.562500
vt 0.125000 0.750000
vt 0.125000 0.687500
vt 0.125000 0.250000
vt 0.125000 0.187500
vt 0.125000 0.625000
vt 0.125000 0.125000
vt 0.125000 0.562500
vt 0.125000 0.062500
vt 0.125000 0.500000
vt 0.140625 1.000000
vt 0.125000 0.937500
vt 0.140625 0.000000
vt 0.125000 0.437500
vt 0.125000 0.875000
vt 0.125000 0.375000
vt 0.125000 0.812500
vt 0.125000 0.312500
vt 0.093750 0.500000
vt 0.093750 0.437500
vt 0.093750 0.937500
vt 0.093750 0.875000
vt 0.093750 0.375000
vt 0.093750 0.812500
vt 0.093750 0.312500
vt 0.093750 0.750000
vt 0.093750 0.250000
vt 0.093750 0.687500
vt 0.093750 0.187500
vt 0.093750 0.625000
vt 0.093750 0.125000
vt 0.093750 0.562500
vt 0.093750 0.062500
vt 0.109375 1.000000
vt 0.109375 0.000000
vt 0.062500 0.250000
vt 0.062500 0.187500
vt 0.062500 0.687500
vt 0.062500 0.625000
vt 0.062500 0.125000
vt 0.062500 0.562500
vt 0.062500 0.062500
vt 0.062500 0.500000
vt 0.078125 1.000000
vt 0.062500 0.937500
vt 0.078125 0.000000
vt 0.062500 0.437500
vt 0.062500 0.875000
vt 0.062500 0.375000
vt 0.062500 0.812500
vt 0.062500 0.312500
vt 0.062500 0.750000
vt 0.031250 0.937500
vt 0.031250 0.875000
vt 0.031250 0.437500
vt 0.031250 0.375000
vt 0.031250 0.812500
vt 0.031250 0.312500
vt 0.031250 0.750000
vt 0.031250 0.250000
vt 0.031250 0.687500
vt 0.031250 0.187500
vt 0.031250 0.625000
vt 0.031250 0.125000
vt 0.031250 0.562500
vt 0.031250 0.062500
vt 0.031250 0.500000
vt 0.046875 1.000000
vt 0.046875 0.000000
vt 0.000000 0.687500
vt 0.000000 0.625000
vt 0.000000 0.187500
vt 0.000000 0.125000
vt 0.000000 0.562500
vt 0.000000 0.062500
vt 0.000000 0.500000
vt 0.015625 1.000000
vt 0.000000 0.937500
vt 0.015625 0.000000
vt 0.000000 0.437500
vt 0.000000 0.875000
vt 0.000000 0.375000
vt 0.000000 0.812500
vt 0.000000 0.312500
vt 0.000000 0.750000
vt 0.000000 0.250000
vt 1.000000 0.375000
vt 1.000000 0.437500
vt 0.968750 0.437500
vt 0.968750 0.375000
vt 1.000000 0.812500
vt 1.000000 0.875000
vt 0.968750 0.875000
vt 0.968750 0.812500
vt 1.000000 0.312500
vt 0.968750 0.312500
vt 1.000000 0.750000
vt 0.968750 0.750000
vt 1.000000 0.250000
vt 0.968750 0.250000
vt 1.000000 0.687500
vt 0.968750 0.687500
vt 1.000000 0.187500
vt 0.968750 0.187500
vt 1.000000 0.625000
vt 0.968750 0.625000
vt 1.000000 0.125000
vt 0.968750 0.125000
vt 1.000000 0.562500
vt 0.968750 0.562500
vt 1.000000 0.062500
vt 0.968750 0.062500
vt 1.000000 0.500000
vt 0.968750 0.500000
vt 1.000000 0.937500
vt 0.984375 1.000000
vt 0.968750 0.937500
vt 0.984375 0.000000
vt 0.937500 0.187500
vt 0.937500 0.125000
vt 0.937500 0.625000
vt 0.937500 0.562500
vt 0.937500 0.062500
vt 0.937500 0.500000
vt 0.953125 1.000000
vt 0.937500 0.937500
vt 0.953125 0.000000
vt 0.937500 0.437500
vt 0.937500 0.875000
vt 0.937500 0.375000
vt 0.937500 0.812500
vt 0.937500 0.312500
vt 0.937500 0.750000
vt 0.937500 0.250000
vt 0.937500 0.687500
vt 0.906250 0.375000
vt 0.906250 0.312500
vt 0.906250 0.812500
vt 0.906250 0.750000
vt 0.906250 0.250000
vt 0.906250 0.687500
vt 0.906250 0.187500
vt 0.906250 0.625000
vt 0.906250 0.125000
vt 0.906250 0.562500
vt 0.906250 0.062500
vt 0.906250 0.500000
vt 0.921875 1.000000
vt 0.906250 0.937500
vt 0.921875 0.000000
vt 0.906250 0.437500
vt 0.906250 0.875000
vt 0.875000 0.125000
vt 0.875000 0.062500
vt 0.875000 0.562500
vt 0.875000 0.500000
vt 0.890625 1.000000
vt 0.875000 0.937500
vt 0.890625 0.000000
vt 0.875000 0.437500
vt 0.875000 0.875000
vt 0.875000 0.375000
vt 0.875000 0.812500
vt 0.875000 0.312500
vt 0.875000 0.750000
vt 0.875000 0.250000
vt 0.875000 0.687500
vt 0.875000 0.187500
vt 0.875000 0.625000
vt 0.843750 0.812500
vt 0.843750 0.750000
vt 0.843750 0.312500
vt 0.843750 0.250000
vt 0.843750 0.687500
vt 0.843750 0.187500
vt 0.843750 0.625000
vt 0.843750 0.125000
vt 0.843750 0.562500
vt 0.843750 0.062500
vt 0.843750 0.500000
vt 0.859375 1.000000
vt 0.843750 0.937500
vt 0.859375 0.000000
vt 0.843750 0.437500
vt 0.843750 0.875000
vt 0.843750 0.375000
vt 0.812500 0.562500
vt 0.812500 0.500000
vt 0.828125 1.000000
vt 0.812500 0.937500
vt 0.828125 0.000000
vt 0.812500 0.062500
vt 0.812500 0.437500
vt 0.812500 0.875000
vt 0.812500 0.375000
vt 0.812500 0.812500
vt 0.812500 0.312500
vt 0.812500 0.750000
vt 0.812500 0.250000
vt 0.812500 0.687500
vt 0.812500 0.187500
vt 0.812500 0.625000
vt 0.812500 0.125000
vt 0.781250 0.312500
vt 0.781250 0.250000
vt 0.781250 0.750000
vt 0.781250 0.687500
vt 0.781250 0.187500
vt 0.781250 0.625000
vt 0.781250 0.125000
vt 0.781250 0.562500
vt 0.781250 0.062500
vt 0.781250 0.500000
vt 0.796875 1.000000
vt 0.781250 0.937500
vt 0.796875 0.000000
vt 0.781250 0.437500
vt 0.781250 0.875000
vt 0.781250 0.375000
vt 0.781250 0.812500
vt 0.765625 1.000000
vt 0.765625 0.000000
s 0
usemtl HandleMaterial.011
f 1372/1038/1291 1845/1039/1291 1384/1040/1291 1385/1041/1291
f 1368/1042/1292 1367/1043/1292 1378/1044/1292
f 1377/1045/1293 1376/1046/1293 1392/1047/1293
f 1373/1048/1294 1372/1038/1294 1385/1041/1294 1386/1049/1294
f 1843/1050/1295 1368/1042/1295 1378/1044/1295 1379/1051/1295
f 1846/1052/1296 1373/1048/1296 1386/1049/1296 1387/1053/1296
f 1369/1054/1297 1843/1050/1297 1379/1051/1297 1380/1055/1297
f 1374/1056/1298 1846/1052/1298 1387/1053/1298 1388/1057/1298
f 1370/1058/1299 1369/1054/1299 1380/1055/1299 1381/1059/1299
f 1847/1060/1300 1374/1056/1300 1388/1057/1300 1389/1061/1300
f 1844/1062/1301 1370/1058/1301 1381/1059/1301 1382/1063/1301
f 1375/1064/1302 1847/1060/1302 1389/1061/1302 1390/1065/1302
f 1371/1066/1303 1844/1062/1303 1382/1063/1303 1383/1067/1303
f 1848/1068/1304 1375/1064/1304 1390/1065/1304 1391/1069/1304
f 1845/1039/1305 1371/1066/1305 1383/1067/1305 1384/1040/1305
f 1376/1046/1306 1848/1068/1306 1391/1069/1306 1392/1047/1306
f 1384/1040/1307 1383/1067/1307 1398/1070/1307 1399/1071/1307
f 1392/1047/1308 1391/1069/1308 1406/1072/1308 1407/1073/1308
f 1385/1041/1309 1384/1040/1309 1399/1071/1309 1400/1074/1309
f 1378/1044/1310 1367/1075/1310 1393/1076/1310
f 1377/1077/1311 1392/1047/1311 1407/1073/1311
f 1386/1049/1312 1385/1041/1312 1400/1074/1312 1401/1078/1312
f 1379/1051/1313 1378/1044/1313 1393/1076/1313 1394/1079/1313
f 1387/1053/1314 1386/1049/1314 1401/1078/1314 1402/1080/1314
f 1380/1055/1315 1379/1051/1315 1394/1079/1315 1395/1081/1315
f 1388/1057/1316 1387/1053/1316 1402/1080/1316 1403/1082/1316
f 1381/1059/1317 1380/1055/1317 1395/1081/1317 1396/1083/1317
f 1389/1061/1318 1388/1057/1318 1403/1082/1318 1404/1084/1318
f 1382/1063/1319 1381/1059/1319 1396/1083/1319 1397/1085/1319
f 1390/1065/1320 1389/1061/1320 1404/1084/1320 1405/1086/1320
f 1383/1067/1321 1382/1063/1321 1397/1085/1321 1398/1070/1321
f 1391/1069/1322 1390/1065/1322 1405/1086/1322 1406/1072/1322
f 1403/1082/1323 1402/1080/1323 1417/1087/1323 1418/1088/1323
f 1396/1083/1324 1395/1081/1324 1410/1089/1324 1411/1090/1324
f 1404/1084/1325 1403/1082/1325 1418/1088/1325 1419/1091/1325
f 1397/1085/1326 1396/1083/1326 1411/1090/1326 1412/1092/1326
f 1405/1086/1327 1404/1084/1327 1419/1091/1327 1420/1093/1327
f 1398/1070/1328 1397/1085/1328 1412/1092/1328 1413/1094/1328
f 1406/1072/1329 1405/1086/1329 1420/1093/1329 1421/1095/1329
f 1399/1071/1330 1398/1070/1330 1413/1094/1330 1414/1096/1330
f 1407/1073/1331 1406/1072/1331 1421/1095/1331 1422/1097/1331
f 1400/1074/1332 1399/1071/1332 1414/1096/1332 1415/1098/1332
f 1393/1076/1333 1367/1099/1333 1408/1100/1333
f 1377/1101/1334 1407/1073/1334 1422/1097/1334
f 1401/1078/1335 1400/1074/1335 1415/1098/1335 1416/1102/1335
f 1394/1079/1336 1393/1076/1336 1408/1100/1336 1409/1103/1336
f 1402/1080/1337 1401/1078/1337 1416/1102/1337 1417/1087/1337
f 1395/1081/1338 1394/1079/1338 1409/1103/1338 1410/1089/1338
f 1422/1097/1339 1421/1095/1339 1436/1104/1339 1437/1105/1339
f 1415/1098/1340 1414/1096/1340 1429/1106/1340 1430/1107/1340
f 1408/1100/1341 1367/1108/1341 1423/1109/1341
f 1377/1110/1342 1422/1097/1342 1437/1105/1342
f 1416/1102/1343 1415/1098/1343 1430/1107/1343 1431/1111/1343
f 1409/1103/1344 1408/1100/1344 1423/1109/1344 1424/1112/1344
f 1417/1087/1345 1416/1102/1345 1431/1111/1345 1432/1113/1345
f 1410/1089/1346 1409/1103/1346 1424/1112/1346 1425/1114/1346
f 1418/1088/1347 1417/1087/1347 1432/1113/1347 1433/1115/1347
f 1411/1090/1348 1410/1089/1348 1425/1114/1348 1426/1116/1348
f 1419/1091/1349 1418/1088/1349 1433/1115/1349 1434/1117/1349
f 1412/1092/1350 1411/1090/1350 1426/1116/1350 1427/1118/1350
f 1420/1093/1351 1419/1091/1351 1434/1117/1351 1435/1119/1351
f 1413/1094/1352 1412/1092/1352 1427/1118/1352 1428/1120/1352
f 1421/1095/1353 1420/1093/1353 1435/1119/1353 1436/1104/1353
f 1414/1096/1354 1413/1094/1354 1428/1120/1354 1429/1106/1354
f 1426/1116/1355 1425/1114/1355 1440/1121/1355 1441/1122/1355
f 1434/1117/1356 1433/1115/1356 1448/1123/1356 1449/1124/1356
f 1427/1118/1357 1426/1116/1357 1441/1122/1357 1442/1125/1357
f 1435/1119/1358 1434/1117/1358 1449/1124/1358 1450/1126/1358
f 1428/1120/1359 1427/1118/1359 1442/1125/1359 1443/1127/1359
f 1436/1104/1360 1435/1119/1360 1450/1126/1360 1451/1128/1360
f 1429/1106/1361 1428/1120/1361 1443/1127/1361 1444/1129/1361
f 1437/1105/1362 1436/1104/1362 1451/1128/1362 1452/1130/1362
f 1430/1107/1363 1429/1106/1363 1444/1129/1363 1445/1131/1363
f 1423/1109/1364 1367/1132/1364 1438/1133/1364
f 1377/1134/1365 1437/1105/1365 1452/1130/1365
f 1431/1111/1366 1430/1107/1366 1445/1131/1366 1446/1135/1366
f 1424/1112/1367 1423/1109/1367 1438/1133/1367 1439/1136/1367
f 1432/1113/1368 1431/1111/1368 1446/1135/1368 1447/1137/1368
f 1425/1114/1369 1424/1112/1369 1439/1136/1369 1440/1121/1369
f 1433/1115/1370 1432/1113/1370 1447/1137/1370 1448/1123/1370
f 1445/1131/1371 1444/1129/1371 1459/1138/1371 1460/1139/1371
f 1438/1133/1372 1367/1140/1372 1453/1141/1372
f 1377/1142/1373 1452/1130/1373 1467/1143/1373
f 1446/1135/1374 1445/1131/1374 1460/1139/1374 1461/1144/1374
f 1439/1136/1375 1438/1133/1375 1453/1141/1375 1454/1145/1375
f 1447/1137/1376 1446/1135/1376 1461/1144/1376 1462/1146/1376
f 1440/1121/1377 1439/1136/1377 1454/1145/1377 1455/1147/1377
f 1448/1123/1378 1447/1137/1378 1462/1146/1378 1463/1148/1378
f 1441/1122/1379 1440/1121/1379 1455/1147/1379 1456/1149/1379
f 1449/1124/1380 1448/1123/1380 1463/1148/1380 1464/1150/1380
f 1442/1125/1381 1441/1122/1381 1456/1149/1381 1457/1151/1381
f 1450/1126/1382 1449/1124/1382 1464/1150/1382 1465/1152/1382
f 1443/1127/1383 1442/1125/1383 1457/1151/1383 1458/1153/1383
f 1451/1128/1384 1450/1126/1384 1465/1152/1384 1466/1154/1384
f 1444/1129/1385 1443/1127/1385 1458/1153/1385 1459/1138/1385
f 1452/1130/1386 1451/1128/1386 1466/1154/1386 1467/1143/1386
f 1464/1150/1387 1463/1148/1387 1478/1155/1387 1479/1156/1387
f 1457/1151/1388 1456/1149/1388 1471/1157/1388 1472/1158/1388
f 1465/1152/1389 1464/1150/1389 1479/1156/1389 1480/1159/1389
f 1458/1153/1390 1457/1151/1390 1472/1158/1390 1473/1160/1390
f 1466/1154/1391 1465/1152/1391 1480/1159/1391 1481/1161/1391
f 1459/1138/1392 1458/1153/1392 1473/1160/1392 1474/1162/1392
f 1467/1143/1393 1466/1154/1393 1481/1161/1393 1482/1163/1393
f 1460/1139/1394 1459/1138/1394 1474/1162/1394 1475/1164/1394
f 1453/1141/1395 1367/1165/1395 1468/1166/1395
f 1377/1167/1396 1467/1143/1396 1482/1163/1396
f 1461/1144/1397 1460/1139/1397 1475/1164/1397 1476/1168/1397
f 1454/1145/1398 1453/1141/1398 1468/1166/1398 1469/1169/1398
f 1462/1146/1399 1461/1144/1399 1476/1168/1399 1477/1170/1399
f 1455/1147/1400 1454/1145/1400 1469/1169/1400 1470/1171/1400
f 1463/1148/1401 1462/1146/1401 1477/1170/1401 1478/1155/1401
f 1456/1149/1402 1455/1147/1402 1470/1171/1402 1471/1157/1402
f 1377/1172/1403 1482/1163/1403 1497/1173/1403
f 1476/1168/1404 1475/1164/1404 1490/1174/1404 1491/1175/1404
f 1469/1169/1405 1468/1166/1405 1483/1176/1405 1484/1177/1405
f 1477/1170/1406 1476/1168/1406 1491/1175/1406 1492/1178/1406
f 1470/1171/1407 1469/1169/1407 1484/1177/1407 1485/1179/1407
f 1478/1155/1408 1477/1170/1408 1492/1178/1408 1493/1180/1408
f 1471/1157/1409 1470/1171/1409 1485/1179/1409 1486/1181/1409
f 1479/1156/1410 1478/1155/1410 1493/1180/1410 1494/1182/1410
f 1472/1158/1411 1471/1157/1411 1486/1181/1411 1487/1183/1411
f 1480/1159/1412 1479/1156/1412 1494/1182/1412 1495/1184/1412
f 1473/1160/1413 1472/1158/1413 1487/1183/1413 1488/1185/1413
f 1481/1161/1414 1480/1159/1414 1495/1184/1414 1496/1186/1414
f 1474/1162/1415 1473/1160/1415 1488/1185/1415 1489/1187/1415
f 1482/1163/1416 1481/1161/1416 1496/1186/1416 1497/1173/1416
f 1475/1164/1417 1474/1162/1417 1489/1187/1417 1490/1174/1417
f 1468/1166/1418 1367/1188/1418 1483/1176/1418
f 1495/1184/1419 1494/1182/1419 1509/1189/1419 1510/1190/1419
f 1488/1185/1420 1487/1183/1420 1502/1191/1420 1503/1192/1420
f 1496/1186/1421 1495/1184/1421 1510/1190/1421 1511/1193/1421
f 1489/1187/1422 1488/1185/1422 1503/1192/1422 1504/1194/1422
f 1497/1173/1423 1496/1186/1423 1511/1193/1423 1512/1195/1423
f 1490/1174/1424 1489/1187/1424 1504/1194/1424 1505/1196/1424
f 1483/1176/1425 1367/1197/1425 1498/1198/1425
f 1377/1199/1426 1497/1173/1426 1512/1195/1426
f 1491/1175/1427 1490/1174/1427 1505/1196/1427 1506/1200/1427
f 1484/1177/1428 1483/1176/1428 1498/1198/1428 1499/1201/1428
f 1492/1178/1429 1491/1175/1429 1506/1200/1429 1507/1202/1429
f 1485/1179/1430 1484/1177/1430 1499/1201/1430 1500/1203/1430
f 1493/1180/1431 1492/1178/1431 1507/1202/1431 1508/1204/1431
f 1486/1181/1432 1485/1179/1432 1500/1203/1432 1501/1205/1432
f 1494/1182/1433 1493/1180/1433 1508/1204/1433 1509/1189/1433
f 1487/1183/1434 1486/1181/1434 1501/1205/1434 1502/1191/1434
f 1499/1201/1435 1498/1198/1435 1513/1206/1435 1514/1207/1435
f 1507/1202/1436 1506/1200/1436 1521/1208/1436 1522/1209/1436
f 1500/1203/1437 1499/1201/1437 1514/1207/1437 1515/1210/1437
f 1508/1204/1438 1507/1202/1438 1522/1209/1438 1523/1211/1438
f 1501/1205/1439 1500/1203/1439 1515/1210/1439 1516/1212/1439
f 1509/1189/1440 1508/1204/1440 1523/1211/1440 1524/1213/1440
f 1502/1191/1441 1501/1205/1441 1516/1212/1441 1517/1214/1441
f 1510/1190/1442 1509/1189/1442 1524/1213/1442 1525/1215/1442
f 1503/1192/1443 1502/1191/1443 1517/1214/1443 1518/1216/1443
f 1511/1193/1444 1510/1190/1444 1525/1215/1444 1526/1217/1444
f 1504/1194/1445 1503/1192/1445 1518/1216/1445 1519/1218/1445
f 1512/1195/1446 1511/1193/1446 1526/1217/1446 1527/1219/1446
f 1505/1196/1447 1504/1194/1447 1519/1218/1447 1520/1220/1447
f 1498/1198/1448 1367/1221/1448 1513/1206/1448
f 1377/1222/1449 1512/1195/1449 1527/1219/1449
f 1506/1200/1450 1505/1196/1450 1520/1220/1450 1521/1208/1450
f 1518/1216/1451 1517/1214/1451 1532/1223/1451 1533/1224/1451
f 1526/1217/1452 1525/1215/1452 1540/1225/1452 1541/1226/1452
f 1519/1218/1453 1518/1216/1453 1533/1224/1453 1534/1227/1453
f 1527/1219/1454 1526/1217/1454 1541/1226/1454 1542/1228/1454
f 1520/1220/1455 1519/1218/1455 1534/1227/1455 1535/1229/1455
f 1513/1206/1456 1367/1230/1456 1528/1231/1456
f 1377/1232/1457 1527/1219/1457 1542/1228/1457
f 1521/1208/1458 1520/1220/1458 1535/1229/1458 1536/1233/1458
f 1514/1207/1459 1513/1206/1459 1528/1231/1459 1529/1234/1459
f 1522/1209/1460 1521/1208/1460 1536/1233/1460 1537/1235/1460
f 1515/1210/1461 1514/1207/1461 1529/1234/1461 1530/1236/1461
f 1523/1211/1462 1522/1209/1462 1537/1235/1462 1538/1237/1462
f 1516/1212/1463 1515/1210/1463 1530/1236/1463 1531/1238/1463
f 1524/1213/1464 1523/1211/1464 1538/1237/1464 1539/1239/1464
f 1517/1214/1465 1516/1212/1465 1531/1238/1465 1532/1223/1465
f 1525/1215/1466 1524/1213/1466 1539/1239/1466 1540/1225/1466
f 1537/1235/1467 1536/1233/1467 1551/1240/1467 1552/1241/1467
f 1530/1236/1468 1529/1234/1468 1544/1242/1468 1545/1243/1468
f 1538/1237/1469 1537/1235/1469 1552/1241/1469 1553/1244/1469
f 1531/1238/1470 1530/1236/1470 1545/1243/1470 1546/1245/1470
f 1539/1239/1471 1538/1237/1471 1553/1244/1471 1554/1246/1471
f 1532/1223/1472 1531/1238/1472 1546/1245/1472 1547/1247/1472
f 1540/1225/1473 1539/1239/1473 1554/1246/1473 1555/1248/1473
f 1533/1224/1474 1532/1223/1474 1547/1247/1474 1548/1249/1474
f 1541/1226/1475 1540/1225/1475 1555/1248/1475 1556/1250/1475
f 1534/1227/1476 1533/1224/1476 1548/1249/1476 1549/1251/1476
f 1542/1228/1477 1541/1226/1477 1556/1250/1477 1557/1252/1477
f 1535/1229/1478 1534/1227/1478 1549/1251/1478 1550/1253/1478
f 1528/1231/1479 1367/1254/1479 1543/1255/1479
f 1377/1256/1480 1542/1228/1480 1557/1252/1480
f 1536/1233/1481 1535/1229/1481 1550/1253/1481 1551/1240/1481
f 1529/1234/1482 1528/1231/1482 1543/1255/1482 1544/1242/1482
f 1556/1250/1483 1555/1248/1483 1570/1257/1483 1571/1258/1483
f 1549/1251/1484 1548/1249/1484 1563/1259/1484 1564/1260/1484
f 1557/1252/1485 1556/1250/1485 1571/1258/1485 1572/1261/1485
f 1550/1253/1486 1549/1251/1486 1564/1260/1486 1565/1262/1486
f 1543/1255/1487 1367/1263/1487 1558/1264/1487
f 1377/1265/1488 1557/1252/1488 1572/1261/1488
f 1551/1240/1489 1550/1253/1489 1565/1262/1489 1566/1266/1489
f 1544/1242/1490 1543/1255/1490 1558/1264/1490 1559/1267/1490
f 1552/1241/1491 1551/1240/1491 1566/1266/1491 1567/1268/1491
f 1545/1243/1492 1544/1242/1492 1559/1267/1492 1560/1269/1492
f 1553/1244/1493 1552/1241/1493 1567/1268/1493 1568/1270/1493
f 1546/1245/1494 1545/1243/1494 1560/1269/1494 1561/1271/1494
f 1554/1246/1495 1553/1244/1495 1568/1270/1495 1569/1272/1495
f 1547/1247/1496 1546/1245/1496 1561/1271/1496 1562/1273/1496
f 1555/1248/1497 1554/1246/1497 1569/1272/1497 1570/1257/1497
f 1548/1249/1498 1547/1247/1498 1562/1273/1498 1563/1259/1498
f 1560/1269/1499 1559/1267/1499 1574/1274/1499 1575/1275/1499
f 1568/1270/1500 1567/1268/1500 1582/1276/1500 1583/1277/1500
f 1561/1271/1501 1560/1269/1501 1575/1275/1501 1576/1278/1501
f 1569/1272/1502 1568/1270/1502 1583/1277/1502 1584/1279/1502
f 1562/1273/1503 1561/1271/1503 1576/1278/1503 1577/1280/1503
f 1570/1257/1504 1569/1272/1504 1584/1279/1504 1585/1281/1504
f 1563/1259/1505 1562/1273/1505 1577/1280/1505 1578/1282/1505
f 1571/1258/1506 1570/1257/1506 1585/1281/1506 1586/1283/1506
f 1564/1260/1507 1563/1259/1507 1578/1282/1507 1579/1284/1507
f 1572/1261/1508 1571/1258/1508 1586/1283/1508 1587/1285/1508
f 1565/1262/1509 1564/1260/1509 1579/1284/1509 1580/1286/1509
f 1558/1264/1510 1367/1287/1510 1573/1288/1510
f 1377/1289/1511 1572/1261/1511 1587/1285/1511
f 1566/1266/1512 1565/1262/1512 1580/1286/1512 1581/1290/1512
f 1559/1267/1513 1558/1264/1513 1573/1288/1513 1574/1274/1513
f 1567/1268/1514 1566/1266/1514 1581/1290/1514 1582/1276/1514
f 1579/1284/1515 1578/1282/1515 1593/1291/1515 1594/1292/1515
f 1587/1285/1516 1586/1283/1516 1601/1293/1516 1602/1294/1516
f 1580/1286/1517 1579/1284/1517 1594/1292/1517 1595/1295/1517
f 1573/1288/1518 1367/1296/1518 1588/1297/1518
f 1377/1298/1519 1587/1285/1519 1602/1294/1519
f 1581/1290/1520 1580/1286/1520 1595/1295/1520 1596/1299/1520
f 1574/1274/1521 1573/1288/1521 1588/1297/1521 1589/1300/1521
f 1582/1276/1522 1581/1290/1522 1596/1299/1522 1597/1301/1522
f 1575/1275/1523 1574/1274/1523 1589/1300/1523 1590/1302/1523
f 1583/1277/1524 1582/1276/1524 1597/1301/1524 1598/1303/1524
f 1576/1278/1525 1575/1275/1525 1590/1302/1525 1591/1304/1525
f 1584/1279/1526 1583/1277/1526 1598/1303/1526 1599/1305/1526
f 1577/1280/1527 1576/1278/1527 1591/1304/1527 1592/1306/1527
f 1585/1281/1528 1584/1279/1528 1599/1305/1528 1600/1307/1528
f 1578/1282/1529 1577/1280/1529 1592/1306/1529 1593/1291/1529
f 1586/1283/1530 1585/1281/1530 1600/1307/1530 1601/1293/1530
f 1598/1303/1531 1597/1301/1531 1612/1308/1531 1613/1309/1531
f 1591/1304/1532 1590/1302/1532 1605/1310/1532 1606/1311/1532
f 1599/1305/1533 1598/1303/1533 1613/1309/1533 1614/1312/1533
f 1592/1306/1534 1591/1304/1534 1606/1311/1534 1607/1313/1534
f 1600/1307/1535 1599/1305/1535 1614/1312/1535 1615/1314/1535
f 1593/1291/1536 1592/1306/1536 1607/1313/1536 1608/1315/1536
f 1601/1293/1537 1600/1307/1537 1615/1314/1537 1616/1316/1537
f 1594/1292/1538 1593/1291/1538 1608/1315/1538 1609/1317/1538
f 1602/1294/1539 1601/1293/1539 1616/1316/1539 1617/1318/1539
f 1595/1295/1540 1594/1292/1540 1609/1317/1540 1610/1319/1540
f 1588/1297/1541 1367/1320/1541 1603/1321/1541
f 1377/1322/1542 1602/1294/1542 1617/1318/1542
f 1596/1299/1543 1595/1295/1543 1610/1319/1543 1611/1323/1543
f 1589/1300/1544 1588/1297/1544 1603/1321/1544 1604/1324/1544
f 1597/1301/1545 1596/1299/1545 1611/1323/1545 1612/1308/1545
f 1590/1302/1546 1589/1300/1546 1604/1324/1546 1605/1310/1546
f 1617/1318/1547 1616/1316/1547 1631/1325/1547 1632/1326/1547
f 1610/1319/1548 1609/1317/1548 1624/1327/1548 1625/1328/1548
f 1603/1321/1549 1367/1329/1549 1618/1330/1549
f 1377/1331/1550 1617/1318/1550 1632/1326/1550
f 1611/1323/1551 1610/1319/1551 1625/1328/1551 1626/1332/1551
f 1604/1324/1552 1603/1321/1552 1618/1330/1552 1619/1333/1552
f 1612/1308/1553 1611/1323/1553 1626/1332/1553 1627/1334/1553
f 1605/1310/1554 1604/1324/1554 1619/1333/1554 1620/1335/1554
f 1613/1309/1555 1612/1308/1555 1627/1334/1555 1628/1336/1555
f 1606/1311/1556 1605/1310/1556 1620/1335/1556 1621/1337/1556
f 1614/1312/1557 1613/1309/1557 1628/1336/1557 1629/1338/1557
f 1607/1313/1558 1606/1311/1558 1621/1337/1558 1622/1339/1558
f 1615/1314/1559 1614/1312/1559 1629/1338/1559 1630/1340/1559
f 1608/1315/1560 1607/1313/1560 1622/1339/1560 1623/1341/1560
f 1616/1316/1561 1615/1314/1561 1630/1340/1561 1631/1325/1561
f 1609/1317/1562 1608/1315/1562 1623/1341/1562 1624/1327/1562
f 1629/1338/1563 1628/1336/1563 1643/1342/1563 1644/1343/1563
f 1622/1339/1564 1621/1337/1564 1636/1344/1564 1637/1345/1564
f 1630/1340/1565 1629/1338/1565 1644/1343/1565 1645/1346/1565
f 1623/1341/1566 1622/1339/1566 1637/1345/1566 1638/1347/1566
f 1631/1325/1567 1630/1340/1567 1645/1346/1567 1646/1348/1567
f 1624/1327/1568 1623/1341/1568 1638/1347/1568 1639/1349/1568
f 1632/1326/1569 1631/1325/1569 1646/1348/1569 1647/1350/1569
f 1625/1328/1570 1624/1327/1570 1639/1349/1570 1640/1351/1570
f 1618/1330/1571 1367/1352/1571 1633/1353/1571
f 1377/1354/1572 1632/1326/1572 1647/1350/1572
f 1626/1332/1573 1625/1328/1573 1640/1351/1573 1641/1355/1573
f 1619/1333/1574 1618/1330/1574 1633/1353/1574 1634/1356/1574
f 1627/1334/1575 1626/1332/1575 1641/1355/1575 1642/1357/1575
f 1620/1335/1576 1619/1333/1576 1634/1356/1576 1635/1358/1576
f 1628/1336/1577 1627/1334/1577 1642/1357/1577 1643/1342/1577
f 1621/1337/1578 1620/1335/1578 1635/1358/1578 1636/1344/1578
f 1633/1353/1579 1367/1359/1579 1648/1360/1579
f 1377/1361/1580 1647/1350/1580 1662/1362/1580
f 1641/1355/1581 1640/1351/1581 1655/1363/1581 1656/1364/1581
f 1634/1356/1582 1633/1353/1582 1648/1360/1582 1649/1365/1582
f 1642/1357/1583 1641/1355/1583 1656/1364/1583 1657/1366/1583
f 1635/1358/1584 1634/1356/1584 1649/1365/1584 1650/1367/1584
f 1643/1342/1585 1642/1357/1585 1657/1366/1585 1658/1368/1585
f 1636/1344/1586 1635/1358/1586 1650/1367/1586 1651/1369/1586
f 1644/1343/1587 1643/1342/1587 1658/1368/1587 1659/1370/1587
f 1637/1345/1588 1636/1344/1588 1651/1369/1588 1652/1371/1588
f 1645/1346/1589 1644/1343/1589 1659/1370/1589 1660/1372/1589
f 1638/1347/1590 1637/1345/1590 1652/1371/1590 1653/1373/1590
f 1646/1348/1591 1645/1346/1591 1660/1372/1591 1661/1374/1591
f 1639/1349/1592 1638/1347/1592 1653/1373/1592 1654/1375/1592
f 1647/1350/1593 1646/1348/1593 1661/1374/1593 1662/1362/1593
f 1640/1351/1594 1639/1349/1594 1654/1375/1594 1655/1363/1594
f 1652/1371/1595 1651/1369/1595 1666/1376/1595 1667/1377/1595
f 1660/1372/1596 1659/1370/1596 1674/1378/1596 1675/1379/1596
f 1653/1373/1597 1652/1371/1597 1667/1377/1597 1668/1380/1597
f 1661/1374/1598 1660/1372/1598 1675/1379/1598 1676/1381/1598
f 1654/1375/1599 1653/1373/1599 1668/1380/1599 1669/1382/1599
f 1662/1362/1600 1661/1374/1600 1676/1381/1600 1677/1383/1600
f 1655/1363/1601 1654/1375/1601 1669/1382/1601 1670/1384/1601
f 1648/1360/1602 1367/1385/1602 1663/1386/1602
f 1377/1387/1603 1662/1362/1603 1677/1383/1603
f 1656/1364/1604 1655/1363/1604 1670/1384/1604 1671/1388/1604
f 1649/1365/1605 1648/1360/1605 1663/1386/1605 1664/1389/1605
f 1657/1366/1606 1656/1364/1606 1671/1388/1606 1672/1390/1606
f 1650/1367/1607 1649/1365/1607 1664/1389/1607 1665/1391/1607
f 1658/1368/1608 1657/1366/1608 1672/1390/1608 1673/1392/1608
f 1651/1369/1609 1650/1367/1609 1665/1391/1609 1666/1376/1609
f 1659/1370/1610 1658/1368/1610 1673/1392/1610 1674/1378/1610
f 1671/1388/1611 1670/1384/1611 1685/1393/1611 1686/1394/1611
f 1664/1389/1612 1663/1386/1612 1678/1395/1612 1679/1396/1612
f 1672/1390/1613 1671/1388/1613 1686/1394/1613 1687/1397/1613
f 1665/1391/1614 1664/1389/1614 1679/1396/1614 1680/1398/1614
f 1673/1392/1615 1672/1390/1615 1687/1397/1615 1688/1399/1615
f 1666/1376/1616 1665/1391/1616 1680/1398/1616 1681/1400/1616
f 1674/1378/1617 1673/1392/1617 1688/1399/1617 1689/1401/1617
f 1667/1377/1618 1666/1376/1618 1681/1400/1618 1682/1402/1618
f 1675/1379/1619 1674/1378/1619 1689/1401/1619 1690/1403/1619
f 1668/1380/1620 1667/1377/1620 1682/1402/1620 1683/1404/1620
f 1676/1381/1621 1675/1379/1621 1690/1403/1621 1691/1405/1621
f 1669/1382/1622 1668/1380/1622 1683/1404/1622 1684/1406/1622
f 1677/1383/1623 1676/1381/1623 1691/1405/1623 1692/1407/1623
f 1670/1384/1624 1669/1382/1624 1684/1406/1624 1685/1393/1624
f 1663/1386/1625 1367/1408/1625 1678/1395/1625
f 1377/1409/1626 1677/1383/1626 1692/1407/1626
f 1690/1403/1627 1689/1401/1627 1704/1410/1627 1705/1411/1627
f 1683/1404/1628 1682/1402/1628 1697/1412/1628 1698/1413/1628
f 1691/1405/1629 1690/1403/1629 1705/1411/1629 1706/1414/1629
f 1684/1406/1630 1683/1404/1630 1698/1413/1630 1699/1415/1630
f 1692/1407/1631 1691/1405/1631 1706/1414/1631 1707/1416/1631
f 1685/1393/1632 1684/1406/1632 1699/1415/1632 1700/1417/1632
f 1678/1395/1633 1367/1418/1633 1693/1419/1633
f 1377/1420/1634 1692/1407/1634 1707/1416/1634
f 1686/1394/1635 1685/1393/1635 1700/1417/1635 1701/1421/1635
f 1679/1396/1636 1678/1395/1636 1693/1419/1636 1694/1422/1636
f 1687/1397/1637 1686/1394/1637 1701/1421/1637 1702/1423/1637
f 1680/1398/1638 1679/1396/1638 1694/1422/1638 1695/1424/1638
f 1688/1399/1639 1687/1397/1639 1702/1423/1639 1703/1425/1639
f 1681/1400/1640 1680/1398/1640 1695/1424/1640 1696/1426/1640
f 1689/1401/1641 1688/1399/1641 1703/1425/1641 1704/1410/1641
f 1682/1402/1642 1681/1400/1642 1696/1426/1642 1697/1412/1642
f 1694/1422/1643 1693/1419/1643 1708/1427/1643 1709/1428/1643
f 1702/1423/1644 1701/1421/1644 1716/1429/1644 1717/1430/1644
f 1695/1424/1645 1694/1422/1645 1709/1428/1645 1710/1431/1645
f 1703/1425/1646 1702/1423/1646 1717/1430/1646 1718/1432/1646
f 1696/1426/1647 1695/1424/1647 1710/1431/1647 1711/1433/1647
f 1704/1410/1648 1703/1425/1648 1718/1432/1648 1719/1434/1648
f 1697/1412/1649 1696/1426/1649 1711/1433/1649 1712/1435/1649
f 1705/1411/1650 1704/1410/1650 1719/1434/1650 1720/1436/1650
f 1698/1413/1651 1697/1412/1651 1712/1435/1651 1713/1437/1651
f 1706/1414/1652 1705/1411/1652 1720/1436/1652 1721/1438/1652
f 1699/1415/1653 1698/1413/1653 1713/1437/1653 1714/1439/1653
f 1707/1416/1654 1706/1414/1654 1721/1438/1654 1722/1440/1654
f 1700/1417/1655 1699/1415/1655 1714/1439/1655 1715/1441/1655
f 1693/1419/1656 1367/1442/1656 1708/1427/1656
f 1377/1443/1657 1707/1416/1657 1722/1440/1657
f 1701/1421/1658 1700/1417/1658 1715/1441/1658 1716/1429/1658
f 1713/1437/1659 1712/1435/1659 1727/1444/1659 1728/1445/1659
f 1721/1438/1660 1720/1436/1660 1735/1446/1660 1736/1447/1660
f 1714/1439/1661 1713/1437/1661 1728/1445/1661 1729/1448/1661
f 1722/1440/1662 1721/1438/1662 1736/1447/1662 1737/1449/1662
f 1715/1441/1663 1714/1439/1663 1729/1448/1663 1730/1450/1663
f 1708/1427/1664 1367/1451/1664 1723/1452/1664
f 1377/1453/1665 1722/1440/1665 1737/1449/1665
f 1716/1429/1666 1715/1441/1666 1730/1450/1666 1731/1454/1666
f 1709/1428/1667 1708/1427/1667 1723/1452/1667 1724/1455/1667
f 1717/1430/1668 1716/1429/1668 1731/1454/1668 1732/1456/1668
f 1710/1431/1669 1709/1428/1669 1724/1455/1669 1725/1457/1669
f 1718/1432/1670 1717/1430/1670 1732/1456/1670 1733/1458/1670
f 1711/1433/1671 1710/1431/1671 1725/1457/1671 1726/1459/1671
f 1719/1434/1672 1718/1432/1672 1733/1458/1672 1734/1460/1672
f 1712/1435/1673 1711/1433/1673 1726/1459/1673 1727/1444/1673
f 1720/1436/1674 1719/1434/1674 1734/1460/1674 1735/1446/1674
f 1732/1461/1675 1731/1462/1675 1746/1463/1675 1747/1464/1675
f 1725/1465/1676 1724/1466/1676 1739/1467/1676 1740/1468/1676
f 1733/1469/1677 1732/1461/1677 1747/1464/1677 1748/1470/1677
f 1726/1471/1678 1725/1465/1678 1740/1468/1678 1741/1472/1678
f 1734/1473/1679 1733/1469/1679 1748/1470/1679 1749/1474/1679
f 1727/1475/1680 1726/1471/1680 1741/1472/1680 1742/1476/1680
f 1735/1477/1681 1734/1473/1681 1749/1474/1681 1750/1478/1681
f 1728/1479/1682 1727/1475/1682 1742/1476/1682 1743/1480/1682
f 1736/1481/1683 1735/1477/1683 1750/1478/1683 1751/1482/1683
f 1729/1483/1684 1728/1479/1684 1743/1480/1684 1744/1484/1684
f 1737/1485/1685 1736/1481/1685 1751/1482/1685 1752/1486/1685
f 1730/1487/1686 1729/1483/1686 1744/1484/1686 1745/1488/1686
f 1723/1489/1687 1367/1490/1687 1738/1491/1687
f 1377/1492/1688 1737/1485/1688 1752/1486/1688
f 1731/1462/1689 1730/1487/1689 1745/1488/1689 1746/1463/1689
f 1724/1466/1690 1723/1489/1690 1738/1491/1690 1739/1467/1690
f 1751/1482/1691 1750/1478/1691 1765/1493/1691 1766/1494/1691
f 1744/1484/1692 1743/1480/1692 1758/1495/1692 1759/1496/1692
f 1752/1486/1693 1751/1482/1693 1766/1494/1693 1767/1497/1693
f 1745/1488/1694 1744/1484/1694 1759/1496/1694 1760/1498/1694
f 1738/1491/1695 1367/1499/1695 1753/1500/1695
f 1377/1501/1696 1752/1486/1696 1767/1497/1696
f 1746/1463/1697 1745/1488/1697 1760/1498/1697 1761/1502/1697
f 1739/1467/1698 1738/1491/1698 1753/1500/1698 1754/1503/1698
f 1747/1464/1699 1746/1463/1699 1761/1502/1699 1762/1504/1699
f 1740/1468/1700 1739/1467/1700 1754/1503/1700 1755/1505/1700
f 1748/1470/1701 1747/1464/1701 1762/1504/1701 1763/1506/1701
f 1741/1472/1702 1740/1468/1702 1755/1505/1702 1756/1507/1702
f 1749/1474/1703 1748/1470/1703 1763/1506/1703 1764/1508/1703
f 1742/1476/1704 1741/1472/1704 1756/1507/1704 1757/1509/1704
f 1750/1478/1705 1749/1474/1705 1764/1508/1705 1765/1493/1705
f 1743/1480/1706 1742/1476/1706 1757/1509/1706 1758/1495/1706
f 1763/1506/1707 1762/1504/1707 1777/1510/1707 1778/1511/1707
f 1756/1507/1708 1755/1505/1708 1770/1512/1708 1771/1513/1708
f 1764/1508/1709 1763/1506/1709 1778/1511/1709 1779/1514/1709
f 1757/1509/1710 1756/1507/1710 1771/1513/1710 1772/1515/1710
f 1765/1493/1711 1764/1508/1711 1779/1514/1711 1780/1516/1711
f 1758/1495/1712 1757/1509/1712 1772/1515/1712 1773/1517/1712
f 1766/1494/1713 1765/1493/1713 1780/1516/1713 1781/1518/1713
f 1759/1496/1714 1758/1495/1714 1773/1517/1714 1774/1519/1714
f 1767/1497/1715 1766/1494/1715 1781/1518/1715 1782/1520/1715
f 1760/1498/1716 1759/1496/1716 1774/1519/1716 1775/1521/1716
f 1753/1500/1717 1367/1522/1717 1768/1523/1717
f 1377/1524/1718 1767/1497/1718 1782/1520/1718
f 1761/1502/1719 1760/1498/1719 1775/1521/1719 1776/1525/1719
f 1754/1503/1720 1753/1500/1720 1768/1523/1720 1769/1526/1720
f 1762/1504/1721 1761/1502/1721 1776/1525/1721 1777/1510/1721
f 1755/1505/1722 1754/1503/1722 1769/1526/1722 1770/1512/1722
f 1782/1520/1723 1781/1518/1723 1796/1527/1723 1797/1528/1723
f 1775/1521/1724 1774/1519/1724 1789/1529/1724 1790/1530/1724
f 1768/1523/1725 1367/1531/1725 1783/1532/1725
f 1377/1533/1726 1782/1520/1726 1797/1528/1726
f 1776/1525/1727 1775/1521/1727 1790/1530/1727 1791/1534/1727
f 1769/1526/1728 1768/1523/1728 1783/1532/1728 1784/1535/1728
f 1777/1510/1729 1776/1525/1729 1791/1534/1729 1792/1536/1729
f 1770/1512/1730 1769/1526/1730 1784/1535/1730 1785/1537/1730
f 1778/1511/1731 1777/1510/1731 1792/1536/1731 1793/1538/1731
f 1771/1513/1732 1770/1512/1732 1785/1537/1732 1786/1539/1732
f 1779/1514/1733 1778/1511/1733 1793/1538/1733 1794/1540/1733
f 1772/1515/1734 1771/1513/1734 1786/1539/1734 1787/1541/1734
f 1780/1516/1735 1779/1514/1735 1794/1540/1735 1795/1542/1735
f 1773/1517/1736 1772/1515/1736 1787/1541/1736 1788/1543/1736
f 1781/1518/1737 1780/1516/1737 1795/1542/1737 1796/1527/1737
f 1774/1519/1738 1773/1517/1738 1788/1543/1738 1789/1529/1738
f 1786/1539/1739 1785/1537/1739 1800/1544/1739 1801/1545/1739
f 1794/1540/1740 1793/1538/1740 1808/1546/1740 1809/1547/1740
f 1787/1541/1741 1786/1539/1741 1801/1545/1741 1802/1548/1741
f 1795/1542/1742 1794/1540/1742 1809/1547/1742 1810/1549/1742
f 1788/1543/1743 1787/1541/1743 1802/1548/1743 1803/1550/1743
f 1796/1527/1744 1795/1542/1744 1810/1549/1744 1811/1551/1744
f 1789/1529/1745 1788/1543/1745 1803/1550/1745 1804/1552/1745
f 1797/1528/1746 1796/1527/1746 1811/1551/1746 1812/1553/1746
f 1790/1530/1747 1789/1529/1747 1804/1552/1747 1805/1554/1747
f 1783/1532/1748 1367/1555/1748 1798/1556/1748
f 1377/1557/1749 1797/1528/1749 1812/1553/1749
f 1791/1534/1750 1790/1530/1750 1805/1554/1750 1806/1558/1750
f 1784/1535/1751 1783/1532/1751 1798/1556/1751 1799/1559/1751
f 1792/1536/1752 1791/1534/1752 1806/1558/1752 1807/1560/1752
f 1785/1537/1753 1784/1535/1753 1799/1559/1753 1800/1544/1753
f 1793/1538/1754 1792/1536/1754 1807/1560/1754 1808/1546/1754
f 1805/1554/1755 1804/1552/1755 1819/1561/1755 1820/1562/1755
f 1798/1556/1756 1367/1563/1756 1813/1564/1756
f 1377/1565/1757 1812/1553/1757 1827/1566/1757
f 1806/1558/1758 1805/1554/1758 1820/1562/1758 1821/1567/1758
f 1799/1559/1759 1798/1556/1759 1813/1564/1759 1814/1568/1759
f 1807/1560/1760 1806/1558/1760 1821/1567/1760 1822/1569/1760
f 1800/1544/1761 1799/1559/1761 1814/1568/1761 1815/1570/1761
f 1808/1546/1762 1807/1560/1762 1822/1569/1762 1823/1571/1762
f 1801/1545/1763 1800/1544/1763 1815/1570/1763 1816/1572/1763
f 1809/1547/1764 1808/1546/1764 1823/1571/1764 1824/1573/1764
f 1802/1548/1765 1801/1545/1765 1816/1572/1765 1817/1574/1765
f 1810/1549/1766 1809/1547/1766 1824/1573/1766 1825/1575/1766
f 1803/1550/1767 1802/1548/1767 1817/1574/1767 1818/1576/1767
f 1811/1551/1768 1810/1549/1768 1825/1575/1768 1826/1577/1768
f 1804/1552/1769 1803/1550/1769 1818/1576/1769 1819/1561/1769
f 1812/1553/1770 1811/1551/1770 1826/1577/1770 1827/1566/1770
f 1824/1573/1771 1823/1571/1771 1838/1578/1771 1839/1579/1771
f 1817/1574/1772 1816/1572/1772 1831/1580/1772 1832/1581/1772
f 1825/1575/1773 1824/1573/1773 1839/1579/1773 1840/1582/1773
f 1818/1576/1774 1817/1574/1774 1832/1581/1774 1833/1583/1774
f 1826/1577/1775 1825/1575/1775 1840/1582/1775 1841/1584/1775
f 1819/1561/1776 1818/1576/1776 1833/1583/1776 1834/1585/1776
f 1827/1566/1777 1826/1577/1777 1841/1584/1777 1842/1586/1777
f 1820/1562/1778 1819/1561/1778 1834/1585/1778 1835/1587/1778
f 1813/1564/1779 1367/1588/1779 1828/1589/1779
f 1377/1590/1780 1827/1566/1780 1842/1586/1780
f 1821/1567/1781 1820/1562/1781 1835/1587/1781 1836/1591/1781
f 1814/1568/1782 1813/1564/1782 1828/1589/1782 1829/1592/1782
f 1822/1569/1783 1821/1567/1783 1836/1591/1783 1837/1593/1783
f 1815/1570/1784 1814/1568/1784 1829/1592/1784 1830/1594/1784
f 1823/1571/1785 1822/1569/1785 1837/1593/1785 1838/1578/1785
f 1816/1572/1786 1815/1570/1786 1830/1594/1786 1831/1580/1786
f 1828/1589/1787 1367/1595/1787 1368/1042/1787
f 1377/1596/1788 1842/1586/1788 1376/1046/1788
f 1836/1591/1789 1835/1587/1789 1372/1038/1789 1373/1048/1789
f 1829/1592/1790 1828/1589/1790 1368/1042/1790 1843/1050/1790
f 1837/1593/1791 1836/1591/1791 1373/1048/1791 1846/1052/1791
f 1830/1594/1792 1829/1592/1792 1843/1050/1792 1369/1054/1792
f 1838/1578/1793 1837/1593/1793 1846/1052/1793 1374/1056/1793
f 1831/1580/1794 1830/1594/1794 1369/1054/1794 1370/1058/1794
f 1839/1579/1795 1838/1578/1795 1374/1056/1795 1847/1060/1795
f 1832/1581/1796 1831/1580/1796 1370/1058/1796 1844/1062/1796
f 1840/1582/1797 1839/1579/1797 1847/1060/1797 1375/1064/1797
f 1833/1583/1798 1832/1581/1798 1844/1062/1798 1371/1066/1798
f 1841/1584/1799 1840/1582/1799 1375/1064/1799 1848/1068/1799
f 1834/1585/1800 1833/1583/1800 1371/1066/1800 1845/1039/1800
f 1842/1586/1801 1841/1584/1801 1848/1068/1801 1376/1046/1801
f 1835/1587/1802 1834/1585/1802 1845/1039/1802 1372/1038/1802
o Sphere.002
v -0.170000 0.054000 -0.085000
v -0.170000 0.053923 -0.085780
v -0.170000 0.053326 -0.087222
v -0.170000 0.052828 -0.087828
v -0.170000 0.051531 -0.088696
v -0.170000 0.050000 -0.089000
v -0.170000 0.049220 -0.088923
v -0.170000 0.047778 -0.088326
v -0.170000 0.046674 -0.087222
v -0.170000 0.046077 -0.085780
v -0.170000 0.046000 -0.085000
v -0.169848 0.053923 -0.085765
v -0.169701 0.053696 -0.086501
v -0.169566 0.053326 -0.087180
v -0.169448 0.052828 -0.087774
v -0.169351 0.052222 -0.088262
v -0.169279 0.051531 -0.088625
v -0.169235 0.050780 -0.088848
v -0.169220 0.050000 -0.088923
v -0.169235 0.049220 -0.088848
v -0.169279 0.048469 -0.088625
v -0.169351 0.047778 -0.088262
v -0.169448 0.047172 -0.087774
v -0.169566 0.046674 -0.087180
v -0.169701 0.046304 -0.086501
v -0.169848 0.046077 -0.085765
v -0.169701 0.053923 -0.085721
v -0.169414 0.053696 -0.086414
v -0.169150 0.053326 -0.087053
v -0.168918 0.052828 -0.087613
v -0.168727 0.052222 -0.088073
v -0.168586 0.051531 -0.088414
v -0.168499 0.050780 -0.088625
v -0.168469 0.050000 -0.088696
v -0.168499 0.049220 -0.088625
v -0.168586 0.048469 -0.088414
v -0.168727 0.047778 -0.088073
v -0.168918 0.047172 -0.087613
v -0.169150 0.046674 -0.087053
v -0.169414 0.046304 -0.086414
v -0.169701 0.046077 -0.085721
v -0.169566 0.053923 -0.085649
v -0.169150 0.053696 -0.086273
v -0.168765 0.053326 -0.086848
v -0.168429 0.052828 -0.087352
v -0.168152 0.052222 -0.087765
v -0.167947 0.051531 -0.088073
v -0.167820 0.050780 -0.088262
v -0.167778 0.050000 -0.088326
v -0.167820 0.049220 -0.088262
v -0.167947 0.048469 -0.088073
v -0.168152 0.047778 -0.087765
v -0.168429 0.047172 -0.087352
v -0.168765 0.046674 -0.086848
v -0.169150 0.046304 -0.086273
v -0.169566 0.046077 -0.085649
v -0.169448 0.053923 -0.085552
v -0.168918 0.053696 -0.086082
v -0.168429 0.053326 -0.086571
v -0.168000 0.052828 -0.087000
v -0.167648 0.052222 -0.087352
v -0.167387 0.051531 -0.087613
v -0.167226 0.050780 -0.087774
v -0.167172 0.050000 -0.087828
v -0.167226 0.049220 -0.087774
v -0.167387 0.048469 -0.087613
v -0.167648 0.047778 -0.087352
v -0.168000 0.047172 -0.087000
v -0.168429 0.046674 -0.086571
v -0.168918 0.046304 -0.086082
v -0.169448 0.046077 -0.085552
v -0.169351 0.053923 -0.085434
v -0.168727 0.053696 -0.085850
v -0.168152 0.053326 -0.086235
v -0.167648 0.052828 -0.086571
v -0.167235 0.052222 -0.086848
v -0.166927 0.051531 -0.087053
v -0.166738 0.050780 -0.087180
v -0.166674 0.050000 -0.087222
v -0.166738 0.049220 -0.087180
v -0.166927 0.048469 -0.087053
v -0.167235 0.047778 -0.086848
v -0.167648 0.047172 -0.086571
v -0.168152 0.046674 -0.086235
v -0.168727 0.046304 -0.085850
v -0.169351 0.046077 -0.085434
v -0.169279 0.053923 -0.085299
v -0.168586 0.053696 -0.085586
v -0.167947 0.053326 -0.085850
v -0.167387 0.052828 -0.086082
v -0.166927 0.052222 -0.086273
v -0.166586 0.051531 -0.086414
v -0.166375 0.050780 -0.086501
v -0.166304 0.050000 -0.086531
v -0.166375 0.049220 -0.086501
v -0.166586 0.048469 -0.086414
v -0.166927 0.047778 -0.086273
v -0.167387 0.047172 -0.086082
v -0.167947 0.046674 -0.085850
v -0.168586 0.046304 -0.085586
v -0.169279 0.046077 -0.085299
v -0.169235 0.053923 -0.085152
v -0.168499 0.053696 -0.085299
v -0.167820 0.053326 -0.085434
v -0.167226 0.052828 -0.085552
v -0.166738 0.052222 -0.085649
v -0.166375 0.051531 -0.085721
v -0.166152 0.050780 -0.085765
v -0.166077 0.050000 -0.085780
v -0.166152 0.049220 -0.085765
v -0.166375 0.048469 -0.085721
v -0.166738 0.047778 -0.085649
v -0.167226 0.047172 -0.085552
v -0.167820 0.046674 -0.085434
v -0.168499 0.046304 -0.085299
v -0.169235 0.046077 -0.085152
v -0.169220 0.053923 -0.085000
v -0.168469 0.053696 -0.085000
v -0.167778 0.053326 -0.085000
v -0.167172 0.052828 -0.085000
v -0.166674 0.052222 -0.085000
v -0.166304 0.051531 -0.085000
v -0.166077 0.050780 -0.085000
v -0.166000 0.050000 -0.085000
v -0.166077 0.049220 -0.085000
v -0.166304 0.048469 -0.085000
v -0.166674 0.047778 -0.085000
v -0.167172 0.047172 -0.085000
v -0.167778 0.046674 -0.085000
v -0.168469 0.046304 -0.085000
v -0.169220 0.046077 -0.085000
v -0.169235 0.053923 -0.084848
v -0.168499 0.053696 -0.084701
v -0.167820 0.053326 -0.084566
v -0.167226 0.052828 -0.084448
v -0.166738 0.052222 -0.084351
v -0.166375 0.051531 -0.084279
v -0.166152 0.050780 -0.084235
v -0.166077 0.050000 -0.084220
v -0.166152 0.049220 -0.084235
v -0.166375 0.048469 -0.084279
v -0.166738 0.047778 -0.084351
v -0.167226 0.047172 -0.084448
v -0.167820 0.046674 -0.084566
v -0.168499 0.046304 -0.084701
v -0.169235 0.046077 -0.084848
v -0.169279 0.053923 -0.084701
v -0.168586 0.053696 -0.084414
v -0.167947 0.053326 -0.084150
v -0.167387 0.052828 -0.083918
v -0.166927 0.052222 -0.083727
v -0.166586 0.051531 -0.083586
v -0.166375 0.050780 -0.083499
v -0.166304 0.050000 -0.083469
v -0.166375 0.049220 -0.083499
v -0.166586 0.048469 -0.083586
v -0.166927 0.047778 -0.083727
v -0.167387 0.047172 -0.083918
v -0.167947 0.046674 -0.084150
v -0.168586 0.046304 -0.084414
v -0.169279 0.046077 -0.084701
v -0.169351 0.053923 -0.084566
v -0.168727 0.053696 -0.084150
v -0.168152 0.053326 -0.083765
v -0.167648 0.052828 -0.083429
v -0.167235 0.052222 -0.083152
v -0.166927 0.051531 -0.082947
v -0.166738 0.050780 -0.082820
v -0.166674 0.050000 -0.082778
v -0.166738 0.049220 -0.082820
v -0.166927 0.048469 -0.082947
v -0.167235 0.047778 -0.083152
v -0.167648 0.047172 -0.083429
v -0.168152 0.046674 -0.083765
v -0.168727 0.046304 -0.084150
v -0.169351 0.046077 -0.084566
v -0.169448 0.053923 -0.084448
v -0.168918 0.053696 -0.083918
v -0.168429 0.053326 -0.083429
v -0.168000 0.052828 -0.083000
v -0.167648 0.052222 -0.082648
v -0.167387 0.051531 -0.082387
v -0.167226 0.050780 -0.082226
v -0.167172 0.050000 -0.082172
v -0.167226 0.049220 -0.082226
v -0.167387 0.048469 -0.082387
v -0.167648 0.047778 -0.082648
v -0.168000 0.047172 -0.083000
v -0.168429 0.046674 -0.083429
v -0.168918 0.046304 -0.083918
v -0.169448 0.046077 -0.084448
v -0.169566 0.053923 -0.084351
v -0.169150 0.053696 -0.083727
v -0.168765 0.053326 -0.083152
v -0.168429 0.052828 -0.082648
v -0.168152 0.052222 -0.082235
v -0.167947 0.051531 -0.081927
v -0.167820 0.050780 -0.081738
v -0.167778 0.050000 -0.081674
v -0.167820 0.049220 -0.081738
v -0.167947 0.048469 -0.081927
v -0.168152 0.047778 -0.082235
v -0.168429 0.047172 -0.082648
v -0.168765 0.046674 -0.083152
v -0.169150 0.046304 -0.083727
v -0.169566 0.046077 -0.084351
v -0.169701 0.053923 -0.084279
v -0.169414 0.053696 -0.083586
v -0.169150 0.053326 -0.082947
v -0.168918 0.052828 -0.082387
v -0.168727 0.052222 -0.081927
v -0.168586 0.051531 -0.081586
v -0.168499 0.050780 -0.081375
v -0.168469 0.050000 -0.081304
v -0.168499 0.049220 -0.081375
v -0.168586 0.048469 -0.081586
v -0.168727 0.047778 -0.081927
v -0.168918 0.047172 -0.082387
v -0.169150 0.046674 -0.082947
v -0.169414 0.046304 -0.083586
v -0.169701 0.046077 -0.084279
v -0.169848 0.053923 -0.084235
v -0.169701 0.053696 -0.083499
v -0.169566 0.053326 -0.082820
v -0.169448 0.052828 -0.082226
v -0.169351 0.052222 -0.081738
v -0.169279 0.051531 -0.081375
v -0.169235 0.050780 -0.081152
v -0.169220 0.050000 -0.081077
v -0.169235 0.049220 -0.081152
v -0.169279 0.048469 -0.081375
v -0.169351 0.047778 -0.081738
v -0.169448 0.047172 -0.082226
v -0.169566 0.046674 -0.082820
v -0.169701 0.046304 -0.083499
v -0.169848 0.046077 -0.084235
v -0.170000 0.053923 -0.084220
v -0.170000 0.053696 -0.083469
v -0.170000 0.053326 -0.082778
v -0.170000 0.052828 -0.082172
v -0.170000 0.052222 -0.081674
v -0.170000 0.051531 -0.081304
v -0.170000 0.050780 -0.081077
v -0.170000 0.050000 -0.081000
v -0.170000 0.049220 -0.081077
v -0.170000 0.048469 -0.081304
v -0.170000 0.047778 -0.081674
v -0.170000 0.047172 -0.082172
v -0.170000 0.046674 -0.082778
v -0.170000 0.046304 -0.083469
v -0.170000 0.046077 -0.084220
v -0.170152 0.053923 -0.084235
v -0.170299 0.053696 -0.083499
v -0.170434 0.053326 -0.082820
v -0.170552 0.052828 -0.082226
v -0.170649 0.052222 -0.081738
v -0.170721 0.051531 -0.081375
v -0.170765 0.050780 -0.081152
v -0.170780 0.050000 -0.081077
v -0.170765 0.049220 -0.081152
v -0.170721 0.048469 -0.081375
v -0.170649 0.047778 -0.081738
v -0.170552 0.047172 -0.082226
v -0.170434 0.046674 -0.082820
v -0.170299 0.046304 -0.083499
v -0.170152 0.046077 -0.084235
v -0.170299 0.053923 -0.084279
v -0.170586 0.053696 -0.083586
v -0.170850 0.053326 -0.082947
v -0.171082 0.052828 -0.082387
v -0.171273 0.052222 -0.081927
v -0.171414 0.051531 -0.081586
v -0.171501 0.050780 -0.081375
v -0.171531 0.050000 -0.081304
v -0.171501 0.049220 -0.081375
v -0.171414 0.048469 -0.081586
v -0.171273 0.047778 -0.081927
v -0.171082 0.047172 -0.082387
v -0.170850 0.046674 -0.082947
v -0.170586 0.046304 -0.083586
v -0.170299 0.046077 -0.084279
v -0.170434 0.053923 -0.084351
v -0.170850 0.053696 -0.083727
v -0.171235 0.053326 -0.083152
v -0.171571 0.052828 -0.082648
v -0.171848 0.052222 -0.082235
v -0.172053 0.051531 -0.081927
v -0.172180 0.050780 -0.081738
v -0.172222 0.050000 -0.081674
v -0.172180 0.049220 -0.081738
v -0.172053 0.048469 -0.081927
v -0.171848 0.047778 -0.082235
v -0.171571 0.047172 -0.082648
v -0.171235 0.046674 -0.083152
v -0.170850 0.046304 -0.083727
v -0.170434 0.046077 -0.084351
v -0.170552 0.053923 -0.084448
v -0.171082 0.053696 -0.083918
v -0.171571 0.053326 -0.083429
v -0.172000 0.052828 -0.083000
v -0.172352 0.052222 -0.082648
v -0.172613 0.051531 -0.082387
v -0.172774 0.050780 -0.082226
v -0.172828 0.050000 -0.082172
v -0.172774 0.049220 -0.082226
v -0.172613 0.048469 -0.082387
v -0.172352 0.047778 -0.082648
v -0.172000 0.047172 -0.083000
v -0.171571 0.046674 -0.083429
v -0.171082 0.046304 -0.083918
v -0.170552 0.046077 -0.084448
v -0.170649 0.053923 -0.084566
v -0.171273 0.053696 -0.084150
v -0.171848 0.053326 -0.083765
v -0.172352 0.052828 -0.083429
v -0.172765 0.052222 -0.083152
v -0.173073 0.051531 -0.082947
v -0.173262 0.050780 -0.082820
v -0.173326 0.050000 -0.082778
v -0.173262 0.049220 -0.082820
v -0.173073 0.048469 -0.082947
v -0.172765 0.047778 -0.083152
v -0.172352 0.047172 -0.083429
v -0.171848 0.046674 -0.083765
v -0.171273 0.046304 -0.084150
v -0.170649 0.046077 -0.084566
v -0.170721 0.053923 -0.084701
v -0.171414 0.053696 -0.084414
v -0.172053 0.053326 -0.084150
v -0.172613 0.052828 -0.083918
v -0.173073 0.052222 -0.083727
v -0.173414 0.051531 -0.083586
v -0.173625 0.050780 -0.083499
v -0.173696 0.050000 -0.083469
v -0.173625 0.049220 -0.083499
v -0.173414 0.048469 -0.083586
v -0.173073 0.047778 -0.083727
v -0.172613 0.047172 -0.083918
v -0.172053 0.046674 -0.084150
v -0.171414 0.046304 -0.084414
v -0.170721 0.046077 -0.084701
v -0.170765 0.053923 -0.084848
v -0.171501 0.053696 -0.084701
v -0.172180 0.053326 -0.084566
v -0.172774 0.052828 -0.084448
v -0.173262 0.052222 -0.084351
v -0.173625 0.051531 -0.084279
v -0.173848 0.050780 -0.084235
v -0.173923 0.050000 -0.084220
v -0.173848 0.049220 -0.084235
v -0.173625 0.048469 -0.084279
v -0.173262 0.047778 -0.084351
v -0.172774 0.047172 -0.084448
v -0.172180 0.046674 -0.084566
v -0.171501 0.046304 -0.084701
v -0.170765 0.046077 -0.084848
v -0.170780 0.053923 -0.085000
v -0.171531 0.053696 -0.085000
v -0.172222 0.053326 -0.085000
v -0.172828 0.052828 -0.085000
v -0.173326 0.052222 -0.085000
v -0.173696 0.051531 -0.085000
v -0.173923 0.050780 -0.085000
v -0.174000 0.050000 -0.085000
v -0.173923 0.049220 -0.085000
v -0.173696 0.048469 -0.085000
v -0.173326 0.047778 -0.085000
v -0.172828 0.047172 -0.085000
v -0.172222 0.046674 -0.085000
v -0.171531 0.046304 -0.085000
v -0.170780 0.046077 -0.085000
v -0.170765 0.053923 -0.085152
v -0.171501 0.053696 -0.085299
v -0.172180 0.053326 -0.085434
v -0.172774 0.052828 -0.085552
v -0.173262 0.052222 -0.085649
v -0.173625 0.051531 -0.085721
v -0.173848 0.050780 -0.085765
v -0.173923 0.050000 -0.085780
v -0.173848 0.049220 -0.085765
v -0.173625 0.048469 -0.085721
v -0.173262 0.047778 -0.085649
v -0.172774 0.047172 -0.085552
v -0.172180 0.046674 -0.085434
v -0.171501 0.046304 -0.085299
v -0.170765 0.046077 -0.085152
v -0.170721 0.053923 -0.085299
v -0.171414 0.053696 -0.085586
v -0.172053 0.053326 -0.085850
v -0.172613 0.052828 -0.086082
v -0.173073 0.052222 -0.086273
v -0.173414 0.051531 -0.086414
v -0.173625 0.050780 -0.086501
v -0.173696 0.050000 -0.086531
v -0.173625 0.049220 -0.086501
v -0.173414 0.048469 -0.086414
v -0.173073 0.047778 -0.086273
v -0.172613 0.047172 -0.086082
v -0.172053 0.046674 -0.085850
v -0.171414 0.046304 -0.085586
v -0.170721 0.046077 -0.085299
v -0.170649 0.053923 -0.085434
v -0.171273 0.053696 -0.085850
v -0.171848 0.053326 -0.086235
v -0.172352 0.052828 -0.086571
v -0.172765 0.052222 -0.086848
v -0.173073 0.051531 -0.087053
v -0.173262 0.050780 -0.087180
v -0.173326 0.050000 -0.087222
v -0.173262 0.049220 -0.087180
v -0.173073 0.048469 -0.087053
v -0.172765 0.047778 -0.086848
v -0.172352 0.047172 -0.086571
v -0.171848 0.046674 -0.086235
v -0.171273 0.046304 -0.085850
v -0.170649 0.046077 -0.085434
v -0.170552 0.053923 -0.085552
v -0.171082 0.053696 -0.086082
v -0.171571 0.053326 -0.086571
v -0.172000 0.052828 -0.087000
v -0.172352 0.052222 -0.087352
v -0.172613 0.051531 -0.087613
v -0.172774 0.050780 -0.087774
v -0.172828 0.050000 -0.087828
v -0.172774 0.049220 -0.087774
v -0.172613 0.048469 -0.087613
v -0.172352 0.047778 -0.087352
v -0.172000 0.047172 -0.087000
v -0.171571 0.046674 -0.086571
v -0.171082 0.046304 -0.086082
v -0.170552 0.046077 -0.085552
v -0.170434 0.053923 -0.085649
v -0.170850 0.053696 -0.086273
v -0.171235 0.053326 -0.086848
v -0.171571 0.052828 -0.087352
v -0.171848 0.052222 -0.087765
v -0.172053 0.051531 -0.088073
v -0.172180 0.050780 -0.088262
v -0.172222 0.050000 -0.088326
v -0.172180 0.049220 -0.088262
v -0.172053 0.048469 -0.088073
v -0.171848 0.047778 -0.087765
v -0.171571 0.047172 -0.087352
v -0.171235 0.046674 -0.086848
v -0.170850 0.046304 -0.086273
v -0.170434 0.046077 -0.085649
v -0.170299 0.053923 -0.085721
v -0.170586 0.053696 -0.086414
v -0.170850 0.053326 -0.087053
v -0.171082 0.052828 -0.087613
v -0.171273 0.052222 -0.088073
v -0.171414 0.051531 -0.088414
v -0.171501 0.050780 -0.088625
v -0.171531 0.050000 -0.088696
v -0.171501 0.049220 -0.088625
v -0.171414 0.048469 -0.088414
v -0.171273 0.047778 -0.088073
v -0.171082 0.047172 -0.087613
v -0.170850 0.046674 -0.087053
v -0.170586 0.046304 -0.086414
v -0.170299 0.046077 -0.085721
v -0.170152 0.053923 -0.085765
v -0.170299 0.053696 -0.086501
v -0.170434 0.053326 -0.087180
v -0.170552 0.052828 -0.087774
v -0.170649 0.052222 -0.088262
v -0.170721 0.051531 -0.088625
v -0.170765 0.050780 -0.088848
v -0.170780 0.050000 -0.088923
v -0.170765 0.049220 -0.088848
v -0.170721 0.048469 -0.088625
v -0.170649 0.047778 -0.088262
v -0.170552 0.047172 -0.087774
v -0.170434 0.046674 -0.087180
v -0.170299 0.046304 -0.086501
v -0.170152 0.046077 -0.085765
v -0.170000 0.053696 -0.086531
v -0.170000 0.052222 -0.088326
v -0.170000 0.050780 -0.088923
v -0.170000 0.048469 -0.088696
v -0.170000 0.047172 -0.087828
v -0.170000 0.046304 -0.086531
vn 0.0097 0.9951 -0.0980
vn 0.0097 -0.9951 -0.0980
vn 0.0975 -0.0975 -0.9904
vn 0.0286 0.9565 -0.2902
vn 0.0938 -0.2890 -0.9527
vn 0.0464 0.8810 -0.4709
vn 0.0865 -0.4696 -0.8786
vn 0.0624 0.7715 -0.6332
vn 0.0759 -0.6326 -0.7708
vn 0.0759 0.6326 -0.7708
vn 0.0624 -0.7715 -0.6332
vn 0.0865 0.4696 -0.8786
vn 0.0464 -0.8810 -0.4709
vn 0.0938 0.2890 -0.9527
vn 0.0286 -0.9565 -0.2902
vn 0.0975 0.0976 -0.9904
vn 0.0846 -0.9565 -0.2790
vn 0.2889 0.0975 -0.9524
vn 0.0286 0.9951 -0.0942
vn 0.0286 -0.9951 -0.0942
vn 0.2889 -0.0975 -0.9524
vn 0.0846 0.9565 -0.2790
vn 0.2779 -0.2890 -0.9161
vn 0.1374 0.8810 -0.4528
vn 0.2563 -0.4696 -0.8448
vn 0.1847 0.7715 -0.6088
vn 0.2248 -0.6326 -0.7412
vn 0.2248 0.6326 -0.7412
vn 0.1847 -0.7715 -0.6088
vn 0.2563 0.4696 -0.8448
vn 0.1374 -0.8810 -0.4528
vn 0.2779 0.2890 -0.9161
vn 0.2999 0.7715 -0.5611
vn 0.3651 -0.6326 -0.6831
vn 0.3651 0.6326 -0.6831
vn 0.2999 -0.7715 -0.5611
vn 0.4162 0.4696 -0.7786
vn 0.2230 -0.8810 -0.4173
vn 0.4513 0.2890 -0.8443
vn 0.1374 -0.9565 -0.2571
vn 0.4691 0.0975 -0.8777
vn 0.0464 0.9951 -0.0869
vn 0.0464 -0.9951 -0.0869
vn 0.4691 -0.0975 -0.8777
vn 0.1374 0.9565 -0.2571
vn 0.4513 -0.2890 -0.8443
vn 0.2230 0.8810 -0.4173
vn 0.4162 -0.4696 -0.7786
vn 0.6314 0.0975 -0.7693
vn 0.0625 0.9951 -0.0761
vn 0.0625 -0.9951 -0.0761
vn 0.6314 -0.0975 -0.7693
vn 0.1850 0.9565 -0.2254
vn 0.6073 -0.2890 -0.7400
vn 0.3002 0.8810 -0.3658
vn 0.5601 -0.4696 -0.6825
vn 0.4036 0.7715 -0.4918
vn 0.4913 -0.6326 -0.5987
vn 0.4913 0.6326 -0.5987
vn 0.4036 -0.7715 -0.4918
vn 0.5601 0.4696 -0.6825
vn 0.3002 -0.8810 -0.3658
vn 0.6073 0.2890 -0.7400
vn 0.1850 -0.9565 -0.2254
vn 0.5987 -0.6326 -0.4913
vn 0.5987 0.6326 -0.4913
vn 0.4918 -0.7715 -0.4036
vn 0.6825 0.4696 -0.5601
vn 0.3658 -0.8810 -0.3002
vn 0.7400 0.2890 -0.6073
vn 0.2254 -0.9565 -0.1850
vn 0.7693 0.0975 -0.6314
vn 0.0761 0.9951 -0.0625
vn 0.0761 -0.9951 -0.0625
vn 0.7693 -0.0975 -0.6314
vn 0.2254 0.9565 -0.1850
vn 0.7400 -0.2890 -0.6073
vn 0.3658 0.8810 -0.3002
vn 0.6825 -0.4696 -0.5601
vn 0.4918 0.7715 -0.4036
vn 0.0869 0.9951 -0.0464
vn 0.0869 -0.9951 -0.0464
vn 0.8777 -0.0975 -0.4691
vn 0.2571 0.9565 -0.1374
vn 0.8443 -0.2890 -0.4513
vn 0.4173 0.8810 -0.2230
vn 0.7786 -0.4696 -0.4162
vn 0.5611 0.7715 -0.2999
vn 0.6831 -0.6326 -0.3651
vn 0.6831 0.6326 -0.3651
vn 0.5611 -0.7715 -0.2999
vn 0.7786 0.4696 -0.4162
vn 0.4173 -0.8810 -0.2230
vn 0.8443 0.2890 -0.4513
vn 0.2571 -0.9565 -0.1374
vn 0.8777 0.0975 -0.4691
vn 0.7412 0.6326 -0.2248
vn 0.6088 -0.7715 -0.1847
vn 0.8448 0.4696 -0.2563
vn 0.4528 -0.8810 -0.1374
vn 0.9161 0.2890 -0.2779
vn 0.2790 -0.9565 -0.0846
vn 0.9524 0.0975 -0.2889
vn 0.0942 0.9951 -0.0286
vn 0.0942 -0.9951 -0.0286
vn 0.9524 -0.0975 -0.2889
vn 0.2790 0.9565 -0.0846
vn 0.9161 -0.2890 -0.2779
vn 0.4528 0.8810 -0.1374
vn 0.8448 -0.4696 -0.2563
vn 0.6088 0.7715 -0.1847
vn 0.7412 -0.6326 -0.2248
vn 0.9904 -0.0976 -0.0975
vn 0.2902 0.9565 -0.0286
vn 0.9527 -0.2890 -0.0938
vn 0.4709 0.8810 -0.0464
vn 0.8786 -0.4696 -0.0865
vn 0.6332 0.7715 -0.0624
vn 0.7708 -0.6326 -0.0759
vn 0.7708 0.6326 -0.0759
vn 0.6332 -0.7715 -0.0624
vn 0.8786 0.4696 -0.0865
vn 0.4709 -0.8810 -0.0464
vn 0.9527 0.2890 -0.0938
vn 0.2902 -0.9565 -0.0286
vn 0.9904 0.0976 -0.0975
vn 0.0980 0.9951 -0.0097
vn 0.0980 -0.9951 -0.0097
vn 0.6332 -0.7715 0.0624
vn 0.8786 0.4696 0.0865
vn 0.4709 -0.8810 0.0464
vn 0.9527 0.2890 0.0938
vn 0.2902 -0.9565 0.0286
vn 0.9904 0.0976 0.0975
vn 0.0980 0.9951 0.0097
vn 0.0980 -0.9951 0.0097
vn 0.9904 -0.0976 0.0975
vn 0.2902 0.9565 0.0286
vn 0.9527 -0.2890 0.0938
vn 0.4709 0.8810 0.0464
vn 0.8786 -0.4696 0.0865
vn 0.6332 0.7715 0.0624
vn 0.7708 -0.6326 0.0759
vn 0.7708 0.6326 0.0759
vn 0.9161 -0.2890 0.2779
vn 0.4528 0.8810 0.1374
vn 0.8448 -0.4696 0.2563
vn 0.6088 0.7715 0.1847
vn 0.7412 -0.6326 0.2248
vn 0.7412 0.6326 0.2248
vn 0.6088 -0.7715 0.1847
vn 0.8448 0.4696 0.2563
vn 0.4528 -0.8810 0.1374
vn 0.9161 0.2890 0.2779
vn 0.2790 -0.9565 0.0846
vn 0.9524 0.0976 0.2889
vn 0.0942 0.9951 0.0286
vn 0.0942 -0.9951 0.0286
vn 0.9524 -0.0976 0.2889
vn 0.2790 0.9565 0.0846
vn 0.4173 -0.8810 0.2230
vn 0.8443 0.2890 0.4513
vn 0.2571 -0.9565 0.1374
vn 0.8777 0.0976 0.4691
vn 0.0869 0.9951 0.0464
vn 0.0869 -0.9951 0.0464
vn 0.8777 -0.0976 0.4691
vn 0.2571 0.9565 0.1374
vn 0.8443 -0.2890 0.4513
vn 0.4173 0.8810 0.2230
vn 0.7786 -0.4696 0.4162
vn 0.5611 0.7715 0.2999
vn 0.6831 -0.6326 0.3651
vn 0.6831 0.6326 0.3651
vn 0.5611 -0.7715 0.2999
vn 0.7786 0.4696 0.4162
vn 0.3658 0.8810 0.3002
vn 0.6825 -0.4696 0.5601
vn 0.4918 0.7715 0.4036
vn 0.5987 -0.6326 0.4913
vn 0.5987 0.6326 0.4913
vn 0.4918 -0.7715 0.4036
vn 0.6825 0.4696 0.5601
vn 0.3658 -0.8810 0.3002
vn 0.7400 0.2890 0.6073
vn 0.2254 -0.9565 0.1850
vn 0.7693 0.0976 0.6314
vn 0.0761 0.9951 0.0625
vn 0.0761 -0.9951 0.0625
vn 0.7693 -0.0976 0.6314
vn 0.2254 0.9565 0.1850
vn 0.7400 -0.2890 0.6073
vn 0.6073 0.2890 0.7400
vn 0.1850 -0.9565 0.2254
vn 0.6314 0.0976 0.7693
vn 0.0625 0.9951 0.0761
vn 0.0625 -0.9951 0.0761
vn 0.6314 -0.0976 0.7693
vn 0.1850 0.9565 0.2254
vn 0.6073 -0.2890 0.7400
vn 0.3002 0.8810 0.3658
vn 0.5601 -0.4696 0.6825
vn 0.4036 0.7715 0.4918
vn 0.4913 -0.6326 0.5987
vn 0.4913 0.6326 0.5987
vn 0.4036 -0.7715 0.4918
vn 0.5601 0.4696 0.6825
vn 0.3002 -0.8810 0.3658
vn 0.4162 -0.4696 0.7786
vn 0.2999 0.7715 0.5611
vn 0.3651 -0.6326 0.6831
vn 0.3651 0.6326 0.6831
vn 0.2999 -0.7715 0.5611
vn 0.4162 0.4696 0.7786
vn 0.2231 -0.8810 0.4173
vn 0.4513 0.2890 0.8443
vn 0.1374 -0.9565 0.2571
vn 0.4691 0.0976 0.8777
vn 0.0464 0.9951 0.0869
vn 0.0464 -0.9951 0.0869
vn 0.4691 -0.0976 0.8777
vn 0.1374 0.9565 0.2571
vn 0.4513 -0.2890 0.8443
vn 0.2231 0.8810 0.4173
vn 0.0846 -0.9565 0.2790
vn 0.2889 0.0975 0.9524
vn 0.0286 0.9951 0.0942
vn 0.0286 -0.9951 0.0942
vn 0.2889 -0.0976 0.9524
vn 0.0846 0.9565 0.2790
vn 0.2779 -0.2890 0.9161
vn 0.1374 0.8810 0.4528
vn 0.2563 -0.4696 0.8448
vn 0.1847 0.7715 0.6088
vn 0.2248 -0.6326 0.7412
vn 0.2248 0.6326 0.7412
vn 0.1847 -0.7715 0.6088
vn 0.2563 0.4696 0.8448
vn 0.1374 -0.8810 0.4528
vn 0.2779 0.2890 0.9161
vn 0.0624 0.7715 0.6332
vn 0.0759 -0.6326 0.7708
vn 0.0759 0.6326 0.7708
vn 0.0624 -0.7715 0.6332
vn 0.0865 0.4696 0.8786
vn 0.0464 -0.8810 0.4709
vn 0.0938 0.2890 0.9527
vn 0.0286 -0.9565 0.2902
vn 0.0975 0.0975 0.9904
vn 0.0097 0.9951 0.0980
vn 0.0097 -0.9951 0.0980
vn 0.0975 -0.0975 0.9904
vn 0.0286 0.9565 0.2902
vn 0.0938 -0.2890 0.9527
vn 0.0464 0.8810 0.4709
vn 0.0865 -0.4696 0.8786
vn -0.0975 0.0975 0.9904
vn -0.0097 0.9951 0.0980
vn -0.0097 -0.9951 0.0980
vn -0.0975 -0.0975 0.9904
vn -0.0286 0.9565 0.2902
vn -0.0938 -0.2890 0.9527
vn -0.0464 0.8810 0.4709
vn -0.0865 -0.4696 0.8786
vn -0.0624 0.7715 0.6332
vn -0.0759 -0.6326 0.7708
vn -0.0759 0.6326 0.7708
vn -0.0624 -0.7715 0.6332
vn -0.0865 0.4696 0.8786
vn -0.0464 -0.8810 0.4709
vn -0.0938 0.2890 0.9527
vn -0.0286 -0.9565 0.2902
vn -0.2248 -0.6326 0.7412
vn -0.2248 0.6326 0.7412
vn -0.1847 -0.7715 0.6088
vn -0.2563 0.4696 0.8448
vn -0.1374 -0.8810 0.4528
vn -0.2779 0.2890 0.9161
vn -0.0846 -0.9565 0.2790
vn -0.2889 0.0976 0.9524
vn -0.0286 0.9951 0.0942
vn -0.0286 -0.9951 0.0942
vn -0.2889 -0.0976 0.9524
vn -0.0846 0.9565 0.2790
vn -0.2779 -0.2890 0.9161
vn -0.1374 0.8810 0.4528
vn -0.2563 -0.4696 0.8448
vn -0.1847 0.7715 0.6088
vn -0.0464 -0.9951 0.0869
vn -0.4691 -0.0976 0.8777
vn -0.1374 0.9565 0.2571
vn -0.4513 -0.2890 0.8443
vn -0.2231 0.8810 0.4173
vn -0.4162 -0.4696 0.7786
vn -0.2999 0.7715 0.5611
vn -0.3651 -0.6326 0.6831
vn -0.3651 0.6326 0.6831
vn -0.2999 -0.7715 0.5611
vn -0.4162 0.4696 0.7786
vn -0.2231 -0.8810 0.4173
vn -0.4513 0.2890 0.8443
vn -0.1374 -0.9565 0.2571
vn -0.4691 0.0976 0.8777
vn -0.0464 0.9951 0.0869
vn -0.4036 -0.7715 0.4918
vn -0.5601 0.4696 0.6825
vn -0.3002 -0.8810 0.3658
vn -0.6073 0.2890 0.7400
vn -0.1850 -0.9565 0.2254
vn -0.6314 0.0976 0.7693
vn -0.0625 0.9951 0.0761
vn -0.0625 -0.9951 0.0761
vn -0.6314 -0.0976 0.7693
vn -0.1850 0.9565 0.2254
vn -0.6073 -0.2890 0.7400
vn -0.3002 0.8810 0.3658
vn -0.5601 -0.4696 0.6825
vn -0.4036 0.7715 0.4918
vn -0.4913 -0.6326 0.5987
vn -0.4913 0.6326 0.5987
vn -0.2254 0.9565 0.1850
vn -0.7400 -0.2890 0.6073
vn -0.3658 0.8810 0.3002
vn -0.6825 -0.4696 0.5601
vn -0.4918 0.7715 0.4036
vn -0.5987 -0.6326 0.4913
vn -0.5987 0.6326 0.4913
vn -0.4918 -0.7715 0.4036
vn -0.6825 0.4696 0.5601
vn -0.3658 -0.8810 0.3002
vn -0.7400 0.2890 0.6073
vn -0.2254 -0.9565 0.1850
vn -0.7693 0.0976 0.6314
vn -0.0761 0.9951 0.0625
vn -0.0761 -0.9951 0.0625
vn -0.7693 -0.0976 0.6314
vn -0.7786 0.4696 0.4162
vn -0.4173 -0.8810 0.2230
vn -0.8443 0.2890 0.4513
vn -0.2571 -0.9565 0.1374
vn -0.8777 0.0976 0.4691
vn -0.0869 0.9951 0.0464
vn -0.0869 -0.9951 0.0464
vn -0.8777 -0.0976 0.4691
vn -0.2571 0.9565 0.1374
vn -0.8443 -0.2890 0.4513
vn -0.4173 0.8810 0.2230
vn -0.7786 -0.4696 0.4162
vn -0.5611 0.7715 0.2999
vn -0.6831 -0.6326 0.3651
vn -0.6831 0.6326 0.3651
vn -0.5611 -0.7715 0.2999
vn -0.9161 -0.2890 0.2779
vn -0.4528 0.8810 0.1374
vn -0.8448 -0.4696 0.2563
vn -0.6088 0.7715 0.1847
vn -0.7412 -0.6326 0.2248
vn -0.7412 0.6326 0.2248
vn -0.6088 -0.7715 0.1847
vn -0.8448 0.4696 0.2563
vn -0.4528 -0.8810 0.1374
vn -0.9161 0.2890 0.2779
vn -0.2790 -0.9565 0.0846
vn -0.9524 0.0976 0.2889
vn -0.0942 0.9951 0.0286
vn -0.0942 -0.9951 0.0286
vn -0.9524 -0.0976 0.2889
vn -0.2790 0.9565 0.0846
vn -0.4709 -0.8810 0.0464
vn -0.9527 0.2890 0.0938
vn -0.2902 -0.9565 0.0286
vn -0.9904 0.0976 0.0975
vn -0.0980 0.9951 0.0097
vn -0.0980 -0.9951 0.0097
vn -0.9904 -0.0976 0.0975
vn -0.2902 0.9565 0.0286
vn -0.9527 -0.2890 0.0938
vn -0.4709 0.8810 0.0464
vn -0.8786 -0.4696 0.0865
vn -0.6332 0.7715 0.0624
vn -0.7708 -0.6326 0.0759
vn -0.7708 0.6326 0.0759
vn -0.6332 -0.7715 0.0624
vn -0.8786 0.4696 0.0865
vn -0.4709 0.8810 -0.0464
vn -0.8786 -0.4696 -0.0865
vn -0.6332 0.7715 -0.0624
vn -0.7708 -0.6326 -0.0759
vn -0.7708 0.6326 -0.0759
vn -0.6332 -0.7715 -0.0624
vn -0.8786 0.4696 -0.0865
vn -0.4709 -0.8810 -0.0464
vn -0.9527 0.2890 -0.0938
vn -0.2902 -0.9565 -0.0286
vn -0.9904 0.0976 -0.0976
vn -0.0980 0.9951 -0.0097
vn -0.0980 -0.9951 -0.0097
vn -0.9904 -0.0976 -0.0976
vn -0.2902 0.9565 -0.0286
vn -0.9527 -0.2890 -0.0938
vn -0.9161 0.2890 -0.2779
vn -0.2790 -0.9565 -0.0846
vn -0.9524 0.0976 -0.2889
vn -0.0942 0.9951 -0.0286
vn -0.0942 -0.9951 -0.0286
vn -0.9524 -0.0976 -0.2889
vn -0.2790 0.9565 -0.0846
vn -0.9161 -0.2890 -0.2779
vn -0.4528 0.8810 -0.1374
vn -0.8448 -0.4696 -0.2563
vn -0.6088 0.7715 -0.1847
vn -0.7412 -0.6326 -0.2248
vn -0.7412 0.6326 -0.2248
vn -0.6088 -0.7715 -0.1847
vn -0.8448 0.4696 -0.2563
vn -0.4528 -0.8810 -0.1374
vn -0.7786 -0.4696 -0.4162
vn -0.5611 0.7715 -0.2999
vn -0.6831 -0.6326 -0.3651
vn -0.6831 0.6326 -0.3651
vn -0.5611 -0.7715 -0.2999
vn -0.7786 0.4696 -0.4162
vn -0.4173 -0.8810 -0.2230
vn -0.8443 0.2890 -0.4513
vn -0.2571 -0.9565 -0.1374
vn -0.8777 0.0976 -0.4691
vn -0.0869 0.9951 -0.0464
vn -0.0869 -0.9951 -0.0464
vn -0.8777 -0.0976 -0.4691
vn -0.2571 0.9565 -0.1374
vn -0.8443 -0.2890 -0.4513
vn -0.4173 0.8810 -0.2230
vn -0.2254 -0.9565 -0.1850
vn -0.7693 0.0976 -0.6314
vn -0.0761 0.9951 -0.0625
vn -0.0761 -0.9951 -0.0625
vn -0.7693 -0.0976 -0.6314
vn -0.2254 0.9565 -0.1850
vn -0.7400 -0.2890 -0.6073
vn -0.3658 0.8810 -0.3002
vn -0.6825 -0.4696 -0.5601
vn -0.4918 0.7715 -0.4036
vn -0.5987 -0.6326 -0.4913
vn -0.5987 0.6326 -0.4913
vn -0.4918 -0.7715 -0.4036
vn -0.6825 0.4696 -0.5601
vn -0.3658 -0.8810 -0.3002
vn -0.7400 0.2890 -0.6073
vn -0.4913 -0.6326 -0.5987
vn -0.4913 0.6326 -0.5987
vn -0.4036 -0.7715 -0.4918
vn -0.5601 0.4696 -0.6825
vn -0.3002 -0.8810 -0.3658
vn -0.6073 0.2890 -0.7400
vn -0.1850 -0.9565 -0.2254
vn -0.6314 0.0976 -0.7693
vn -0.0625 0.9951 -0.0761
vn -0.0625 -0.9951 -0.0761
vn -0.6314 -0.0976 -0.7693
vn -0.1850 0.9565 -0.2254
vn -0.6073 -0.2890 -0.7400
vn -0.3002 0.8810 -0.3658
vn -0.5601 -0.4696 -0.6825
vn -0.4036 0.7715 -0.4918
vn -0.0464 0.9951 -0.0869
vn -0.0464 -0.9951 -0.0869
vn -0.4691 -0.0976 -0.8777
vn -0.1374 0.9565 -0.2571
vn -0.4513 -0.2890 -0.8443
vn -0.2230 0.8810 -0.4173
vn -0.4162 -0.4696 -0.7786
vn -0.2999 0.7715 -0.5611
vn -0.3651 -0.6326 -0.6831
vn -0.3651 0.6326 -0.6831
vn -0.2999 -0.7715 -0.5611
vn -0.4162 0.4696 -0.7786
vn -0.2230 -0.8810 -0.4173
vn -0.4513 0.2890 -0.8443
vn -0.1374 -0.9565 -0.2571
vn -0.4691 0.0976 -0.8777
vn -0.2248 0.6326 -0.7412
vn -0.1847 -0.7715 -0.6088
vn -0.2563 0.4696 -0.8448
vn -0.1374 -0.8810 -0.4528
vn -0.2779 0.2890 -0.9161
vn -0.0846 -0.9565 -0.2790
vn -0.2889 0.0976 -0.9524
vn -0.0286 0.9951 -0.0942
vn -0.0286 -0.9951 -0.0942
vn -0.2889 -0.0976 -0.9524
vn -0.0846 0.9565 -0.2790
vn -0.2779 -0.2890 -0.9161
vn -0.1374 0.8810 -0.4528
vn -0.2563 -0.4696 -0.8448
vn -0.1847 0.7715 -0.6088
vn -0.2248 -0.6326 -0.7412
vn -0.0976 -0.0976 -0.9904
vn -0.0286 0.9565 -0.2902
vn -0.0938 -0.2890 -0.9527
vn -0.0464 0.8810 -0.4709
vn -0.0865 -0.4696 -0.8786
vn -0.0624 0.7715 -0.6332
vn -0.0759 -0.6326 -0.7708
vn -0.0759 0.6326 -0.7708
vn -0.0624 -0.7715 -0.6332
vn -0.0865 0.4696 -0.8786
vn -0.0464 -0.8810 -0.4709
vn -0.0938 0.2890 -0.9527
vn -0.0286 -0.9565 -0.2902
vn -0.0976 0.0976 -0.9904
vn -0.0097 0.9951 -0.0980
vn -0.0097 -0.9951 -0.0980
vt 0.750000 0.937500
vt 0.734375 1.000000
vt 0.718750 0.937500
vt 0.734375 0.000000
vt 0.750000 0.062500
vt 0.718750 0.062500
vt 0.750000 0.437500
vt 0.750000 0.500000
vt 0.718750 0.500000
vt 0.718750 0.437500
vt 0.750000 0.875000
vt 0.718750 0.875000
vt 0.750000 0.375000
vt 0.718750 0.375000
vt 0.750000 0.812500
vt 0.718750 0.812500
vt 0.750000 0.312500
vt 0.718750 0.312500
vt 0.750000 0.750000
vt 0.718750 0.750000
vt 0.750000 0.250000
vt 0.718750 0.250000
vt 0.750000 0.687500
vt 0.718750 0.687500
vt 0.750000 0.187500
vt 0.718750 0.187500
vt 0.750000 0.625000
vt 0.718750 0.625000
vt 0.750000 0.125000
vt 0.718750 0.125000
vt 0.750000 0.562500
vt 0.718750 0.562500
vt 0.687500 0.125000
vt 0.687500 0.062500
vt 0.687500 0.562500
vt 0.687500 0.500000
vt 0.703125 1.000000
vt 0.687500 0.937500
vt 0.703125 0.000000
vt 0.687500 0.437500
vt 0.687500 0.875000
vt 0.687500 0.375000
vt 0.687500 0.812500
vt 0.687500 0.312500
vt 0.687500 0.750000
vt 0.687500 0.250000
vt 0.687500 0.687500
vt 0.687500 0.187500
vt 0.687500 0.625000
vt 0.656250 0.812500
vt 0.656250 0.750000
vt 0.656250 0.312500
vt 0.656250 0.250000
vt 0.656250 0.687500
vt 0.656250 0.187500
vt 0.656250 0.625000
vt 0.656250 0.125000
vt 0.656250 0.562500
vt 0.656250 0.062500
vt 0.656250 0.500000
vt 0.671875 1.000000
vt 0.656250 0.937500
vt 0.671875 0.000000
vt 0.656250 0.437500
vt 0.656250 0.875000
vt 0.656250 0.375000
vt 0.625000 0.562500
vt 0.625000 0.500000
vt 0.640625 1.000000
vt 0.625000 0.937500
vt 0.640625 0.000000
vt 0.625000 0.062500
vt 0.625000 0.437500
vt 0.625000 0.875000
vt 0.625000 0.375000
vt 0.625000 0.812500
vt 0.625000 0.312500
vt 0.625000 0.750000
vt 0.625000 0.250000
vt 0.625000 0.687500
vt 0.625000 0.187500
vt 0.625000 0.625000
vt 0.625000 0.125000
vt 0.593750 0.312500
vt 0.593750 0.250000
vt 0.593750 0.750000
vt 0.593750 0.687500
vt 0.593750 0.187500
vt 0.593750 0.625000
vt 0.593750 0.125000
vt 0.593750 0.562500
vt 0.593750 0.062500
vt 0.593750 0.500000
vt 0.609375 1.000000
vt 0.593750 0.937500
vt 0.609375 0.000000
vt 0.593750 0.437500
vt 0.593750 0.875000
vt 0.593750 0.375000
vt 0.593750 0.812500
vt 0.578125 1.000000
vt 0.562500 0.937500
vt 0.578125 0.000000
vt 0.562500 0.062500
vt 0.562500 0.500000
vt 0.562500 0.437500
vt 0.562500 0.875000
vt 0.562500 0.375000
vt 0.562500 0.812500
vt 0.562500 0.312500
vt 0.562500 0.750000
vt 0.562500 0.250000
vt 0.562500 0.687500
vt 0.562500 0.187500
vt 0.562500 0.625000
vt 0.562500 0.125000
vt 0.562500 0.562500
vt 0.531250 0.750000
vt 0.531250 0.687500
vt 0.531250 0.250000
vt 0.531250 0.187500
vt 0.531250 0.625000
vt 0.531250 0.125000
vt 0.531250 0.562500
vt 0.531250 0.062500
vt 0.531250 0.500000
vt 0.546875 1.000000
vt 0.531250 0.937500
vt 0.546875 0.000000
vt 0.531250 0.437500
vt 0.531250 0.875000
vt 0.531250 0.375000
vt 0.531250 0.812500
vt 0.531250 0.312500
vt 0.500000 0.500000
vt 0.500000 0.437500
vt 0.500000 0.937500
vt 0.500000 0.875000
vt 0.500000 0.375000
vt 0.500000 0.812500
vt 0.500000 0.312500
vt 0.500000 0.750000
vt 0.500000 0.250000
vt 0.500000 0.687500
vt 0.500000 0.187500
vt 0.500000 0.625000
vt 0.500000 0.125000
vt 0.500000 0.562500
vt 0.500000 0.062500
vt 0.515625 1.000000
vt 0.515625 0.000000
vt 0.468750 0.250000
vt 0.468750 0.187500
vt 0.468750 0.687500
vt 0.468750 0.625000
vt 0.468750 0.125000
vt 0.468750 0.562500
vt 0.468750 0.062500
vt 0.468750 0.500000
vt 0.484375 1.000000
vt 0.468750 0.937500
vt 0.484375 0.000000
vt 0.468750 0.437500
vt 0.468750 0.875000
vt 0.468750 0.375000
vt 0.468750 0.812500
vt 0.468750 0.312500
vt 0.468750 0.750000
vt 0.437500 0.437500
vt 0.437500 0.375000
vt 0.437500 0.875000
vt 0.437500 0.812500
vt 0.437500 0.312500
vt 0.437500 0.750000
vt 0.437500 0.250000
vt 0.437500 0.687500
vt 0.437500 0.187500
vt 0.437500 0.625000
vt 0.437500 0.125000
vt 0.437500 0.562500
vt 0.437500 0.062500
vt 0.437500 0.500000
vt 0.453125 1.000000
vt 0.437500 0.937500
vt 0.453125 0.000000
vt 0.406250 0.187500
vt 0.406250 0.125000
vt 0.406250 0.625000
vt 0.406250 0.562500
vt 0.406250 0.062500
vt 0.406250 0.500000
vt 0.421875 1.000000
vt 0.406250 0.937500
vt 0.421875 0.000000
vt 0.406250 0.437500
vt 0.406250 0.875000
vt 0.406250 0.375000
vt 0.406250 0.812500
vt 0.406250 0.312500
vt 0.406250 0.750000
vt 0.406250 0.250000
vt 0.406250 0.687500
vt 0.375000 0.875000
vt 0.375000 0.812500
vt 0.375000 0.375000
vt 0.375000 0.312500
vt 0.375000 0.750000
vt 0.375000 0.250000
vt 0.375000 0.687500
vt 0.375000 0.187500
vt 0.375000 0.625000
vt 0.375000 0.125000
vt 0.375000 0.562500
vt 0.375000 0.062500
vt 0.375000 0.500000
vt 0.390625 1.000000
vt 0.375000 0.937500
vt 0.390625 0.000000
vt 0.375000 0.437500
vt 0.343750 0.625000
vt 0.343750 0.562500
vt 0.343750 0.125000
vt 0.343750 0.062500
vt 0.343750 0.500000
vt 0.359375 1.000000
vt 0.343750 0.937500
vt 0.359375 0.000000
vt 0.343750 0.437500
vt 0.343750 0.875000
vt 0.343750 0.375000
vt 0.343750 0.812500
vt 0.343750 0.312500
vt 0.343750 0.750000
vt 0.343750 0.250000
vt 0.343750 0.687500
vt 0.343750 0.187500
vt 0.312500 0.375000
vt 0.312500 0.312500
vt 0.312500 0.812500
vt 0.312500 0.750000
vt 0.312500 0.250000
vt 0.312500 0.687500
vt 0.312500 0.187500
vt 0.312500 0.625000
vt 0.312500 0.125000
vt 0.312500 0.562500
vt 0.312500 0.062500
vt 0.312500 0.500000
vt 0.328125 1.000000
vt 0.312500 0.937500
vt 0.328125 0.000000
vt 0.312500 0.437500
vt 0.312500 0.875000
vt 0.281250 0.125000
vt 0.281250 0.062500
vt 0.281250 0.562500
vt 0.281250 0.500000
vt 0.296875 1.000000
vt 0.281250 0.937500
vt 0.296875 0.000000
vt 0.281250 0.437500
vt 0.281250 0.875000
vt 0.281250 0.375000
vt 0.281250 0.812500
vt 0.281250 0.312500
vt 0.281250 0.750000
vt 0.281250 0.250000
vt 0.281250 0.687500
vt 0.281250 0.187500
vt 0.281250 0.625000
vt 0.250000 0.812500
vt 0.250000 0.750000
vt 0.250000 0.312500
vt 0.250000 0.250000
vt 0.250000 0.687500
vt 0.250000 0.187500
vt 0.250000 0.625000
vt 0.250000 0.125000
vt 0.250000 0.562500
vt 0.250000 0.062500
vt 0.250000 0.500000
vt 0.265625 1.000000
vt 0.250000 0.937500
vt 0.265625 0.000000
vt 0.250000 0.437500
vt 0.250000 0.875000
vt 0.250000 0.375000
vt 0.218750 0.562500
vt 0.218750 0.500000
vt 0.234375 1.000000
vt 0.218750 0.937500
vt 0.234375 0.000000
vt 0.218750 0.062500
vt 0.218750 0.437500
vt 0.218750 0.875000
vt 0.218750 0.375000
vt 0.218750 0.812500
vt 0.218750 0.312500
vt 0.218750 0.750000
vt 0.218750 0.250000
vt 0.218750 0.687500
vt 0.218750 0.187500
vt 0.218750 0.625000
vt 0.218750 0.125000
vt 0.187500 0.312500
vt 0.187500 0.250000
vt 0.187500 0.750000
vt 0.187500 0.687500
vt 0.187500 0.187500
vt 0.187500 0.625000
vt 0.187500 0.125000
vt 0.187500 0.562500
vt 0.187500 0.062500
vt 0.187500 0.500000
vt 0.203125 1.000000
vt 0.187500 0.937500
vt 0.203125 0.000000
vt 0.187500 0.437500
vt 0.187500 0.875000
vt 0.187500 0.375000
vt 0.187500 0.812500
vt 0.171875 0.000000
vt 0.156250 0.062500
vt 0.156250 0.500000
vt 0.156250 0.437500
vt 0.156250 0.937500
vt 0.156250 0.875000
vt 0.156250 0.375000
vt 0.156250 0.812500
vt 0.156250 0.312500
vt 0.156250 0.750000
vt 0.156250 0.250000
vt 0.156250 0.687500
vt 0.156250 0.187500
vt 0.156250 0.625000
vt 0.156250 0.125000
vt 0.156250 0.562500
vt 0.171875 1.000000
vt 0.125000 0.250000
vt 0.125000 0.187500
vt 0.125000 0.687500
vt 0.125000 0.625000
vt 0.125000 0.125000
vt 0.125000 0.562500
vt 0.125000 0.062500
vt 0.125000 0.500000
vt 0.140625 1.000000
vt 0.125000 0.937500
vt 0.140625 0.000000
vt 0.125000 0.437500
vt 0.125000 0.875000
vt 0.125000 0.375000
vt 0.125000 0.812500
vt 0.125000 0.312500
vt 0.125000 0.750000
vt 0.093750 0.937500
vt 0.093750 0.875000
vt 0.093750 0.437500
vt 0.093750 0.375000
vt 0.093750 0.812500
vt 0.093750 0.312500
vt 0.093750 0.750000
vt 0.093750 0.250000
vt 0.093750 0.687500
vt 0.093750 0.187500
vt 0.093750 0.625000
vt 0.093750 0.125000
vt 0.093750 0.562500
vt 0.093750 0.062500
vt 0.093750 0.500000
vt 0.109375 1.000000
vt 0.109375 0.000000
vt 0.062500 0.687500
vt 0.062500 0.625000
vt 0.062500 0.187500
vt 0.062500 0.125000
vt 0.062500 0.562500
vt 0.062500 0.062500
vt 0.062500 0.500000
vt 0.078125 1.000000
vt 0.062500 0.937500
vt 0.078125 0.000000
vt 0.062500 0.437500
vt 0.062500 0.875000
vt 0.062500 0.375000
vt 0.062500 0.812500
vt 0.062500 0.312500
vt 0.062500 0.750000
vt 0.062500 0.250000
vt 0.031250 0.437500
vt 0.031250 0.375000
vt 0.031250 0.875000
vt 0.031250 0.812500
vt 0.031250 0.312500
vt 0.031250 0.750000
vt 0.031250 0.250000
vt 0.031250 0.687500
vt 0.031250 0.187500
vt 0.031250 0.625000
vt 0.031250 0.125000
vt 0.031250 0.562500
vt 0.031250 0.062500
vt 0.031250 0.500000
vt 0.046875 1.000000
vt 0.031250 0.937500
vt 0.046875 0.000000
vt 0.000000 0.187500
vt 0.000000 0.125000
vt 0.000000 0.625000
vt 0.000000 0.562500
vt 0.000000 0.062500
vt 0.000000 0.500000
vt 0.015625 1.000000
vt 0.000000 0.937500
vt 0.015625 0.000000
vt 0.000000 0.437500
vt 0.000000 0.875000
vt 0.000000 0.375000
vt 0.000000 0.812500
vt 0.000000 0.312500
vt 0.000000 0.750000
vt 0.000000 0.250000
vt 0.000000 0.687500
vt 1.000000 0.812500
vt 1.000000 0.875000
vt 0.968750 0.875000
vt 0.968750 0.812500
vt 1.000000 0.312500
vt 1.000000 0.375000
vt 0.968750 0.375000
vt 0.968750 0.312500
vt 1.000000 0.750000
vt 0.968750 0.750000
vt 1.000000 0.250000
vt 0.968750 0.250000
vt 1.000000 0.687500
vt 0.968750 0.687500
vt 1.000000 0.187500
vt 0.968750 0.187500
vt 1.000000 0.625000
vt 0.968750 0.625000
vt 1.000000 0.125000
vt 0.968750 0.125000
vt 1.000000 0.562500
vt 0.968750 0.562500
vt 1.000000 0.062500
vt 0.968750 0.062500
vt 1.000000 0.500000
vt 0.968750 0.500000
vt 1.000000 0.937500
vt 0.984375 1.000000
vt 0.968750 0.937500
vt 0.984375 0.000000
vt 1.000000 0.437500
vt 0.968750 0.437500
vt 0.937500 0.625000
vt 0.937500 0.562500
vt 0.937500 0.125000
vt 0.937500 0.062500
vt 0.937500 0.500000
vt 0.953125 1.000000
vt 0.937500 0.937500
vt 0.953125 0.000000
vt 0.937500 0.437500
vt 0.937500 0.875000
vt 0.937500 0.375000
vt 0.937500 0.812500
vt 0.937500 0.312500
vt 0.937500 0.750000
vt 0.937500 0.250000
vt 0.937500 0.687500
vt 0.937500 0.187500
vt 0.906250 0.375000
vt 0.906250 0.312500
vt 0.906250 0.812500
vt 0.906250 0.750000
vt 0.906250 0.250000
vt 0.906250 0.687500
vt 0.906250 0.187500
vt 0.906250 0.625000
vt 0.906250 0.125000
vt 0.906250 0.562500
vt 0.906250 0.062500
vt 0.906250 0.500000
vt 0.921875 1.000000
vt 0.906250 0.937500
vt 0.921875 0.000000
vt 0.906250 0.437500
vt 0.906250 0.875000
vt 0.875000 0.125000
vt 0.875000 0.062500
vt 0.875000 0.562500
vt 0.875000 0.500000
vt 0.890625 1.000000
vt 0.875000 0.937500
vt 0.890625 0.000000
vt 0.875000 0.437500
vt 0.875000 0.875000
vt 0.875000 0.375000
vt 0.875000 0.812500
vt 0.875000 0.312500
vt 0.875000 0.750000
vt 0.875000 0.250000
vt 0.875000 0.687500
vt 0.875000 0.187500
vt 0.875000 0.625000
vt 0.843750 0.312500
vt 0.843750 0.250000
vt 0.843750 0.750000
vt 0.843750 0.687500
vt 0.843750 0.187500
vt 0.843750 0.625000
vt 0.843750 0.125000
vt 0.843750 0.562500
vt 0.843750 0.062500
vt 0.843750 0.500000
vt 0.859375 1.000000
vt 0.843750 0.937500
vt 0.859375 0.000000
vt 0.843750 0.437500
vt 0.843750 0.875000
vt 0.843750 0.375000
vt 0.843750 0.812500
vt 0.828125 1.000000
vt 0.812500 0.937500
vt 0.828125 0.000000
vt 0.812500 0.062500
vt 0.812500 0.500000
vt 0.812500 0.437500
vt 0.812500 0.875000
vt 0.812500 0.375000
vt 0.812500 0.812500
vt 0.812500 0.312500
vt 0.812500 0.750000
vt 0.812500 0.250000
vt 0.812500 0.687500
vt 0.812500 0.187500
vt 0.812500 0.625000
vt 0.812500 0.125000
vt 0.812500 0.562500
vt 0.781250 0.750000
vt 0.781250 0.687500
vt 0.781250 0.250000
vt 0.781250 0.187500
vt 0.781250 0.625000
vt 0.781250 0.125000
vt 0.781250 0.562500
vt 0.781250 0.062500
vt 0.781250 0.500000
vt 0.796875 1.000000
vt 0.781250 0.937500
vt 0.796875 0.000000
vt 0.781250 0.437500
vt 0.781250 0.875000
vt 0.781250 0.375000
vt 0.781250 0.812500
vt 0.781250 0.312500
vt 0.765625 1.000000
vt 0.765625 0.000000
s 0
usemtl HandleMaterial.011
f 1850/1597/1803 1849/1598/1803 1860/1599/1803
f 1859/1600/1804 1858/1601/1804 1874/1602/1804
f 1855/1603/1805 1854/1604/1805 1867/1605/1805 1868/1606/1805
f 2325/1607/1806 1850/1597/1806 1860/1599/1806 1861/1608/1806
f 2328/1609/1807 1855/1603/1807 1868/1606/1807 1869/1610/1807
f 1851/1611/1808 2325/1607/1808 1861/1608/1808 1862/1612/1808
f 1856/1613/1809 2328/1609/1809 1869/1610/1809 1870/1614/1809
f 1852/1615/1810 1851/1611/1810 1862/1612/1810 1863/1616/1810
f 2329/1617/1811 1856/1613/1811 1870/1614/1811 1871/1618/1811
f 2326/1619/1812 1852/1615/1812 1863/1616/1812 1864/1620/1812
f 1857/1621/1813 2329/1617/1813 1871/1618/1813 1872/1622/1813
f 1853/1623/1814 2326/1619/1814 1864/1620/1814 1865/1624/1814
f 2330/1625/1815 1857/1621/1815 1872/1622/1815 1873/1626/1815
f 2327/1627/1816 1853/1623/1816 1865/1624/1816 1866/1628/1816
f 1858/1601/1817 2330/1625/1817 1873/1626/1817 1874/1602/1817
f 1854/1604/1818 2327/1627/1818 1866/1628/1818 1867/1605/1818
f 1874/1602/1819 1873/1626/1819 1888/1629/1819 1889/1630/1819
f 1867/1605/1820 1866/1628/1820 1881/1631/1820 1882/1632/1820
f 1860/1599/1821 1849/1633/1821 1875/1634/1821
f 1859/1635/1822 1874/1602/1822 1889/1630/1822
f 1868/1606/1823 1867/1605/1823 1882/1632/1823 1883/1636/1823
f 1861/1608/1824 1860/1599/1824 1875/1634/1824 1876/1637/1824
f 1869/1610/1825 1868/1606/1825 1883/1636/1825 1884/1638/1825
f 1862/1612/1826 1861/1608/1826 1876/1637/1826 1877/1639/1826
f 1870/1614/1827 1869/1610/1827 1884/1638/1827 1885/1640/1827
f 1863/1616/1828 1862/1612/1828 1877/1639/1828 1878/1641/1828
f 1871/1618/1829 1870/1614/1829 1885/1640/1829 1886/1642/1829
f 1864/1620/1830 1863/1616/1830 1878/1641/1830 1879/1643/1830
f 1872/1622/1831 1871/1618/1831 1886/1642/1831 1887/1644/1831
f 1865/1624/1832 1864/1620/1832 1879/1643/1832 1880/1645/1832
f 1873/1626/1833 1872/1622/1833 1887/1644/1833 1888/1629/1833
f 1866/1628/1834 1865/1624/1834 1880/1645/1834 1881/1631/1834
f 1878/1641/1835 1877/1639/1835 1892/1646/1835 1893/1647/1835
f 1886/1642/1836 1885/1640/1836 1900/1648/1836 1901/1649/1836
f 1879/1643/1837 1878/1641/1837 1893/1647/1837 1894/1650/1837
f 1887/1644/1838 1886/1642/1838 1901/1649/1838 1902/1651/1838
f 1880/1645/1839 1879/1643/1839 1894/1650/1839 1895/1652/1839
f 1888/1629/1840 1887/1644/1840 1902/1651/1840 1903/1653/1840
f 1881/1631/1841 1880/1645/1841 1895/1652/1841 1896/1654/1841
f 1889/1630/1842 1888/1629/1842 1903/1653/1842 1904/1655/1842
f 1882/1632/1843 1881/1631/1843 1896/1654/1843 1897/1656/1843
f 1875/1634/1844 1849/1657/1844 1890/1658/1844
f 1859/1659/1845 1889/1630/1845 1904/1655/1845
f 1883/1636/1846 1882/1632/1846 1897/1656/1846 1898/1660/1846
f 1876/1637/1847 1875/1634/1847 1890/1658/1847 1891/1661/1847
f 1884/1638/1848 1883/1636/1848 1898/1660/1848 1899/1662/1848
f 1877/1639/1849 1876/1637/1849 1891/1661/1849 1892/1646/1849
f 1885/1640/1850 1884/1638/1850 1899/1662/1850 1900/1648/1850
f 1897/1656/1851 1896/1654/1851 1911/1663/1851 1912/1664/1851
f 1890/1658/1852 1849/1665/1852 1905/1666/1852
f 1859/1667/1853 1904/1655/1853 1919/1668/1853
f 1898/1660/1854 1897/1656/1854 1912/1664/1854 1913/1669/1854
f 1891/1661/1855 1890/1658/1855 1905/1666/1855 1906/1670/1855
f 1899/1662/1856 1898/1660/1856 1913/1669/1856 1914/1671/1856
f 1892/1646/1857 1891/1661/1857 1906/1670/1857 1907/1672/1857
f 1900/1648/1858 1899/1662/1858 1914/1671/1858 1915/1673/1858
f 1893/1647/1859 1892/1646/1859 1907/1672/1859 1908/1674/1859
f 1901/1649/1860 1900/1648/1860 1915/1673/1860 1916/1675/1860
f 1894/1650/1861 1893/1647/1861 1908/1674/1861 1909/1676/1861
f 1902/1651/1862 1901/1649/1862 1916/1675/1862 1917/1677/1862
f 1895/1652/1863 1894/1650/1863 1909/1676/1863 1910/1678/1863
f 1903/1653/1864 1902/1651/1864 1917/1677/1864 1918/1679/1864
f 1896/1654/1865 1895/1652/1865 1910/1678/1865 1911/1663/1865
f 1904/1655/1866 1903/1653/1866 1918/1679/1866 1919/1668/1866
f 1916/1675/1867 1915/1673/1867 1930/1680/1867 1931/1681/1867
f 1909/1676/1868 1908/1674/1868 1923/1682/1868 1924/1683/1868
f 1917/1677/1869 1916/1675/1869 1931/1681/1869 1932/1684/1869
f 1910/1678/1870 1909/1676/1870 1924/1683/1870 1925/1685/1870
f 1918/1679/1871 1917/1677/1871 1932/1684/1871 1933/1686/1871
f 1911/1663/1872 1910/1678/1872 1925/1685/1872 1926/1687/1872
f 1919/1668/1873 1918/1679/1873 1933/1686/1873 1934/1688/1873
f 1912/1664/1874 1911/1663/1874 1926/1687/1874 1927/1689/1874
f 1905/1666/1875 1849/1690/1875 1920/1691/1875
f 1859/1692/1876 1919/1668/1876 1934/1688/1876
f 1913/1669/1877 1912/1664/1877 1927/1689/1877 1928/1693/1877
f 1906/1670/1878 1905/1666/1878 1920/1691/1878 1921/1694/1878
f 1914/1671/1879 1913/1669/1879 1928/1693/1879 1929/1695/1879
f 1907/1672/1880 1906/1670/1880 1921/1694/1880 1922/1696/1880
f 1915/1673/1881 1914/1671/1881 1929/1695/1881 1930/1680/1881
f 1908/1674/1882 1907/1672/1882 1922/1696/1882 1923/1682/1882
f 1920/1691/1883 1849/1697/1883 1935/1698/1883
f 1859/1699/1884 1934/1688/1884 1949/1700/1884
f 1928/1693/1885 1927/1689/1885 1942/1701/1885 1943/1702/1885
f 1921/1694/1886 1920/1691/1886 1935/1698/1886 1936/1703/1886
f 1929/1695/1887 1928/1693/1887 1943/1702/1887 1944/1704/1887
f 1922/1696/1888 1921/1694/1888 1936/1703/1888 1937/1705/1888
f 1930/1680/1889 1929/1695/1889 1944/1704/1889 1945/1706/1889
f 1923/1682/1890 1922/1696/1890 1937/1705/1890 1938/1707/1890
f 1931/1681/1891 1930/1680/1891 1945/1706/1891 1946/1708/1891
f 1924/1683/1892 1923/1682/1892 1938/1707/1892 1939/1709/1892
f 1932/1684/1893 1931/1681/1893 1946/1708/1893 1947/1710/1893
f 1925/1685/1894 1924/1683/1894 1939/1709/1894 1940/1711/1894
f 1933/1686/1895 1932/1684/1895 1947/1710/1895 1948/1712/1895
f 1926/1687/1896 1925/1685/1896 1940/1711/1896 1941/1713/1896
f 1934/1688/1897 1933/1686/1897 1948/1712/1897 1949/1700/1897
f 1927/1689/1898 1926/1687/1898 1941/1713/1898 1942/1701/1898
f 1939/1709/1899 1938/1707/1899 1953/1714/1899 1954/1715/1899
f 1947/1710/1900 1946/1708/1900 1961/1716/1900 1962/1717/1900
f 1940/1711/1901 1939/1709/1901 1954/1715/1901 1955/1718/1901
f 1948/1712/1902 1947/1710/1902 1962/1717/1902 1963/1719/1902
f 1941/1713/1903 1940/1711/1903 1955/1718/1903 1956/1720/1903
f 1949/1700/1904 1948/1712/1904 1963/1719/1904 1964/1721/1904
f 1942/1701/1905 1941/1713/1905 1956/1720/1905 1957/1722/1905
f 1935/1698/1906 1849/1723/1906 1950/1724/1906
f 1859/1725/1907 1949/1700/1907 1964/1721/1907
f 1943/1702/1908 1942/1701/1908 1957/1722/1908 1958/1726/1908
f 1936/1703/1909 1935/1698/1909 1950/1724/1909 1951/1727/1909
f 1944/1704/1910 1943/1702/1910 1958/1726/1910 1959/1728/1910
f 1937/1705/1911 1936/1703/1911 1951/1727/1911 1952/1729/1911
f 1945/1706/1912 1944/1704/1912 1959/1728/1912 1960/1730/1912
f 1938/1707/1913 1937/1705/1913 1952/1729/1913 1953/1714/1913
f 1946/1708/1914 1945/1706/1914 1960/1730/1914 1961/1716/1914
f 1958/1726/1915 1957/1722/1915 1972/1731/1915 1973/1732/1915
f 1951/1727/1916 1950/1724/1916 1965/1733/1916 1966/1734/1916
f 1959/1728/1917 1958/1726/1917 1973/1732/1917 1974/1735/1917
f 1952/1729/1918 1951/1727/1918 1966/1734/1918 1967/1736/1918
f 1960/1730/1919 1959/1728/1919 1974/1735/1919 1975/1737/1919
f 1953/1714/1920 1952/1729/1920 1967/1736/1920 1968/1738/1920
f 1961/1716/1921 1960/1730/1921 1975/1737/1921 1976/1739/1921
f 1954/1715/1922 1953/1714/1922 1968/1738/1922 1969/1740/1922
f 1962/1717/1923 1961/1716/1923 1976/1739/1923 1977/1741/1923
f 1955/1718/1924 1954/1715/1924 1969/1740/1924 1970/1742/1924
f 1963/1719/1925 1962/1717/1925 1977/1741/1925 1978/1743/1925
f 1956/1720/1926 1955/1718/1926 1970/1742/1926 1971/1744/1926
f 1964/1721/1927 1963/1719/1927 1978/1743/1927 1979/1745/1927
f 1957/1722/1928 1956/1720/1928 1971/1744/1928 1972/1731/1928
f 1950/1724/1929 1849/1746/1929 1965/1733/1929
f 1859/1747/1930 1964/1721/1930 1979/1745/1930
f 1977/1741/1931 1976/1739/1931 1991/1748/1931 1992/1749/1931
f 1970/1742/1932 1969/1740/1932 1984/1750/1932 1985/1751/1932
f 1978/1743/1933 1977/1741/1933 1992/1749/1933 1993/1752/1933
f 1971/1744/1934 1970/1742/1934 1985/1751/1934 1986/1753/1934
f 1979/1745/1935 1978/1743/1935 1993/1752/1935 1994/1754/1935
f 1972/1731/1936 1971/1744/1936 1986/1753/1936 1987/1755/1936
f 1965/1733/1937 1849/1756/1937 1980/1757/1937
f 1859/1758/1938 1979/1745/1938 1994/1754/1938
f 1973/1732/1939 1972/1731/1939 1987/1755/1939 1988/1759/1939
f 1966/1734/1940 1965/1733/1940 1980/1757/1940 1981/1760/1940
f 1974/1735/1941 1973/1732/1941 1988/1759/1941 1989/1761/1941
f 1967/1736/1942 1966/1734/1942 1981/1760/1942 1982/1762/1942
f 1975/1737/1943 1974/1735/1943 1989/1761/1943 1990/1763/1943
f 1968/1738/1944 1967/1736/1944 1982/1762/1944 1983/1764/1944
f 1976/1739/1945 1975/1737/1945 1990/1763/1945 1991/1748/1945
f 1969/1740/1946 1968/1738/1946 1983/1764/1946 1984/1750/1946
f 1989/1761/1947 1988/1759/1947 2003/1765/1947 2004/1766/1947
f 1982/1762/1948 1981/1760/1948 1996/1767/1948 1997/1768/1948
f 1990/1763/1949 1989/1761/1949 2004/1766/1949 2005/1769/1949
f 1983/1764/1950 1982/1762/1950 1997/1768/1950 1998/1770/1950
f 1991/1748/1951 1990/1763/1951 2005/1769/1951 2006/1771/1951
f 1984/1750/1952 1983/1764/1952 1998/1770/1952 1999/1772/1952
f 1992/1749/1953 1991/1748/1953 2006/1771/1953 2007/1773/1953
f 1985/1751/1954 1984/1750/1954 1999/1772/1954 2000/1774/1954
f 1993/1752/1955 1992/1749/1955 2007/1773/1955 2008/1775/1955
f 1986/1753/1956 1985/1751/1956 2000/1774/1956 2001/1776/1956
f 1994/1754/1957 1993/1752/1957 2008/1775/1957 2009/1777/1957
f 1987/1755/1958 1986/1753/1958 2001/1776/1958 2002/1778/1958
f 1980/1757/1959 1849/1779/1959 1995/1780/1959
f 1859/1781/1960 1994/1754/1960 2009/1777/1960
f 1988/1759/1961 1987/1755/1961 2002/1778/1961 2003/1765/1961
f 1981/1760/1962 1980/1757/1962 1995/1780/1962 1996/1767/1962
f 2008/1775/1963 2007/1773/1963 2022/1782/1963 2023/1783/1963
f 2001/1776/1964 2000/1774/1964 2015/1784/1964 2016/1785/1964
f 2009/1777/1965 2008/1775/1965 2023/1783/1965 2024/1786/1965
f 2002/1778/1966 2001/1776/1966 2016/1785/1966 2017/1787/1966
f 1995/1780/1967 1849/1788/1967 2010/1789/1967
f 1859/1790/1968 2009/1777/1968 2024/1786/1968
f 2003/1765/1969 2002/1778/1969 2017/1787/1969 2018/1791/1969
f 1996/1767/1970 1995/1780/1970 2010/1789/1970 2011/1792/1970
f 2004/1766/1971 2003/1765/1971 2018/1791/1971 2019/1793/1971
f 1997/1768/1972 1996/1767/1972 2011/1792/1972 2012/1794/1972
f 2005/1769/1973 2004/1766/1973 2019/1793/1973 2020/1795/1973
f 1998/1770/1974 1997/1768/1974 2012/1794/1974 2013/1796/1974
f 2006/1771/1975 2005/1769/1975 2020/1795/1975 2021/1797/1975
f 1999/1772/1976 1998/1770/1976 2013/1796/1976 2014/1798/1976
f 2007/1773/1977 2006/1771/1977 2021/1797/1977 2022/1782/1977
f 2000/1774/1978 1999/1772/1978 2014/1798/1978 2015/1784/1978
f 2012/1794/1979 2011/1792/1979 2026/1799/1979 2027/1800/1979
f 2020/1795/1980 2019/1793/1980 2034/1801/1980 2035/1802/1980
f 2013/1796/1981 2012/1794/1981 2027/1800/1981 2028/1803/1981
f 2021/1797/1982 2020/1795/1982 2035/1802/1982 2036/1804/1982
f 2014/1798/1983 2013/1796/1983 2028/1803/1983 2029/1805/1983
f 2022/1782/1984 2021/1797/1984 2036/1804/1984 2037/1806/1984
f 2015/1784/1985 2014/1798/1985 2029/1805/1985 2030/1807/1985
f 2023/1783/1986 2022/1782/1986 2037/1806/1986 2038/1808/1986
f 2016/1785/1987 2015/1784/1987 2030/1807/1987 2031/1809/1987
f 2024/1786/1988 2023/1783/1988 2038/1808/1988 2039/1810/1988
f 2017/1787/1989 2016/1785/1989 2031/1809/1989 2032/1811/1989
f 2010/1789/1990 1849/1812/1990 2025/1813/1990
f 1859/1814/1991 2024/1786/1991 2039/1810/1991
f 2018/1791/1992 2017/1787/1992 2032/1811/1992 2033/1815/1992
f 2011/1792/1993 2010/1789/1993 2025/1813/1993 2026/1799/1993
f 2019/1793/1994 2018/1791/1994 2033/1815/1994 2034/1801/1994
f 2031/1809/1995 2030/1807/1995 2045/1816/1995 2046/1817/1995
f 2039/1810/1996 2038/1808/1996 2053/1818/1996 2054/1819/1996
f 2032/1811/1997 2031/1809/1997 2046/1817/1997 2047/1820/1997
f 2025/1813/1998 1849/1821/1998 2040/1822/1998
f 1859/1823/1999 2039/1810/1999 2054/1819/1999
f 2033/1815/2000 2032/1811/2000 2047/1820/2000 2048/1824/2000
f 2026/1799/2001 2025/1813/2001 2040/1822/2001 2041/1825/2001
f 2034/1801/2002 2033/1815/2002 2048/1824/2002 2049/1826/2002
f 2027/1800/2003 2026/1799/2003 2041/1825/2003 2042/1827/2003
f 2035/1802/2004 2034/1801/2004 2049/1826/2004 2050/1828/2004
f 2028/1803/2005 2027/1800/2005 2042/1827/2005 2043/1829/2005
f 2036/1804/2006 2035/1802/2006 2050/1828/2006 2051/1830/2006
f 2029/1805/2007 2028/1803/2007 2043/1829/2007 2044/1831/2007
f 2037/1806/2008 2036/1804/2008 2051/1830/2008 2052/1832/2008
f 2030/1807/2009 2029/1805/2009 2044/1831/2009 2045/1816/2009
f 2038/1808/2010 2037/1806/2010 2052/1832/2010 2053/1818/2010
f 2050/1828/2011 2049/1826/2011 2064/1833/2011 2065/1834/2011
f 2043/1829/2012 2042/1827/2012 2057/1835/2012 2058/1836/2012
f 2051/1830/2013 2050/1828/2013 2065/1834/2013 2066/1837/2013
f 2044/1831/2014 2043/1829/2014 2058/1836/2014 2059/1838/2014
f 2052/1832/2015 2051/1830/2015 2066/1837/2015 2067/1839/2015
f 2045/1816/2016 2044/1831/2016 2059/1838/2016 2060/1840/2016
f 2053/1818/2017 2052/1832/2017 2067/1839/2017 2068/1841/2017
f 2046/1817/2018 2045/1816/2018 2060/1840/2018 2061/1842/2018
f 2054/1819/2019 2053/1818/2019 2068/1841/2019 2069/1843/2019
f 2047/1820/2020 2046/1817/2020 2061/1842/2020 2062/1844/2020
f 2040/1822/2021 1849/1845/2021 2055/1846/2021
f 1859/1847/2022 2054/1819/2022 2069/1843/2022
f 2048/1824/2023 2047/1820/2023 2062/1844/2023 2063/1848/2023
f 2041/1825/2024 2040/1822/2024 2055/1846/2024 2056/1849/2024
f 2049/1826/2025 2048/1824/2025 2063/1848/2025 2064/1833/2025
f 2042/1827/2026 2041/1825/2026 2056/1849/2026 2057/1835/2026
f 2069/1843/2027 2068/1841/2027 2083/1850/2027 2084/1851/2027
f 2062/1844/2028 2061/1842/2028 2076/1852/2028 2077/1853/2028
f 2055/1846/2029 1849/1854/2029 2070/1855/2029
f 1859/1856/2030 2069/1843/2030 2084/1851/2030
f 2063/1848/2031 2062/1844/2031 2077/1853/2031 2078/1857/2031
f 2056/1849/2032 2055/1846/2032 2070/1855/2032 2071/1858/2032
f 2064/1833/2033 2063/1848/2033 2078/1857/2033 2079/1859/2033
f 2057/1835/2034 2056/1849/2034 2071/1858/2034 2072/1860/2034
f 2065/1834/2035 2064/1833/2035 2079/1859/2035 2080/1861/2035
f 2058/1836/2036 2057/1835/2036 2072/1860/2036 2073/1862/2036
f 2066/1837/2037 2065/1834/2037 2080/1861/2037 2081/1863/2037
f 2059/1838/2038 2058/1836/2038 2073/1862/2038 2074/1864/2038
f 2067/1839/2039 2066/1837/2039 2081/1863/2039 2082/1865/2039
f 2060/1840/2040 2059/1838/2040 2074/1864/2040 2075/1866/2040
f 2068/1841/2041 2067/1839/2041 2082/1865/2041 2083/1850/2041
f 2061/1842/2042 2060/1840/2042 2075/1866/2042 2076/1852/2042
f 2073/1862/2043 2072/1860/2043 2087/1867/2043 2088/1868/2043
f 2081/1863/2044 2080/1861/2044 2095/1869/2044 2096/1870/2044
f 2074/1864/2045 2073/1862/2045 2088/1868/2045 2089/1871/2045
f 2082/1865/2046 2081/1863/2046 2096/1870/2046 2097/1872/2046
f 2075/1866/2047 2074/1864/2047 2089/1871/2047 2090/1873/2047
f 2083/1850/2048 2082/1865/2048 2097/1872/2048 2098/1874/2048
f 2076/1852/2049 2075/1866/2049 2090/1873/2049 2091/1875/2049
f 2084/1851/2050 2083/1850/2050 2098/1874/2050 2099/1876/2050
f 2077/1853/2051 2076/1852/2051 2091/1875/2051 2092/1877/2051
f 2070/1855/2052 1849/1878/2052 2085/1879/2052
f 1859/1880/2053 2084/1851/2053 2099/1876/2053
f 2078/1857/2054 2077/1853/2054 2092/1877/2054 2093/1881/2054
f 2071/1858/2055 2070/1855/2055 2085/1879/2055 2086/1882/2055
f 2079/1859/2056 2078/1857/2056 2093/1881/2056 2094/1883/2056
f 2072/1860/2057 2071/1858/2057 2086/1882/2057 2087/1867/2057
f 2080/1861/2058 2079/1859/2058 2094/1883/2058 2095/1869/2058
f 2092/1877/2059 2091/1875/2059 2106/1884/2059 2107/1885/2059
f 2085/1879/2060 1849/1886/2060 2100/1887/2060
f 1859/1888/2061 2099/1876/2061 2114/1889/2061
f 2093/1881/2062 2092/1877/2062 2107/1885/2062 2108/1890/2062
f 2086/1882/2063 2085/1879/2063 2100/1887/2063 2101/1891/2063
f 2094/1883/2064 2093/1881/2064 2108/1890/2064 2109/1892/2064
f 2087/1867/2065 2086/1882/2065 2101/1891/2065 2102/1893/2065
f 2095/1869/2066 2094/1883/2066 2109/1892/2066 2110/1894/2066
f 2088/1868/2067 2087/1867/2067 2102/1893/2067 2103/1895/2067
f 2096/1870/2068 2095/1869/2068 2110/1894/2068 2111/1896/2068
f 2089/1871/2069 2088/1868/2069 2103/1895/2069 2104/1897/2069
f 2097/1872/2070 2096/1870/2070 2111/1896/2070 2112/1898/2070
f 2090/1873/2071 2089/1871/2071 2104/1897/2071 2105/1899/2071
f 2098/1874/2072 2097/1872/2072 2112/1898/2072 2113/1900/2072
f 2091/1875/2073 2090/1873/2073 2105/1899/2073 2106/1884/2073
f 2099/1876/2074 2098/1874/2074 2113/1900/2074 2114/1889/2074
f 2111/1896/2075 2110/1894/2075 2125/1901/2075 2126/1902/2075
f 2104/1897/2076 2103/1895/2076 2118/1903/2076 2119/1904/2076
f 2112/1898/2077 2111/1896/2077 2126/1902/2077 2127/1905/2077
f 2105/1899/2078 2104/1897/2078 2119/1904/2078 2120/1906/2078
f 2113/1900/2079 2112/1898/2079 2127/1905/2079 2128/1907/2079
f 2106/1884/2080 2105/1899/2080 2120/1906/2080 2121/1908/2080
f 2114/1889/2081 2113/1900/2081 2128/1907/2081 2129/1909/2081
f 2107/1885/2082 2106/1884/2082 2121/1908/2082 2122/1910/2082
f 2100/1887/2083 1849/1911/2083 2115/1912/2083
f 1859/1913/2084 2114/1889/2084 2129/1909/2084
f 2108/1890/2085 2107/1885/2085 2122/1910/2085 2123/1914/2085
f 2101/1891/2086 2100/1887/2086 2115/1912/2086 2116/1915/2086
f 2109/1892/2087 2108/1890/2087 2123/1914/2087 2124/1916/2087
f 2102/1893/2088 2101/1891/2088 2116/1915/2088 2117/1917/2088
f 2110/1894/2089 2109/1892/2089 2124/1916/2089 2125/1901/2089
f 2103/1895/2090 2102/1893/2090 2117/1917/2090 2118/1903/2090
f 1859/1918/2091 2129/1909/2091 2144/1919/2091
f 2123/1914/2092 2122/1910/2092 2137/1920/2092 2138/1921/2092
f 2116/1915/2093 2115/1912/2093 2130/1922/2093 2131/1923/2093
f 2124/1916/2094 2123/1914/2094 2138/1921/2094 2139/1924/2094
f 2117/1917/2095 2116/1915/2095 2131/1923/2095 2132/1925/2095
f 2125/1901/2096 2124/1916/2096 2139/1924/2096 2140/1926/2096
f 2118/1903/2097 2117/1917/2097 2132/1925/2097 2133/1927/2097
f 2126/1902/2098 2125/1901/2098 2140/1926/2098 2141/1928/2098
f 2119/1904/2099 2118/1903/2099 2133/1927/2099 2134/1929/2099
f 2127/1905/2100 2126/1902/2100 2141/1928/2100 2142/1930/2100
f 2120/1906/2101 2119/1904/2101 2134/1929/2101 2135/1931/2101
f 2128/1907/2102 2127/1905/2102 2142/1930/2102 2143/1932/2102
f 2121/1908/2103 2120/1906/2103 2135/1931/2103 2136/1933/2103
f 2129/1909/2104 2128/1907/2104 2143/1932/2104 2144/1919/2104
f 2122/1910/2105 2121/1908/2105 2136/1933/2105 2137/1920/2105
f 2115/1912/2106 1849/1934/2106 2130/1922/2106
f 2142/1930/2107 2141/1928/2107 2156/1935/2107 2157/1936/2107
f 2135/1931/2108 2134/1929/2108 2149/1937/2108 2150/1938/2108
f 2143/1932/2109 2142/1930/2109 2157/1936/2109 2158/1939/2109
f 2136/1933/2110 2135/1931/2110 2150/1938/2110 2151/1940/2110
f 2144/1919/2111 2143/1932/2111 2158/1939/2111 2159/1941/2111
f 2137/1920/2112 2136/1933/2112 2151/1940/2112 2152/1942/2112
f 2130/1922/2113 1849/1943/2113 2145/1944/2113
f 1859/1945/2114 2144/1919/2114 2159/1941/2114
f 2138/1921/2115 2137/1920/2115 2152/1942/2115 2153/1946/2115
f 2131/1923/2116 2130/1922/2116 2145/1944/2116 2146/1947/2116
f 2139/1924/2117 2138/1921/2117 2153/1946/2117 2154/1948/2117
f 2132/1925/2118 2131/1923/2118 2146/1947/2118 2147/1949/2118
f 2140/1926/2119 2139/1924/2119 2154/1948/2119 2155/1950/2119
f 2133/1927/2120 2132/1925/2120 2147/1949/2120 2148/1951/2120
f 2141/1928/2121 2140/1926/2121 2155/1950/2121 2156/1935/2121
f 2134/1929/2122 2133/1927/2122 2148/1951/2122 2149/1937/2122
f 2146/1947/2123 2145/1944/2123 2160/1952/2123 2161/1953/2123
f 2154/1948/2124 2153/1946/2124 2168/1954/2124 2169/1955/2124
f 2147/1949/2125 2146/1947/2125 2161/1953/2125 2162/1956/2125
f 2155/1950/2126 2154/1948/2126 2169/1955/2126 2170/1957/2126
f 2148/1951/2127 2147/1949/2127 2162/1956/2127 2163/1958/2127
f 2156/1935/2128 2155/1950/2128 2170/1957/2128 2171/1959/2128
f 2149/1937/2129 2148/1951/2129 2163/1958/2129 2164/1960/2129
f 2157/1936/2130 2156/1935/2130 2171/1959/2130 2172/1961/2130
f 2150/1938/2131 2149/1937/2131 2164/1960/2131 2165/1962/2131
f 2158/1939/2132 2157/1936/2132 2172/1961/2132 2173/1963/2132
f 2151/1940/2133 2150/1938/2133 2165/1962/2133 2166/1964/2133
f 2159/1941/2134 2158/1939/2134 2173/1963/2134 2174/1965/2134
f 2152/1942/2135 2151/1940/2135 2166/1964/2135 2167/1966/2135
f 2145/1944/2136 1849/1967/2136 2160/1952/2136
f 1859/1968/2137 2159/1941/2137 2174/1965/2137
f 2153/1946/2138 2152/1942/2138 2167/1966/2138 2168/1954/2138
f 2165/1962/2139 2164/1960/2139 2179/1969/2139 2180/1970/2139
f 2173/1963/2140 2172/1961/2140 2187/1971/2140 2188/1972/2140
f 2166/1964/2141 2165/1962/2141 2180/1970/2141 2181/1973/2141
f 2174/1965/2142 2173/1963/2142 2188/1972/2142 2189/1974/2142
f 2167/1966/2143 2166/1964/2143 2181/1973/2143 2182/1975/2143
f 2160/1952/2144 1849/1976/2144 2175/1977/2144
f 1859/1978/2145 2174/1965/2145 2189/1974/2145
f 2168/1954/2146 2167/1966/2146 2182/1975/2146 2183/1979/2146
f 2161/1953/2147 2160/1952/2147 2175/1977/2147 2176/1980/2147
f 2169/1955/2148 2168/1954/2148 2183/1979/2148 2184/1981/2148
f 2162/1956/2149 2161/1953/2149 2176/1980/2149 2177/1982/2149
f 2170/1957/2150 2169/1955/2150 2184/1981/2150 2185/1983/2150
f 2163/1958/2151 2162/1956/2151 2177/1982/2151 2178/1984/2151
f 2171/1959/2152 2170/1957/2152 2185/1983/2152 2186/1985/2152
f 2164/1960/2153 2163/1958/2153 2178/1984/2153 2179/1969/2153
f 2172/1961/2154 2171/1959/2154 2186/1985/2154 2187/1971/2154
f 2184/1981/2155 2183/1979/2155 2198/1986/2155 2199/1987/2155
f 2177/1982/2156 2176/1980/2156 2191/1988/2156 2192/1989/2156
f 2185/1983/2157 2184/1981/2157 2199/1987/2157 2200/1990/2157
f 2178/1984/2158 2177/1982/2158 2192/1989/2158 2193/1991/2158
f 2186/1985/2159 2185/1983/2159 2200/1990/2159 2201/1992/2159
f 2179/1969/2160 2178/1984/2160 2193/1991/2160 2194/1993/2160
f 2187/1971/2161 2186/1985/2161 2201/1992/2161 2202/1994/2161
f 2180/1970/2162 2179/1969/2162 2194/1993/2162 2195/1995/2162
f 2188/1972/2163 2187/1971/2163 2202/1994/2163 2203/1996/2163
f 2181/1973/2164 2180/1970/2164 2195/1995/2164 2196/1997/2164
f 2189/1974/2165 2188/1972/2165 2203/1996/2165 2204/1998/2165
f 2182/1975/2166 2181/1973/2166 2196/1997/2166 2197/1999/2166
f 2175/1977/2167 1849/2000/2167 2190/2001/2167
f 1859/2002/2168 2189/1974/2168 2204/1998/2168
f 2183/1979/2169 2182/1975/2169 2197/1999/2169 2198/1986/2169
f 2176/1980/2170 2175/1977/2170 2190/2001/2170 2191/1988/2170
f 2203/1996/2171 2202/1994/2171 2217/2003/2171 2218/2004/2171
f 2196/1997/2172 2195/1995/2172 2210/2005/2172 2211/2006/2172
f 2204/1998/2173 2203/1996/2173 2218/2004/2173 2219/2007/2173
f 2197/1999/2174 2196/1997/2174 2211/2006/2174 2212/2008/2174
f 2190/2001/2175 1849/2009/2175 2205/2010/2175
f 1859/2011/2176 2204/1998/2176 2219/2007/2176
f 2198/1986/2177 2197/1999/2177 2212/2008/2177 2213/2012/2177
f 2191/1988/2178 2190/2001/2178 2205/2010/2178 2206/2013/2178
f 2199/1987/2179 2198/1986/2179 2213/2012/2179 2214/2014/2179
f 2192/1989/2180 2191/1988/2180 2206/2013/2180 2207/2015/2180
f 2200/1990/2181 2199/1987/2181 2214/2014/2181 2215/2016/2181
f 2193/1991/2182 2192/1989/2182 2207/2015/2182 2208/2017/2182
f 2201/1992/2183 2200/1990/2183 2215/2016/2183 2216/2018/2183
f 2194/1993/2184 2193/1991/2184 2208/2017/2184 2209/2019/2184
f 2202/1994/2185 2201/1992/2185 2216/2018/2185 2217/2003/2185
f 2195/1995/2186 2194/1993/2186 2209/2019/2186 2210/2005/2186
f 2207/2020/2187 2206/2021/2187 2221/2022/2187 2222/2023/2187
f 2215/2024/2188 2214/2025/2188 2229/2026/2188 2230/2027/2188
f 2208/2028/2189 2207/2020/2189 2222/2023/2189 2223/2029/2189
f 2216/2030/2190 2215/2024/2190 2230/2027/2190 2231/2031/2190
f 2209/2032/2191 2208/2028/2191 2223/2029/2191 2224/2033/2191
f 2217/2034/2192 2216/2030/2192 2231/2031/2192 2232/2035/2192
f 2210/2036/2193 2209/2032/2193 2224/2033/2193 2225/2037/2193
f 2218/2038/2194 2217/2034/2194 2232/2035/2194 2233/2039/2194
f 2211/2040/2195 2210/2036/2195 2225/2037/2195 2226/2041/2195
f 2219/2042/2196 2218/2038/2196 2233/2039/2196 2234/2043/2196
f 2212/2044/2197 2211/2040/2197 2226/2041/2197 2227/2045/2197
f 2205/2046/2198 1849/2047/2198 2220/2048/2198
f 1859/2049/2199 2219/2042/2199 2234/2043/2199
f 2213/2050/2200 2212/2044/2200 2227/2045/2200 2228/2051/2200
f 2206/2021/2201 2205/2046/2201 2220/2048/2201 2221/2022/2201
f 2214/2025/2202 2213/2050/2202 2228/2051/2202 2229/2026/2202
f 2226/2041/2203 2225/2037/2203 2240/2052/2203 2241/2053/2203
f 2234/2043/2204 2233/2039/2204 2248/2054/2204 2249/2055/2204
f 2227/2045/2205 2226/2041/2205 2241/2053/2205 2242/2056/2205
f 2220/2048/2206 1849/2057/2206 2235/2058/2206
f 1859/2059/2207 2234/2043/2207 2249/2055/2207
f 2228/2051/2208 2227/2045/2208 2242/2056/2208 2243/2060/2208
f 2221/2022/2209 2220/2048/2209 2235/2058/2209 2236/2061/2209
f 2229/2026/2210 2228/2051/2210 2243/2060/2210 2244/2062/2210
f 2222/2023/2211 2221/2022/2211 2236/2061/2211 2237/2063/2211
f 2230/2027/2212 2229/2026/2212 2244/2062/2212 2245/2064/2212
f 2223/2029/2213 2222/2023/2213 2237/2063/2213 2238/2065/2213
f 2231/2031/2214 2230/2027/2214 2245/2064/2214 2246/2066/2214
f 2224/2033/2215 2223/2029/2215 2238/2065/2215 2239/2067/2215
f 2232/2035/2216 2231/2031/2216 2246/2066/2216 2247/2068/2216
f 2225/2037/2217 2224/2033/2217 2239/2067/2217 2240/2052/2217
f 2233/2039/2218 2232/2035/2218 2247/2068/2218 2248/2054/2218
f 2245/2064/2219 2244/2062/2219 2259/2069/2219 2260/2070/2219
f 2238/2065/2220 2237/2063/2220 2252/2071/2220 2253/2072/2220
f 2246/2066/2221 2245/2064/2221 2260/2070/2221 2261/2073/2221
f 2239/2067/2222 2238/2065/2222 2253/2072/2222 2254/2074/2222
f 2247/2068/2223 2246/2066/2223 2261/2073/2223 2262/2075/2223
f 2240/2052/2224 2239/2067/2224 2254/2074/2224 2255/2076/2224
f 2248/2054/2225 2247/2068/2225 2262/2075/2225 2263/2077/2225
f 2241/2053/2226 2240/2052/2226 2255/2076/2226 2256/2078/2226
f 2249/2055/2227 2248/2054/2227 2263/2077/2227 2264/2079/2227
f 2242/2056/2228 2241/2053/2228 2256/2078/2228 2257/2080/2228
f 2235/2058/2229 1849/2081/2229 2250/2082/2229
f 1859/2083/2230 2249/2055/2230 2264/2079/2230
f 2243/2060/2231 2242/2056/2231 2257/2080/2231 2258/2084/2231
f 2236/2061/2232 2235/2058/2232 2250/2082/2232 2251/2085/2232
f 2244/2062/2233 2243/2060/2233 2258/2084/2233 2259/2069/2233
f 2237/2063/2234 2236/2061/2234 2251/2085/2234 2252/2071/2234
f 2264/2079/2235 2263/2077/2235 2278/2086/2235 2279/2087/2235
f 2257/2080/2236 2256/2078/2236 2271/2088/2236 2272/2089/2236
f 2250/2082/2237 1849/2090/2237 2265/2091/2237
f 1859/2092/2238 2264/2079/2238 2279/2087/2238
f 2258/2084/2239 2257/2080/2239 2272/2089/2239 2273/2093/2239
f 2251/2085/2240 2250/2082/2240 2265/2091/2240 2266/2094/2240
f 2259/2069/2241 2258/2084/2241 2273/2093/2241 2274/2095/2241
f 2252/2071/2242 2251/2085/2242 2266/2094/2242 2267/2096/2242
f 2260/2070/2243 2259/2069/2243 2274/2095/2243 2275/2097/2243
f 2253/2072/2244 2252/2071/2244 2267/2096/2244 2268/2098/2244
f 2261/2073/2245 2260/2070/2245 2275/2097/2245 2276/2099/2245
f 2254/2074/2246 2253/2072/2246 2268/2098/2246 2269/2100/2246
f 2262/2075/2247 2261/2073/2247 2276/2099/2247 2277/2101/2247
f 2255/2076/2248 2254/2074/2248 2269/2100/2248 2270/2102/2248
f 2263/2077/2249 2262/2075/2249 2277/2101/2249 2278/2086/2249
f 2256/2078/2250 2255/2076/2250 2270/2102/2250 2271/2088/2250
f 2276/2099/2251 2275/2097/2251 2290/2103/2251 2291/2104/2251
f 2269/2100/2252 2268/2098/2252 2283/2105/2252 2284/2106/2252
f 2277/2101/2253 2276/2099/2253 2291/2104/2253 2292/2107/2253
f 2270/2102/2254 2269/2100/2254 2284/2106/2254 2285/2108/2254
f 2278/2086/2255 2277/2101/2255 2292/2107/2255 2293/2109/2255
f 2271/2088/2256 2270/2102/2256 2285/2108/2256 2286/2110/2256
f 2279/2087/2257 2278/2086/2257 2293/2109/2257 2294/2111/2257
f 2272/2089/2258 2271/2088/2258 2286/2110/2258 2287/2112/2258
f 2265/2091/2259 1849/2113/2259 2280/2114/2259
f 1859/2115/2260 2279/2087/2260 2294/2111/2260
f 2273/2093/2261 2272/2089/2261 2287/2112/2261 2288/2116/2261
f 2266/2094/2262 2265/2091/2262 2280/2114/2262 2281/2117/2262
f 2274/2095/2263 2273/2093/2263 2288/2116/2263 2289/2118/2263
f 2267/2096/2264 2266/2094/2264 2281/2117/2264 2282/2119/2264
f 2275/2097/2265 2274/2095/2265 2289/2118/2265 2290/2103/2265
f 2268/2098/2266 2267/2096/2266 2282/2119/2266 2283/2105/2266
f 2280/2114/2267 1849/2120/2267 2295/2121/2267
f 1859/2122/2268 2294/2111/2268 2309/2123/2268
f 2288/2116/2269 2287/2112/2269 2302/2124/2269 2303/2125/2269
f 2281/2117/2270 2280/2114/2270 2295/2121/2270 2296/2126/2270
f 2289/2118/2271 2288/2116/2271 2303/2125/2271 2304/2127/2271
f 2282/2119/2272 2281/2117/2272 2296/2126/2272 2297/2128/2272
f 2290/2103/2273 2289/2118/2273 2304/2127/2273 2305/2129/2273
f 2283/2105/2274 2282/2119/2274 2297/2128/2274 2298/2130/2274
f 2291/2104/2275 2290/2103/2275 2305/2129/2275 2306/2131/2275
f 2284/2106/2276 2283/2105/2276 2298/2130/2276 2299/2132/2276
f 2292/2107/2277 2291/2104/2277 2306/2131/2277 2307/2133/2277
f 2285/2108/2278 2284/2106/2278 2299/2132/2278 2300/2134/2278
f 2293/2109/2279 2292/2107/2279 2307/2133/2279 2308/2135/2279
f 2286/2110/2280 2285/2108/2280 2300/2134/2280 2301/2136/2280
f 2294/2111/2281 2293/2109/2281 2308/2135/2281 2309/2123/2281
f 2287/2112/2282 2286/2110/2282 2301/2136/2282 2302/2124/2282
f 2299/2132/2283 2298/2130/2283 2313/2137/2283 2314/2138/2283
f 2307/2133/2284 2306/2131/2284 2321/2139/2284 2322/2140/2284
f 2300/2134/2285 2299/2132/2285 2314/2138/2285 2315/2141/2285
f 2308/2135/2286 2307/2133/2286 2322/2140/2286 2323/2142/2286
f 2301/2136/2287 2300/2134/2287 2315/2141/2287 2316/2143/2287
f 2309/2123/2288 2308/2135/2288 2323/2142/2288 2324/2144/2288
f 2302/2124/2289 2301/2136/2289 2316/2143/2289 2317/2145/2289
f 2295/2121/2290 1849/2146/2290 2310/2147/2290
f 1859/2148/2291 2309/2123/2291 2324/2144/2291
f 2303/2125/2292 2302/2124/2292 2317/2145/2292 2318/2149/2292
f 2296/2126/2293 2295/2121/2293 2310/2147/2293 2311/2150/2293
f 2304/2127/2294 2303/2125/2294 2318/2149/2294 2319/2151/2294
f 2297/2128/2295 2296/2126/2295 2311/2150/2295 2312/2152/2295
f 2305/2129/2296 2304/2127/2296 2319/2151/2296 2320/2153/2296
f 2298/2130/2297 2297/2128/2297 2312/2152/2297 2313/2137/2297
f 2306/2131/2298 2305/2129/2298 2320/2153/2298 2321/2139/2298
f 2318/2149/2299 2317/2145/2299 1854/1604/2299 1855/1603/2299
f 2311/2150/2300 2310/2147/2300 1850/1597/2300 2325/1607/2300
f 2319/2151/2301 2318/2149/2301 1855/1603/2301 2328/1609/2301
f 2312/2152/2302 2311/2150/2302 2325/1607/2302 1851/1611/2302
f 2320/2153/2303 2319/2151/2303 2328/1609/2303 1856/1613/2303
f 2313/2137/2304 2312/2152/2304 1851/1611/2304 1852/1615/2304
f 2321/2139/2305 2320/2153/2305 1856/1613/2305 2329/1617/2305
f 2314/2138/2306 2313/2137/2306 1852/1615/2306 2326/1619/2306
f 2322/2140/2307 2321/2139/2307 2329/1617/2307 1857/1621/2307
f 2315/2141/2308 2314/2138/2308 2326/1619/2308 1853/1623/2308
f 2323/2142/2309 2322/2140/2309 1857/1621/2309 2330/1625/2309
f 2316/2143/2310 2315/2141/2310 1853/1623/2310 2327/1627/2310
f 2324/2144/2311 2323/2142/2311 2330/1625/2311 1858/1601/2311
f 2317/2145/2312 2316/2143/2312 2327/1627/2312 1854/1604/2312
f 2310/2147/2313 1849/2154/2313 1850/1597/2313
f 1859/2155/2314 2324/2144/2314 1858/1601/2314
o Sphere.003
v -0.170000 0.124000 -0.085000
v -0.170000 0.123923 -0.085780
v -0.170000 0.123326 -0.087222
v -0.170000 0.122828 -0.087828
v -0.170000 0.121531 -0.088696
v -0.170000 0.120000 -0.089000
v -0.170000 0.119220 -0.088923
v -0.170000 0.117778 -0.088326
v -0.170000 0.116674 -0.087222
v -0.170000 0.116077 -0.085780
v -0.170000 0.116000 -0.085000
v -0.169848 0.123923 -0.085765
v -0.169701 0.123696 -0.086501
v -0.169566 0.123326 -0.087180
v -0.169448 0.122828 -0.087774
v -0.169351 0.122222 -0.088262
v -0.169279 0.121531 -0.088625
v -0.169235 0.120780 -0.088848
v -0.169220 0.120000 -0.088923
v -0.169235 0.119220 -0.088848
v -0.169279 0.118469 -0.088625
v -0.169351 0.117778 -0.088262
v -0.169448 0.117172 -0.087774
v -0.169566 0.116674 -0.087180
v -0.169701 0.116304 -0.086501
v -0.169848 0.116077 -0.085765
v -0.169701 0.123923 -0.085721
v -0.169414 0.123696 -0.086414
v -0.169150 0.123326 -0.087053
v -0.168918 0.122828 -0.087613
v -0.168727 0.122222 -0.088073
v -0.168586 0.121531 -0.088414
v -0.168499 0.120780 -0.088625
v -0.168469 0.120000 -0.088696
v -0.168499 0.119220 -0.088625
v -0.168586 0.118469 -0.088414
v -0.168727 0.117778 -0.088073
v -0.168918 0.117172 -0.087613
v -0.169150 0.116674 -0.087053
v -0.169414 0.116304 -0.086414
v -0.169701 0.116077 -0.085721
v -0.169566 0.123923 -0.085649
v -0.169150 0.123696 -0.086273
v -0.168765 0.123326 -0.086848
v -0.168429 0.122828 -0.087352
v -0.168152 0.122222 -0.087765
v -0.167947 0.121531 -0.088073
v -0.167820 0.120780 -0.088262
v -0.167778 0.120000 -0.088326
v -0.167820 0.119220 -0.088262
v -0.167947 0.118469 -0.088073
v -0.168152 0.117778 -0.087765
v -0.168429 0.117172 -0.087352
v -0.168765 0.116674 -0.086848
v -0.169150 0.116304 -0.086273
v -0.169566 0.116077 -0.085649
v -0.169448 0.123923 -0.085552
v -0.168918 0.123696 -0.086082
v -0.168429 0.123326 -0.086571
v -0.168000 0.122828 -0.087000
v -0.167648 0.122222 -0.087352
v -0.167387 0.121531 -0.087613
v -0.167226 0.120780 -0.087774
v -0.167172 0.120000 -0.087828
v -0.167226 0.119220 -0.087774
v -0.167387 0.118469 -0.087613
v -0.167648 0.117778 -0.087352
v -0.168000 0.117172 -0.087000
v -0.168429 0.116674 -0.086571
v -0.168918 0.116304 -0.086082
v -0.169448 0.116077 -0.085552
v -0.169351 0.123923 -0.085434
v -0.168727 0.123696 -0.085850
v -0.168152 0.123326 -0.086235
v -0.167648 0.122828 -0.086571
v -0.167235 0.122222 -0.086848
v -0.166927 0.121531 -0.087053
v -0.166738 0.120780 -0.087180
v -0.166674 0.120000 -0.087222
v -0.166738 0.119220 -0.087180
v -0.166927 0.118469 -0.087053
v -0.167235 0.117778 -0.086848
v -0.167648 0.117172 -0.086571
v -0.168152 0.116674 -0.086235
v -0.168727 0.116304 -0.085850
v -0.169351 0.116077 -0.085434
v -0.169279 0.123923 -0.085299
v -0.168586 0.123696 -0.085586
v -0.167947 0.123326 -0.085850
v -0.167387 0.122828 -0.086082
v -0.166927 0.122222 -0.086273
v -0.166586 0.121531 -0.086414
v -0.166375 0.120780 -0.086501
v -0.166304 0.120000 -0.086531
v -0.166375 0.119220 -0.086501
v -0.166586 0.118469 -0.086414
v -0.166927 0.117778 -0.086273
v -0.167387 0.117172 -0.086082
v -0.167947 0.116674 -0.085850
v -0.168586 0.116304 -0.085586
v -0.169279 0.116077 -0.085299
v -0.169235 0.123923 -0.085152
v -0.168499 0.123696 -0.085299
v -0.167820 0.123326 -0.085434
v -0.167226 0.122828 -0.085552
v -0.166738 0.122222 -0.085649
v -0.166375 0.121531 -0.085721
v -0.166152 0.120780 -0.085765
v -0.166077 0.120000 -0.085780
v -0.166152 0.119220 -0.085765
v -0.166375 0.118469 -0.085721
v -0.166738 0.117778 -0.085649
v -0.167226 0.117172 -0.085552
v -0.167820 0.116674 -0.085434
v -0.168499 0.116304 -0.085299
v -0.169235 0.116077 -0.085152
v -0.169220 0.123923 -0.085000
v -0.168469 0.123696 -0.085000
v -0.167778 0.123326 -0.085000
v -0.167172 0.122828 -0.085000
v -0.166674 0.122222 -0.085000
v -0.166304 0.121531 -0.085000
v -0.166077 0.120780 -0.085000
v -0.166000 0.120000 -0.085000
v -0.166077 0.119220 -0.085000
v -0.166304 0.118469 -0.085000
v -0.166674 0.117778 -0.085000
v -0.167172 0.117172 -0.085000
v -0.167778 0.116674 -0.085000
v -0.168469 0.116304 -0.085000
v -0.169220 0.116077 -0.085000
v -0.169235 0.123923 -0.084848
v -0.168499 0.123696 -0.084701
v -0.167820 0.123326 -0.084566
v -0.167226 0.122828 -0.084448
v -0.166738 0.122222 -0.084351
v -0.166375 0.121531 -0.084279
v -0.166152 0.120780 -0.084235
v -0.166077 0.120000 -0.084220
v -0.166152 0.119220 -0.084235
v -0.166375 0.118469 -0.084279
v -0.166738 0.117778 -0.084351
v -0.167226 0.117172 -0.084448
v -0.167820 0.116674 -0.084566
v -0.168499 0.116304 -0.084701
v -0.169235 0.116077 -0.084848
v -0.169279 0.123923 -0.084701
v -0.168586 0.123696 -0.084414
v -0.167947 0.123326 -0.084150
v -0.167387 0.122828 -0.083918
v -0.166927 0.122222 -0.083727
v -0.166586 0.121531 -0.083586
v -0.166375 0.120780 -0.083499
v -0.166304 0.120000 -0.083469
v -0.166375 0.119220 -0.083499
v -0.166586 0.118469 -0.083586
v -0.166927 0.117778 -0.083727
v -0.167387 0.117172 -0.083918
v -0.167947 0.116674 -0.084150
v -0.168586 0.116304 -0.084414
v -0.169279 0.116077 -0.084701
v -0.169351 0.123923 -0.084566
v -0.168727 0.123696 -0.084150
v -0.168152 0.123326 -0.083765
v -0.167648 0.122828 -0.083429
v -0.167235 0.122222 -0.083152
v -0.166927 0.121531 -0.082947
v -0.166738 0.120780 -0.082820
v -0.166674 0.120000 -0.082778
v -0.166738 0.119220 -0.082820
v -0.166927 0.118469 -0.082947
v -0.167235 0.117778 -0.083152
v -0.167648 0.117172 -0.083429
v -0.168152 0.116674 -0.083765
v -0.168727 0.116304 -0.084150
v -0.169351 0.116077 -0.084566
v -0.169448 0.123923 -0.084448
v -0.168918 0.123696 -0.083918
v -0.168429 0.123326 -0.083429
v -0.168000 0.122828 -0.083000
v -0.167648 0.122222 -0.082648
v -0.167387 0.121531 -0.082387
v -0.167226 0.120780 -0.082226
v -0.167172 0.120000 -0.082172
v -0.167226 0.119220 -0.082226
v -0.167387 0.118469 -0.082387
v -0.167648 0.117778 -0.082648
v -0.168000 0.117172 -0.083000
v -0.168429 0.116674 -0.083429
v -0.168918 0.116304 -0.083918
v -0.169448 0.116077 -0.084448
v -0.169566 0.123923 -0.084351
v -0.169150 0.123696 -0.083727
v -0.168765 0.123326 -0.083152
v -0.168429 0.122828 -0.082648
v -0.168152 0.122222 -0.082235
v -0.167947 0.121531 -0.081927
v -0.167820 0.120780 -0.081738
v -0.167778 0.120000 -0.081674
v -0.167820 0.119220 -0.081738
v -0.167947 0.118469 -0.081927
v -0.168152 0.117778 -0.082235
v -0.168429 0.117172 -0.082648
v -0.168765 0.116674 -0.083152
v -0.169150 0.116304 -0.083727
v -0.169566 0.116077 -0.084351
v -0.169701 0.123923 -0.084279
v -0.169414 0.123696 -0.083586
v -0.169150 0.123326 -0.082947
v -0.168918 0.122828 -0.082387
v -0.168727 0.122222 -0.081927
v -0.168586 0.121531 -0.081586
v -0.168499 0.120780 -0.081375
v -0.168469 0.120000 -0.081304
v -0.168499 0.119220 -0.081375
v -0.168586 0.118469 -0.081586
v -0.168727 0.117778 -0.081927
v -0.168918 0.117172 -0.082387
v -0.169150 0.116674 -0.082947
v -0.169414 0.116304 -0.083586
v -0.169701 0.116077 -0.084279
v -0.169848 0.123923 -0.084235
v -0.169701 0.123696 -0.083499
v -0.169566 0.123326 -0.082820
v -0.169448 0.122828 -0.082226
v -0.169351 0.122222 -0.081738
v -0.169279 0.121531 -0.081375
v -0.169235 0.120780 -0.081152
v -0.169220 0.120000 -0.081077
v -0.169235 0.119220 -0.081152
v -0.169279 0.118469 -0.081375
v -0.169351 0.117778 -0.081738
v -0.169448 0.117172 -0.082226
v -0.169566 0.116674 -0.082820
v -0.169701 0.116304 -0.083499
v -0.169848 0.116077 -0.084235
v -0.170000 0.123923 -0.084220
v -0.170000 0.123696 -0.083469
v -0.170000 0.123326 -0.082778
v -0.170000 0.122828 -0.082172
v -0.170000 0.122222 -0.081674
v -0.170000 0.121531 -0.081304
v -0.170000 0.120780 -0.081077
v -0.170000 0.120000 -0.081000
v -0.170000 0.119220 -0.081077
v -0.170000 0.118469 -0.081304
v -0.170000 0.117778 -0.081674
v -0.170000 0.117172 -0.082172
v -0.170000 0.116674 -0.082778
v -0.170000 0.116304 -0.083469
v -0.170000 0.116077 -0.084220
v -0.170152 0.123923 -0.084235
v -0.170299 0.123696 -0.083499
v -0.170434 0.123326 -0.082820
v -0.170552 0.122828 -0.082226
v -0.170649 0.122222 -0.081738
v -0.170721 0.121531 -0.081375
v -0.170765 0.120780 -0.081152
v -0.170780 0.120000 -0.081077
v -0.170765 0.119220 -0.081152
v -0.170721 0.118469 -0.081375
v -0.170649 0.117778 -0.081738
v -0.170552 0.117172 -0.082226
v -0.170434 0.116674 -0.082820
v -0.170299 0.116304 -0.083499
v -0.170152 0.116077 -0.084235
v -0.170299 0.123923 -0.084279
v -0.170586 0.123696 -0.083586
v -0.170850 0.123326 -0.082947
v -0.171082 0.122828 -0.082387
v -0.171273 0.122222 -0.081927
v -0.171414 0.121531 -0.081586
v -0.171501 0.120780 -0.081375
v -0.171531 0.120000 -0.081304
v -0.171501 0.119220 -0.081375
v -0.171414 0.118469 -0.081586
v -0.171273 0.117778 -0.081927
v -0.171082 0.117172 -0.082387
v -0.170850 0.116674 -0.082947
v -0.170586 0.116304 -0.083586
v -0.170299 0.116077 -0.084279
v -0.170434 0.123923 -0.084351
v -0.170850 0.123696 -0.083727
v -0.171235 0.123326 -0.083152
v -0.171571 0.122828 -0.082648
v -0.171848 0.122222 -0.082235
v -0.172053 0.121531 -0.081927
v -0.172180 0.120780 -0.081738
v -0.172222 0.120000 -0.081674
v -0.172180 0.119220 -0.081738
v -0.172053 0.118469 -0.081927
v -0.171848 0.117778 -0.082235
v -0.171571 0.117172 -0.082648
v -0.171235 0.116674 -0.083152
v -0.170850 0.116304 -0.083727
v -0.170434 0.116077 -0.084351
v -0.170552 0.123923 -0.084448
v -0.171082 0.123696 -0.083918
v -0.171571 0.123326 -0.083429
v -0.172000 0.122828 -0.083000
v -0.172352 0.122222 -0.082648
v -0.172613 0.121531 -0.082387
v -0.172774 0.120780 -0.082226
v -0.172828 0.120000 -0.082172
v -0.172774 0.119220 -0.082226
v -0.172613 0.118469 -0.082387
v -0.172352 0.117778 -0.082648
v -0.172000 0.117172 -0.083000
v -0.171571 0.116674 -0.083429
v -0.171082 0.116304 -0.083918
v -0.170552 0.116077 -0.084448
v -0.170649 0.123923 -0.084566
v -0.171273 0.123696 -0.084150
v -0.171848 0.123326 -0.083765
v -0.172352 0.122828 -0.083429
v -0.172765 0.122222 -0.083152
v -0.173073 0.121531 -0.082947
v -0.173262 0.120780 -0.082820
v -0.173326 0.120000 -0.082778
v -0.173262 0.119220 -0.082820
v -0.173073 0.118469 -0.082947
v -0.172765 0.117778 -0.083152
v -0.172352 0.117172 -0.083429
v -0.171848 0.116674 -0.083765
v -0.171273 0.116304 -0.084150
v -0.170649 0.116077 -0.084566
v -0.170721 0.123923 -0.084701
v -0.171414 0.123696 -0.084414
v -0.172053 0.123326 -0.084150
v -0.172613 0.122828 -0.083918
v -0.173073 0.122222 -0.083727
v -0.173414 0.121531 -0.083586
v -0.173625 0.120780 -0.083499
v -0.173696 0.120000 -0.083469
v -0.173625 0.119220 -0.083499
v -0.173414 0.118469 -0.083586
v -0.173073 0.117778 -0.083727
v -0.172613 0.117172 -0.083918
v -0.172053 0.116674 -0.084150
v -0.171414 0.116304 -0.084414
v -0.170721 0.116077 -0.084701
v -0.170765 0.123923 -0.084848
v -0.171501 0.123696 -0.084701
v -0.172180 0.123326 -0.084566
v -0.172774 0.122828 -0.084448
v -0.173262 0.122222 -0.084351
v -0.173625 0.121531 -0.084279
v -0.173848 0.120780 -0.084235
v -0.173923 0.120000 -0.084220
v -0.173848 0.119220 -0.084235
v -0.173625 0.118469 -0.084279
v -0.173262 0.117778 -0.084351
v -0.172774 0.117172 -0.084448
v -0.172180 0.116674 -0.084566
v -0.171501 0.116304 -0.084701
v -0.170765 0.116077 -0.084848
v -0.170780 0.123923 -0.085000
v -0.171531 0.123696 -0.085000
v -0.172222 0.123326 -0.085000
v -0.172828 0.122828 -0.085000
v -0.173326 0.122222 -0.085000
v -0.173696 0.121531 -0.085000
v -0.173923 0.120780 -0.085000
v -0.174000 0.120000 -0.085000
v -0.173923 0.119220 -0.085000
v -0.173696 0.118469 -0.085000
v -0.173326 0.117778 -0.085000
v -0.172828 0.117172 -0.085000
v -0.172222 0.116674 -0.085000
v -0.171531 0.116304 -0.085000
v -0.170780 0.116077 -0.085000
v -0.170765 0.123923 -0.085152
v -0.171501 0.123696 -0.085299
v -0.172180 0.123326 -0.085434
v -0.172774 0.122828 -0.085552
v -0.173262 0.122222 -0.085649
v -0.173625 0.121531 -0.085721
v -0.173848 0.120780 -0.085765
v -0.173923 0.120000 -0.085780
v -0.173848 0.119220 -0.085765
v -0.173625 0.118469 -0.085721
v -0.173262 0.117778 -0.085649
v -0.172774 0.117172 -0.085552
v -0.172180 0.116674 -0.085434
v -0.171501 0.116304 -0.085299
v -0.170765 0.116077 -0.085152
v -0.170721 0.123923 -0.085299
v -0.171414 0.123696 -0.085586
v -0.172053 0.123326 -0.085850
v -0.172613 0.122828 -0.086082
v -0.173073 0.122222 -0.086273
v -0.173414 0.121531 -0.086414
v -0.173625 0.120780 -0.086501
v -0.173696 0.120000 -0.086531
v -0.173625 0.119220 -0.086501
v -0.173414 0.118469 -0.086414
v -0.173073 0.117778 -0.086273
v -0.172613 0.117172 -0.086082
v -0.172053 0.116674 -0.085850
v -0.171414 0.116304 -0.085586
v -0.170721 0.116077 -0.085299
v -0.170649 0.123923 -0.085434
v -0.171273 0.123696 -0.085850
v -0.171848 0.123326 -0.086235
v -0.172352 0.122828 -0.086571
v -0.172765 0.122222 -0.086848
v -0.173073 0.121531 -0.087053
v -0.173262 0.120780 -0.087180
v -0.173326 0.120000 -0.087222
v -0.173262 0.119220 -0.087180
v -0.173073 0.118469 -0.087053
v -0.172765 0.117778 -0.086848
v -0.172352 0.117172 -0.086571
v -0.171848 0.116674 -0.086235
v -0.171273 0.116304 -0.085850
v -0.170649 0.116077 -0.085434
v -0.170552 0.123923 -0.085552
v -0.171082 0.123696 -0.086082
v -0.171571 0.123326 -0.086571
v -0.172000 0.122828 -0.087000
v -0.172352 0.122222 -0.087352
v -0.172613 0.121531 -0.087613
v -0.172774 0.120780 -0.087774
v -0.172828 0.120000 -0.087828
v -0.172774 0.119220 -0.087774
v -0.172613 0.118469 -0.087613
v -0.172352 0.117778 -0.087352
v -0.172000 0.117172 -0.087000
v -0.171571 0.116674 -0.086571
v -0.171082 0.116304 -0.086082
v -0.170552 0.116077 -0.085552
v -0.170434 0.123923 -0.085649
v -0.170850 0.123696 -0.086273
v -0.171235 0.123326 -0.086848
v -0.171571 0.122828 -0.087352
v -0.171848 0.122222 -0.087765
v -0.172053 0.121531 -0.088073
v -0.172180 0.120780 -0.088262
v -0.172222 0.120000 -0.088326
v -0.172180 0.119220 -0.088262
v -0.172053 0.118469 -0.088073
v -0.171848 0.117778 -0.087765
v -0.171571 0.117172 -0.087352
v -0.171235 0.116674 -0.086848
v -0.170850 0.116304 -0.086273
v -0.170434 0.116077 -0.085649
v -0.170299 0.123923 -0.085721
v -0.170586 0.123696 -0.086414
v -0.170850 0.123326 -0.087053
v -0.171082 0.122828 -0.087613
v -0.171273 0.122222 -0.088073
v -0.171414 0.121531 -0.088414
v -0.171501 0.120780 -0.088625
v -0.171531 0.120000 -0.088696
v -0.171501 0.119220 -0.088625
v -0.171414 0.118469 -0.088414
v -0.171273 0.117778 -0.088073
v -0.171082 0.117172 -0.087613
v -0.170850 0.116674 -0.087053
v -0.170586 0.116304 -0.086414
v -0.170299 0.116077 -0.085721
v -0.170152 0.123923 -0.085765
v -0.170299 0.123696 -0.086501
v -0.170434 0.123326 -0.087180
v -0.170552 0.122828 -0.087774
v -0.170649 0.122222 -0.088262
v -0.170721 0.121531 -0.088625
v -0.170765 0.120780 -0.088848
v -0.170780 0.120000 -0.088923
v -0.170765 0.119220 -0.088848
v -0.170721 0.118469 -0.088625
v -0.170649 0.117778 -0.088262
v -0.170552 0.117172 -0.087774
v -0.170434 0.116674 -0.087180
v -0.170299 0.116304 -0.086501
v -0.170152 0.116077 -0.085765
v -0.170000 0.123696 -0.086531
v -0.170000 0.122222 -0.088326
v -0.170000 0.120780 -0.088923
v -0.170000 0.118469 -0.088696
v -0.170000 0.117172 -0.087828
v -0.170000 0.116304 -0.086531
vn 0.0975 -0.0975 -0.9904
vn 0.0286 0.9565 -0.2902
vn 0.0938 -0.2890 -0.9527
vn 0.0464 0.8810 -0.4709
vn 0.0865 -0.4696 -0.8786
vn 0.0624 0.7715 -0.6332
vn 0.0759 -0.6326 -0.7708
vn 0.0759 0.6326 -0.7708
vn 0.0624 -0.7715 -0.6332
vn 0.0865 0.4696 -0.8786
vn 0.0464 -0.8810 -0.4709
vn 0.0938 0.2890 -0.9527
vn 0.0286 -0.9565 -0.2902
vn 0.0975 0.0976 -0.9904
vn 0.0097 0.9951 -0.0980
vn 0.0097 -0.9951 -0.0980
vn 0.0846 -0.9565 -0.2790
vn 0.2889 0.0975 -0.9524
vn 0.0286 0.9951 -0.0942
vn 0.0286 -0.9951 -0.0942
vn 0.2889 -0.0975 -0.9524
vn 0.0846 0.9565 -0.2790
vn 0.2779 -0.2890 -0.9161
vn 0.1374 0.8810 -0.4528
vn 0.2563 -0.4696 -0.8448
vn 0.1847 0.7715 -0.6088
vn 0.2248 -0.6326 -0.7412
vn 0.2248 0.6326 -0.7412
vn 0.1847 -0.7715 -0.6088
vn 0.2563 0.4696 -0.8448
vn 0.1374 -0.8810 -0.4528
vn 0.2779 0.2890 -0.9161
vn 0.3651 -0.6326 -0.6831
vn 0.3651 0.6326 -0.6831
vn 0.2999 -0.7715 -0.5611
vn 0.4162 0.4696 -0.7786
vn 0.2230 -0.8810 -0.4173
vn 0.4513 0.2890 -0.8443
vn 0.1374 -0.9565 -0.2571
vn 0.4691 0.0975 -0.8777
vn 0.0464 0.9951 -0.0869
vn 0.0464 -0.9951 -0.0869
vn 0.4691 -0.0975 -0.8777
vn 0.1374 0.9565 -0.2571
vn 0.4513 -0.2890 -0.8443
vn 0.2230 0.8810 -0.4173
vn 0.4162 -0.4696 -0.7786
vn 0.2999 0.7715 -0.5611
vn 0.0625 0.9951 -0.0761
vn 0.0625 -0.9951 -0.0761
vn 0.6314 -0.0975 -0.7693
vn 0.1850 0.9565 -0.2254
vn 0.6073 -0.2890 -0.7400
vn 0.3002 0.8810 -0.3658
vn 0.5601 -0.4696 -0.6825
vn 0.4036 0.7715 -0.4918
vn 0.4913 -0.6326 -0.5987
vn 0.4913 0.6326 -0.5987
vn 0.4036 -0.7715 -0.4918
vn 0.5601 0.4696 -0.6825
vn 0.3002 -0.8810 -0.3658
vn 0.6073 0.2890 -0.7400
vn 0.1850 -0.9565 -0.2254
vn 0.6314 0.0975 -0.7693
vn 0.5987 0.6326 -0.4913
vn 0.4918 -0.7715 -0.4036
vn 0.6825 0.4696 -0.5601
vn 0.3658 -0.8810 -0.3002
vn 0.7400 0.2890 -0.6073
vn 0.2254 -0.9565 -0.1850
vn 0.7693 0.0975 -0.6314
vn 0.0761 0.9951 -0.0625
vn 0.0761 -0.9951 -0.0625
vn 0.7693 -0.0975 -0.6314
vn 0.2254 0.9565 -0.1850
vn 0.7400 -0.2890 -0.6073
vn 0.3658 0.8810 -0.3002
vn 0.6825 -0.4696 -0.5601
vn 0.4918 0.7715 -0.4036
vn 0.5987 -0.6326 -0.4913
vn 0.8777 -0.0975 -0.4691
vn 0.2571 0.9565 -0.1374
vn 0.8443 -0.2890 -0.4513
vn 0.4173 0.8810 -0.2230
vn 0.7786 -0.4696 -0.4162
vn 0.5611 0.7715 -0.2999
vn 0.6831 -0.6326 -0.3651
vn 0.6831 0.6326 -0.3651
vn 0.5611 -0.7715 -0.2999
vn 0.7786 0.4696 -0.4162
vn 0.4173 -0.8810 -0.2230
vn 0.8443 0.2890 -0.4513
vn 0.2571 -0.9565 -0.1374
vn 0.8777 0.0975 -0.4691
vn 0.0869 0.9951 -0.0464
vn 0.0869 -0.9951 -0.0464
vn 0.6088 -0.7715 -0.1847
vn 0.8448 0.4696 -0.2563
vn 0.4528 -0.8810 -0.1374
vn 0.9161 0.2890 -0.2779
vn 0.2790 -0.9565 -0.0846
vn 0.9524 0.0975 -0.2889
vn 0.0942 0.9951 -0.0286
vn 0.0942 -0.9951 -0.0286
vn 0.9524 -0.0975 -0.2889
vn 0.2790 0.9565 -0.0846
vn 0.9161 -0.2890 -0.2779
vn 0.4528 0.8810 -0.1374
vn 0.8448 -0.4696 -0.2563
vn 0.6088 0.7715 -0.1847
vn 0.7412 -0.6326 -0.2248
vn 0.7412 0.6326 -0.2248
vn 0.2902 0.9565 -0.0286
vn 0.9527 -0.2890 -0.0938
vn 0.4709 0.8810 -0.0464
vn 0.8786 -0.4696 -0.0865
vn 0.6332 0.7715 -0.0624
vn 0.7708 -0.6326 -0.0759
vn 0.7708 0.6326 -0.0759
vn 0.6332 -0.7715 -0.0624
vn 0.8786 0.4696 -0.0865
vn 0.4709 -0.8810 -0.0464
vn 0.9527 0.2890 -0.0938
vn 0.2902 -0.9565 -0.0286
vn 0.9904 0.0976 -0.0975
vn 0.0980 0.9951 -0.0097
vn 0.0980 -0.9951 -0.0097
vn 0.9904 -0.0976 -0.0975
vn 0.8786 0.4696 0.0865
vn 0.4709 -0.8810 0.0464
vn 0.9527 0.2890 0.0938
vn 0.2902 -0.9565 0.0286
vn 0.9904 0.0976 0.0975
vn 0.0980 0.9951 0.0097
vn 0.0980 -0.9951 0.0097
vn 0.9904 -0.0976 0.0975
vn 0.2902 0.9565 0.0286
vn 0.9527 -0.2890 0.0938
vn 0.4709 0.8810 0.0464
vn 0.8786 -0.4696 0.0865
vn 0.6332 0.7715 0.0624
vn 0.7708 -0.6326 0.0759
vn 0.7708 0.6326 0.0759
vn 0.6332 -0.7715 0.0624
vn 0.9161 -0.2890 0.2779
vn 0.4528 0.8810 0.1374
vn 0.8448 -0.4696 0.2563
vn 0.6088 0.7715 0.1847
vn 0.7412 -0.6326 0.2248
vn 0.7412 0.6326 0.2248
vn 0.6088 -0.7715 0.1847
vn 0.8448 0.4696 0.2563
vn 0.4528 -0.8810 0.1374
vn 0.9161 0.2890 0.2779
vn 0.2790 -0.9565 0.0846
vn 0.9524 0.0976 0.2889
vn 0.0942 0.9951 0.0286
vn 0.0942 -0.9951 0.0286
vn 0.9524 -0.0976 0.2889
vn 0.2790 0.9565 0.0846
vn 0.4173 -0.8810 0.2230
vn 0.8443 0.2890 0.4513
vn 0.2571 -0.9565 0.1374
vn 0.8777 0.0976 0.4691
vn 0.0869 0.9951 0.0464
vn 0.0869 -0.9951 0.0464
vn 0.8777 -0.0976 0.4691
vn 0.2571 0.9565 0.1374
vn 0.8443 -0.2890 0.4513
vn 0.4173 0.8810 0.2230
vn 0.7786 -0.4696 0.4162
vn 0.5611 0.7715 0.2999
vn 0.6831 -0.6326 0.3651
vn 0.6831 0.6326 0.3651
vn 0.5611 -0.7715 0.2999
vn 0.7786 0.4696 0.4162
vn 0.6825 -0.4696 0.5601
vn 0.4918 0.7715 0.4036
vn 0.5987 -0.6326 0.4913
vn 0.5987 0.6326 0.4913
vn 0.4918 -0.7715 0.4036
vn 0.6825 0.4696 0.5601
vn 0.3658 -0.8810 0.3002
vn 0.7400 0.2890 0.6073
vn 0.2254 -0.9565 0.1850
vn 0.7693 0.0976 0.6314
vn 0.0761 0.9951 0.0625
vn 0.0761 -0.9951 0.0625
vn 0.7693 -0.0976 0.6314
vn 0.2254 0.9565 0.1850
vn 0.7400 -0.2890 0.6073
vn 0.3658 0.8810 0.3002
vn 0.1850 -0.9565 0.2254
vn 0.6314 0.0976 0.7693
vn 0.0625 0.9951 0.0761
vn 0.0625 -0.9951 0.0761
vn 0.6314 -0.0976 0.7693
vn 0.1850 0.9565 0.2254
vn 0.6073 -0.2890 0.7400
vn 0.3002 0.8810 0.3658
vn 0.5601 -0.4696 0.6825
vn 0.4036 0.7715 0.4918
vn 0.4913 -0.6326 0.5987
vn 0.4913 0.6326 0.5987
vn 0.4036 -0.7715 0.4918
vn 0.5601 0.4696 0.6825
vn 0.3002 -0.8810 0.3658
vn 0.6073 0.2890 0.7400
vn 0.2999 0.7715 0.5611
vn 0.3651 -0.6326 0.6831
vn 0.3651 0.6326 0.6831
vn 0.2999 -0.7715 0.5611
vn 0.4162 0.4696 0.7786
vn 0.2231 -0.8810 0.4173
vn 0.4513 0.2890 0.8443
vn 0.1374 -0.9565 0.2571
vn 0.4691 0.0976 0.8777
vn 0.0464 0.9951 0.0869
vn 0.0464 -0.9951 0.0869
vn 0.4691 -0.0976 0.8777
vn 0.1374 0.9565 0.2571
vn 0.4513 -0.2890 0.8443
vn 0.2231 0.8810 0.4173
vn 0.4162 -0.4696 0.7786
vn 0.2889 0.0975 0.9524
vn 0.0286 0.9951 0.0942
vn 0.0286 -0.9951 0.0942
vn 0.2889 -0.0976 0.9524
vn 0.0846 0.9565 0.2790
vn 0.2779 -0.2890 0.9161
vn 0.1374 0.8810 0.4528
vn 0.2563 -0.4696 0.8448
vn 0.1847 0.7715 0.6088
vn 0.2248 -0.6326 0.7412
vn 0.2248 0.6326 0.7412
vn 0.1847 -0.7715 0.6088
vn 0.2563 0.4696 0.8448
vn 0.1374 -0.8810 0.4528
vn 0.2779 0.2890 0.9161
vn 0.0846 -0.9565 0.2790
vn 0.0759 -0.6326 0.7708
vn 0.0759 0.6326 0.7708
vn 0.0624 -0.7715 0.6332
vn 0.0865 0.4696 0.8786
vn 0.0464 -0.8810 0.4709
vn 0.0938 0.2890 0.9527
vn 0.0286 -0.9565 0.2902
vn 0.0975 0.0975 0.9904
vn 0.0097 0.9951 0.0980
vn 0.0097 -0.9951 0.0980
vn 0.0975 -0.0975 0.9904
vn 0.0286 0.9565 0.2902
vn 0.0938 -0.2890 0.9527
vn 0.0464 0.8810 0.4709
vn 0.0865 -0.4696 0.8786
vn 0.0624 0.7715 0.6332
vn -0.0097 0.9951 0.0980
vn -0.0097 -0.9951 0.0980
vn -0.0975 -0.0975 0.9904
vn -0.0286 0.9565 0.2902
vn -0.0938 -0.2890 0.9527
vn -0.0464 0.8810 0.4709
vn -0.0865 -0.4696 0.8786
vn -0.0624 0.7715 0.6332
vn -0.0759 -0.6326 0.7708
vn -0.0759 0.6326 0.7708
vn -0.0624 -0.7715 0.6332
vn -0.0865 0.4696 0.8786
vn -0.0464 -0.8810 0.4709
vn -0.0938 0.2890 0.9527
vn -0.0286 -0.9565 0.2902
vn -0.0975 0.0975 0.9904
vn -0.2248 0.6326 0.7412
vn -0.1847 -0.7715 0.6088
vn -0.2563 0.4696 0.8448
vn -0.1374 -0.8810 0.4528
vn -0.2779 0.2890 0.9161
vn -0.0846 -0.9565 0.2790
vn -0.2889 0.0976 0.9524
vn -0.0286 0.9951 0.0942
vn -0.0286 -0.9951 0.0942
vn -0.2889 -0.0976 0.9524
vn -0.0846 0.9565 0.2790
vn -0.2779 -0.2890 0.9161
vn -0.1374 0.8810 0.4528
vn -0.2563 -0.4696 0.8448
vn -0.1847 0.7715 0.6088
vn -0.2248 -0.6326 0.7412
vn -0.4691 -0.0976 0.8777
vn -0.1374 0.9565 0.2571
vn -0.4513 -0.2890 0.8443
vn -0.2231 0.8810 0.4173
vn -0.4162 -0.4696 0.7786
vn -0.2999 0.7715 0.5611
vn -0.3651 -0.6326 0.6831
vn -0.3651 0.6326 0.6831
vn -0.2999 -0.7715 0.5611
vn -0.4162 0.4696 0.7786
vn -0.2231 -0.8810 0.4173
vn -0.4513 0.2890 0.8443
vn -0.1374 -0.9565 0.2571
vn -0.4691 0.0976 0.8777
vn -0.0464 0.9951 0.0869
vn -0.0464 -0.9951 0.0869
vn -0.4036 -0.7715 0.4918
vn -0.5601 0.4696 0.6825
vn -0.3002 -0.8810 0.3658
vn -0.6073 0.2890 0.7400
vn -0.1850 -0.9565 0.2254
vn -0.6314 0.0976 0.7693
vn -0.0625 0.9951 0.0761
vn -0.0625 -0.9951 0.0761
vn -0.6314 -0.0976 0.7693
vn -0.1850 0.9565 0.2254
vn -0.6073 -0.2890 0.7400
vn -0.3002 0.8810 0.3658
vn -0.5601 -0.4696 0.6825
vn -0.4036 0.7715 0.4918
vn -0.4913 -0.6326 0.5987
vn -0.4913 0.6326 0.5987
vn -0.7400 -0.2890 0.6073
vn -0.3658 0.8810 0.3002
vn -0.6825 -0.4696 0.5601
vn -0.4918 0.7715 0.4036
vn -0.5987 -0.6326 0.4913
vn -0.5987 0.6326 0.4913
vn -0.4918 -0.7715 0.4036
vn -0.6825 0.4696 0.5601
vn -0.3658 -0.8810 0.3002
vn -0.7400 0.2890 0.6073
vn -0.2254 -0.9565 0.1850
vn -0.7693 0.0976 0.6314
vn -0.0761 0.9951 0.0625
vn -0.0761 -0.9951 0.0625
vn -0.7693 -0.0976 0.6314
vn -0.2254 0.9565 0.1850
vn -0.4173 -0.8810 0.2230
vn -0.8443 0.2890 0.4513
vn -0.2571 -0.9565 0.1374
vn -0.8777 0.0976 0.4691
vn -0.0869 0.9951 0.0464
vn -0.0869 -0.9951 0.0464
vn -0.8777 -0.0976 0.4691
vn -0.2571 0.9565 0.1374
vn -0.8443 -0.2890 0.4513
vn -0.4173 0.8810 0.2230
vn -0.7786 -0.4696 0.4162
vn -0.5611 0.7715 0.2999
vn -0.6831 -0.6326 0.3651
vn -0.6831 0.6326 0.3651
vn -0.5611 -0.7715 0.2999
vn -0.7786 0.4696 0.4162
vn -0.4528 0.8810 0.1374
vn -0.8448 -0.4696 0.2563
vn -0.6088 0.7715 0.1847
vn -0.7412 -0.6326 0.2248
vn -0.7412 0.6326 0.2248
vn -0.6088 -0.7715 0.1847
vn -0.8448 0.4696 0.2563
vn -0.4528 -0.8810 0.1374
vn -0.9161 0.2890 0.2779
vn -0.2790 -0.9565 0.0846
vn -0.9524 0.0976 0.2889
vn -0.0942 0.9951 0.0286
vn -0.0942 -0.9951 0.0286
vn -0.9524 -0.0976 0.2889
vn -0.2790 0.9565 0.0846
vn -0.9161 -0.2890 0.2779
vn -0.9527 0.2890 0.0938
vn -0.2902 -0.9565 0.0286
vn -0.9904 0.0976 0.0975
vn -0.0980 0.9951 0.0097
vn -0.0980 -0.9951 0.0097
vn -0.9904 -0.0976 0.0975
vn -0.2902 0.9565 0.0286
vn -0.9527 -0.2890 0.0938
vn -0.4709 0.8810 0.0464
vn -0.8786 -0.4696 0.0865
vn -0.6332 0.7715 0.0624
vn -0.7708 -0.6326 0.0759
vn -0.7708 0.6326 0.0759
vn -0.6332 -0.7715 0.0624
vn -0.8786 0.4696 0.0865
vn -0.4709 -0.8810 0.0464
vn -0.8786 -0.4696 -0.0865
vn -0.6332 0.7715 -0.0624
vn -0.7708 -0.6326 -0.0759
vn -0.7708 0.6326 -0.0759
vn -0.6332 -0.7715 -0.0624
vn -0.8786 0.4696 -0.0865
vn -0.4709 -0.8810 -0.0464
vn -0.9527 0.2890 -0.0938
vn -0.2902 -0.9565 -0.0286
vn -0.9904 0.0976 -0.0976
vn -0.0980 0.9951 -0.0097
vn -0.0980 -0.9951 -0.0097
vn -0.9904 -0.0976 -0.0976
vn -0.2902 0.9565 -0.0286
vn -0.9527 -0.2890 -0.0938
vn -0.4709 0.8810 -0.0464
vn -0.2790 -0.9565 -0.0846
vn -0.9524 0.0976 -0.2889
vn -0.0942 0.9951 -0.0286
vn -0.0942 -0.9951 -0.0286
vn -0.9524 -0.0976 -0.2889
vn -0.2790 0.9565 -0.0846
vn -0.9161 -0.2890 -0.2779
vn -0.4528 0.8810 -0.1374
vn -0.8448 -0.4696 -0.2563
vn -0.6088 0.7715 -0.1847
vn -0.7412 -0.6326 -0.2248
vn -0.7412 0.6326 -0.2248
vn -0.6088 -0.7715 -0.1847
vn -0.8448 0.4696 -0.2563
vn -0.4528 -0.8810 -0.1374
vn -0.9161 0.2890 -0.2779
vn -0.5611 0.7715 -0.2999
vn -0.6831 -0.6326 -0.3651
vn -0.6831 0.6326 -0.3651
vn -0.5611 -0.7715 -0.2999
vn -0.7786 0.4696 -0.4162
vn -0.4173 -0.8810 -0.2230
vn -0.8443 0.2890 -0.4513
vn -0.2571 -0.9565 -0.1374
vn -0.8777 0.0976 -0.4691
vn -0.0869 0.9951 -0.0464
vn -0.0869 -0.9951 -0.0464
vn -0.8777 -0.0976 -0.4691
vn -0.2571 0.9565 -0.1374
vn -0.8443 -0.2890 -0.4513
vn -0.4173 0.8810 -0.2230
vn -0.7786 -0.4696 -0.4162
vn -0.7693 0.0976 -0.6314
vn -0.0761 0.9951 -0.0625
vn -0.0761 -0.9951 -0.0625
vn -0.7693 -0.0976 -0.6314
vn -0.2254 0.9565 -0.1850
vn -0.7400 -0.2890 -0.6073
vn -0.3658 0.8810 -0.3002
vn -0.6825 -0.4696 -0.5601
vn -0.4918 0.7715 -0.4036
vn -0.5987 -0.6326 -0.4913
vn -0.5987 0.6326 -0.4913
vn -0.4918 -0.7715 -0.4036
vn -0.6825 0.4696 -0.5601
vn -0.3658 -0.8810 -0.3002
vn -0.7400 0.2890 -0.6073
vn -0.2254 -0.9565 -0.1850
vn -0.4913 -0.6326 -0.5987
vn -0.4913 0.6326 -0.5987
vn -0.4036 -0.7715 -0.4918
vn -0.5601 0.4696 -0.6825
vn -0.3002 -0.8810 -0.3658
vn -0.6073 0.2890 -0.7400
vn -0.1850 -0.9565 -0.2254
vn -0.6314 0.0976 -0.7693
vn -0.0625 0.9951 -0.0761
vn -0.0625 -0.9951 -0.0761
vn -0.6314 -0.0976 -0.7693
vn -0.1850 0.9565 -0.2254
vn -0.6073 -0.2890 -0.7400
vn -0.3002 0.8810 -0.3658
vn -0.5601 -0.4696 -0.6825
vn -0.4036 0.7715 -0.4918
vn -0.0464 -0.9951 -0.0869
vn -0.4691 -0.0976 -0.8777
vn -0.1374 0.9565 -0.2571
vn -0.4513 -0.2890 -0.8443
vn -0.2230 0.8810 -0.4173
vn -0.4162 -0.4696 -0.7786
vn -0.2999 0.7715 -0.5611
vn -0.3651 -0.6326 -0.6831
vn -0.3651 0.6326 -0.6831
vn -0.2999 -0.7715 -0.5611
vn -0.4162 0.4696 -0.7786
vn -0.2230 -0.8810 -0.4173
vn -0.4513 0.2890 -0.8443
vn -0.1374 -0.9565 -0.2571
vn -0.4691 0.0976 -0.8777
vn -0.0464 0.9951 -0.0869
vn -0.1847 -0.7715 -0.6088
vn -0.2563 0.4696 -0.8448
vn -0.1374 -0.8810 -0.4528
vn -0.2779 0.2890 -0.9161
vn -0.0846 -0.9565 -0.2790
vn -0.2889 0.0976 -0.9524
vn -0.0286 0.9951 -0.0942
vn -0.0286 -0.9951 -0.0942
vn -0.2889 -0.0976 -0.9524
vn -0.0846 0.9565 -0.2790
vn -0.2779 -0.2890 -0.9161
vn -0.1374 0.8810 -0.4528
vn -0.2563 -0.4696 -0.8448
vn -0.1847 0.7715 -0.6088
vn -0.2248 -0.6326 -0.7412
vn -0.2248 0.6326 -0.7412
vn -0.0286 0.9565 -0.2902
vn -0.0938 -0.2890 -0.9527
vn -0.0464 0.8810 -0.4709
vn -0.0865 -0.4696 -0.8786
vn -0.0624 0.7715 -0.6332
vn -0.0759 -0.6326 -0.7708
vn -0.0759 0.6326 -0.7708
vn -0.0624 -0.7715 -0.6332
vn -0.0865 0.4696 -0.8786
vn -0.0464 -0.8810 -0.4709
vn -0.0938 0.2890 -0.9527
vn -0.0286 -0.9565 -0.2902
vn -0.0976 0.0976 -0.9904
vn -0.0097 0.9951 -0.0980
vn -0.0097 -0.9951 -0.0980
vn -0.0976 -0.0976 -0.9904
vt 0.750000 0.437500
vt 0.750000 0.500000
vt 0.718750 0.500000
vt 0.718750 0.437500
vt 0.750000 0.875000
vt 0.750000 0.937500
vt 0.718750 0.937500
vt 0.718750 0.875000
vt 0.750000 0.375000
vt 0.718750 0.375000
vt 0.750000 0.812500
vt 0.718750 0.812500
vt 0.750000 0.312500
vt 0.718750 0.312500
vt 0.750000 0.750000
vt 0.718750 0.750000
vt 0.750000 0.250000
vt 0.718750 0.250000
vt 0.750000 0.687500
vt 0.718750 0.687500
vt 0.750000 0.187500
vt 0.718750 0.187500
vt 0.750000 0.625000
vt 0.718750 0.625000
vt 0.750000 0.125000
vt 0.718750 0.125000
vt 0.750000 0.562500
vt 0.718750 0.562500
vt 0.750000 0.062500
vt 0.718750 0.062500
vt 0.734375 1.000000
vt 0.734375 0.000000
vt 0.687500 0.125000
vt 0.687500 0.062500
vt 0.687500 0.562500
vt 0.687500 0.500000
vt 0.703125 1.000000
vt 0.687500 0.937500
vt 0.703125 0.000000
vt 0.687500 0.437500
vt 0.687500 0.875000
vt 0.687500 0.375000
vt 0.687500 0.812500
vt 0.687500 0.312500
vt 0.687500 0.750000
vt 0.687500 0.250000
vt 0.687500 0.687500
vt 0.687500 0.187500
vt 0.687500 0.625000
vt 0.656250 0.312500
vt 0.656250 0.250000
vt 0.656250 0.750000
vt 0.656250 0.687500
vt 0.656250 0.187500
vt 0.656250 0.625000
vt 0.656250 0.125000
vt 0.656250 0.562500
vt 0.656250 0.062500
vt 0.656250 0.500000
vt 0.671875 1.000000
vt 0.656250 0.937500
vt 0.671875 0.000000
vt 0.656250 0.437500
vt 0.656250 0.875000
vt 0.656250 0.375000
vt 0.656250 0.812500
vt 0.640625 1.000000
vt 0.625000 0.937500
vt 0.640625 0.000000
vt 0.625000 0.062500
vt 0.625000 0.500000
vt 0.625000 0.437500
vt 0.625000 0.875000
vt 0.625000 0.375000
vt 0.625000 0.812500
vt 0.625000 0.312500
vt 0.625000 0.750000
vt 0.625000 0.250000
vt 0.625000 0.687500
vt 0.625000 0.187500
vt 0.625000 0.625000
vt 0.625000 0.125000
vt 0.625000 0.562500
vt 0.593750 0.750000
vt 0.593750 0.687500
vt 0.593750 0.250000
vt 0.593750 0.187500
vt 0.593750 0.625000
vt 0.593750 0.125000
vt 0.593750 0.562500
vt 0.593750 0.062500
vt 0.593750 0.500000
vt 0.609375 1.000000
vt 0.593750 0.937500
vt 0.609375 0.000000
vt 0.593750 0.437500
vt 0.593750 0.875000
vt 0.593750 0.375000
vt 0.593750 0.812500
vt 0.593750 0.312500
vt 0.562500 0.500000
vt 0.562500 0.437500
vt 0.562500 0.937500
vt 0.562500 0.875000
vt 0.562500 0.375000
vt 0.562500 0.812500
vt 0.562500 0.312500
vt 0.562500 0.750000
vt 0.562500 0.250000
vt 0.562500 0.687500
vt 0.562500 0.187500
vt 0.562500 0.625000
vt 0.562500 0.125000
vt 0.562500 0.562500
vt 0.562500 0.062500
vt 0.578125 1.000000
vt 0.578125 0.000000
vt 0.531250 0.250000
vt 0.531250 0.187500
vt 0.531250 0.687500
vt 0.531250 0.625000
vt 0.531250 0.125000
vt 0.531250 0.562500
vt 0.531250 0.062500
vt 0.531250 0.500000
vt 0.546875 1.000000
vt 0.531250 0.937500
vt 0.546875 0.000000
vt 0.531250 0.437500
vt 0.531250 0.875000
vt 0.531250 0.375000
vt 0.531250 0.812500
vt 0.531250 0.312500
vt 0.531250 0.750000
vt 0.500000 0.937500
vt 0.500000 0.875000
vt 0.500000 0.437500
vt 0.500000 0.375000
vt 0.500000 0.812500
vt 0.500000 0.312500
vt 0.500000 0.750000
vt 0.500000 0.250000
vt 0.500000 0.687500
vt 0.500000 0.187500
vt 0.500000 0.625000
vt 0.500000 0.125000
vt 0.500000 0.562500
vt 0.500000 0.062500
vt 0.500000 0.500000
vt 0.515625 1.000000
vt 0.515625 0.000000
vt 0.468750 0.687500
vt 0.468750 0.625000
vt 0.468750 0.187500
vt 0.468750 0.125000
vt 0.468750 0.562500
vt 0.468750 0.062500
vt 0.468750 0.500000
vt 0.484375 1.000000
vt 0.468750 0.937500
vt 0.484375 0.000000
vt 0.468750 0.437500
vt 0.468750 0.875000
vt 0.468750 0.375000
vt 0.468750 0.812500
vt 0.468750 0.312500
vt 0.468750 0.750000
vt 0.468750 0.250000
vt 0.437500 0.437500
vt 0.437500 0.375000
vt 0.437500 0.875000
vt 0.437500 0.812500
vt 0.437500 0.312500
vt 0.437500 0.750000
vt 0.437500 0.250000
vt 0.437500 0.687500
vt 0.437500 0.187500
vt 0.437500 0.625000
vt 0.437500 0.125000
vt 0.437500 0.562500
vt 0.437500 0.062500
vt 0.437500 0.500000
vt 0.453125 1.000000
vt 0.437500 0.937500
vt 0.453125 0.000000
vt 0.406250 0.187500
vt 0.406250 0.125000
vt 0.406250 0.625000
vt 0.406250 0.562500
vt 0.406250 0.062500
vt 0.406250 0.500000
vt 0.421875 1.000000
vt 0.406250 0.937500
vt 0.421875 0.000000
vt 0.406250 0.437500
vt 0.406250 0.875000
vt 0.406250 0.375000
vt 0.406250 0.812500
vt 0.406250 0.312500
vt 0.406250 0.750000
vt 0.406250 0.250000
vt 0.406250 0.687500
vt 0.375000 0.375000
vt 0.375000 0.312500
vt 0.375000 0.812500
vt 0.375000 0.750000
vt 0.375000 0.250000
vt 0.375000 0.687500
vt 0.375000 0.187500
vt 0.375000 0.625000
vt 0.375000 0.125000
vt 0.375000 0.562500
vt 0.375000 0.062500
vt 0.375000 0.500000
vt 0.390625 1.000000
vt 0.375000 0.937500
vt 0.390625 0.000000
vt 0.375000 0.437500
vt 0.375000 0.875000
vt 0.343750 0.125000
vt 0.343750 0.062500
vt 0.343750 0.562500
vt 0.343750 0.500000
vt 0.359375 1.000000
vt 0.343750 0.937500
vt 0.359375 0.000000
vt 0.343750 0.437500
vt 0.343750 0.875000
vt 0.343750 0.375000
vt 0.343750 0.812500
vt 0.343750 0.312500
vt 0.343750 0.750000
vt 0.343750 0.250000
vt 0.343750 0.687500
vt 0.343750 0.187500
vt 0.343750 0.625000
vt 0.312500 0.812500
vt 0.312500 0.750000
vt 0.312500 0.312500
vt 0.312500 0.250000
vt 0.312500 0.687500
vt 0.312500 0.187500
vt 0.312500 0.625000
vt 0.312500 0.125000
vt 0.312500 0.562500
vt 0.312500 0.062500
vt 0.312500 0.500000
vt 0.328125 1.000000
vt 0.312500 0.937500
vt 0.328125 0.000000
vt 0.312500 0.437500
vt 0.312500 0.875000
vt 0.312500 0.375000
vt 0.281250 0.562500
vt 0.281250 0.500000
vt 0.296875 1.000000
vt 0.281250 0.937500
vt 0.296875 0.000000
vt 0.281250 0.062500
vt 0.281250 0.437500
vt 0.281250 0.875000
vt 0.281250 0.375000
vt 0.281250 0.812500
vt 0.281250 0.312500
vt 0.281250 0.750000
vt 0.281250 0.250000
vt 0.281250 0.687500
vt 0.281250 0.187500
vt 0.281250 0.625000
vt 0.281250 0.125000
vt 0.250000 0.312500
vt 0.250000 0.250000
vt 0.250000 0.750000
vt 0.250000 0.687500
vt 0.250000 0.187500
vt 0.250000 0.625000
vt 0.250000 0.125000
vt 0.250000 0.562500
vt 0.250000 0.062500
vt 0.250000 0.500000
vt 0.265625 1.000000
vt 0.250000 0.937500
vt 0.265625 0.000000
vt 0.250000 0.437500
vt 0.250000 0.875000
vt 0.250000 0.375000
vt 0.250000 0.812500
vt 0.234375 1.000000
vt 0.218750 0.937500
vt 0.234375 0.000000
vt 0.218750 0.062500
vt 0.218750 0.500000
vt 0.218750 0.437500
vt 0.218750 0.875000
vt 0.218750 0.375000
vt 0.218750 0.812500
vt 0.218750 0.312500
vt 0.218750 0.750000
vt 0.218750 0.250000
vt 0.218750 0.687500
vt 0.218750 0.187500
vt 0.218750 0.625000
vt 0.218750 0.125000
vt 0.218750 0.562500
vt 0.187500 0.750000
vt 0.187500 0.687500
vt 0.187500 0.250000
vt 0.187500 0.187500
vt 0.187500 0.625000
vt 0.187500 0.125000
vt 0.187500 0.562500
vt 0.187500 0.062500
vt 0.187500 0.500000
vt 0.203125 1.000000
vt 0.187500 0.937500
vt 0.203125 0.000000
vt 0.187500 0.437500
vt 0.187500 0.875000
vt 0.187500 0.375000
vt 0.187500 0.812500
vt 0.187500 0.312500
vt 0.156250 0.500000
vt 0.156250 0.437500
vt 0.156250 0.937500
vt 0.156250 0.875000
vt 0.156250 0.375000
vt 0.156250 0.812500
vt 0.156250 0.312500
vt 0.156250 0.750000
vt 0.156250 0.250000
vt 0.156250 0.687500
vt 0.156250 0.187500
vt 0.156250 0.625000
vt 0.156250 0.125000
vt 0.156250 0.562500
vt 0.156250 0.062500
vt 0.171875 1.000000
vt 0.171875 0.000000
vt 0.125000 0.250000
vt 0.125000 0.187500
vt 0.125000 0.687500
vt 0.125000 0.625000
vt 0.125000 0.125000
vt 0.125000 0.562500
vt 0.125000 0.062500
vt 0.125000 0.500000
vt 0.140625 1.000000
vt 0.125000 0.937500
vt 0.140625 0.000000
vt 0.125000 0.437500
vt 0.125000 0.875000
vt 0.125000 0.375000
vt 0.125000 0.812500
vt 0.125000 0.312500
vt 0.125000 0.750000
vt 0.093750 0.437500
vt 0.093750 0.375000
vt 0.093750 0.875000
vt 0.093750 0.812500
vt 0.093750 0.312500
vt 0.093750 0.750000
vt 0.093750 0.250000
vt 0.093750 0.687500
vt 0.093750 0.187500
vt 0.093750 0.625000
vt 0.093750 0.125000
vt 0.093750 0.562500
vt 0.093750 0.062500
vt 0.093750 0.500000
vt 0.109375 1.000000
vt 0.093750 0.937500
vt 0.109375 0.000000
vt 0.062500 0.187500
vt 0.062500 0.125000
vt 0.062500 0.625000
vt 0.062500 0.562500
vt 0.062500 0.062500
vt 0.062500 0.500000
vt 0.078125 1.000000
vt 0.062500 0.937500
vt 0.078125 0.000000
vt 0.062500 0.437500
vt 0.062500 0.875000
vt 0.062500 0.375000
vt 0.062500 0.812500
vt 0.062500 0.312500
vt 0.062500 0.750000
vt 0.062500 0.250000
vt 0.062500 0.687500
vt 0.031250 0.875000
vt 0.031250 0.812500
vt 0.031250 0.375000
vt 0.031250 0.312500
vt 0.031250 0.750000
vt 0.031250 0.250000
vt 0.031250 0.687500
vt 0.031250 0.187500
vt 0.031250 0.625000
vt 0.031250 0.125000
vt 0.031250 0.562500
vt 0.031250 0.062500
vt 0.031250 0.500000
vt 0.046875 1.000000
vt 0.031250 0.937500
vt 0.046875 0.000000
vt 0.031250 0.437500
vt 0.000000 0.625000
vt 0.000000 0.562500
vt 0.000000 0.125000
vt 0.000000 0.062500
vt 0.000000 0.500000
vt 0.015625 1.000000
vt 0.000000 0.937500
vt 0.015625 0.000000
vt 0.000000 0.437500
vt 0.000000 0.875000
vt 0.000000 0.375000
vt 0.000000 0.812500
vt 0.000000 0.312500
vt 0.000000 0.750000
vt 0.000000 0.250000
vt 0.000000 0.687500
vt 0.000000 0.187500
vt 1.000000 0.312500
vt 1.000000 0.375000
vt 0.968750 0.375000
vt 0.968750 0.312500
vt 1.000000 0.750000
vt 1.000000 0.812500
vt 0.968750 0.812500
vt 0.968750 0.750000
vt 1.000000 0.250000
vt 0.968750 0.250000
vt 1.000000 0.687500
vt 0.968750 0.687500
vt 1.000000 0.187500
vt 0.968750 0.187500
vt 1.000000 0.625000
vt 0.968750 0.625000
vt 1.000000 0.125000
vt 0.968750 0.125000
vt 1.000000 0.562500
vt 0.968750 0.562500
vt 1.000000 0.062500
vt 0.968750 0.062500
vt 1.000000 0.500000
vt 0.968750 0.500000
vt 1.000000 0.937500
vt 0.984375 1.000000
vt 0.968750 0.937500
vt 0.984375 0.000000
vt 1.000000 0.437500
vt 0.968750 0.437500
vt 1.000000 0.875000
vt 0.968750 0.875000
vt 0.937500 0.125000
vt 0.937500 0.062500
vt 0.937500 0.562500
vt 0.937500 0.500000
vt 0.953125 1.000000
vt 0.937500 0.937500
vt 0.953125 0.000000
vt 0.937500 0.437500
vt 0.937500 0.875000
vt 0.937500 0.375000
vt 0.937500 0.812500
vt 0.937500 0.312500
vt 0.937500 0.750000
vt 0.937500 0.250000
vt 0.937500 0.687500
vt 0.937500 0.187500
vt 0.937500 0.625000
vt 0.906250 0.812500
vt 0.906250 0.750000
vt 0.906250 0.312500
vt 0.906250 0.250000
vt 0.906250 0.687500
vt 0.906250 0.187500
vt 0.906250 0.625000
vt 0.906250 0.125000
vt 0.906250 0.562500
vt 0.906250 0.062500
vt 0.906250 0.500000
vt 0.921875 1.000000
vt 0.906250 0.937500
vt 0.921875 0.000000
vt 0.906250 0.437500
vt 0.906250 0.875000
vt 0.906250 0.375000
vt 0.875000 0.562500
vt 0.875000 0.500000
vt 0.890625 1.000000
vt 0.875000 0.937500
vt 0.890625 0.000000
vt 0.875000 0.062500
vt 0.875000 0.437500
vt 0.875000 0.875000
vt 0.875000 0.375000
vt 0.875000 0.812500
vt 0.875000 0.312500
vt 0.875000 0.750000
vt 0.875000 0.250000
vt 0.875000 0.687500
vt 0.875000 0.187500
vt 0.875000 0.625000
vt 0.875000 0.125000
vt 0.843750 0.312500
vt 0.843750 0.250000
vt 0.843750 0.750000
vt 0.843750 0.687500
vt 0.843750 0.187500
vt 0.843750 0.625000
vt 0.843750 0.125000
vt 0.843750 0.562500
vt 0.843750 0.062500
vt 0.843750 0.500000
vt 0.859375 1.000000
vt 0.843750 0.937500
vt 0.859375 0.000000
vt 0.843750 0.437500
vt 0.843750 0.875000
vt 0.843750 0.375000
vt 0.843750 0.812500
vt 0.828125 0.000000
vt 0.812500 0.062500
vt 0.812500 0.500000
vt 0.812500 0.437500
vt 0.812500 0.937500
vt 0.812500 0.875000
vt 0.812500 0.375000
vt 0.812500 0.812500
vt 0.812500 0.312500
vt 0.812500 0.750000
vt 0.812500 0.250000
vt 0.812500 0.687500
vt 0.812500 0.187500
vt 0.812500 0.625000
vt 0.812500 0.125000
vt 0.812500 0.562500
vt 0.828125 1.000000
vt 0.781250 0.250000
vt 0.781250 0.187500
vt 0.781250 0.687500
vt 0.781250 0.625000
vt 0.781250 0.125000
vt 0.781250 0.562500
vt 0.781250 0.062500
vt 0.781250 0.500000
vt 0.796875 1.000000
vt 0.781250 0.937500
vt 0.796875 0.000000
vt 0.781250 0.437500
vt 0.781250 0.875000
vt 0.781250 0.375000
vt 0.781250 0.812500
vt 0.781250 0.312500
vt 0.781250 0.750000
vt 0.765625 1.000000
vt 0.765625 0.000000
s 0
usemtl HandleMaterial.011
f 2337/2156/2315 2336/2157/2315 2349/2158/2315 2350/2159/2315
f 2807/2160/2316 2332/2161/2316 2342/2162/2316 2343/2163/2316
f 2810/2164/2317 2337/2156/2317 2350/2159/2317 2351/2165/2317
f 2333/2166/2318 2807/2160/2318 2343/2163/2318 2344/2167/2318
f 2338/2168/2319 2810/2164/2319 2351/2165/2319 2352/2169/2319
f 2334/2170/2320 2333/2166/2320 2344/2167/2320 2345/2171/2320
f 2811/2172/2321 2338/2168/2321 2352/2169/2321 2353/2173/2321
f 2808/2174/2322 2334/2170/2322 2345/2171/2322 2346/2175/2322
f 2339/2176/2323 2811/2172/2323 2353/2173/2323 2354/2177/2323
f 2335/2178/2324 2808/2174/2324 2346/2175/2324 2347/2179/2324
f 2812/2180/2325 2339/2176/2325 2354/2177/2325 2355/2181/2325
f 2809/2182/2326 2335/2178/2326 2347/2179/2326 2348/2183/2326
f 2340/2184/2327 2812/2180/2327 2355/2181/2327 2356/2185/2327
f 2336/2157/2328 2809/2182/2328 2348/2183/2328 2349/2158/2328
f 2332/2161/2329 2331/2186/2329 2342/2162/2329
f 2341/2187/2330 2340/2184/2330 2356/2185/2330
f 2356/2185/2331 2355/2181/2331 2370/2188/2331 2371/2189/2331
f 2349/2158/2332 2348/2183/2332 2363/2190/2332 2364/2191/2332
f 2342/2162/2333 2331/2192/2333 2357/2193/2333
f 2341/2194/2334 2356/2185/2334 2371/2189/2334
f 2350/2159/2335 2349/2158/2335 2364/2191/2335 2365/2195/2335
f 2343/2163/2336 2342/2162/2336 2357/2193/2336 2358/2196/2336
f 2351/2165/2337 2350/2159/2337 2365/2195/2337 2366/2197/2337
f 2344/2167/2338 2343/2163/2338 2358/2196/2338 2359/2198/2338
f 2352/2169/2339 2351/2165/2339 2366/2197/2339 2367/2199/2339
f 2345/2171/2340 2344/2167/2340 2359/2198/2340 2360/2200/2340
f 2353/2173/2341 2352/2169/2341 2367/2199/2341 2368/2201/2341
f 2346/2175/2342 2345/2171/2342 2360/2200/2342 2361/2202/2342
f 2354/2177/2343 2353/2173/2343 2368/2201/2343 2369/2203/2343
f 2347/2179/2344 2346/2175/2344 2361/2202/2344 2362/2204/2344
f 2355/2181/2345 2354/2177/2345 2369/2203/2345 2370/2188/2345
f 2348/2183/2346 2347/2179/2346 2362/2204/2346 2363/2190/2346
f 2368/2201/2347 2367/2199/2347 2382/2205/2347 2383/2206/2347
f 2361/2202/2348 2360/2200/2348 2375/2207/2348 2376/2208/2348
f 2369/2203/2349 2368/2201/2349 2383/2206/2349 2384/2209/2349
f 2362/2204/2350 2361/2202/2350 2376/2208/2350 2377/2210/2350
f 2370/2188/2351 2369/2203/2351 2384/2209/2351 2385/2211/2351
f 2363/2190/2352 2362/2204/2352 2377/2210/2352 2378/2212/2352
f 2371/2189/2353 2370/2188/2353 2385/2211/2353 2386/2213/2353
f 2364/2191/2354 2363/2190/2354 2378/2212/2354 2379/2214/2354
f 2357/2193/2355 2331/2215/2355 2372/2216/2355
f 2341/2217/2356 2371/2189/2356 2386/2213/2356
f 2365/2195/2357 2364/2191/2357 2379/2214/2357 2380/2218/2357
f 2358/2196/2358 2357/2193/2358 2372/2216/2358 2373/2219/2358
f 2366/2197/2359 2365/2195/2359 2380/2218/2359 2381/2220/2359
f 2359/2198/2360 2358/2196/2360 2373/2219/2360 2374/2221/2360
f 2367/2199/2361 2366/2197/2361 2381/2220/2361 2382/2205/2361
f 2360/2200/2362 2359/2198/2362 2374/2221/2362 2375/2207/2362
f 2372/2216/2363 2331/2222/2363 2387/2223/2363
f 2341/2224/2364 2386/2213/2364 2401/2225/2364
f 2380/2218/2365 2379/2214/2365 2394/2226/2365 2395/2227/2365
f 2373/2219/2366 2372/2216/2366 2387/2223/2366 2388/2228/2366
f 2381/2220/2367 2380/2218/2367 2395/2227/2367 2396/2229/2367
f 2374/2221/2368 2373/2219/2368 2388/2228/2368 2389/2230/2368
f 2382/2205/2369 2381/2220/2369 2396/2229/2369 2397/2231/2369
f 2375/2207/2370 2374/2221/2370 2389/2230/2370 2390/2232/2370
f 2383/2206/2371 2382/2205/2371 2397/2231/2371 2398/2233/2371
f 2376/2208/2372 2375/2207/2372 2390/2232/2372 2391/2234/2372
f 2384/2209/2373 2383/2206/2373 2398/2233/2373 2399/2235/2373
f 2377/2210/2374 2376/2208/2374 2391/2234/2374 2392/2236/2374
f 2385/2211/2375 2384/2209/2375 2399/2235/2375 2400/2237/2375
f 2378/2212/2376 2377/2210/2376 2392/2236/2376 2393/2238/2376
f 2386/2213/2377 2385/2211/2377 2400/2237/2377 2401/2225/2377
f 2379/2214/2378 2378/2212/2378 2393/2238/2378 2394/2226/2378
f 2391/2234/2379 2390/2232/2379 2405/2239/2379 2406/2240/2379
f 2399/2235/2380 2398/2233/2380 2413/2241/2380 2414/2242/2380
f 2392/2236/2381 2391/2234/2381 2406/2240/2381 2407/2243/2381
f 2400/2237/2382 2399/2235/2382 2414/2242/2382 2415/2244/2382
f 2393/2238/2383 2392/2236/2383 2407/2243/2383 2408/2245/2383
f 2401/2225/2384 2400/2237/2384 2415/2244/2384 2416/2246/2384
f 2394/2226/2385 2393/2238/2385 2408/2245/2385 2409/2247/2385
f 2387/2223/2386 2331/2248/2386 2402/2249/2386
f 2341/2250/2387 2401/2225/2387 2416/2246/2387
f 2395/2227/2388 2394/2226/2388 2409/2247/2388 2410/2251/2388
f 2388/2228/2389 2387/2223/2389 2402/2249/2389 2403/2252/2389
f 2396/2229/2390 2395/2227/2390 2410/2251/2390 2411/2253/2390
f 2389/2230/2391 2388/2228/2391 2403/2252/2391 2404/2254/2391
f 2397/2231/2392 2396/2229/2392 2411/2253/2392 2412/2255/2392
f 2390/2232/2393 2389/2230/2393 2404/2254/2393 2405/2239/2393
f 2398/2233/2394 2397/2231/2394 2412/2255/2394 2413/2241/2394
f 2410/2251/2395 2409/2247/2395 2424/2256/2395 2425/2257/2395
f 2403/2252/2396 2402/2249/2396 2417/2258/2396 2418/2259/2396
f 2411/2253/2397 2410/2251/2397 2425/2257/2397 2426/2260/2397
f 2404/2254/2398 2403/2252/2398 2418/2259/2398 2419/2261/2398
f 2412/2255/2399 2411/2253/2399 2426/2260/2399 2427/2262/2399
f 2405/2239/2400 2404/2254/2400 2419/2261/2400 2420/2263/2400
f 2413/2241/2401 2412/2255/2401 2427/2262/2401 2428/2264/2401
f 2406/2240/2402 2405/2239/2402 2420/2263/2402 2421/2265/2402
f 2414/2242/2403 2413/2241/2403 2428/2264/2403 2429/2266/2403
f 2407/2243/2404 2406/2240/2404 2421/2265/2404 2422/2267/2404
f 2415/2244/2405 2414/2242/2405 2429/2266/2405 2430/2268/2405
f 2408/2245/2406 2407/2243/2406 2422/2267/2406 2423/2269/2406
f 2416/2246/2407 2415/2244/2407 2430/2268/2407 2431/2270/2407
f 2409/2247/2408 2408/2245/2408 2423/2269/2408 2424/2256/2408
f 2402/2249/2409 2331/2271/2409 2417/2258/2409
f 2341/2272/2410 2416/2246/2410 2431/2270/2410
f 2429/2266/2411 2428/2264/2411 2443/2273/2411 2444/2274/2411
f 2422/2267/2412 2421/2265/2412 2436/2275/2412 2437/2276/2412
f 2430/2268/2413 2429/2266/2413 2444/2274/2413 2445/2277/2413
f 2423/2269/2414 2422/2267/2414 2437/2276/2414 2438/2278/2414
f 2431/2270/2415 2430/2268/2415 2445/2277/2415 2446/2279/2415
f 2424/2256/2416 2423/2269/2416 2438/2278/2416 2439/2280/2416
f 2417/2258/2417 2331/2281/2417 2432/2282/2417
f 2341/2283/2418 2431/2270/2418 2446/2279/2418
f 2425/2257/2419 2424/2256/2419 2439/2280/2419 2440/2284/2419
f 2418/2259/2420 2417/2258/2420 2432/2282/2420 2433/2285/2420
f 2426/2260/2421 2425/2257/2421 2440/2284/2421 2441/2286/2421
f 2419/2261/2422 2418/2259/2422 2433/2285/2422 2434/2287/2422
f 2427/2262/2423 2426/2260/2423 2441/2286/2423 2442/2288/2423
f 2420/2263/2424 2419/2261/2424 2434/2287/2424 2435/2289/2424
f 2428/2264/2425 2427/2262/2425 2442/2288/2425 2443/2273/2425
f 2421/2265/2426 2420/2263/2426 2435/2289/2426 2436/2275/2426
f 2433/2285/2427 2432/2282/2427 2447/2290/2427 2448/2291/2427
f 2441/2286/2428 2440/2284/2428 2455/2292/2428 2456/2293/2428
f 2434/2287/2429 2433/2285/2429 2448/2291/2429 2449/2294/2429
f 2442/2288/2430 2441/2286/2430 2456/2293/2430 2457/2295/2430
f 2435/2289/2431 2434/2287/2431 2449/2294/2431 2450/2296/2431
f 2443/2273/2432 2442/2288/2432 2457/2295/2432 2458/2297/2432
f 2436/2275/2433 2435/2289/2433 2450/2296/2433 2451/2298/2433
f 2444/2274/2434 2443/2273/2434 2458/2297/2434 2459/2299/2434
f 2437/2276/2435 2436/2275/2435 2451/2298/2435 2452/2300/2435
f 2445/2277/2436 2444/2274/2436 2459/2299/2436 2460/2301/2436
f 2438/2278/2437 2437/2276/2437 2452/2300/2437 2453/2302/2437
f 2446/2279/2438 2445/2277/2438 2460/2301/2438 2461/2303/2438
f 2439/2280/2439 2438/2278/2439 2453/2302/2439 2454/2304/2439
f 2432/2282/2440 2331/2305/2440 2447/2290/2440
f 2341/2306/2441 2446/2279/2441 2461/2303/2441
f 2440/2284/2442 2439/2280/2442 2454/2304/2442 2455/2292/2442
f 2452/2300/2443 2451/2298/2443 2466/2307/2443 2467/2308/2443
f 2460/2301/2444 2459/2299/2444 2474/2309/2444 2475/2310/2444
f 2453/2302/2445 2452/2300/2445 2467/2308/2445 2468/2311/2445
f 2461/2303/2446 2460/2301/2446 2475/2310/2446 2476/2312/2446
f 2454/2304/2447 2453/2302/2447 2468/2311/2447 2469/2313/2447
f 2447/2290/2448 2331/2314/2448 2462/2315/2448
f 2341/2316/2449 2461/2303/2449 2476/2312/2449
f 2455/2292/2450 2454/2304/2450 2469/2313/2450 2470/2317/2450
f 2448/2291/2451 2447/2290/2451 2462/2315/2451 2463/2318/2451
f 2456/2293/2452 2455/2292/2452 2470/2317/2452 2471/2319/2452
f 2449/2294/2453 2448/2291/2453 2463/2318/2453 2464/2320/2453
f 2457/2295/2454 2456/2293/2454 2471/2319/2454 2472/2321/2454
f 2450/2296/2455 2449/2294/2455 2464/2320/2455 2465/2322/2455
f 2458/2297/2456 2457/2295/2456 2472/2321/2456 2473/2323/2456
f 2451/2298/2457 2450/2296/2457 2465/2322/2457 2466/2307/2457
f 2459/2299/2458 2458/2297/2458 2473/2323/2458 2474/2309/2458
f 2471/2319/2459 2470/2317/2459 2485/2324/2459 2486/2325/2459
f 2464/2320/2460 2463/2318/2460 2478/2326/2460 2479/2327/2460
f 2472/2321/2461 2471/2319/2461 2486/2325/2461 2487/2328/2461
f 2465/2322/2462 2464/2320/2462 2479/2327/2462 2480/2329/2462
f 2473/2323/2463 2472/2321/2463 2487/2328/2463 2488/2330/2463
f 2466/2307/2464 2465/2322/2464 2480/2329/2464 2481/2331/2464
f 2474/2309/2465 2473/2323/2465 2488/2330/2465 2489/2332/2465
f 2467/2308/2466 2466/2307/2466 2481/2331/2466 2482/2333/2466
f 2475/2310/2467 2474/2309/2467 2489/2332/2467 2490/2334/2467
f 2468/2311/2468 2467/2308/2468 2482/2333/2468 2483/2335/2468
f 2476/2312/2469 2475/2310/2469 2490/2334/2469 2491/2336/2469
f 2469/2313/2470 2468/2311/2470 2483/2335/2470 2484/2337/2470
f 2462/2315/2471 2331/2338/2471 2477/2339/2471
f 2341/2340/2472 2476/2312/2472 2491/2336/2472
f 2470/2317/2473 2469/2313/2473 2484/2337/2473 2485/2324/2473
f 2463/2318/2474 2462/2315/2474 2477/2339/2474 2478/2326/2474
f 2490/2334/2475 2489/2332/2475 2504/2341/2475 2505/2342/2475
f 2483/2335/2476 2482/2333/2476 2497/2343/2476 2498/2344/2476
f 2491/2336/2477 2490/2334/2477 2505/2342/2477 2506/2345/2477
f 2484/2337/2478 2483/2335/2478 2498/2344/2478 2499/2346/2478
f 2477/2339/2479 2331/2347/2479 2492/2348/2479
f 2341/2349/2480 2491/2336/2480 2506/2345/2480
f 2485/2324/2481 2484/2337/2481 2499/2346/2481 2500/2350/2481
f 2478/2326/2482 2477/2339/2482 2492/2348/2482 2493/2351/2482
f 2486/2325/2483 2485/2324/2483 2500/2350/2483 2501/2352/2483
f 2479/2327/2484 2478/2326/2484 2493/2351/2484 2494/2353/2484
f 2487/2328/2485 2486/2325/2485 2501/2352/2485 2502/2354/2485
f 2480/2329/2486 2479/2327/2486 2494/2353/2486 2495/2355/2486
f 2488/2330/2487 2487/2328/2487 2502/2354/2487 2503/2356/2487
f 2481/2331/2488 2480/2329/2488 2495/2355/2488 2496/2357/2488
f 2489/2332/2489 2488/2330/2489 2503/2356/2489 2504/2341/2489
f 2482/2333/2490 2481/2331/2490 2496/2357/2490 2497/2343/2490
f 2502/2354/2491 2501/2352/2491 2516/2358/2491 2517/2359/2491
f 2495/2355/2492 2494/2353/2492 2509/2360/2492 2510/2361/2492
f 2503/2356/2493 2502/2354/2493 2517/2359/2493 2518/2362/2493
f 2496/2357/2494 2495/2355/2494 2510/2361/2494 2511/2363/2494
f 2504/2341/2495 2503/2356/2495 2518/2362/2495 2519/2364/2495
f 2497/2343/2496 2496/2357/2496 2511/2363/2496 2512/2365/2496
f 2505/2342/2497 2504/2341/2497 2519/2364/2497 2520/2366/2497
f 2498/2344/2498 2497/2343/2498 2512/2365/2498 2513/2367/2498
f 2506/2345/2499 2505/2342/2499 2520/2366/2499 2521/2368/2499
f 2499/2346/2500 2498/2344/2500 2513/2367/2500 2514/2369/2500
f 2492/2348/2501 2331/2370/2501 2507/2371/2501
f 2341/2372/2502 2506/2345/2502 2521/2368/2502
f 2500/2350/2503 2499/2346/2503 2514/2369/2503 2515/2373/2503
f 2493/2351/2504 2492/2348/2504 2507/2371/2504 2508/2374/2504
f 2501/2352/2505 2500/2350/2505 2515/2373/2505 2516/2358/2505
f 2494/2353/2506 2493/2351/2506 2508/2374/2506 2509/2360/2506
f 2521/2368/2507 2520/2366/2507 2535/2375/2507 2536/2376/2507
f 2514/2369/2508 2513/2367/2508 2528/2377/2508 2529/2378/2508
f 2507/2371/2509 2331/2379/2509 2522/2380/2509
f 2341/2381/2510 2521/2368/2510 2536/2376/2510
f 2515/2373/2511 2514/2369/2511 2529/2378/2511 2530/2382/2511
f 2508/2374/2512 2507/2371/2512 2522/2380/2512 2523/2383/2512
f 2516/2358/2513 2515/2373/2513 2530/2382/2513 2531/2384/2513
f 2509/2360/2514 2508/2374/2514 2523/2383/2514 2524/2385/2514
f 2517/2359/2515 2516/2358/2515 2531/2384/2515 2532/2386/2515
f 2510/2361/2516 2509/2360/2516 2524/2385/2516 2525/2387/2516
f 2518/2362/2517 2517/2359/2517 2532/2386/2517 2533/2388/2517
f 2511/2363/2518 2510/2361/2518 2525/2387/2518 2526/2389/2518
f 2519/2364/2519 2518/2362/2519 2533/2388/2519 2534/2390/2519
f 2512/2365/2520 2511/2363/2520 2526/2389/2520 2527/2391/2520
f 2520/2366/2521 2519/2364/2521 2534/2390/2521 2535/2375/2521
f 2513/2367/2522 2512/2365/2522 2527/2391/2522 2528/2377/2522
f 2525/2387/2523 2524/2385/2523 2539/2392/2523 2540/2393/2523
f 2533/2388/2524 2532/2386/2524 2547/2394/2524 2548/2395/2524
f 2526/2389/2525 2525/2387/2525 2540/2393/2525 2541/2396/2525
f 2534/2390/2526 2533/2388/2526 2548/2395/2526 2549/2397/2526
f 2527/2391/2527 2526/2389/2527 2541/2396/2527 2542/2398/2527
f 2535/2375/2528 2534/2390/2528 2549/2397/2528 2550/2399/2528
f 2528/2377/2529 2527/2391/2529 2542/2398/2529 2543/2400/2529
f 2536/2376/2530 2535/2375/2530 2550/2399/2530 2551/2401/2530
f 2529/2378/2531 2528/2377/2531 2543/2400/2531 2544/2402/2531
f 2522/2380/2532 2331/2403/2532 2537/2404/2532
f 2341/2405/2533 2536/2376/2533 2551/2401/2533
f 2530/2382/2534 2529/2378/2534 2544/2402/2534 2545/2406/2534
f 2523/2383/2535 2522/2380/2535 2537/2404/2535 2538/2407/2535
f 2531/2384/2536 2530/2382/2536 2545/2406/2536 2546/2408/2536
f 2524/2385/2537 2523/2383/2537 2538/2407/2537 2539/2392/2537
f 2532/2386/2538 2531/2384/2538 2546/2408/2538 2547/2394/2538
f 2544/2402/2539 2543/2400/2539 2558/2409/2539 2559/2410/2539
f 2537/2404/2540 2331/2411/2540 2552/2412/2540
f 2341/2413/2541 2551/2401/2541 2566/2414/2541
f 2545/2406/2542 2544/2402/2542 2559/2410/2542 2560/2415/2542
f 2538/2407/2543 2537/2404/2543 2552/2412/2543 2553/2416/2543
f 2546/2408/2544 2545/2406/2544 2560/2415/2544 2561/2417/2544
f 2539/2392/2545 2538/2407/2545 2553/2416/2545 2554/2418/2545
f 2547/2394/2546 2546/2408/2546 2561/2417/2546 2562/2419/2546
f 2540/2393/2547 2539/2392/2547 2554/2418/2547 2555/2420/2547
f 2548/2395/2548 2547/2394/2548 2562/2419/2548 2563/2421/2548
f 2541/2396/2549 2540/2393/2549 2555/2420/2549 2556/2422/2549
f 2549/2397/2550 2548/2395/2550 2563/2421/2550 2564/2423/2550
f 2542/2398/2551 2541/2396/2551 2556/2422/2551 2557/2424/2551
f 2550/2399/2552 2549/2397/2552 2564/2423/2552 2565/2425/2552
f 2543/2400/2553 2542/2398/2553 2557/2424/2553 2558/2409/2553
f 2551/2401/2554 2550/2399/2554 2565/2425/2554 2566/2414/2554
f 2563/2421/2555 2562/2419/2555 2577/2426/2555 2578/2427/2555
f 2556/2422/2556 2555/2420/2556 2570/2428/2556 2571/2429/2556
f 2564/2423/2557 2563/2421/2557 2578/2427/2557 2579/2430/2557
f 2557/2424/2558 2556/2422/2558 2571/2429/2558 2572/2431/2558
f 2565/2425/2559 2564/2423/2559 2579/2430/2559 2580/2432/2559
f 2558/2409/2560 2557/2424/2560 2572/2431/2560 2573/2433/2560
f 2566/2414/2561 2565/2425/2561 2580/2432/2561 2581/2434/2561
f 2559/2410/2562 2558/2409/2562 2573/2433/2562 2574/2435/2562
f 2552/2412/2563 2331/2436/2563 2567/2437/2563
f 2341/2438/2564 2566/2414/2564 2581/2434/2564
f 2560/2415/2565 2559/2410/2565 2574/2435/2565 2575/2439/2565
f 2553/2416/2566 2552/2412/2566 2567/2437/2566 2568/2440/2566
f 2561/2417/2567 2560/2415/2567 2575/2439/2567 2576/2441/2567
f 2554/2418/2568 2553/2416/2568 2568/2440/2568 2569/2442/2568
f 2562/2419/2569 2561/2417/2569 2576/2441/2569 2577/2426/2569
f 2555/2420/2570 2554/2418/2570 2569/2442/2570 2570/2428/2570
f 2567/2437/2571 2331/2443/2571 2582/2444/2571
f 2341/2445/2572 2581/2434/2572 2596/2446/2572
f 2575/2439/2573 2574/2435/2573 2589/2447/2573 2590/2448/2573
f 2568/2440/2574 2567/2437/2574 2582/2444/2574 2583/2449/2574
f 2576/2441/2575 2575/2439/2575 2590/2448/2575 2591/2450/2575
f 2569/2442/2576 2568/2440/2576 2583/2449/2576 2584/2451/2576
f 2577/2426/2577 2576/2441/2577 2591/2450/2577 2592/2452/2577
f 2570/2428/2578 2569/2442/2578 2584/2451/2578 2585/2453/2578
f 2578/2427/2579 2577/2426/2579 2592/2452/2579 2593/2454/2579
f 2571/2429/2580 2570/2428/2580 2585/2453/2580 2586/2455/2580
f 2579/2430/2581 2578/2427/2581 2593/2454/2581 2594/2456/2581
f 2572/2431/2582 2571/2429/2582 2586/2455/2582 2587/2457/2582
f 2580/2432/2583 2579/2430/2583 2594/2456/2583 2595/2458/2583
f 2573/2433/2584 2572/2431/2584 2587/2457/2584 2588/2459/2584
f 2581/2434/2585 2580/2432/2585 2595/2458/2585 2596/2446/2585
f 2574/2435/2586 2573/2433/2586 2588/2459/2586 2589/2447/2586
f 2586/2455/2587 2585/2453/2587 2600/2460/2587 2601/2461/2587
f 2594/2456/2588 2593/2454/2588 2608/2462/2588 2609/2463/2588
f 2587/2457/2589 2586/2455/2589 2601/2461/2589 2602/2464/2589
f 2595/2458/2590 2594/2456/2590 2609/2463/2590 2610/2465/2590
f 2588/2459/2591 2587/2457/2591 2602/2464/2591 2603/2466/2591
f 2596/2446/2592 2595/2458/2592 2610/2465/2592 2611/2467/2592
f 2589/2447/2593 2588/2459/2593 2603/2466/2593 2604/2468/2593
f 2582/2444/2594 2331/2469/2594 2597/2470/2594
f 2341/2471/2595 2596/2446/2595 2611/2467/2595
f 2590/2448/2596 2589/2447/2596 2604/2468/2596 2605/2472/2596
f 2583/2449/2597 2582/2444/2597 2597/2470/2597 2598/2473/2597
f 2591/2450/2598 2590/2448/2598 2605/2472/2598 2606/2474/2598
f 2584/2451/2599 2583/2449/2599 2598/2473/2599 2599/2475/2599
f 2592/2452/2600 2591/2450/2600 2606/2474/2600 2607/2476/2600
f 2585/2453/2601 2584/2451/2601 2599/2475/2601 2600/2460/2601
f 2593/2454/2602 2592/2452/2602 2607/2476/2602 2608/2462/2602
f 2605/2472/2603 2604/2468/2603 2619/2477/2603 2620/2478/2603
f 2598/2473/2604 2597/2470/2604 2612/2479/2604 2613/2480/2604
f 2606/2474/2605 2605/2472/2605 2620/2478/2605 2621/2481/2605
f 2599/2475/2606 2598/2473/2606 2613/2480/2606 2614/2482/2606
f 2607/2476/2607 2606/2474/2607 2621/2481/2607 2622/2483/2607
f 2600/2460/2608 2599/2475/2608 2614/2482/2608 2615/2484/2608
f 2608/2462/2609 2607/2476/2609 2622/2483/2609 2623/2485/2609
f 2601/2461/2610 2600/2460/2610 2615/2484/2610 2616/2486/2610
f 2609/2463/2611 2608/2462/2611 2623/2485/2611 2624/2487/2611
f 2602/2464/2612 2601/2461/2612 2616/2486/2612 2617/2488/2612
f 2610/2465/2613 2609/2463/2613 2624/2487/2613 2625/2489/2613
f 2603/2466/2614 2602/2464/2614 2617/2488/2614 2618/2490/2614
f 2611/2467/2615 2610/2465/2615 2625/2489/2615 2626/2491/2615
f 2604/2468/2616 2603/2466/2616 2618/2490/2616 2619/2477/2616
f 2597/2470/2617 2331/2492/2617 2612/2479/2617
f 2341/2493/2618 2611/2467/2618 2626/2491/2618
f 2624/2487/2619 2623/2485/2619 2638/2494/2619 2639/2495/2619
f 2617/2488/2620 2616/2486/2620 2631/2496/2620 2632/2497/2620
f 2625/2489/2621 2624/2487/2621 2639/2495/2621 2640/2498/2621
f 2618/2490/2622 2617/2488/2622 2632/2497/2622 2633/2499/2622
f 2626/2491/2623 2625/2489/2623 2640/2498/2623 2641/2500/2623
f 2619/2477/2624 2618/2490/2624 2633/2499/2624 2634/2501/2624
f 2612/2479/2625 2331/2502/2625 2627/2503/2625
f 2341/2504/2626 2626/2491/2626 2641/2500/2626
f 2620/2478/2627 2619/2477/2627 2634/2501/2627 2635/2505/2627
f 2613/2480/2628 2612/2479/2628 2627/2503/2628 2628/2506/2628
f 2621/2481/2629 2620/2478/2629 2635/2505/2629 2636/2507/2629
f 2614/2482/2630 2613/2480/2630 2628/2506/2630 2629/2508/2630
f 2622/2483/2631 2621/2481/2631 2636/2507/2631 2637/2509/2631
f 2615/2484/2632 2614/2482/2632 2629/2508/2632 2630/2510/2632
f 2623/2485/2633 2622/2483/2633 2637/2509/2633 2638/2494/2633
f 2616/2486/2634 2615/2484/2634 2630/2510/2634 2631/2496/2634
f 2636/2507/2635 2635/2505/2635 2650/2511/2635 2651/2512/2635
f 2629/2508/2636 2628/2506/2636 2643/2513/2636 2644/2514/2636
f 2637/2509/2637 2636/2507/2637 2651/2512/2637 2652/2515/2637
f 2630/2510/2638 2629/2508/2638 2644/2514/2638 2645/2516/2638
f 2638/2494/2639 2637/2509/2639 2652/2515/2639 2653/2517/2639
f 2631/2496/2640 2630/2510/2640 2645/2516/2640 2646/2518/2640
f 2639/2495/2641 2638/2494/2641 2653/2517/2641 2654/2519/2641
f 2632/2497/2642 2631/2496/2642 2646/2518/2642 2647/2520/2642
f 2640/2498/2643 2639/2495/2643 2654/2519/2643 2655/2521/2643
f 2633/2499/2644 2632/2497/2644 2647/2520/2644 2648/2522/2644
f 2641/2500/2645 2640/2498/2645 2655/2521/2645 2656/2523/2645
f 2634/2501/2646 2633/2499/2646 2648/2522/2646 2649/2524/2646
f 2627/2503/2647 2331/2525/2647 2642/2526/2647
f 2341/2527/2648 2641/2500/2648 2656/2523/2648
f 2635/2505/2649 2634/2501/2649 2649/2524/2649 2650/2511/2649
f 2628/2506/2650 2627/2503/2650 2642/2526/2650 2643/2513/2650
f 2655/2521/2651 2654/2519/2651 2669/2528/2651 2670/2529/2651
f 2648/2522/2652 2647/2520/2652 2662/2530/2652 2663/2531/2652
f 2656/2523/2653 2655/2521/2653 2670/2529/2653 2671/2532/2653
f 2649/2524/2654 2648/2522/2654 2663/2531/2654 2664/2533/2654
f 2642/2526/2655 2331/2534/2655 2657/2535/2655
f 2341/2536/2656 2656/2523/2656 2671/2532/2656
f 2650/2511/2657 2649/2524/2657 2664/2533/2657 2665/2537/2657
f 2643/2513/2658 2642/2526/2658 2657/2535/2658 2658/2538/2658
f 2651/2512/2659 2650/2511/2659 2665/2537/2659 2666/2539/2659
f 2644/2514/2660 2643/2513/2660 2658/2538/2660 2659/2540/2660
f 2652/2515/2661 2651/2512/2661 2666/2539/2661 2667/2541/2661
f 2645/2516/2662 2644/2514/2662 2659/2540/2662 2660/2542/2662
f 2653/2517/2663 2652/2515/2663 2667/2541/2663 2668/2543/2663
f 2646/2518/2664 2645/2516/2664 2660/2542/2664 2661/2544/2664
f 2654/2519/2665 2653/2517/2665 2668/2543/2665 2669/2528/2665
f 2647/2520/2666 2646/2518/2666 2661/2544/2666 2662/2530/2666
f 2659/2540/2667 2658/2538/2667 2673/2545/2667 2674/2546/2667
f 2667/2541/2668 2666/2539/2668 2681/2547/2668 2682/2548/2668
f 2660/2542/2669 2659/2540/2669 2674/2546/2669 2675/2549/2669
f 2668/2543/2670 2667/2541/2670 2682/2548/2670 2683/2550/2670
f 2661/2544/2671 2660/2542/2671 2675/2549/2671 2676/2551/2671
f 2669/2528/2672 2668/2543/2672 2683/2550/2672 2684/2552/2672
f 2662/2530/2673 2661/2544/2673 2676/2551/2673 2677/2553/2673
f 2670/2529/2674 2669/2528/2674 2684/2552/2674 2685/2554/2674
f 2663/2531/2675 2662/2530/2675 2677/2553/2675 2678/2555/2675
f 2671/2532/2676 2670/2529/2676 2685/2554/2676 2686/2556/2676
f 2664/2533/2677 2663/2531/2677 2678/2555/2677 2679/2557/2677
f 2657/2535/2678 2331/2558/2678 2672/2559/2678
f 2341/2560/2679 2671/2532/2679 2686/2556/2679
f 2665/2537/2680 2664/2533/2680 2679/2557/2680 2680/2561/2680
f 2658/2538/2681 2657/2535/2681 2672/2559/2681 2673/2545/2681
f 2666/2539/2682 2665/2537/2682 2680/2561/2682 2681/2547/2682
f 2678/2555/2683 2677/2553/2683 2692/2562/2683 2693/2563/2683
f 2686/2556/2684 2685/2554/2684 2700/2564/2684 2701/2565/2684
f 2679/2557/2685 2678/2555/2685 2693/2563/2685 2694/2566/2685
f 2672/2559/2686 2331/2567/2686 2687/2568/2686
f 2341/2569/2687 2686/2556/2687 2701/2565/2687
f 2680/2561/2688 2679/2557/2688 2694/2566/2688 2695/2570/2688
f 2673/2545/2689 2672/2559/2689 2687/2568/2689 2688/2571/2689
f 2681/2547/2690 2680/2561/2690 2695/2570/2690 2696/2572/2690
f 2674/2546/2691 2673/2545/2691 2688/2571/2691 2689/2573/2691
f 2682/2548/2692 2681/2547/2692 2696/2572/2692 2697/2574/2692
f 2675/2549/2693 2674/2546/2693 2689/2573/2693 2690/2575/2693
f 2683/2550/2694 2682/2548/2694 2697/2574/2694 2698/2576/2694
f 2676/2551/2695 2675/2549/2695 2690/2575/2695 2691/2577/2695
f 2684/2552/2696 2683/2550/2696 2698/2576/2696 2699/2578/2696
f 2677/2553/2697 2676/2551/2697 2691/2577/2697 2692/2562/2697
f 2685/2554/2698 2684/2552/2698 2699/2578/2698 2700/2564/2698
f 2697/2579/2699 2696/2580/2699 2711/2581/2699 2712/2582/2699
f 2690/2583/2700 2689/2584/2700 2704/2585/2700 2705/2586/2700
f 2698/2587/2701 2697/2579/2701 2712/2582/2701 2713/2588/2701
f 2691/2589/2702 2690/2583/2702 2705/2586/2702 2706/2590/2702
f 2699/2591/2703 2698/2587/2703 2713/2588/2703 2714/2592/2703
f 2692/2593/2704 2691/2589/2704 2706/2590/2704 2707/2594/2704
f 2700/2595/2705 2699/2591/2705 2714/2592/2705 2715/2596/2705
f 2693/2597/2706 2692/2593/2706 2707/2594/2706 2708/2598/2706
f 2701/2599/2707 2700/2595/2707 2715/2596/2707 2716/2600/2707
f 2694/2601/2708 2693/2597/2708 2708/2598/2708 2709/2602/2708
f 2687/2603/2709 2331/2604/2709 2702/2605/2709
f 2341/2606/2710 2701/2599/2710 2716/2600/2710
f 2695/2607/2711 2694/2601/2711 2709/2602/2711 2710/2608/2711
f 2688/2609/2712 2687/2603/2712 2702/2605/2712 2703/2610/2712
f 2696/2580/2713 2695/2607/2713 2710/2608/2713 2711/2581/2713
f 2689/2584/2714 2688/2609/2714 2703/2610/2714 2704/2585/2714
f 2716/2600/2715 2715/2596/2715 2730/2611/2715 2731/2612/2715
f 2709/2602/2716 2708/2598/2716 2723/2613/2716 2724/2614/2716
f 2702/2605/2717 2331/2615/2717 2717/2616/2717
f 2341/2617/2718 2716/2600/2718 2731/2612/2718
f 2710/2608/2719 2709/2602/2719 2724/2614/2719 2725/2618/2719
f 2703/2610/2720 2702/2605/2720 2717/2616/2720 2718/2619/2720
f 2711/2581/2721 2710/2608/2721 2725/2618/2721 2726/2620/2721
f 2704/2585/2722 2703/2610/2722 2718/2619/2722 2719/2621/2722
f 2712/2582/2723 2711/2581/2723 2726/2620/2723 2727/2622/2723
f 2705/2586/2724 2704/2585/2724 2719/2621/2724 2720/2623/2724
f 2713/2588/2725 2712/2582/2725 2727/2622/2725 2728/2624/2725
f 2706/2590/2726 2705/2586/2726 2720/2623/2726 2721/2625/2726
f 2714/2592/2727 2713/2588/2727 2728/2624/2727 2729/2626/2727
f 2707/2594/2728 2706/2590/2728 2721/2625/2728 2722/2627/2728
f 2715/2596/2729 2714/2592/2729 2729/2626/2729 2730/2611/2729
f 2708/2598/2730 2707/2594/2730 2722/2627/2730 2723/2613/2730
f 2720/2623/2731 2719/2621/2731 2734/2628/2731 2735/2629/2731
f 2728/2624/2732 2727/2622/2732 2742/2630/2732 2743/2631/2732
f 2721/2625/2733 2720/2623/2733 2735/2629/2733 2736/2632/2733
f 2729/2626/2734 2728/2624/2734 2743/2631/2734 2744/2633/2734
f 2722/2627/2735 2721/2625/2735 2736/2632/2735 2737/2634/2735
f 2730/2611/2736 2729/2626/2736 2744/2633/2736 2745/2635/2736
f 2723/2613/2737 2722/2627/2737 2737/2634/2737 2738/2636/2737
f 2731/2612/2738 2730/2611/2738 2745/2635/2738 2746/2637/2738
f 2724/2614/2739 2723/2613/2739 2738/2636/2739 2739/2638/2739
f 2717/2616/2740 2331/2639/2740 2732/2640/2740
f 2341/2641/2741 2731/2612/2741 2746/2637/2741
f 2725/2618/2742 2724/2614/2742 2739/2638/2742 2740/2642/2742
f 2718/2619/2743 2717/2616/2743 2732/2640/2743 2733/2643/2743
f 2726/2620/2744 2725/2618/2744 2740/2642/2744 2741/2644/2744
f 2719/2621/2745 2718/2619/2745 2733/2643/2745 2734/2628/2745
f 2727/2622/2746 2726/2620/2746 2741/2644/2746 2742/2630/2746
f 2739/2638/2747 2738/2636/2747 2753/2645/2747 2754/2646/2747
f 2732/2640/2748 2331/2647/2748 2747/2648/2748
f 2341/2649/2749 2746/2637/2749 2761/2650/2749
f 2740/2642/2750 2739/2638/2750 2754/2646/2750 2755/2651/2750
f 2733/2643/2751 2732/2640/2751 2747/2648/2751 2748/2652/2751
f 2741/2644/2752 2740/2642/2752 2755/2651/2752 2756/2653/2752
f 2734/2628/2753 2733/2643/2753 2748/2652/2753 2749/2654/2753
f 2742/2630/2754 2741/2644/2754 2756/2653/2754 2757/2655/2754
f 2735/2629/2755 2734/2628/2755 2749/2654/2755 2750/2656/2755
f 2743/2631/2756 2742/2630/2756 2757/2655/2756 2758/2657/2756
f 2736/2632/2757 2735/2629/2757 2750/2656/2757 2751/2658/2757
f 2744/2633/2758 2743/2631/2758 2758/2657/2758 2759/2659/2758
f 2737/2634/2759 2736/2632/2759 2751/2658/2759 2752/2660/2759
f 2745/2635/2760 2744/2633/2760 2759/2659/2760 2760/2661/2760
f 2738/2636/2761 2737/2634/2761 2752/2660/2761 2753/2645/2761
f 2746/2637/2762 2745/2635/2762 2760/2661/2762 2761/2650/2762
f 2758/2657/2763 2757/2655/2763 2772/2662/2763 2773/2663/2763
f 2751/2658/2764 2750/2656/2764 2765/2664/2764 2766/2665/2764
f 2759/2659/2765 2758/2657/2765 2773/2663/2765 2774/2666/2765
f 2752/2660/2766 2751/2658/2766 2766/2665/2766 2767/2667/2766
f 2760/2661/2767 2759/2659/2767 2774/2666/2767 2775/2668/2767
f 2753/2645/2768 2752/2660/2768 2767/2667/2768 2768/2669/2768
f 2761/2650/2769 2760/2661/2769 2775/2668/2769 2776/2670/2769
f 2754/2646/2770 2753/2645/2770 2768/2669/2770 2769/2671/2770
f 2747/2648/2771 2331/2672/2771 2762/2673/2771
f 2341/2674/2772 2761/2650/2772 2776/2670/2772
f 2755/2651/2773 2754/2646/2773 2769/2671/2773 2770/2675/2773
f 2748/2652/2774 2747/2648/2774 2762/2673/2774 2763/2676/2774
f 2756/2653/2775 2755/2651/2775 2770/2675/2775 2771/2677/2775
f 2749/2654/2776 2748/2652/2776 2763/2676/2776 2764/2678/2776
f 2757/2655/2777 2756/2653/2777 2771/2677/2777 2772/2662/2777
f 2750/2656/2778 2749/2654/2778 2764/2678/2778 2765/2664/2778
f 2341/2679/2779 2776/2670/2779 2791/2680/2779
f 2770/2675/2780 2769/2671/2780 2784/2681/2780 2785/2682/2780
f 2763/2676/2781 2762/2673/2781 2777/2683/2781 2778/2684/2781
f 2771/2677/2782 2770/2675/2782 2785/2682/2782 2786/2685/2782
f 2764/2678/2783 2763/2676/2783 2778/2684/2783 2779/2686/2783
f 2772/2662/2784 2771/2677/2784 2786/2685/2784 2787/2687/2784
f 2765/2664/2785 2764/2678/2785 2779/2686/2785 2780/2688/2785
f 2773/2663/2786 2772/2662/2786 2787/2687/2786 2788/2689/2786
f 2766/2665/2787 2765/2664/2787 2780/2688/2787 2781/2690/2787
f 2774/2666/2788 2773/2663/2788 2788/2689/2788 2789/2691/2788
f 2767/2667/2789 2766/2665/2789 2781/2690/2789 2782/2692/2789
f 2775/2668/2790 2774/2666/2790 2789/2691/2790 2790/2693/2790
f 2768/2669/2791 2767/2667/2791 2782/2692/2791 2783/2694/2791
f 2776/2670/2792 2775/2668/2792 2790/2693/2792 2791/2680/2792
f 2769/2671/2793 2768/2669/2793 2783/2694/2793 2784/2681/2793
f 2762/2673/2794 2331/2695/2794 2777/2683/2794
f 2789/2691/2795 2788/2689/2795 2803/2696/2795 2804/2697/2795
f 2782/2692/2796 2781/2690/2796 2796/2698/2796 2797/2699/2796
f 2790/2693/2797 2789/2691/2797 2804/2697/2797 2805/2700/2797
f 2783/2694/2798 2782/2692/2798 2797/2699/2798 2798/2701/2798
f 2791/2680/2799 2790/2693/2799 2805/2700/2799 2806/2702/2799
f 2784/2681/2800 2783/2694/2800 2798/2701/2800 2799/2703/2800
f 2777/2683/2801 2331/2704/2801 2792/2705/2801
f 2341/2706/2802 2791/2680/2802 2806/2702/2802
f 2785/2682/2803 2784/2681/2803 2799/2703/2803 2800/2707/2803
f 2778/2684/2804 2777/2683/2804 2792/2705/2804 2793/2708/2804
f 2786/2685/2805 2785/2682/2805 2800/2707/2805 2801/2709/2805
f 2779/2686/2806 2778/2684/2806 2793/2708/2806 2794/2710/2806
f 2787/2687/2807 2786/2685/2807 2801/2709/2807 2802/2711/2807
f 2780/2688/2808 2779/2686/2808 2794/2710/2808 2795/2712/2808
f 2788/2689/2809 2787/2687/2809 2802/2711/2809 2803/2696/2809
f 2781/2690/2810 2780/2688/2810 2795/2712/2810 2796/2698/2810
f 2793/2708/2811 2792/2705/2811 2332/2161/2811 2807/2160/2811
f 2801/2709/2812 2800/2707/2812 2337/2156/2812 2810/2164/2812
f 2794/2710/2813 2793/2708/2813 2807/2160/2813 2333/2166/2813
f 2802/2711/2814 2801/2709/2814 2810/2164/2814 2338/2168/2814
f 2795/2712/2815 2794/2710/2815 2333/2166/2815 2334/2170/2815
f 2803/2696/2816 2802/2711/2816 2338/2168/2816 2811/2172/2816
f 2796/2698/2817 2795/2712/2817 2334/2170/2817 2808/2174/2817
f 2804/2697/2818 2803/2696/2818 2811/2172/2818 2339/2176/2818
f 2797/2699/2819 2796/2698/2819 2808/2174/2819 2335/2178/2819
f 2805/2700/2820 2804/2697/2820 2339/2176/2820 2812/2180/2820
f 2798/2701/2821 2797/2699/2821 2335/2178/2821 2809/2182/2821
f 2806/2702/2822 2805/2700/2822 2812/2180/2822 2340/2184/2822
f 2799/2703/2823 2798/2701/2823 2809/2182/2823 2336/2157/2823
f 2792/2705/2824 2331/2713/2824 2332/2161/2824
f 2341/2714/2825 2806/2702/2825 2340/2184/2825
f 2800/2707/2826 2799/2703/2826 2336/2157/2826 2337/2156/2826
o Sphere.004
v 0.170000 0.054000 0.085000
v 0.170000 0.053923 0.084220
v 0.170000 0.053326 0.082778
v 0.170000 0.052828 0.082172
v 0.170000 0.051531 0.081304
v 0.170000 0.050000 0.081000
v 0.170000 0.049220 0.081077
v 0.170000 0.047778 0.081674
v 0.170000 0.046674 0.082778
v 0.170000 0.046077 0.084220
v 0.170000 0.046000 0.085000
v 0.170152 0.053923 0.084235
v 0.170299 0.053696 0.083499
v 0.170434 0.053326 0.082820
v 0.170552 0.052828 0.082226
v 0.170649 0.052222 0.081738
v 0.170721 0.051531 0.081375
v 0.170765 0.050780 0.081152
v 0.170780 0.050000 0.081077
v 0.170765 0.049220 0.081152
v 0.170721 0.048469 0.081375
v 0.170649 0.047778 0.081738
v 0.170552 0.047172 0.082226
v 0.170434 0.046674 0.082820
v 0.170299 0.046304 0.083499
v 0.170152 0.046077 0.084235
v 0.170299 0.053923 0.084279
v 0.170586 0.053696 0.083586
v 0.170850 0.053326 0.082947
v 0.171082 0.052828 0.082387
v 0.171273 0.052222 0.081927
v 0.171414 0.051531 0.081586
v 0.171501 0.050780 0.081375
v 0.171531 0.050000 0.081304
v 0.171501 0.049220 0.081375
v 0.171414 0.048469 0.081586
v 0.171273 0.047778 0.081927
v 0.171082 0.047172 0.082387
v 0.170850 0.046674 0.082947
v 0.170586 0.046304 0.083586
v 0.170299 0.046077 0.084279
v 0.170434 0.053923 0.084351
v 0.170850 0.053696 0.083727
v 0.171235 0.053326 0.083152
v 0.171571 0.052828 0.082648
v 0.171848 0.052222 0.082235
v 0.172053 0.051531 0.081927
v 0.172180 0.050780 0.081738
v 0.172222 0.050000 0.081674
v 0.172180 0.049220 0.081738
v 0.172053 0.048469 0.081927
v 0.171848 0.047778 0.082235
v 0.171571 0.047172 0.082648
v 0.171235 0.046674 0.083152
v 0.170850 0.046304 0.083727
v 0.170434 0.046077 0.084351
v 0.170552 0.053923 0.084448
v 0.171082 0.053696 0.083918
v 0.171571 0.053326 0.083429
v 0.172000 0.052828 0.083000
v 0.172352 0.052222 0.082648
v 0.172613 0.051531 0.082387
v 0.172774 0.050780 0.082226
v 0.172828 0.050000 0.082172
v 0.172774 0.049220 0.082226
v 0.172613 0.048469 0.082387
v 0.172352 0.047778 0.082648
v 0.172000 0.047172 0.083000
v 0.171571 0.046674 0.083429
v 0.171082 0.046304 0.083918
v 0.170552 0.046077 0.084448
v 0.170649 0.053923 0.084566
v 0.171273 0.053696 0.084150
v 0.171848 0.053326 0.083765
v 0.172352 0.052828 0.083429
v 0.172765 0.052222 0.083152
v 0.173073 0.051531 0.082947
v 0.173262 0.050780 0.082820
v 0.173326 0.050000 0.082778
v 0.173262 0.049220 0.082820
v 0.173073 0.048469 0.082947
v 0.172765 0.047778 0.083152
v 0.172352 0.047172 0.083429
v 0.171848 0.046674 0.083765
v 0.171273 0.046304 0.084150
v 0.170649 0.046077 0.084566
v 0.170721 0.053923 0.084701
v 0.171414 0.053696 0.084414
v 0.172053 0.053326 0.084150
v 0.172613 0.052828 0.083918
v 0.173073 0.052222 0.083727
v 0.173414 0.051531 0.083586
v 0.173625 0.050780 0.083499
v 0.173696 0.050000 0.083469
v 0.173625 0.049220 0.083499
v 0.173414 0.048469 0.083586
v 0.173073 0.047778 0.083727
v 0.172613 0.047172 0.083918
v 0.172053 0.046674 0.084150
v 0.171414 0.046304 0.084414
v 0.170721 0.046077 0.084701
v 0.170765 0.053923 0.084848
v 0.171501 0.053696 0.084701
v 0.172180 0.053326 0.084566
v 0.172774 0.052828 0.084448
v 0.173262 0.052222 0.084351
v 0.173625 0.051531 0.084279
v 0.173848 0.050780 0.084235
v 0.173923 0.050000 0.084220
v 0.173848 0.049220 0.084235
v 0.173625 0.048469 0.084279
v 0.173262 0.047778 0.084351
v 0.172774 0.047172 0.084448
v 0.172180 0.046674 0.084566
v 0.171501 0.046304 0.084701
v 0.170765 0.046077 0.084848
v 0.170780 0.053923 0.085000
v 0.171531 0.053696 0.085000
v 0.172222 0.053326 0.085000
v 0.172828 0.052828 0.085000
v 0.173326 0.052222 0.085000
v 0.173696 0.051531 0.085000
v 0.173923 0.050780 0.085000
v 0.174000 0.050000 0.085000
v 0.173923 0.049220 0.085000
v 0.173696 0.048469 0.085000
v 0.173326 0.047778 0.085000
v 0.172828 0.047172 0.085000
v 0.172222 0.046674 0.085000
v 0.171531 0.046304 0.085000
v 0.170780 0.046077 0.085000
v 0.170765 0.053923 0.085152
v 0.171501 0.053696 0.085299
v 0.172180 0.053326 0.085434
v 0.172774 0.052828 0.085552
v 0.173262 0.052222 0.085649
v 0.173625 0.051531 0.085721
v 0.173848 0.050780 0.085765
v 0.173923 0.050000 0.085780
v 0.173848 0.049220 0.085765
v 0.173625 0.048469 0.085721
v 0.173262 0.047778 0.085649
v 0.172774 0.047172 0.085552
v 0.172180 0.046674 0.085434
v 0.171501 0.046304 0.085299
v 0.170765 0.046077 0.085152
v 0.170721 0.053923 0.085299
v 0.171414 0.053696 0.085586
v 0.172053 0.053326 0.085850
v 0.172613 0.052828 0.086082
v 0.173073 0.052222 0.086273
v 0.173414 0.051531 0.086414
v 0.173625 0.050780 0.086501
v 0.173696 0.050000 0.086531
v 0.173625 0.049220 0.086501
v 0.173414 0.048469 0.086414
v 0.173073 0.047778 0.086273
v 0.172613 0.047172 0.086082
v 0.172053 0.046674 0.085850
v 0.171414 0.046304 0.085586
v 0.170721 0.046077 0.085299
v 0.170649 0.053923 0.085434
v 0.171273 0.053696 0.085850
v 0.171848 0.053326 0.086235
v 0.172352 0.052828 0.086571
v 0.172765 0.052222 0.086848
v 0.173073 0.051531 0.087053
v 0.173262 0.050780 0.087180
v 0.173326 0.050000 0.087222
v 0.173262 0.049220 0.087180
v 0.173073 0.048469 0.087053
v 0.172765 0.047778 0.086848
v 0.172352 0.047172 0.086571
v 0.171848 0.046674 0.086235
v 0.171273 0.046304 0.085850
v 0.170649 0.046077 0.085434
v 0.170552 0.053923 0.085552
v 0.171082 0.053696 0.086082
v 0.171571 0.053326 0.086571
v 0.172000 0.052828 0.087000
v 0.172352 0.052222 0.087352
v 0.172613 0.051531 0.087613
v 0.172774 0.050780 0.087774
v 0.172828 0.050000 0.087828
v 0.172774 0.049220 0.087774
v 0.172613 0.048469 0.087613
v 0.172352 0.047778 0.087352
v 0.172000 0.047172 0.087000
v 0.171571 0.046674 0.086571
v 0.171082 0.046304 0.086082
v 0.170552 0.046077 0.085552
v 0.170434 0.053923 0.085649
v 0.170850 0.053696 0.086273
v 0.171235 0.053326 0.086848
v 0.171571 0.052828 0.087352
v 0.171848 0.052222 0.087765
v 0.172053 0.051531 0.088073
v 0.172180 0.050780 0.088262
v 0.172222 0.050000 0.088326
v 0.172180 0.049220 0.088262
v 0.172053 0.048469 0.088073
v 0.171848 0.047778 0.087765
v 0.171571 0.047172 0.087352
v 0.171235 0.046674 0.086848
v 0.170850 0.046304 0.086273
v 0.170434 0.046077 0.085649
v 0.170299 0.053923 0.085721
v 0.170586 0.053696 0.086414
v 0.170850 0.053326 0.087053
v 0.171082 0.052828 0.087613
v 0.171273 0.052222 0.088073
v 0.171414 0.051531 0.088414
v 0.171501 0.050780 0.088625
v 0.171531 0.050000 0.088696
v 0.171501 0.049220 0.088625
v 0.171414 0.048469 0.088414
v 0.171273 0.047778 0.088073
v 0.171082 0.047172 0.087613
v 0.170850 0.046674 0.087053
v 0.170586 0.046304 0.086414
v 0.170299 0.046077 0.085721
v 0.170152 0.053923 0.085765
v 0.170299 0.053696 0.086501
v 0.170434 0.053326 0.087180
v 0.170552 0.052828 0.087774
v 0.170649 0.052222 0.088262
v 0.170721 0.051531 0.088625
v 0.170765 0.050780 0.088848
v 0.170780 0.050000 0.088923
v 0.170765 0.049220 0.088848
v 0.170721 0.048469 0.088625
v 0.170649 0.047778 0.088262
v 0.170552 0.047172 0.087774
v 0.170434 0.046674 0.087180
v 0.170299 0.046304 0.086501
v 0.170152 0.046077 0.085765
v 0.170000 0.053923 0.085780
v 0.170000 0.053696 0.086531
v 0.170000 0.053326 0.087222
v 0.170000 0.052828 0.087828
v 0.170000 0.052222 0.088326
v 0.170000 0.051531 0.088696
v 0.170000 0.050780 0.088923
v 0.170000 0.050000 0.089000
v 0.170000 0.049220 0.088923
v 0.170000 0.048469 0.088696
v 0.170000 0.047778 0.088326
v 0.170000 0.047172 0.087828
v 0.170000 0.046674 0.087222
v 0.170000 0.046304 0.086531
v 0.170000 0.046077 0.085780
v 0.169848 0.053923 0.085765
v 0.169701 0.053696 0.086501
v 0.169566 0.053326 0.087180
v 0.169448 0.052828 0.087774
v 0.169351 0.052222 0.088262
v 0.169279 0.051531 0.088625
v 0.169235 0.050780 0.088848
v 0.169220 0.050000 0.088923
v 0.169235 0.049220 0.088848
v 0.169279 0.048469 0.088625
v 0.169351 0.047778 0.088262
v 0.169448 0.047172 0.087774
v 0.169566 0.046674 0.087180
v 0.169701 0.046304 0.086501
v 0.169848 0.046077 0.085765
v 0.169701 0.053923 0.085721
v 0.169414 0.053696 0.086414
v 0.169150 0.053326 0.087053
v 0.168918 0.052828 0.087613
v 0.168727 0.052222 0.088073
v 0.168586 0.051531 0.088414
v 0.168499 0.050780 0.088625
v 0.168469 0.050000 0.088696
v 0.168499 0.049220 0.088625
v 0.168586 0.048469 0.088414
v 0.168727 0.047778 0.088073
v 0.168918 0.047172 0.087613
v 0.169150 0.046674 0.087053
v 0.169414 0.046304 0.086414
v 0.169701 0.046077 0.085721
v 0.169566 0.053923 0.085649
v 0.169150 0.053696 0.086273
v 0.168765 0.053326 0.086848
v 0.168429 0.052828 0.087352
v 0.168152 0.052222 0.087765
v 0.167947 0.051531 0.088073
v 0.167820 0.050780 0.088262
v 0.167778 0.050000 0.088326
v 0.167820 0.049220 0.088262
v 0.167947 0.048469 0.088073
v 0.168152 0.047778 0.087765
v 0.168429 0.047172 0.087352
v 0.168765 0.046674 0.086848
v 0.169150 0.046304 0.086273
v 0.169566 0.046077 0.085649
v 0.169448 0.053923 0.085552
v 0.168918 0.053696 0.086082
v 0.168429 0.053326 0.086571
v 0.168000 0.052828 0.087000
v 0.167648 0.052222 0.087352
v 0.167387 0.051531 0.087613
v 0.167226 0.050780 0.087774
v 0.167172 0.050000 0.087828
v 0.167226 0.049220 0.087774
v 0.167387 0.048469 0.087613
v 0.167648 0.047778 0.087352
v 0.168000 0.047172 0.087000
v 0.168429 0.046674 0.086571
v 0.168918 0.046304 0.086082
v 0.169448 0.046077 0.085552
v 0.169351 0.053923 0.085434
v 0.168727 0.053696 0.085850
v 0.168152 0.053326 0.086235
v 0.167648 0.052828 0.086571
v 0.167235 0.052222 0.086848
v 0.166927 0.051531 0.087053
v 0.166738 0.050780 0.087180
v 0.166674 0.050000 0.087222
v 0.166738 0.049220 0.087180
v 0.166927 0.048469 0.087053
v 0.167235 0.047778 0.086848
v 0.167648 0.047172 0.086571
v 0.168152 0.046674 0.086235
v 0.168727 0.046304 0.085850
v 0.169351 0.046077 0.085434
v 0.169279 0.053923 0.085299
v 0.168586 0.053696 0.085586
v 0.167947 0.053326 0.085850
v 0.167387 0.052828 0.086082
v 0.166927 0.052222 0.086273
v 0.166586 0.051531 0.086414
v 0.166375 0.050780 0.086501
v 0.166304 0.050000 0.086531
v 0.166375 0.049220 0.086501
v 0.166586 0.048469 0.086414
v 0.166927 0.047778 0.086273
v 0.167387 0.047172 0.086082
v 0.167947 0.046674 0.085850
v 0.168586 0.046304 0.085586
v 0.169279 0.046077 0.085299
v 0.169235 0.053923 0.085152
v 0.168499 0.053696 0.085299
v 0.167820 0.053326 0.085434
v 0.167226 0.052828 0.085552
v 0.166738 0.052222 0.085649
v 0.166376 0.051531 0.085721
v 0.166152 0.050780 0.085765
v 0.166077 0.050000 0.085780
v 0.166152 0.049220 0.085765
v 0.166376 0.048469 0.085721
v 0.166738 0.047778 0.085649
v 0.167226 0.047172 0.085552
v 0.167820 0.046674 0.085434
v 0.168499 0.046304 0.085299
v 0.169235 0.046077 0.085152
v 0.169220 0.053923 0.085000
v 0.168469 0.053696 0.085000
v 0.167778 0.053326 0.085000
v 0.167172 0.052828 0.085000
v 0.166674 0.052222 0.085000
v 0.166304 0.051531 0.085000
v 0.166077 0.050780 0.085000
v 0.166000 0.050000 0.085000
v 0.166077 0.049220 0.085000
v 0.166304 0.048469 0.085000
v 0.166674 0.047778 0.085000
v 0.167172 0.047172 0.085000
v 0.167778 0.046674 0.085000
v 0.168469 0.046304 0.085000
v 0.169220 0.046077 0.085000
v 0.169235 0.053923 0.084848
v 0.168499 0.053696 0.084701
v 0.167820 0.053326 0.084566
v 0.167226 0.052828 0.084448
v 0.166738 0.052222 0.084351
v 0.166376 0.051531 0.084279
v 0.166152 0.050780 0.084235
v 0.166077 0.050000 0.084220
v 0.166152 0.049220 0.084235
v 0.166376 0.048469 0.084279
v 0.166738 0.047778 0.084351
v 0.167226 0.047172 0.084448
v 0.167820 0.046674 0.084566
v 0.168499 0.046304 0.084701
v 0.169235 0.046077 0.084848
v 0.169279 0.053923 0.084701
v 0.168586 0.053696 0.084414
v 0.167947 0.053326 0.084150
v 0.167387 0.052828 0.083918
v 0.166927 0.052222 0.083727
v 0.166586 0.051531 0.083586
v 0.166376 0.050780 0.083499
v 0.166304 0.050000 0.083469
v 0.166376 0.049220 0.083499
v 0.166586 0.048469 0.083586
v 0.166927 0.047778 0.083727
v 0.167387 0.047172 0.083918
v 0.167947 0.046674 0.084150
v 0.168586 0.046304 0.084414
v 0.169279 0.046077 0.084701
v 0.169351 0.053923 0.084566
v 0.168727 0.053696 0.084150
v 0.168152 0.053326 0.083765
v 0.167648 0.052828 0.083429
v 0.167235 0.052222 0.083152
v 0.166927 0.051531 0.082947
v 0.166738 0.050780 0.082820
v 0.166674 0.050000 0.082778
v 0.166738 0.049220 0.082820
v 0.166927 0.048469 0.082947
v 0.167235 0.047778 0.083152
v 0.167648 0.047172 0.083429
v 0.168152 0.046674 0.083765
v 0.168727 0.046304 0.084150
v 0.169351 0.046077 0.084566
v 0.169448 0.053923 0.084448
v 0.168918 0.053696 0.083918
v 0.168429 0.053326 0.083429
v 0.168000 0.052828 0.083000
v 0.167648 0.052222 0.082648
v 0.167387 0.051531 0.082387
v 0.167226 0.050780 0.082226
v 0.167172 0.050000 0.082172
v 0.167226 0.049220 0.082226
v 0.167387 0.048469 0.082387
v 0.167648 0.047778 0.082648
v 0.168000 0.047172 0.083000
v 0.168429 0.046674 0.083429
v 0.168918 0.046304 0.083918
v 0.169448 0.046077 0.084448
v 0.169566 0.053923 0.084351
v 0.169150 0.053696 0.083727
v 0.168765 0.053326 0.083152
v 0.168429 0.052828 0.082648
v 0.168152 0.052222 0.082235
v 0.167947 0.051531 0.081927
v 0.167820 0.050780 0.081738
v 0.167778 0.050000 0.081674
v 0.167820 0.049220 0.081738
v 0.167947 0.048469 0.081927
v 0.168152 0.047778 0.082235
v 0.168429 0.047172 0.082648
v 0.168765 0.046674 0.083152
v 0.169150 0.046304 0.083727
v 0.169566 0.046077 0.084351
v 0.169701 0.053923 0.084279
v 0.169414 0.053696 0.083586
v 0.169150 0.053326 0.082947
v 0.168918 0.052828 0.082387
v 0.168727 0.052222 0.081927
v 0.168586 0.051531 0.081586
v 0.168499 0.050780 0.081375
v 0.168469 0.050000 0.081304
v 0.168499 0.049220 0.081375
v 0.168586 0.048469 0.081586
v 0.168727 0.047778 0.081927
v 0.168918 0.047172 0.082387
v 0.169150 0.046674 0.082947
v 0.169414 0.046304 0.083586
v 0.169701 0.046077 0.084279
v 0.169848 0.053923 0.084235
v 0.169701 0.053696 0.083499
v 0.169566 0.053326 0.082820
v 0.169448 0.052828 0.082226
v 0.169351 0.052222 0.081738
v 0.169279 0.051531 0.081375
v 0.169235 0.050780 0.081152
v 0.169220 0.050000 0.081077
v 0.169235 0.049220 0.081152
v 0.169279 0.048469 0.081375
v 0.169351 0.047778 0.081738
v 0.169448 0.047172 0.082226
v 0.169566 0.046674 0.082820
v 0.169701 0.046304 0.083499
v 0.169848 0.046077 0.084235
v 0.170000 0.053696 0.083469
v 0.170000 0.052222 0.081674
v 0.170000 0.050780 0.081077
v 0.170000 0.048469 0.081304
v 0.170000 0.047172 0.082172
v 0.170000 0.046304 0.083469
vn 0.0286 0.9565 -0.2902
vn 0.0938 -0.2890 -0.9527
vn 0.0464 0.8810 -0.4709
vn 0.0865 -0.4696 -0.8786
vn 0.0624 0.7715 -0.6332
vn 0.0759 -0.6326 -0.7708
vn 0.0759 0.6326 -0.7708
vn 0.0624 -0.7715 -0.6332
vn 0.0865 0.4696 -0.8786
vn 0.0464 -0.8810 -0.4709
vn 0.0938 0.2890 -0.9527
vn 0.0286 -0.9565 -0.2902
vn 0.0975 0.0976 -0.9904
vn 0.0097 0.9951 -0.0980
vn 0.0097 -0.9951 -0.0980
vn 0.0975 -0.0975 -0.9904
vn 0.2889 0.0975 -0.9524
vn 0.0286 0.9951 -0.0942
vn 0.0286 -0.9951 -0.0942
vn 0.2889 -0.0975 -0.9524
vn 0.0846 0.9565 -0.2790
vn 0.2779 -0.2890 -0.9161
vn 0.1374 0.8810 -0.4528
vn 0.2563 -0.4696 -0.8448
vn 0.1847 0.7715 -0.6088
vn 0.2248 -0.6326 -0.7412
vn 0.2248 0.6326 -0.7412
vn 0.1847 -0.7715 -0.6088
vn 0.2563 0.4696 -0.8448
vn 0.1374 -0.8810 -0.4528
vn 0.2779 0.2890 -0.9161
vn 0.0846 -0.9565 -0.2790
vn 0.3651 -0.6326 -0.6831
vn 0.3651 0.6326 -0.6831
vn 0.2999 -0.7715 -0.5611
vn 0.4162 0.4696 -0.7786
vn 0.2230 -0.8810 -0.4173
vn 0.4513 0.2890 -0.8443
vn 0.1374 -0.9565 -0.2571
vn 0.4691 0.0975 -0.8777
vn 0.0464 0.9951 -0.0869
vn 0.0464 -0.9951 -0.0869
vn 0.4691 -0.0975 -0.8777
vn 0.1374 0.9565 -0.2571
vn 0.4513 -0.2890 -0.8443
vn 0.2230 0.8810 -0.4173
vn 0.4162 -0.4696 -0.7786
vn 0.2999 0.7715 -0.5611
vn 0.0625 -0.9951 -0.0761
vn 0.6314 -0.0975 -0.7693
vn 0.1850 0.9565 -0.2254
vn 0.6073 -0.2890 -0.7400
vn 0.3002 0.8810 -0.3658
vn 0.5601 -0.4696 -0.6825
vn 0.4036 0.7715 -0.4918
vn 0.4913 -0.6326 -0.5987
vn 0.4913 0.6326 -0.5987
vn 0.4036 -0.7715 -0.4918
vn 0.5601 0.4696 -0.6825
vn 0.3002 -0.8810 -0.3658
vn 0.6073 0.2890 -0.7400
vn 0.1850 -0.9565 -0.2254
vn 0.6314 0.0975 -0.7693
vn 0.0625 0.9951 -0.0761
vn 0.4918 -0.7715 -0.4036
vn 0.6825 0.4696 -0.5601
vn 0.3658 -0.8810 -0.3002
vn 0.7400 0.2890 -0.6073
vn 0.2254 -0.9565 -0.1850
vn 0.7693 0.0975 -0.6314
vn 0.0761 0.9951 -0.0625
vn 0.0761 -0.9951 -0.0625
vn 0.7693 -0.0975 -0.6314
vn 0.2254 0.9565 -0.1850
vn 0.7400 -0.2890 -0.6073
vn 0.3658 0.8810 -0.3002
vn 0.6825 -0.4696 -0.5601
vn 0.4918 0.7715 -0.4036
vn 0.5987 -0.6326 -0.4913
vn 0.5987 0.6326 -0.4913
vn 0.2571 0.9565 -0.1374
vn 0.8443 -0.2890 -0.4513
vn 0.4173 0.8810 -0.2230
vn 0.7786 -0.4696 -0.4162
vn 0.5611 0.7715 -0.2999
vn 0.6831 -0.6326 -0.3651
vn 0.6831 0.6326 -0.3651
vn 0.5611 -0.7715 -0.2999
vn 0.7786 0.4696 -0.4162
vn 0.4173 -0.8810 -0.2230
vn 0.8443 0.2890 -0.4513
vn 0.2571 -0.9565 -0.1374
vn 0.8777 0.0975 -0.4691
vn 0.0869 0.9951 -0.0464
vn 0.0869 -0.9951 -0.0464
vn 0.8777 -0.0975 -0.4691
vn 0.8448 0.4696 -0.2563
vn 0.4528 -0.8810 -0.1374
vn 0.9161 0.2890 -0.2779
vn 0.2790 -0.9565 -0.0846
vn 0.9524 0.0975 -0.2889
vn 0.0942 0.9951 -0.0286
vn 0.0942 -0.9951 -0.0286
vn 0.9524 -0.0975 -0.2889
vn 0.2790 0.9565 -0.0846
vn 0.9161 -0.2890 -0.2779
vn 0.4528 0.8810 -0.1374
vn 0.8448 -0.4696 -0.2563
vn 0.6088 0.7715 -0.1847
vn 0.7412 -0.6326 -0.2248
vn 0.7412 0.6326 -0.2248
vn 0.6088 -0.7715 -0.1847
vn 0.9527 -0.2890 -0.0938
vn 0.4709 0.8810 -0.0464
vn 0.8786 -0.4696 -0.0865
vn 0.6332 0.7715 -0.0624
vn 0.7708 -0.6326 -0.0759
vn 0.7708 0.6326 -0.0759
vn 0.6332 -0.7715 -0.0624
vn 0.8786 0.4696 -0.0865
vn 0.4709 -0.8810 -0.0464
vn 0.9527 0.2890 -0.0938
vn 0.2902 -0.9565 -0.0286
vn 0.9904 0.0976 -0.0975
vn 0.0980 0.9951 -0.0097
vn 0.0980 -0.9951 -0.0097
vn 0.9904 -0.0976 -0.0975
vn 0.2902 0.9565 -0.0286
vn 0.4709 -0.8810 0.0464
vn 0.9527 0.2890 0.0938
vn 0.2902 -0.9565 0.0286
vn 0.9904 0.0976 0.0975
vn 0.0980 0.9951 0.0097
vn 0.0980 -0.9951 0.0097
vn 0.9904 -0.0976 0.0975
vn 0.2902 0.9565 0.0286
vn 0.9527 -0.2890 0.0938
vn 0.4709 0.8810 0.0464
vn 0.8786 -0.4696 0.0865
vn 0.6332 0.7715 0.0624
vn 0.7708 -0.6326 0.0759
vn 0.7708 0.6326 0.0759
vn 0.6332 -0.7715 0.0624
vn 0.8786 0.4696 0.0865
vn 0.4528 0.8810 0.1374
vn 0.8448 -0.4696 0.2563
vn 0.6088 0.7715 0.1847
vn 0.7412 -0.6326 0.2248
vn 0.7412 0.6326 0.2248
vn 0.6088 -0.7715 0.1847
vn 0.8448 0.4696 0.2563
vn 0.4528 -0.8810 0.1374
vn 0.9161 0.2890 0.2779
vn 0.2790 -0.9565 0.0846
vn 0.9524 0.0976 0.2889
vn 0.0942 0.9951 0.0286
vn 0.0942 -0.9951 0.0286
vn 0.9524 -0.0976 0.2889
vn 0.2790 0.9565 0.0846
vn 0.9161 -0.2890 0.2779
vn 0.8443 0.2890 0.4513
vn 0.2571 -0.9565 0.1374
vn 0.8777 0.0976 0.4691
vn 0.0869 0.9951 0.0464
vn 0.0869 -0.9951 0.0464
vn 0.8777 -0.0976 0.4691
vn 0.2571 0.9565 0.1374
vn 0.8443 -0.2890 0.4513
vn 0.4173 0.8810 0.2230
vn 0.7786 -0.4696 0.4162
vn 0.5611 0.7715 0.2999
vn 0.6831 -0.6326 0.3651
vn 0.6831 0.6326 0.3651
vn 0.5611 -0.7715 0.2999
vn 0.7786 0.4696 0.4162
vn 0.4173 -0.8810 0.2230
vn 0.6825 -0.4696 0.5601
vn 0.4918 0.7715 0.4036
vn 0.5987 -0.6326 0.4913
vn 0.5987 0.6326 0.4913
vn 0.4918 -0.7715 0.4036
vn 0.6825 0.4696 0.5601
vn 0.3658 -0.8810 0.3002
vn 0.7400 0.2890 0.6073
vn 0.2254 -0.9565 0.1850
vn 0.7693 0.0976 0.6314
vn 0.0761 0.9951 0.0625
vn 0.0761 -0.9951 0.0625
vn 0.7693 -0.0976 0.6314
vn 0.2254 0.9565 0.1850
vn 0.7400 -0.2890 0.6073
vn 0.3658 0.8810 0.3002
vn 0.1850 -0.9565 0.2254
vn 0.6314 0.0976 0.7693
vn 0.0625 0.9951 0.0761
vn 0.0625 -0.9951 0.0761
vn 0.6314 -0.0976 0.7693
vn 0.1850 0.9565 0.2254
vn 0.6073 -0.2890 0.7400
vn 0.3002 0.8810 0.3658
vn 0.5601 -0.4696 0.6825
vn 0.4036 0.7715 0.4918
vn 0.4913 -0.6326 0.5987
vn 0.4913 0.6326 0.5987
vn 0.4036 -0.7715 0.4918
vn 0.5601 0.4696 0.6825
vn 0.3002 -0.8810 0.3658
vn 0.6073 0.2890 0.7400
vn 0.3651 -0.6326 0.6831
vn 0.3651 0.6326 0.6831
vn 0.2999 -0.7715 0.5611
vn 0.4162 0.4696 0.7786
vn 0.2231 -0.8810 0.4173
vn 0.4513 0.2890 0.8443
vn 0.1374 -0.9565 0.2571
vn 0.4691 0.0976 0.8777
vn 0.0464 0.9951 0.0869
vn 0.0464 -0.9951 0.0869
vn 0.4691 -0.0976 0.8777
vn 0.1374 0.9565 0.2571
vn 0.4513 -0.2890 0.8443
vn 0.2231 0.8810 0.4173
vn 0.4162 -0.4696 0.7786
vn 0.2999 0.7715 0.5611
vn 0.0286 0.9951 0.0942
vn 0.0286 -0.9951 0.0942
vn 0.2889 -0.0976 0.9524
vn 0.0846 0.9565 0.2790
vn 0.2779 -0.2890 0.9161
vn 0.1374 0.8810 0.4528
vn 0.2563 -0.4696 0.8448
vn 0.1847 0.7715 0.6088
vn 0.2248 -0.6326 0.7412
vn 0.2248 0.6326 0.7412
vn 0.1847 -0.7715 0.6088
vn 0.2563 0.4696 0.8448
vn 0.1374 -0.8810 0.4528
vn 0.2779 0.2890 0.9161
vn 0.0846 -0.9565 0.2790
vn 0.2889 0.0975 0.9524
vn 0.0759 0.6326 0.7708
vn 0.0624 -0.7715 0.6332
vn 0.0865 0.4696 0.8786
vn 0.0464 -0.8810 0.4709
vn 0.0938 0.2890 0.9527
vn 0.0286 -0.9565 0.2902
vn 0.0975 0.0975 0.9904
vn 0.0097 0.9951 0.0980
vn 0.0097 -0.9951 0.0980
vn 0.0975 -0.0975 0.9904
vn 0.0286 0.9565 0.2902
vn 0.0938 -0.2890 0.9527
vn 0.0464 0.8810 0.4709
vn 0.0865 -0.4696 0.8786
vn 0.0624 0.7715 0.6332
vn 0.0759 -0.6326 0.7708
vn -0.0975 -0.0975 0.9904
vn -0.0286 0.9565 0.2902
vn -0.0938 -0.2890 0.9527
vn -0.0464 0.8810 0.4709
vn -0.0865 -0.4696 0.8786
vn -0.0624 0.7715 0.6332
vn -0.0759 -0.6326 0.7708
vn -0.0759 0.6326 0.7708
vn -0.0624 -0.7715 0.6332
vn -0.0865 0.4696 0.8786
vn -0.0464 -0.8810 0.4709
vn -0.0938 0.2890 0.9527
vn -0.0286 -0.9565 0.2902
vn -0.0975 0.0975 0.9904
vn -0.0097 0.9951 0.0980
vn -0.0097 -0.9951 0.0980
vn -0.1847 -0.7715 0.6088
vn -0.2563 0.4696 0.8448
vn -0.1374 -0.8810 0.4528
vn -0.2779 0.2890 0.9161
vn -0.0846 -0.9565 0.2790
vn -0.2889 0.0976 0.9524
vn -0.0286 0.9951 0.0942
vn -0.0286 -0.9951 0.0942
vn -0.2889 -0.0976 0.9524
vn -0.0846 0.9565 0.2790
vn -0.2779 -0.2890 0.9161
vn -0.1374 0.8810 0.4528
vn -0.2563 -0.4696 0.8448
vn -0.1847 0.7715 0.6088
vn -0.2248 -0.6326 0.7412
vn -0.2248 0.6326 0.7412
vn -0.1374 0.9565 0.2571
vn -0.4513 -0.2890 0.8443
vn -0.2231 0.8810 0.4173
vn -0.4162 -0.4696 0.7786
vn -0.2999 0.7715 0.5611
vn -0.3651 -0.6326 0.6831
vn -0.3651 0.6326 0.6831
vn -0.2999 -0.7715 0.5611
vn -0.4162 0.4696 0.7786
vn -0.2231 -0.8810 0.4173
vn -0.4513 0.2890 0.8443
vn -0.1374 -0.9565 0.2571
vn -0.4691 0.0976 0.8777
vn -0.0464 0.9951 0.0869
vn -0.0464 -0.9951 0.0869
vn -0.4691 -0.0976 0.8777
vn -0.5601 0.4696 0.6825
vn -0.3002 -0.8810 0.3658
vn -0.6073 0.2890 0.7400
vn -0.1850 -0.9565 0.2254
vn -0.6314 0.0976 0.7693
vn -0.0625 0.9951 0.0761
vn -0.0625 -0.9951 0.0761
vn -0.6314 -0.0976 0.7693
vn -0.1850 0.9565 0.2254
vn -0.6073 -0.2890 0.7400
vn -0.3002 0.8810 0.3658
vn -0.5601 -0.4696 0.6825
vn -0.4036 0.7715 0.4918
vn -0.4913 -0.6326 0.5987
vn -0.4913 0.6326 0.5987
vn -0.4036 -0.7715 0.4918
vn -0.7400 -0.2890 0.6073
vn -0.3658 0.8810 0.3002
vn -0.6825 -0.4696 0.5601
vn -0.4918 0.7715 0.4036
vn -0.5987 -0.6326 0.4913
vn -0.5987 0.6326 0.4913
vn -0.4918 -0.7715 0.4036
vn -0.6825 0.4696 0.5601
vn -0.3658 -0.8810 0.3002
vn -0.7400 0.2890 0.6073
vn -0.2254 -0.9565 0.1850
vn -0.7693 0.0976 0.6314
vn -0.0761 0.9951 0.0625
vn -0.0761 -0.9951 0.0625
vn -0.7693 -0.0976 0.6314
vn -0.2254 0.9565 0.1850
vn -0.4173 -0.8810 0.2230
vn -0.8443 0.2890 0.4513
vn -0.2571 -0.9565 0.1374
vn -0.8777 0.0976 0.4691
vn -0.0869 0.9951 0.0464
vn -0.0869 -0.9951 0.0464
vn -0.8777 -0.0976 0.4691
vn -0.2571 0.9565 0.1374
vn -0.8443 -0.2890 0.4513
vn -0.4173 0.8810 0.2230
vn -0.7786 -0.4696 0.4162
vn -0.5611 0.7715 0.2999
vn -0.6831 -0.6326 0.3651
vn -0.6831 0.6326 0.3651
vn -0.5611 -0.7715 0.2999
vn -0.7786 0.4696 0.4162
vn -0.8448 -0.4696 0.2563
vn -0.6088 0.7715 0.1847
vn -0.7412 -0.6326 0.2248
vn -0.7412 0.6326 0.2248
vn -0.6088 -0.7715 0.1847
vn -0.8448 0.4696 0.2563
vn -0.4528 -0.8810 0.1374
vn -0.9161 0.2890 0.2779
vn -0.2790 -0.9565 0.0846
vn -0.9524 0.0976 0.2889
vn -0.0942 0.9951 0.0286
vn -0.0942 -0.9951 0.0286
vn -0.9524 -0.0976 0.2889
vn -0.2790 0.9565 0.0846
vn -0.9161 -0.2890 0.2779
vn -0.4528 0.8810 0.1374
vn -0.2902 -0.9565 0.0286
vn -0.9904 0.0976 0.0975
vn -0.0980 0.9951 0.0097
vn -0.0980 -0.9951 0.0097
vn -0.9904 -0.0976 0.0975
vn -0.2902 0.9565 0.0286
vn -0.9527 -0.2890 0.0938
vn -0.4709 0.8810 0.0464
vn -0.8786 -0.4696 0.0865
vn -0.6332 0.7715 0.0624
vn -0.7708 -0.6326 0.0759
vn -0.7708 0.6326 0.0759
vn -0.6332 -0.7715 0.0624
vn -0.8786 0.4696 0.0865
vn -0.4709 -0.8810 0.0464
vn -0.9527 0.2890 0.0938
vn -0.6332 0.7715 -0.0624
vn -0.7708 -0.6326 -0.0759
vn -0.7708 0.6326 -0.0759
vn -0.6332 -0.7715 -0.0624
vn -0.8786 0.4696 -0.0865
vn -0.4709 -0.8810 -0.0464
vn -0.9527 0.2890 -0.0938
vn -0.2902 -0.9565 -0.0286
vn -0.9904 0.0976 -0.0976
vn -0.0980 0.9951 -0.0097
vn -0.0980 -0.9951 -0.0097
vn -0.9904 -0.0976 -0.0976
vn -0.2902 0.9565 -0.0286
vn -0.9527 -0.2890 -0.0938
vn -0.4709 0.8810 -0.0464
vn -0.8786 -0.4696 -0.0865
vn -0.9524 0.0976 -0.2889
vn -0.0942 0.9951 -0.0286
vn -0.0942 -0.9951 -0.0286
vn -0.9524 -0.0976 -0.2889
vn -0.2790 0.9565 -0.0846
vn -0.9161 -0.2890 -0.2779
vn -0.4528 0.8810 -0.1374
vn -0.8448 -0.4696 -0.2563
vn -0.6088 0.7715 -0.1847
vn -0.7412 -0.6326 -0.2248
vn -0.7412 0.6326 -0.2248
vn -0.6088 -0.7715 -0.1847
vn -0.8448 0.4696 -0.2563
vn -0.4528 -0.8810 -0.1374
vn -0.9161 0.2890 -0.2779
vn -0.2790 -0.9565 -0.0846
vn -0.6831 -0.6326 -0.3651
vn -0.6831 0.6326 -0.3651
vn -0.5611 -0.7715 -0.2999
vn -0.7786 0.4696 -0.4162
vn -0.4173 -0.8810 -0.2230
vn -0.8443 0.2890 -0.4513
vn -0.2571 -0.9565 -0.1374
vn -0.8777 0.0976 -0.4691
vn -0.0869 0.9951 -0.0464
vn -0.0869 -0.9951 -0.0464
vn -0.8777 -0.0976 -0.4691
vn -0.2571 0.9565 -0.1374
vn -0.8443 -0.2890 -0.4513
vn -0.4173 0.8810 -0.2230
vn -0.7786 -0.4696 -0.4162
vn -0.5611 0.7715 -0.2999
vn -0.0761 0.9951 -0.0625
vn -0.0761 -0.9951 -0.0625
vn -0.7693 -0.0976 -0.6314
vn -0.2254 0.9565 -0.1850
vn -0.7400 -0.2890 -0.6073
vn -0.3658 0.8810 -0.3002
vn -0.6825 -0.4696 -0.5601
vn -0.4918 0.7715 -0.4036
vn -0.5987 -0.6326 -0.4913
vn -0.5987 0.6326 -0.4913
vn -0.4918 -0.7715 -0.4036
vn -0.6825 0.4696 -0.5601
vn -0.3658 -0.8810 -0.3002
vn -0.7400 0.2890 -0.6073
vn -0.2254 -0.9565 -0.1850
vn -0.7693 0.0976 -0.6314
vn -0.4913 0.6326 -0.5987
vn -0.4036 -0.7715 -0.4918
vn -0.5601 0.4696 -0.6825
vn -0.3002 -0.8810 -0.3658
vn -0.6073 0.2890 -0.7400
vn -0.1850 -0.9565 -0.2254
vn -0.6314 0.0976 -0.7693
vn -0.0625 0.9951 -0.0761
vn -0.0625 -0.9951 -0.0761
vn -0.6314 -0.0976 -0.7693
vn -0.1850 0.9565 -0.2254
vn -0.6073 -0.2890 -0.7400
vn -0.3002 0.8810 -0.3658
vn -0.5601 -0.4696 -0.6825
vn -0.4036 0.7715 -0.4918
vn -0.4913 -0.6326 -0.5987
vn -0.4691 -0.0976 -0.8777
vn -0.1374 0.9565 -0.2571
vn -0.4513 -0.2890 -0.8443
vn -0.2230 0.8810 -0.4173
vn -0.4162 -0.4696 -0.7786
vn -0.2999 0.7715 -0.5611
vn -0.3651 -0.6326 -0.6831
vn -0.3651 0.6326 -0.6831
vn -0.2999 -0.7715 -0.5611
vn -0.4162 0.4696 -0.7786
vn -0.2230 -0.8810 -0.4173
vn -0.4513 0.2890 -0.8443
vn -0.1374 -0.9565 -0.2571
vn -0.4691 0.0976 -0.8777
vn -0.0464 0.9951 -0.0869
vn -0.0464 -0.9951 -0.0869
vn -0.1847 -0.7715 -0.6088
vn -0.2563 0.4696 -0.8448
vn -0.1374 -0.8810 -0.4528
vn -0.2779 0.2890 -0.9161
vn -0.0846 -0.9565 -0.2790
vn -0.2889 0.0976 -0.9524
vn -0.0286 0.9951 -0.0942
vn -0.0286 -0.9951 -0.0942
vn -0.2889 -0.0976 -0.9524
vn -0.0846 0.9565 -0.2790
vn -0.2779 -0.2890 -0.9161
vn -0.1374 0.8810 -0.4528
vn -0.2563 -0.4696 -0.8448
vn -0.1847 0.7715 -0.6088
vn -0.2248 -0.6326 -0.7412
vn -0.2248 0.6326 -0.7412
vn -0.0938 -0.2890 -0.9527
vn -0.0464 0.8810 -0.4709
vn -0.0865 -0.4696 -0.8786
vn -0.0624 0.7715 -0.6332
vn -0.0759 -0.6326 -0.7708
vn -0.0759 0.6326 -0.7708
vn -0.0624 -0.7715 -0.6332
vn -0.0865 0.4696 -0.8786
vn -0.0464 -0.8810 -0.4709
vn -0.0938 0.2890 -0.9527
vn -0.0286 -0.9565 -0.2902
vn -0.0976 0.0976 -0.9904
vn -0.0097 0.9951 -0.0980
vn -0.0097 -0.9951 -0.0980
vn -0.0976 -0.0976 -0.9904
vn -0.0286 0.9565 -0.2902
vt 0.750000 0.875000
vt 0.750000 0.937500
vt 0.718750 0.937500
vt 0.718750 0.875000
vt 0.750000 0.375000
vt 0.750000 0.437500
vt 0.718750 0.437500
vt 0.718750 0.375000
vt 0.750000 0.812500
vt 0.718750 0.812500
vt 0.750000 0.312500
vt 0.718750 0.312500
vt 0.750000 0.750000
vt 0.718750 0.750000
vt 0.750000 0.250000
vt 0.718750 0.250000
vt 0.750000 0.687500
vt 0.718750 0.687500
vt 0.750000 0.187500
vt 0.718750 0.187500
vt 0.750000 0.625000
vt 0.718750 0.625000
vt 0.750000 0.125000
vt 0.718750 0.125000
vt 0.750000 0.562500
vt 0.718750 0.562500
vt 0.750000 0.062500
vt 0.718750 0.062500
vt 0.750000 0.500000
vt 0.718750 0.500000
vt 0.734375 1.000000
vt 0.734375 0.000000
vt 0.687500 0.562500
vt 0.687500 0.500000
vt 0.703125 1.000000
vt 0.687500 0.937500
vt 0.703125 0.000000
vt 0.687500 0.062500
vt 0.687500 0.437500
vt 0.687500 0.875000
vt 0.687500 0.375000
vt 0.687500 0.812500
vt 0.687500 0.312500
vt 0.687500 0.750000
vt 0.687500 0.250000
vt 0.687500 0.687500
vt 0.687500 0.187500
vt 0.687500 0.625000
vt 0.687500 0.125000
vt 0.656250 0.312500
vt 0.656250 0.250000
vt 0.656250 0.750000
vt 0.656250 0.687500
vt 0.656250 0.187500
vt 0.656250 0.625000
vt 0.656250 0.125000
vt 0.656250 0.562500
vt 0.656250 0.062500
vt 0.656250 0.500000
vt 0.671875 1.000000
vt 0.656250 0.937500
vt 0.671875 0.000000
vt 0.656250 0.437500
vt 0.656250 0.875000
vt 0.656250 0.375000
vt 0.656250 0.812500
vt 0.640625 0.000000
vt 0.625000 0.062500
vt 0.625000 0.500000
vt 0.625000 0.437500
vt 0.625000 0.937500
vt 0.625000 0.875000
vt 0.625000 0.375000
vt 0.625000 0.812500
vt 0.625000 0.312500
vt 0.625000 0.750000
vt 0.625000 0.250000
vt 0.625000 0.687500
vt 0.625000 0.187500
vt 0.625000 0.625000
vt 0.625000 0.125000
vt 0.625000 0.562500
vt 0.640625 1.000000
vt 0.593750 0.250000
vt 0.593750 0.187500
vt 0.593750 0.687500
vt 0.593750 0.625000
vt 0.593750 0.125000
vt 0.593750 0.562500
vt 0.593750 0.062500
vt 0.593750 0.500000
vt 0.609375 1.000000
vt 0.593750 0.937500
vt 0.609375 0.000000
vt 0.593750 0.437500
vt 0.593750 0.875000
vt 0.593750 0.375000
vt 0.593750 0.812500
vt 0.593750 0.312500
vt 0.593750 0.750000
vt 0.562500 0.937500
vt 0.562500 0.875000
vt 0.562500 0.437500
vt 0.562500 0.375000
vt 0.562500 0.812500
vt 0.562500 0.312500
vt 0.562500 0.750000
vt 0.562500 0.250000
vt 0.562500 0.687500
vt 0.562500 0.187500
vt 0.562500 0.625000
vt 0.562500 0.125000
vt 0.562500 0.562500
vt 0.562500 0.062500
vt 0.562500 0.500000
vt 0.578125 1.000000
vt 0.578125 0.000000
vt 0.531250 0.687500
vt 0.531250 0.625000
vt 0.531250 0.187500
vt 0.531250 0.125000
vt 0.531250 0.562500
vt 0.531250 0.062500
vt 0.531250 0.500000
vt 0.546875 1.000000
vt 0.531250 0.937500
vt 0.546875 0.000000
vt 0.531250 0.437500
vt 0.531250 0.875000
vt 0.531250 0.375000
vt 0.531250 0.812500
vt 0.531250 0.312500
vt 0.531250 0.750000
vt 0.531250 0.250000
vt 0.500000 0.437500
vt 0.500000 0.375000
vt 0.500000 0.875000
vt 0.500000 0.812500
vt 0.500000 0.312500
vt 0.500000 0.750000
vt 0.500000 0.250000
vt 0.500000 0.687500
vt 0.500000 0.187500
vt 0.500000 0.625000
vt 0.500000 0.125000
vt 0.500000 0.562500
vt 0.500000 0.062500
vt 0.500000 0.500000
vt 0.515625 1.000000
vt 0.500000 0.937500
vt 0.515625 0.000000
vt 0.468750 0.187500
vt 0.468750 0.125000
vt 0.468750 0.625000
vt 0.468750 0.562500
vt 0.468750 0.062500
vt 0.468750 0.500000
vt 0.484375 1.000000
vt 0.468750 0.937500
vt 0.484375 0.000000
vt 0.468750 0.437500
vt 0.468750 0.875000
vt 0.468750 0.375000
vt 0.468750 0.812500
vt 0.468750 0.312500
vt 0.468750 0.750000
vt 0.468750 0.250000
vt 0.468750 0.687500
vt 0.437500 0.875000
vt 0.437500 0.812500
vt 0.437500 0.375000
vt 0.437500 0.312500
vt 0.437500 0.750000
vt 0.437500 0.250000
vt 0.437500 0.687500
vt 0.437500 0.187500
vt 0.437500 0.625000
vt 0.437500 0.125000
vt 0.437500 0.562500
vt 0.437500 0.062500
vt 0.437500 0.500000
vt 0.453125 1.000000
vt 0.437500 0.937500
vt 0.453125 0.000000
vt 0.437500 0.437500
vt 0.406250 0.625000
vt 0.406250 0.562500
vt 0.406250 0.125000
vt 0.406250 0.062500
vt 0.406250 0.500000
vt 0.421875 1.000000
vt 0.406250 0.937500
vt 0.421875 0.000000
vt 0.406250 0.437500
vt 0.406250 0.875000
vt 0.406250 0.375000
vt 0.406250 0.812500
vt 0.406250 0.312500
vt 0.406250 0.750000
vt 0.406250 0.250000
vt 0.406250 0.687500
vt 0.406250 0.187500
vt 0.375000 0.375000
vt 0.375000 0.312500
vt 0.375000 0.812500
vt 0.375000 0.750000
vt 0.375000 0.250000
vt 0.375000 0.687500
vt 0.375000 0.187500
vt 0.375000 0.625000
vt 0.375000 0.125000
vt 0.375000 0.562500
vt 0.375000 0.062500
vt 0.375000 0.500000
vt 0.390625 1.000000
vt 0.375000 0.937500
vt 0.390625 0.000000
vt 0.375000 0.437500
vt 0.375000 0.875000
vt 0.343750 0.125000
vt 0.343750 0.062500
vt 0.343750 0.562500
vt 0.343750 0.500000
vt 0.359375 1.000000
vt 0.343750 0.937500
vt 0.359375 0.000000
vt 0.343750 0.437500
vt 0.343750 0.875000
vt 0.343750 0.375000
vt 0.343750 0.812500
vt 0.343750 0.312500
vt 0.343750 0.750000
vt 0.343750 0.250000
vt 0.343750 0.687500
vt 0.343750 0.187500
vt 0.343750 0.625000
vt 0.312500 0.312500
vt 0.312500 0.250000
vt 0.312500 0.750000
vt 0.312500 0.687500
vt 0.312500 0.187500
vt 0.312500 0.625000
vt 0.312500 0.125000
vt 0.312500 0.562500
vt 0.312500 0.062500
vt 0.312500 0.500000
vt 0.328125 1.000000
vt 0.312500 0.937500
vt 0.328125 0.000000
vt 0.312500 0.437500
vt 0.312500 0.875000
vt 0.312500 0.375000
vt 0.312500 0.812500
vt 0.296875 1.000000
vt 0.281250 0.937500
vt 0.296875 0.000000
vt 0.281250 0.062500
vt 0.281250 0.500000
vt 0.281250 0.437500
vt 0.281250 0.875000
vt 0.281250 0.375000
vt 0.281250 0.812500
vt 0.281250 0.312500
vt 0.281250 0.750000
vt 0.281250 0.250000
vt 0.281250 0.687500
vt 0.281250 0.187500
vt 0.281250 0.625000
vt 0.281250 0.125000
vt 0.281250 0.562500
vt 0.250000 0.750000
vt 0.250000 0.687500
vt 0.250000 0.250000
vt 0.250000 0.187500
vt 0.250000 0.625000
vt 0.250000 0.125000
vt 0.250000 0.562500
vt 0.250000 0.062500
vt 0.250000 0.500000
vt 0.265625 1.000000
vt 0.250000 0.937500
vt 0.265625 0.000000
vt 0.250000 0.437500
vt 0.250000 0.875000
vt 0.250000 0.375000
vt 0.250000 0.812500
vt 0.250000 0.312500
vt 0.218750 0.500000
vt 0.218750 0.437500
vt 0.218750 0.937500
vt 0.218750 0.875000
vt 0.218750 0.375000
vt 0.218750 0.812500
vt 0.218750 0.312500
vt 0.218750 0.750000
vt 0.218750 0.250000
vt 0.218750 0.687500
vt 0.218750 0.187500
vt 0.218750 0.625000
vt 0.218750 0.125000
vt 0.218750 0.562500
vt 0.218750 0.062500
vt 0.234375 1.000000
vt 0.234375 0.000000
vt 0.187500 0.250000
vt 0.187500 0.187500
vt 0.187500 0.687500
vt 0.187500 0.625000
vt 0.187500 0.125000
vt 0.187500 0.562500
vt 0.187500 0.062500
vt 0.187500 0.500000
vt 0.203125 1.000000
vt 0.187500 0.937500
vt 0.203125 0.000000
vt 0.187500 0.437500
vt 0.187500 0.875000
vt 0.187500 0.375000
vt 0.187500 0.812500
vt 0.187500 0.312500
vt 0.187500 0.750000
vt 0.156250 0.937500
vt 0.156250 0.875000
vt 0.156250 0.437500
vt 0.156250 0.375000
vt 0.156250 0.812500
vt 0.156250 0.312500
vt 0.156250 0.750000
vt 0.156250 0.250000
vt 0.156250 0.687500
vt 0.156250 0.187500
vt 0.156250 0.625000
vt 0.156250 0.125000
vt 0.156250 0.562500
vt 0.156250 0.062500
vt 0.156250 0.500000
vt 0.171875 1.000000
vt 0.171875 0.000000
vt 0.125000 0.687500
vt 0.125000 0.625000
vt 0.125000 0.187500
vt 0.125000 0.125000
vt 0.125000 0.562500
vt 0.125000 0.062500
vt 0.125000 0.500000
vt 0.140625 1.000000
vt 0.125000 0.937500
vt 0.140625 0.000000
vt 0.125000 0.437500
vt 0.125000 0.875000
vt 0.125000 0.375000
vt 0.125000 0.812500
vt 0.125000 0.312500
vt 0.125000 0.750000
vt 0.125000 0.250000
vt 0.093750 0.437500
vt 0.093750 0.375000
vt 0.093750 0.875000
vt 0.093750 0.812500
vt 0.093750 0.312500
vt 0.093750 0.750000
vt 0.093750 0.250000
vt 0.093750 0.687500
vt 0.093750 0.187500
vt 0.093750 0.625000
vt 0.093750 0.125000
vt 0.093750 0.562500
vt 0.093750 0.062500
vt 0.093750 0.500000
vt 0.109375 1.000000
vt 0.093750 0.937500
vt 0.109375 0.000000
vt 0.062500 0.187500
vt 0.062500 0.125000
vt 0.062500 0.625000
vt 0.062500 0.562500
vt 0.062500 0.062500
vt 0.062500 0.500000
vt 0.078125 1.000000
vt 0.062500 0.937500
vt 0.078125 0.000000
vt 0.062500 0.437500
vt 0.062500 0.875000
vt 0.062500 0.375000
vt 0.062500 0.812500
vt 0.062500 0.312500
vt 0.062500 0.750000
vt 0.062500 0.250000
vt 0.062500 0.687500
vt 0.031250 0.375000
vt 0.031250 0.312500
vt 0.031250 0.812500
vt 0.031250 0.750000
vt 0.031250 0.250000
vt 0.031250 0.687500
vt 0.031250 0.187500
vt 0.031250 0.625000
vt 0.031250 0.125000
vt 0.031250 0.562500
vt 0.031250 0.062500
vt 0.031250 0.500000
vt 0.046875 1.000000
vt 0.031250 0.937500
vt 0.046875 0.000000
vt 0.031250 0.437500
vt 0.031250 0.875000
vt 0.000000 0.125000
vt 0.000000 0.062500
vt 0.000000 0.562500
vt 0.000000 0.500000
vt 0.015625 1.000000
vt 0.000000 0.937500
vt 0.015625 0.000000
vt 0.000000 0.437500
vt 0.000000 0.875000
vt 0.000000 0.375000
vt 0.000000 0.812500
vt 0.000000 0.312500
vt 0.000000 0.750000
vt 0.000000 0.250000
vt 0.000000 0.687500
vt 0.000000 0.187500
vt 0.000000 0.625000
vt 1.000000 0.750000
vt 1.000000 0.812500
vt 0.968750 0.812500
vt 0.968750 0.750000
vt 1.000000 0.250000
vt 1.000000 0.312500
vt 0.968750 0.312500
vt 0.968750 0.250000
vt 1.000000 0.687500
vt 0.968750 0.687500
vt 1.000000 0.187500
vt 0.968750 0.187500
vt 1.000000 0.625000
vt 0.968750 0.625000
vt 1.000000 0.125000
vt 0.968750 0.125000
vt 1.000000 0.562500
vt 0.968750 0.562500
vt 1.000000 0.062500
vt 0.968750 0.062500
vt 1.000000 0.500000
vt 0.968750 0.500000
vt 1.000000 0.937500
vt 0.984375 1.000000
vt 0.968750 0.937500
vt 0.984375 0.000000
vt 1.000000 0.437500
vt 0.968750 0.437500
vt 1.000000 0.875000
vt 0.968750 0.875000
vt 1.000000 0.375000
vt 0.968750 0.375000
vt 0.937500 0.562500
vt 0.937500 0.500000
vt 0.953125 1.000000
vt 0.937500 0.937500
vt 0.953125 0.000000
vt 0.937500 0.062500
vt 0.937500 0.437500
vt 0.937500 0.875000
vt 0.937500 0.375000
vt 0.937500 0.812500
vt 0.937500 0.312500
vt 0.937500 0.750000
vt 0.937500 0.250000
vt 0.937500 0.687500
vt 0.937500 0.187500
vt 0.937500 0.625000
vt 0.937500 0.125000
vt 0.906250 0.312500
vt 0.906250 0.250000
vt 0.906250 0.750000
vt 0.906250 0.687500
vt 0.906250 0.187500
vt 0.906250 0.625000
vt 0.906250 0.125000
vt 0.906250 0.562500
vt 0.906250 0.062500
vt 0.906250 0.500000
vt 0.921875 1.000000
vt 0.906250 0.937500
vt 0.921875 0.000000
vt 0.906250 0.437500
vt 0.906250 0.875000
vt 0.906250 0.375000
vt 0.906250 0.812500
vt 0.890625 1.000000
vt 0.875000 0.937500
vt 0.890625 0.000000
vt 0.875000 0.062500
vt 0.875000 0.500000
vt 0.875000 0.437500
vt 0.875000 0.875000
vt 0.875000 0.375000
vt 0.875000 0.812500
vt 0.875000 0.312500
vt 0.875000 0.750000
vt 0.875000 0.250000
vt 0.875000 0.687500
vt 0.875000 0.187500
vt 0.875000 0.625000
vt 0.875000 0.125000
vt 0.875000 0.562500
vt 0.843750 0.750000
vt 0.843750 0.687500
vt 0.843750 0.250000
vt 0.843750 0.187500
vt 0.843750 0.625000
vt 0.843750 0.125000
vt 0.843750 0.562500
vt 0.843750 0.062500
vt 0.843750 0.500000
vt 0.859375 1.000000
vt 0.843750 0.937500
vt 0.859375 0.000000
vt 0.843750 0.437500
vt 0.843750 0.875000
vt 0.843750 0.375000
vt 0.843750 0.812500
vt 0.843750 0.312500
vt 0.812500 0.500000
vt 0.812500 0.437500
vt 0.812500 0.937500
vt 0.812500 0.875000
vt 0.812500 0.375000
vt 0.812500 0.812500
vt 0.812500 0.312500
vt 0.812500 0.750000
vt 0.812500 0.250000
vt 0.812500 0.687500
vt 0.812500 0.187500
vt 0.812500 0.625000
vt 0.812500 0.125000
vt 0.812500 0.562500
vt 0.812500 0.062500
vt 0.828125 1.000000
vt 0.828125 0.000000
vt 0.781250 0.250000
vt 0.781250 0.187500
vt 0.781250 0.687500
vt 0.781250 0.625000
vt 0.781250 0.125000
vt 0.781250 0.562500
vt 0.781250 0.062500
vt 0.781250 0.500000
vt 0.796875 1.000000
vt 0.781250 0.937500
vt 0.796875 0.000000
vt 0.781250 0.437500
vt 0.781250 0.875000
vt 0.781250 0.375000
vt 0.781250 0.812500
vt 0.781250 0.312500
vt 0.781250 0.750000
vt 0.765625 1.000000
vt 0.765625 0.000000
s 0
usemtl HandleMaterial.011
f 3289/2715/2827 2814/2716/2827 2824/2717/2827 2825/2718/2827
f 3292/2719/2828 2819/2720/2828 2832/2721/2828 2833/2722/2828
f 2815/2723/2829 3289/2715/2829 2825/2718/2829 2826/2724/2829
f 2820/2725/2830 3292/2719/2830 2833/2722/2830 2834/2726/2830
f 2816/2727/2831 2815/2723/2831 2826/2724/2831 2827/2728/2831
f 3293/2729/2832 2820/2725/2832 2834/2726/2832 2835/2730/2832
f 3290/2731/2833 2816/2727/2833 2827/2728/2833 2828/2732/2833
f 2821/2733/2834 3293/2729/2834 2835/2730/2834 2836/2734/2834
f 2817/2735/2835 3290/2731/2835 2828/2732/2835 2829/2736/2835
f 3294/2737/2836 2821/2733/2836 2836/2734/2836 2837/2738/2836
f 3291/2739/2837 2817/2735/2837 2829/2736/2837 2830/2740/2837
f 2822/2741/2838 3294/2737/2838 2837/2738/2838 2838/2742/2838
f 2818/2743/2839 3291/2739/2839 2830/2740/2839 2831/2744/2839
f 2814/2716/2840 2813/2745/2840 2824/2717/2840
f 2823/2746/2841 2822/2741/2841 2838/2742/2841
f 2819/2720/2842 2818/2743/2842 2831/2744/2842 2832/2721/2842
f 2831/2744/2843 2830/2740/2843 2845/2747/2843 2846/2748/2843
f 2824/2717/2844 2813/2749/2844 2839/2750/2844
f 2823/2751/2845 2838/2742/2845 2853/2752/2845
f 2832/2721/2846 2831/2744/2846 2846/2748/2846 2847/2753/2846
f 2825/2718/2847 2824/2717/2847 2839/2750/2847 2840/2754/2847
f 2833/2722/2848 2832/2721/2848 2847/2753/2848 2848/2755/2848
f 2826/2724/2849 2825/2718/2849 2840/2754/2849 2841/2756/2849
f 2834/2726/2850 2833/2722/2850 2848/2755/2850 2849/2757/2850
f 2827/2728/2851 2826/2724/2851 2841/2756/2851 2842/2758/2851
f 2835/2730/2852 2834/2726/2852 2849/2757/2852 2850/2759/2852
f 2828/2732/2853 2827/2728/2853 2842/2758/2853 2843/2760/2853
f 2836/2734/2854 2835/2730/2854 2850/2759/2854 2851/2761/2854
f 2829/2736/2855 2828/2732/2855 2843/2760/2855 2844/2762/2855
f 2837/2738/2856 2836/2734/2856 2851/2761/2856 2852/2763/2856
f 2830/2740/2857 2829/2736/2857 2844/2762/2857 2845/2747/2857
f 2838/2742/2858 2837/2738/2858 2852/2763/2858 2853/2752/2858
f 2850/2759/2859 2849/2757/2859 2864/2764/2859 2865/2765/2859
f 2843/2760/2860 2842/2758/2860 2857/2766/2860 2858/2767/2860
f 2851/2761/2861 2850/2759/2861 2865/2765/2861 2866/2768/2861
f 2844/2762/2862 2843/2760/2862 2858/2767/2862 2859/2769/2862
f 2852/2763/2863 2851/2761/2863 2866/2768/2863 2867/2770/2863
f 2845/2747/2864 2844/2762/2864 2859/2769/2864 2860/2771/2864
f 2853/2752/2865 2852/2763/2865 2867/2770/2865 2868/2772/2865
f 2846/2748/2866 2845/2747/2866 2860/2771/2866 2861/2773/2866
f 2839/2750/2867 2813/2774/2867 2854/2775/2867
f 2823/2776/2868 2853/2752/2868 2868/2772/2868
f 2847/2753/2869 2846/2748/2869 2861/2773/2869 2862/2777/2869
f 2840/2754/2870 2839/2750/2870 2854/2775/2870 2855/2778/2870
f 2848/2755/2871 2847/2753/2871 2862/2777/2871 2863/2779/2871
f 2841/2756/2872 2840/2754/2872 2855/2778/2872 2856/2780/2872
f 2849/2757/2873 2848/2755/2873 2863/2779/2873 2864/2764/2873
f 2842/2758/2874 2841/2756/2874 2856/2780/2874 2857/2766/2874
f 2823/2781/2875 2868/2772/2875 2883/2782/2875
f 2862/2777/2876 2861/2773/2876 2876/2783/2876 2877/2784/2876
f 2855/2778/2877 2854/2775/2877 2869/2785/2877 2870/2786/2877
f 2863/2779/2878 2862/2777/2878 2877/2784/2878 2878/2787/2878
f 2856/2780/2879 2855/2778/2879 2870/2786/2879 2871/2788/2879
f 2864/2764/2880 2863/2779/2880 2878/2787/2880 2879/2789/2880
f 2857/2766/2881 2856/2780/2881 2871/2788/2881 2872/2790/2881
f 2865/2765/2882 2864/2764/2882 2879/2789/2882 2880/2791/2882
f 2858/2767/2883 2857/2766/2883 2872/2790/2883 2873/2792/2883
f 2866/2768/2884 2865/2765/2884 2880/2791/2884 2881/2793/2884
f 2859/2769/2885 2858/2767/2885 2873/2792/2885 2874/2794/2885
f 2867/2770/2886 2866/2768/2886 2881/2793/2886 2882/2795/2886
f 2860/2771/2887 2859/2769/2887 2874/2794/2887 2875/2796/2887
f 2868/2772/2888 2867/2770/2888 2882/2795/2888 2883/2782/2888
f 2861/2773/2889 2860/2771/2889 2875/2796/2889 2876/2783/2889
f 2854/2775/2890 2813/2797/2890 2869/2785/2890
f 2881/2793/2891 2880/2791/2891 2895/2798/2891 2896/2799/2891
f 2874/2794/2892 2873/2792/2892 2888/2800/2892 2889/2801/2892
f 2882/2795/2893 2881/2793/2893 2896/2799/2893 2897/2802/2893
f 2875/2796/2894 2874/2794/2894 2889/2801/2894 2890/2803/2894
f 2883/2782/2895 2882/2795/2895 2897/2802/2895 2898/2804/2895
f 2876/2783/2896 2875/2796/2896 2890/2803/2896 2891/2805/2896
f 2869/2785/2897 2813/2806/2897 2884/2807/2897
f 2823/2808/2898 2883/2782/2898 2898/2804/2898
f 2877/2784/2899 2876/2783/2899 2891/2805/2899 2892/2809/2899
f 2870/2786/2900 2869/2785/2900 2884/2807/2900 2885/2810/2900
f 2878/2787/2901 2877/2784/2901 2892/2809/2901 2893/2811/2901
f 2871/2788/2902 2870/2786/2902 2885/2810/2902 2886/2812/2902
f 2879/2789/2903 2878/2787/2903 2893/2811/2903 2894/2813/2903
f 2872/2790/2904 2871/2788/2904 2886/2812/2904 2887/2814/2904
f 2880/2791/2905 2879/2789/2905 2894/2813/2905 2895/2798/2905
f 2873/2792/2906 2872/2790/2906 2887/2814/2906 2888/2800/2906
f 2885/2810/2907 2884/2807/2907 2899/2815/2907 2900/2816/2907
f 2893/2811/2908 2892/2809/2908 2907/2817/2908 2908/2818/2908
f 2886/2812/2909 2885/2810/2909 2900/2816/2909 2901/2819/2909
f 2894/2813/2910 2893/2811/2910 2908/2818/2910 2909/2820/2910
f 2887/2814/2911 2886/2812/2911 2901/2819/2911 2902/2821/2911
f 2895/2798/2912 2894/2813/2912 2909/2820/2912 2910/2822/2912
f 2888/2800/2913 2887/2814/2913 2902/2821/2913 2903/2823/2913
f 2896/2799/2914 2895/2798/2914 2910/2822/2914 2911/2824/2914
f 2889/2801/2915 2888/2800/2915 2903/2823/2915 2904/2825/2915
f 2897/2802/2916 2896/2799/2916 2911/2824/2916 2912/2826/2916
f 2890/2803/2917 2889/2801/2917 2904/2825/2917 2905/2827/2917
f 2898/2804/2918 2897/2802/2918 2912/2826/2918 2913/2828/2918
f 2891/2805/2919 2890/2803/2919 2905/2827/2919 2906/2829/2919
f 2884/2807/2920 2813/2830/2920 2899/2815/2920
f 2823/2831/2921 2898/2804/2921 2913/2828/2921
f 2892/2809/2922 2891/2805/2922 2906/2829/2922 2907/2817/2922
f 2904/2825/2923 2903/2823/2923 2918/2832/2923 2919/2833/2923
f 2912/2826/2924 2911/2824/2924 2926/2834/2924 2927/2835/2924
f 2905/2827/2925 2904/2825/2925 2919/2833/2925 2920/2836/2925
f 2913/2828/2926 2912/2826/2926 2927/2835/2926 2928/2837/2926
f 2906/2829/2927 2905/2827/2927 2920/2836/2927 2921/2838/2927
f 2899/2815/2928 2813/2839/2928 2914/2840/2928
f 2823/2841/2929 2913/2828/2929 2928/2837/2929
f 2907/2817/2930 2906/2829/2930 2921/2838/2930 2922/2842/2930
f 2900/2816/2931 2899/2815/2931 2914/2840/2931 2915/2843/2931
f 2908/2818/2932 2907/2817/2932 2922/2842/2932 2923/2844/2932
f 2901/2819/2933 2900/2816/2933 2915/2843/2933 2916/2845/2933
f 2909/2820/2934 2908/2818/2934 2923/2844/2934 2924/2846/2934
f 2902/2821/2935 2901/2819/2935 2916/2845/2935 2917/2847/2935
f 2910/2822/2936 2909/2820/2936 2924/2846/2936 2925/2848/2936
f 2903/2823/2937 2902/2821/2937 2917/2847/2937 2918/2832/2937
f 2911/2824/2938 2910/2822/2938 2925/2848/2938 2926/2834/2938
f 2923/2844/2939 2922/2842/2939 2937/2849/2939 2938/2850/2939
f 2916/2845/2940 2915/2843/2940 2930/2851/2940 2931/2852/2940
f 2924/2846/2941 2923/2844/2941 2938/2850/2941 2939/2853/2941
f 2917/2847/2942 2916/2845/2942 2931/2852/2942 2932/2854/2942
f 2925/2848/2943 2924/2846/2943 2939/2853/2943 2940/2855/2943
f 2918/2832/2944 2917/2847/2944 2932/2854/2944 2933/2856/2944
f 2926/2834/2945 2925/2848/2945 2940/2855/2945 2941/2857/2945
f 2919/2833/2946 2918/2832/2946 2933/2856/2946 2934/2858/2946
f 2927/2835/2947 2926/2834/2947 2941/2857/2947 2942/2859/2947
f 2920/2836/2948 2919/2833/2948 2934/2858/2948 2935/2860/2948
f 2928/2837/2949 2927/2835/2949 2942/2859/2949 2943/2861/2949
f 2921/2838/2950 2920/2836/2950 2935/2860/2950 2936/2862/2950
f 2914/2840/2951 2813/2863/2951 2929/2864/2951
f 2823/2865/2952 2928/2837/2952 2943/2861/2952
f 2922/2842/2953 2921/2838/2953 2936/2862/2953 2937/2849/2953
f 2915/2843/2954 2914/2840/2954 2929/2864/2954 2930/2851/2954
f 2942/2859/2955 2941/2857/2955 2956/2866/2955 2957/2867/2955
f 2935/2860/2956 2934/2858/2956 2949/2868/2956 2950/2869/2956
f 2943/2861/2957 2942/2859/2957 2957/2867/2957 2958/2870/2957
f 2936/2862/2958 2935/2860/2958 2950/2869/2958 2951/2871/2958
f 2929/2864/2959 2813/2872/2959 2944/2873/2959
f 2823/2874/2960 2943/2861/2960 2958/2870/2960
f 2937/2849/2961 2936/2862/2961 2951/2871/2961 2952/2875/2961
f 2930/2851/2962 2929/2864/2962 2944/2873/2962 2945/2876/2962
f 2938/2850/2963 2937/2849/2963 2952/2875/2963 2953/2877/2963
f 2931/2852/2964 2930/2851/2964 2945/2876/2964 2946/2878/2964
f 2939/2853/2965 2938/2850/2965 2953/2877/2965 2954/2879/2965
f 2932/2854/2966 2931/2852/2966 2946/2878/2966 2947/2880/2966
f 2940/2855/2967 2939/2853/2967 2954/2879/2967 2955/2881/2967
f 2933/2856/2968 2932/2854/2968 2947/2880/2968 2948/2882/2968
f 2941/2857/2969 2940/2855/2969 2955/2881/2969 2956/2866/2969
f 2934/2858/2970 2933/2856/2970 2948/2882/2970 2949/2868/2970
f 2946/2878/2971 2945/2876/2971 2960/2883/2971 2961/2884/2971
f 2954/2879/2972 2953/2877/2972 2968/2885/2972 2969/2886/2972
f 2947/2880/2973 2946/2878/2973 2961/2884/2973 2962/2887/2973
f 2955/2881/2974 2954/2879/2974 2969/2886/2974 2970/2888/2974
f 2948/2882/2975 2947/2880/2975 2962/2887/2975 2963/2889/2975
f 2956/2866/2976 2955/2881/2976 2970/2888/2976 2971/2890/2976
f 2949/2868/2977 2948/2882/2977 2963/2889/2977 2964/2891/2977
f 2957/2867/2978 2956/2866/2978 2971/2890/2978 2972/2892/2978
f 2950/2869/2979 2949/2868/2979 2964/2891/2979 2965/2893/2979
f 2958/2870/2980 2957/2867/2980 2972/2892/2980 2973/2894/2980
f 2951/2871/2981 2950/2869/2981 2965/2893/2981 2966/2895/2981
f 2944/2873/2982 2813/2896/2982 2959/2897/2982
f 2823/2898/2983 2958/2870/2983 2973/2894/2983
f 2952/2875/2984 2951/2871/2984 2966/2895/2984 2967/2899/2984
f 2945/2876/2985 2944/2873/2985 2959/2897/2985 2960/2883/2985
f 2953/2877/2986 2952/2875/2986 2967/2899/2986 2968/2885/2986
f 2965/2893/2987 2964/2891/2987 2979/2900/2987 2980/2901/2987
f 2973/2894/2988 2972/2892/2988 2987/2902/2988 2988/2903/2988
f 2966/2895/2989 2965/2893/2989 2980/2901/2989 2981/2904/2989
f 2959/2897/2990 2813/2905/2990 2974/2906/2990
f 2823/2907/2991 2973/2894/2991 2988/2903/2991
f 2967/2899/2992 2966/2895/2992 2981/2904/2992 2982/2908/2992
f 2960/2883/2993 2959/2897/2993 2974/2906/2993 2975/2909/2993
f 2968/2885/2994 2967/2899/2994 2982/2908/2994 2983/2910/2994
f 2961/2884/2995 2960/2883/2995 2975/2909/2995 2976/2911/2995
f 2969/2886/2996 2968/2885/2996 2983/2910/2996 2984/2912/2996
f 2962/2887/2997 2961/2884/2997 2976/2911/2997 2977/2913/2997
f 2970/2888/2998 2969/2886/2998 2984/2912/2998 2985/2914/2998
f 2963/2889/2999 2962/2887/2999 2977/2913/2999 2978/2915/2999
f 2971/2890/3000 2970/2888/3000 2985/2914/3000 2986/2916/3000
f 2964/2891/3001 2963/2889/3001 2978/2915/3001 2979/2900/3001
f 2972/2892/3002 2971/2890/3002 2986/2916/3002 2987/2902/3002
f 2984/2912/3003 2983/2910/3003 2998/2917/3003 2999/2918/3003
f 2977/2913/3004 2976/2911/3004 2991/2919/3004 2992/2920/3004
f 2985/2914/3005 2984/2912/3005 2999/2918/3005 3000/2921/3005
f 2978/2915/3006 2977/2913/3006 2992/2920/3006 2993/2922/3006
f 2986/2916/3007 2985/2914/3007 3000/2921/3007 3001/2923/3007
f 2979/2900/3008 2978/2915/3008 2993/2922/3008 2994/2924/3008
f 2987/2902/3009 2986/2916/3009 3001/2923/3009 3002/2925/3009
f 2980/2901/3010 2979/2900/3010 2994/2924/3010 2995/2926/3010
f 2988/2903/3011 2987/2902/3011 3002/2925/3011 3003/2927/3011
f 2981/2904/3012 2980/2901/3012 2995/2926/3012 2996/2928/3012
f 2974/2906/3013 2813/2929/3013 2989/2930/3013
f 2823/2931/3014 2988/2903/3014 3003/2927/3014
f 2982/2908/3015 2981/2904/3015 2996/2928/3015 2997/2932/3015
f 2975/2909/3016 2974/2906/3016 2989/2930/3016 2990/2933/3016
f 2983/2910/3017 2982/2908/3017 2997/2932/3017 2998/2917/3017
f 2976/2911/3018 2975/2909/3018 2990/2933/3018 2991/2919/3018
f 3003/2927/3019 3002/2925/3019 3017/2934/3019 3018/2935/3019
f 2996/2928/3020 2995/2926/3020 3010/2936/3020 3011/2937/3020
f 2989/2930/3021 2813/2938/3021 3004/2939/3021
f 2823/2940/3022 3003/2927/3022 3018/2935/3022
f 2997/2932/3023 2996/2928/3023 3011/2937/3023 3012/2941/3023
f 2990/2933/3024 2989/2930/3024 3004/2939/3024 3005/2942/3024
f 2998/2917/3025 2997/2932/3025 3012/2941/3025 3013/2943/3025
f 2991/2919/3026 2990/2933/3026 3005/2942/3026 3006/2944/3026
f 2999/2918/3027 2998/2917/3027 3013/2943/3027 3014/2945/3027
f 2992/2920/3028 2991/2919/3028 3006/2944/3028 3007/2946/3028
f 3000/2921/3029 2999/2918/3029 3014/2945/3029 3015/2947/3029
f 2993/2922/3030 2992/2920/3030 3007/2946/3030 3008/2948/3030
f 3001/2923/3031 3000/2921/3031 3015/2947/3031 3016/2949/3031
f 2994/2924/3032 2993/2922/3032 3008/2948/3032 3009/2950/3032
f 3002/2925/3033 3001/2923/3033 3016/2949/3033 3017/2934/3033
f 2995/2926/3034 2994/2924/3034 3009/2950/3034 3010/2936/3034
f 3015/2947/3035 3014/2945/3035 3029/2951/3035 3030/2952/3035
f 3008/2948/3036 3007/2946/3036 3022/2953/3036 3023/2954/3036
f 3016/2949/3037 3015/2947/3037 3030/2952/3037 3031/2955/3037
f 3009/2950/3038 3008/2948/3038 3023/2954/3038 3024/2956/3038
f 3017/2934/3039 3016/2949/3039 3031/2955/3039 3032/2957/3039
f 3010/2936/3040 3009/2950/3040 3024/2956/3040 3025/2958/3040
f 3018/2935/3041 3017/2934/3041 3032/2957/3041 3033/2959/3041
f 3011/2937/3042 3010/2936/3042 3025/2958/3042 3026/2960/3042
f 3004/2939/3043 2813/2961/3043 3019/2962/3043
f 2823/2963/3044 3018/2935/3044 3033/2959/3044
f 3012/2941/3045 3011/2937/3045 3026/2960/3045 3027/2964/3045
f 3005/2942/3046 3004/2939/3046 3019/2962/3046 3020/2965/3046
f 3013/2943/3047 3012/2941/3047 3027/2964/3047 3028/2966/3047
f 3006/2944/3048 3005/2942/3048 3020/2965/3048 3021/2967/3048
f 3014/2945/3049 3013/2943/3049 3028/2966/3049 3029/2951/3049
f 3007/2946/3050 3006/2944/3050 3021/2967/3050 3022/2953/3050
f 3019/2962/3051 2813/2968/3051 3034/2969/3051
f 2823/2970/3052 3033/2959/3052 3048/2971/3052
f 3027/2964/3053 3026/2960/3053 3041/2972/3053 3042/2973/3053
f 3020/2965/3054 3019/2962/3054 3034/2969/3054 3035/2974/3054
f 3028/2966/3055 3027/2964/3055 3042/2973/3055 3043/2975/3055
f 3021/2967/3056 3020/2965/3056 3035/2974/3056 3036/2976/3056
f 3029/2951/3057 3028/2966/3057 3043/2975/3057 3044/2977/3057
f 3022/2953/3058 3021/2967/3058 3036/2976/3058 3037/2978/3058
f 3030/2952/3059 3029/2951/3059 3044/2977/3059 3045/2979/3059
f 3023/2954/3060 3022/2953/3060 3037/2978/3060 3038/2980/3060
f 3031/2955/3061 3030/2952/3061 3045/2979/3061 3046/2981/3061
f 3024/2956/3062 3023/2954/3062 3038/2980/3062 3039/2982/3062
f 3032/2957/3063 3031/2955/3063 3046/2981/3063 3047/2983/3063
f 3025/2958/3064 3024/2956/3064 3039/2982/3064 3040/2984/3064
f 3033/2959/3065 3032/2957/3065 3047/2983/3065 3048/2971/3065
f 3026/2960/3066 3025/2958/3066 3040/2984/3066 3041/2972/3066
f 3038/2980/3067 3037/2978/3067 3052/2985/3067 3053/2986/3067
f 3046/2981/3068 3045/2979/3068 3060/2987/3068 3061/2988/3068
f 3039/2982/3069 3038/2980/3069 3053/2986/3069 3054/2989/3069
f 3047/2983/3070 3046/2981/3070 3061/2988/3070 3062/2990/3070
f 3040/2984/3071 3039/2982/3071 3054/2989/3071 3055/2991/3071
f 3048/2971/3072 3047/2983/3072 3062/2990/3072 3063/2992/3072
f 3041/2972/3073 3040/2984/3073 3055/2991/3073 3056/2993/3073
f 3034/2969/3074 2813/2994/3074 3049/2995/3074
f 2823/2996/3075 3048/2971/3075 3063/2992/3075
f 3042/2973/3076 3041/2972/3076 3056/2993/3076 3057/2997/3076
f 3035/2974/3077 3034/2969/3077 3049/2995/3077 3050/2998/3077
f 3043/2975/3078 3042/2973/3078 3057/2997/3078 3058/2999/3078
f 3036/2976/3079 3035/2974/3079 3050/2998/3079 3051/3000/3079
f 3044/2977/3080 3043/2975/3080 3058/2999/3080 3059/3001/3080
f 3037/2978/3081 3036/2976/3081 3051/3000/3081 3052/2985/3081
f 3045/2979/3082 3044/2977/3082 3059/3001/3082 3060/2987/3082
f 3057/2997/3083 3056/2993/3083 3071/3002/3083 3072/3003/3083
f 3050/2998/3084 3049/2995/3084 3064/3004/3084 3065/3005/3084
f 3058/2999/3085 3057/2997/3085 3072/3003/3085 3073/3006/3085
f 3051/3000/3086 3050/2998/3086 3065/3005/3086 3066/3007/3086
f 3059/3001/3087 3058/2999/3087 3073/3006/3087 3074/3008/3087
f 3052/2985/3088 3051/3000/3088 3066/3007/3088 3067/3009/3088
f 3060/2987/3089 3059/3001/3089 3074/3008/3089 3075/3010/3089
f 3053/2986/3090 3052/2985/3090 3067/3009/3090 3068/3011/3090
f 3061/2988/3091 3060/2987/3091 3075/3010/3091 3076/3012/3091
f 3054/2989/3092 3053/2986/3092 3068/3011/3092 3069/3013/3092
f 3062/2990/3093 3061/2988/3093 3076/3012/3093 3077/3014/3093
f 3055/2991/3094 3054/2989/3094 3069/3013/3094 3070/3015/3094
f 3063/2992/3095 3062/2990/3095 3077/3014/3095 3078/3016/3095
f 3056/2993/3096 3055/2991/3096 3070/3015/3096 3071/3002/3096
f 3049/2995/3097 2813/3017/3097 3064/3004/3097
f 2823/3018/3098 3063/2992/3098 3078/3016/3098
f 3076/3012/3099 3075/3010/3099 3090/3019/3099 3091/3020/3099
f 3069/3013/3100 3068/3011/3100 3083/3021/3100 3084/3022/3100
f 3077/3014/3101 3076/3012/3101 3091/3020/3101 3092/3023/3101
f 3070/3015/3102 3069/3013/3102 3084/3022/3102 3085/3024/3102
f 3078/3016/3103 3077/3014/3103 3092/3023/3103 3093/3025/3103
f 3071/3002/3104 3070/3015/3104 3085/3024/3104 3086/3026/3104
f 3064/3004/3105 2813/3027/3105 3079/3028/3105
f 2823/3029/3106 3078/3016/3106 3093/3025/3106
f 3072/3003/3107 3071/3002/3107 3086/3026/3107 3087/3030/3107
f 3065/3005/3108 3064/3004/3108 3079/3028/3108 3080/3031/3108
f 3073/3006/3109 3072/3003/3109 3087/3030/3109 3088/3032/3109
f 3066/3007/3110 3065/3005/3110 3080/3031/3110 3081/3033/3110
f 3074/3008/3111 3073/3006/3111 3088/3032/3111 3089/3034/3111
f 3067/3009/3112 3066/3007/3112 3081/3033/3112 3082/3035/3112
f 3075/3010/3113 3074/3008/3113 3089/3034/3113 3090/3019/3113
f 3068/3011/3114 3067/3009/3114 3082/3035/3114 3083/3021/3114
f 3080/3031/3115 3079/3028/3115 3094/3036/3115 3095/3037/3115
f 3088/3032/3116 3087/3030/3116 3102/3038/3116 3103/3039/3116
f 3081/3033/3117 3080/3031/3117 3095/3037/3117 3096/3040/3117
f 3089/3034/3118 3088/3032/3118 3103/3039/3118 3104/3041/3118
f 3082/3035/3119 3081/3033/3119 3096/3040/3119 3097/3042/3119
f 3090/3019/3120 3089/3034/3120 3104/3041/3120 3105/3043/3120
f 3083/3021/3121 3082/3035/3121 3097/3042/3121 3098/3044/3121
f 3091/3020/3122 3090/3019/3122 3105/3043/3122 3106/3045/3122
f 3084/3022/3123 3083/3021/3123 3098/3044/3123 3099/3046/3123
f 3092/3023/3124 3091/3020/3124 3106/3045/3124 3107/3047/3124
f 3085/3024/3125 3084/3022/3125 3099/3046/3125 3100/3048/3125
f 3093/3025/3126 3092/3023/3126 3107/3047/3126 3108/3049/3126
f 3086/3026/3127 3085/3024/3127 3100/3048/3127 3101/3050/3127
f 3079/3028/3128 2813/3051/3128 3094/3036/3128
f 2823/3052/3129 3093/3025/3129 3108/3049/3129
f 3087/3030/3130 3086/3026/3130 3101/3050/3130 3102/3038/3130
f 3099/3046/3131 3098/3044/3131 3113/3053/3131 3114/3054/3131
f 3107/3047/3132 3106/3045/3132 3121/3055/3132 3122/3056/3132
f 3100/3048/3133 3099/3046/3133 3114/3054/3133 3115/3057/3133
f 3108/3049/3134 3107/3047/3134 3122/3056/3134 3123/3058/3134
f 3101/3050/3135 3100/3048/3135 3115/3057/3135 3116/3059/3135
f 3094/3036/3136 2813/3060/3136 3109/3061/3136
f 2823/3062/3137 3108/3049/3137 3123/3058/3137
f 3102/3038/3138 3101/3050/3138 3116/3059/3138 3117/3063/3138
f 3095/3037/3139 3094/3036/3139 3109/3061/3139 3110/3064/3139
f 3103/3039/3140 3102/3038/3140 3117/3063/3140 3118/3065/3140
f 3096/3040/3141 3095/3037/3141 3110/3064/3141 3111/3066/3141
f 3104/3041/3142 3103/3039/3142 3118/3065/3142 3119/3067/3142
f 3097/3042/3143 3096/3040/3143 3111/3066/3143 3112/3068/3143
f 3105/3043/3144 3104/3041/3144 3119/3067/3144 3120/3069/3144
f 3098/3044/3145 3097/3042/3145 3112/3068/3145 3113/3053/3145
f 3106/3045/3146 3105/3043/3146 3120/3069/3146 3121/3055/3146
f 3118/3065/3147 3117/3063/3147 3132/3070/3147 3133/3071/3147
f 3111/3066/3148 3110/3064/3148 3125/3072/3148 3126/3073/3148
f 3119/3067/3149 3118/3065/3149 3133/3071/3149 3134/3074/3149
f 3112/3068/3150 3111/3066/3150 3126/3073/3150 3127/3075/3150
f 3120/3069/3151 3119/3067/3151 3134/3074/3151 3135/3076/3151
f 3113/3053/3152 3112/3068/3152 3127/3075/3152 3128/3077/3152
f 3121/3055/3153 3120/3069/3153 3135/3076/3153 3136/3078/3153
f 3114/3054/3154 3113/3053/3154 3128/3077/3154 3129/3079/3154
f 3122/3056/3155 3121/3055/3155 3136/3078/3155 3137/3080/3155
f 3115/3057/3156 3114/3054/3156 3129/3079/3156 3130/3081/3156
f 3123/3058/3157 3122/3056/3157 3137/3080/3157 3138/3082/3157
f 3116/3059/3158 3115/3057/3158 3130/3081/3158 3131/3083/3158
f 3109/3061/3159 2813/3084/3159 3124/3085/3159
f 2823/3086/3160 3123/3058/3160 3138/3082/3160
f 3117/3063/3161 3116/3059/3161 3131/3083/3161 3132/3070/3161
f 3110/3064/3162 3109/3061/3162 3124/3085/3162 3125/3072/3162
f 3137/3080/3163 3136/3078/3163 3151/3087/3163 3152/3088/3163
f 3130/3081/3164 3129/3079/3164 3144/3089/3164 3145/3090/3164
f 3138/3082/3165 3137/3080/3165 3152/3088/3165 3153/3091/3165
f 3131/3083/3166 3130/3081/3166 3145/3090/3166 3146/3092/3166
f 3124/3085/3167 2813/3093/3167 3139/3094/3167
f 2823/3095/3168 3138/3082/3168 3153/3091/3168
f 3132/3070/3169 3131/3083/3169 3146/3092/3169 3147/3096/3169
f 3125/3072/3170 3124/3085/3170 3139/3094/3170 3140/3097/3170
f 3133/3071/3171 3132/3070/3171 3147/3096/3171 3148/3098/3171
f 3126/3073/3172 3125/3072/3172 3140/3097/3172 3141/3099/3172
f 3134/3074/3173 3133/3071/3173 3148/3098/3173 3149/3100/3173
f 3127/3075/3174 3126/3073/3174 3141/3099/3174 3142/3101/3174
f 3135/3076/3175 3134/3074/3175 3149/3100/3175 3150/3102/3175
f 3128/3077/3176 3127/3075/3176 3142/3101/3176 3143/3103/3176
f 3136/3078/3177 3135/3076/3177 3150/3102/3177 3151/3087/3177
f 3129/3079/3178 3128/3077/3178 3143/3103/3178 3144/3089/3178
f 3149/3100/3179 3148/3098/3179 3163/3104/3179 3164/3105/3179
f 3142/3101/3180 3141/3099/3180 3156/3106/3180 3157/3107/3180
f 3150/3102/3181 3149/3100/3181 3164/3105/3181 3165/3108/3181
f 3143/3103/3182 3142/3101/3182 3157/3107/3182 3158/3109/3182
f 3151/3087/3183 3150/3102/3183 3165/3108/3183 3166/3110/3183
f 3144/3089/3184 3143/3103/3184 3158/3109/3184 3159/3111/3184
f 3152/3088/3185 3151/3087/3185 3166/3110/3185 3167/3112/3185
f 3145/3090/3186 3144/3089/3186 3159/3111/3186 3160/3113/3186
f 3153/3091/3187 3152/3088/3187 3167/3112/3187 3168/3114/3187
f 3146/3092/3188 3145/3090/3188 3160/3113/3188 3161/3115/3188
f 3139/3094/3189 2813/3116/3189 3154/3117/3189
f 2823/3118/3190 3153/3091/3190 3168/3114/3190
f 3147/3096/3191 3146/3092/3191 3161/3115/3191 3162/3119/3191
f 3140/3097/3192 3139/3094/3192 3154/3117/3192 3155/3120/3192
f 3148/3098/3193 3147/3096/3193 3162/3119/3193 3163/3104/3193
f 3141/3099/3194 3140/3097/3194 3155/3120/3194 3156/3106/3194
f 3168/3114/3195 3167/3112/3195 3182/3121/3195 3183/3122/3195
f 3161/3115/3196 3160/3113/3196 3175/3123/3196 3176/3124/3196
f 3154/3117/3197 2813/3125/3197 3169/3126/3197
f 2823/3127/3198 3168/3114/3198 3183/3122/3198
f 3162/3119/3199 3161/3115/3199 3176/3124/3199 3177/3128/3199
f 3155/3120/3200 3154/3117/3200 3169/3126/3200 3170/3129/3200
f 3163/3104/3201 3162/3119/3201 3177/3128/3201 3178/3130/3201
f 3156/3106/3202 3155/3120/3202 3170/3129/3202 3171/3131/3202
f 3164/3105/3203 3163/3104/3203 3178/3130/3203 3179/3132/3203
f 3157/3107/3204 3156/3106/3204 3171/3131/3204 3172/3133/3204
f 3165/3108/3205 3164/3105/3205 3179/3132/3205 3180/3134/3205
f 3158/3109/3206 3157/3107/3206 3172/3133/3206 3173/3135/3206
f 3166/3110/3207 3165/3108/3207 3180/3134/3207 3181/3136/3207
f 3159/3111/3208 3158/3109/3208 3173/3135/3208 3174/3137/3208
f 3167/3112/3209 3166/3110/3209 3181/3136/3209 3182/3121/3209
f 3160/3113/3210 3159/3111/3210 3174/3137/3210 3175/3123/3210
f 3172/3138/3211 3171/3139/3211 3186/3140/3211 3187/3141/3211
f 3180/3142/3212 3179/3143/3212 3194/3144/3212 3195/3145/3212
f 3173/3146/3213 3172/3138/3213 3187/3141/3213 3188/3147/3213
f 3181/3148/3214 3180/3142/3214 3195/3145/3214 3196/3149/3214
f 3174/3150/3215 3173/3146/3215 3188/3147/3215 3189/3151/3215
f 3182/3152/3216 3181/3148/3216 3196/3149/3216 3197/3153/3216
f 3175/3154/3217 3174/3150/3217 3189/3151/3217 3190/3155/3217
f 3183/3156/3218 3182/3152/3218 3197/3153/3218 3198/3157/3218
f 3176/3158/3219 3175/3154/3219 3190/3155/3219 3191/3159/3219
f 3169/3160/3220 2813/3161/3220 3184/3162/3220
f 2823/3163/3221 3183/3156/3221 3198/3157/3221
f 3177/3164/3222 3176/3158/3222 3191/3159/3222 3192/3165/3222
f 3170/3166/3223 3169/3160/3223 3184/3162/3223 3185/3167/3223
f 3178/3168/3224 3177/3164/3224 3192/3165/3224 3193/3169/3224
f 3171/3139/3225 3170/3166/3225 3185/3167/3225 3186/3140/3225
f 3179/3143/3226 3178/3168/3226 3193/3169/3226 3194/3144/3226
f 3191/3159/3227 3190/3155/3227 3205/3170/3227 3206/3171/3227
f 3184/3162/3228 2813/3172/3228 3199/3173/3228
f 2823/3174/3229 3198/3157/3229 3213/3175/3229
f 3192/3165/3230 3191/3159/3230 3206/3171/3230 3207/3176/3230
f 3185/3167/3231 3184/3162/3231 3199/3173/3231 3200/3177/3231
f 3193/3169/3232 3192/3165/3232 3207/3176/3232 3208/3178/3232
f 3186/3140/3233 3185/3167/3233 3200/3177/3233 3201/3179/3233
f 3194/3144/3234 3193/3169/3234 3208/3178/3234 3209/3180/3234
f 3187/3141/3235 3186/3140/3235 3201/3179/3235 3202/3181/3235
f 3195/3145/3236 3194/3144/3236 3209/3180/3236 3210/3182/3236
f 3188/3147/3237 3187/3141/3237 3202/3181/3237 3203/3183/3237
f 3196/3149/3238 3195/3145/3238 3210/3182/3238 3211/3184/3238
f 3189/3151/3239 3188/3147/3239 3203/3183/3239 3204/3185/3239
f 3197/3153/3240 3196/3149/3240 3211/3184/3240 3212/3186/3240
f 3190/3155/3241 3189/3151/3241 3204/3185/3241 3205/3170/3241
f 3198/3157/3242 3197/3153/3242 3212/3186/3242 3213/3175/3242
f 3210/3182/3243 3209/3180/3243 3224/3187/3243 3225/3188/3243
f 3203/3183/3244 3202/3181/3244 3217/3189/3244 3218/3190/3244
f 3211/3184/3245 3210/3182/3245 3225/3188/3245 3226/3191/3245
f 3204/3185/3246 3203/3183/3246 3218/3190/3246 3219/3192/3246
f 3212/3186/3247 3211/3184/3247 3226/3191/3247 3227/3193/3247
f 3205/3170/3248 3204/3185/3248 3219/3192/3248 3220/3194/3248
f 3213/3175/3249 3212/3186/3249 3227/3193/3249 3228/3195/3249
f 3206/3171/3250 3205/3170/3250 3220/3194/3250 3221/3196/3250
f 3199/3173/3251 2813/3197/3251 3214/3198/3251
f 2823/3199/3252 3213/3175/3252 3228/3195/3252
f 3207/3176/3253 3206/3171/3253 3221/3196/3253 3222/3200/3253
f 3200/3177/3254 3199/3173/3254 3214/3198/3254 3215/3201/3254
f 3208/3178/3255 3207/3176/3255 3222/3200/3255 3223/3202/3255
f 3201/3179/3256 3200/3177/3256 3215/3201/3256 3216/3203/3256
f 3209/3180/3257 3208/3178/3257 3223/3202/3257 3224/3187/3257
f 3202/3181/3258 3201/3179/3258 3216/3203/3258 3217/3189/3258
f 3214/3198/3259 2813/3204/3259 3229/3205/3259
f 2823/3206/3260 3228/3195/3260 3243/3207/3260
f 3222/3200/3261 3221/3196/3261 3236/3208/3261 3237/3209/3261
f 3215/3201/3262 3214/3198/3262 3229/3205/3262 3230/3210/3262
f 3223/3202/3263 3222/3200/3263 3237/3209/3263 3238/3211/3263
f 3216/3203/3264 3215/3201/3264 3230/3210/3264 3231/3212/3264
f 3224/3187/3265 3223/3202/3265 3238/3211/3265 3239/3213/3265
f 3217/3189/3266 3216/3203/3266 3231/3212/3266 3232/3214/3266
f 3225/3188/3267 3224/3187/3267 3239/3213/3267 3240/3215/3267
f 3218/3190/3268 3217/3189/3268 3232/3214/3268 3233/3216/3268
f 3226/3191/3269 3225/3188/3269 3240/3215/3269 3241/3217/3269
f 3219/3192/3270 3218/3190/3270 3233/3216/3270 3234/3218/3270
f 3227/3193/3271 3226/3191/3271 3241/3217/3271 3242/3219/3271
f 3220/3194/3272 3219/3192/3272 3234/3218/3272 3235/3220/3272
f 3228/3195/3273 3227/3193/3273 3242/3219/3273 3243/3207/3273
f 3221/3196/3274 3220/3194/3274 3235/3220/3274 3236/3208/3274
f 3233/3216/3275 3232/3214/3275 3247/3221/3275 3248/3222/3275
f 3241/3217/3276 3240/3215/3276 3255/3223/3276 3256/3224/3276
f 3234/3218/3277 3233/3216/3277 3248/3222/3277 3249/3225/3277
f 3242/3219/3278 3241/3217/3278 3256/3224/3278 3257/3226/3278
f 3235/3220/3279 3234/3218/3279 3249/3225/3279 3250/3227/3279
f 3243/3207/3280 3242/3219/3280 3257/3226/3280 3258/3228/3280
f 3236/3208/3281 3235/3220/3281 3250/3227/3281 3251/3229/3281
f 3229/3205/3282 2813/3230/3282 3244/3231/3282
f 2823/3232/3283 3243/3207/3283 3258/3228/3283
f 3237/3209/3284 3236/3208/3284 3251/3229/3284 3252/3233/3284
f 3230/3210/3285 3229/3205/3285 3244/3231/3285 3245/3234/3285
f 3238/3211/3286 3237/3209/3286 3252/3233/3286 3253/3235/3286
f 3231/3212/3287 3230/3210/3287 3245/3234/3287 3246/3236/3287
f 3239/3213/3288 3238/3211/3288 3253/3235/3288 3254/3237/3288
f 3232/3214/3289 3231/3212/3289 3246/3236/3289 3247/3221/3289
f 3240/3215/3290 3239/3213/3290 3254/3237/3290 3255/3223/3290
f 3252/3233/3291 3251/3229/3291 3266/3238/3291 3267/3239/3291
f 3245/3234/3292 3244/3231/3292 3259/3240/3292 3260/3241/3292
f 3253/3235/3293 3252/3233/3293 3267/3239/3293 3268/3242/3293
f 3246/3236/3294 3245/3234/3294 3260/3241/3294 3261/3243/3294
f 3254/3237/3295 3253/3235/3295 3268/3242/3295 3269/3244/3295
f 3247/3221/3296 3246/3236/3296 3261/3243/3296 3262/3245/3296
f 3255/3223/3297 3254/3237/3297 3269/3244/3297 3270/3246/3297
f 3248/3222/3298 3247/3221/3298 3262/3245/3298 3263/3247/3298
f 3256/3224/3299 3255/3223/3299 3270/3246/3299 3271/3248/3299
f 3249/3225/3300 3248/3222/3300 3263/3247/3300 3264/3249/3300
f 3257/3226/3301 3256/3224/3301 3271/3248/3301 3272/3250/3301
f 3250/3227/3302 3249/3225/3302 3264/3249/3302 3265/3251/3302
f 3258/3228/3303 3257/3226/3303 3272/3250/3303 3273/3252/3303
f 3251/3229/3304 3250/3227/3304 3265/3251/3304 3266/3238/3304
f 3244/3231/3305 2813/3253/3305 3259/3240/3305
f 2823/3254/3306 3258/3228/3306 3273/3252/3306
f 3271/3248/3307 3270/3246/3307 3285/3255/3307 3286/3256/3307
f 3264/3249/3308 3263/3247/3308 3278/3257/3308 3279/3258/3308
f 3272/3250/3309 3271/3248/3309 3286/3256/3309 3287/3259/3309
f 3265/3251/3310 3264/3249/3310 3279/3258/3310 3280/3260/3310
f 3273/3252/3311 3272/3250/3311 3287/3259/3311 3288/3261/3311
f 3266/3238/3312 3265/3251/3312 3280/3260/3312 3281/3262/3312
f 3259/3240/3313 2813/3263/3313 3274/3264/3313
f 2823/3265/3314 3273/3252/3314 3288/3261/3314
f 3267/3239/3315 3266/3238/3315 3281/3262/3315 3282/3266/3315
f 3260/3241/3316 3259/3240/3316 3274/3264/3316 3275/3267/3316
f 3268/3242/3317 3267/3239/3317 3282/3266/3317 3283/3268/3317
f 3261/3243/3318 3260/3241/3318 3275/3267/3318 3276/3269/3318
f 3269/3244/3319 3268/3242/3319 3283/3268/3319 3284/3270/3319
f 3262/3245/3320 3261/3243/3320 3276/3269/3320 3277/3271/3320
f 3270/3246/3321 3269/3244/3321 3284/3270/3321 3285/3255/3321
f 3263/3247/3322 3262/3245/3322 3277/3271/3322 3278/3257/3322
f 3283/3268/3323 3282/3266/3323 2819/2720/3323 3292/2719/3323
f 3276/3269/3324 3275/3267/3324 3289/2715/3324 2815/2723/3324
f 3284/3270/3325 3283/3268/3325 3292/2719/3325 2820/2725/3325
f 3277/3271/3326 3276/3269/3326 2815/2723/3326 2816/2727/3326
f 3285/3255/3327 3284/3270/3327 2820/2725/3327 3293/2729/3327
f 3278/3257/3328 3277/3271/3328 2816/2727/3328 3290/2731/3328
f 3286/3256/3329 3285/3255/3329 3293/2729/3329 2821/2733/3329
f 3279/3258/3330 3278/3257/3330 3290/2731/3330 2817/2735/3330
f 3287/3259/3331 3286/3256/3331 2821/2733/3331 3294/2737/3331
f 3280/3260/3332 3279/3258/3332 2817/2735/3332 3291/2739/3332
f 3288/3261/3333 3287/3259/3333 3294/2737/3333 2822/2741/3333
f 3281/3262/3334 3280/3260/3334 3291/2739/3334 2818/2743/3334
f 3274/3264/3335 2813/3272/3335 2814/2716/3335
f 2823/3273/3336 3288/3261/3336 2822/2741/3336
f 3282/3266/3337 3281/3262/3337 2818/2743/3337 2819/2720/3337
f 3275/3267/3338 3274/3264/3338 2814/2716/3338 3289/2715/3338
o Sphere.005
v 0.170000 0.124000 0.085000
v 0.170000 0.123923 0.084220
v 0.170000 0.123326 0.082778
v 0.170000 0.122828 0.082172
v 0.170000 0.121531 0.081304
v 0.170000 0.120000 0.081000
v 0.170000 0.119220 0.081077
v 0.170000 0.117778 0.081674
v 0.170000 0.116674 0.082778
v 0.170000 0.116077 0.084220
v 0.170000 0.116000 0.085000
v 0.170152 0.123923 0.084235
v 0.170299 0.123696 0.083499
v 0.170434 0.123326 0.082820
v 0.170552 0.122828 0.082226
v 0.170649 0.122222 0.081738
v 0.170721 0.121531 0.081375
v 0.170765 0.120780 0.081152
v 0.170780 0.120000 0.081077
v 0.170765 0.119220 0.081152
v 0.170721 0.118469 0.081375
v 0.170649 0.117778 0.081738
v 0.170552 0.117172 0.082226
v 0.170434 0.116674 0.082820
v 0.170299 0.116304 0.083499
v 0.170152 0.116077 0.084235
v 0.170299 0.123923 0.084279
v 0.170586 0.123696 0.083586
v 0.170850 0.123326 0.082947
v 0.171082 0.122828 0.082387
v 0.171273 0.122222 0.081927
v 0.171414 0.121531 0.081586
v 0.171501 0.120780 0.081375
v 0.171531 0.120000 0.081304
v 0.171501 0.119220 0.081375
v 0.171414 0.118469 0.081586
v 0.171273 0.117778 0.081927
v 0.171082 0.117172 0.082387
v 0.170850 0.116674 0.082947
v 0.170586 0.116304 0.083586
v 0.170299 0.116077 0.084279
v 0.170434 0.123923 0.084351
v 0.170850 0.123696 0.083727
v 0.171235 0.123326 0.083152
v 0.171571 0.122828 0.082648
v 0.171848 0.122222 0.082235
v 0.172053 0.121531 0.081927
v 0.172180 0.120780 0.081738
v 0.172222 0.120000 0.081674
v 0.172180 0.119220 0.081738
v 0.172053 0.118469 0.081927
v 0.171848 0.117778 0.082235
v 0.171571 0.117172 0.082648
v 0.171235 0.116674 0.083152
v 0.170850 0.116304 0.083727
v 0.170434 0.116077 0.084351
v 0.170552 0.123923 0.084448
v 0.171082 0.123696 0.083918
v 0.171571 0.123326 0.083429
v 0.172000 0.122828 0.083000
v 0.172352 0.122222 0.082648
v 0.172613 0.121531 0.082387
v 0.172774 0.120780 0.082226
v 0.172828 0.120000 0.082172
v 0.172774 0.119220 0.082226
v 0.172613 0.118469 0.082387
v 0.172352 0.117778 0.082648
v 0.172000 0.117172 0.083000
v 0.171571 0.116674 0.083429
v 0.171082 0.116304 0.083918
v 0.170552 0.116077 0.084448
v 0.170649 0.123923 0.084566
v 0.171273 0.123696 0.084150
v 0.171848 0.123326 0.083765
v 0.172352 0.122828 0.083429
v 0.172765 0.122222 0.083152
v 0.173073 0.121531 0.082947
v 0.173262 0.120780 0.082820
v 0.173326 0.120000 0.082778
v 0.173262 0.119220 0.082820
v 0.173073 0.118469 0.082947
v 0.172765 0.117778 0.083152
v 0.172352 0.117172 0.083429
v 0.171848 0.116674 0.083765
v 0.171273 0.116304 0.084150
v 0.170649 0.116077 0.084566
v 0.170721 0.123923 0.084701
v 0.171414 0.123696 0.084414
v 0.172053 0.123326 0.084150
v 0.172613 0.122828 0.083918
v 0.173073 0.122222 0.083727
v 0.173414 0.121531 0.083586
v 0.173625 0.120780 0.083499
v 0.173696 0.120000 0.083469
v 0.173625 0.119220 0.083499
v 0.173414 0.118469 0.083586
v 0.173073 0.117778 0.083727
v 0.172613 0.117172 0.083918
v 0.172053 0.116674 0.084150
v 0.171414 0.116304 0.084414
v 0.170721 0.116077 0.084701
v 0.170765 0.123923 0.084848
v 0.171501 0.123696 0.084701
v 0.172180 0.123326 0.084566
v 0.172774 0.122828 0.084448
v 0.173262 0.122222 0.084351
v 0.173625 0.121531 0.084279
v 0.173848 0.120780 0.084235
v 0.173923 0.120000 0.084220
v 0.173848 0.119220 0.084235
v 0.173625 0.118469 0.084279
v 0.173262 0.117778 0.084351
v 0.172774 0.117172 0.084448
v 0.172180 0.116674 0.084566
v 0.171501 0.116304 0.084701
v 0.170765 0.116077 0.084848
v 0.170780 0.123923 0.085000
v 0.171531 0.123696 0.085000
v 0.172222 0.123326 0.085000
v 0.172828 0.122828 0.085000
v 0.173326 0.122222 0.085000
v 0.173696 0.121531 0.085000
v 0.173923 0.120780 0.085000
v 0.174000 0.120000 0.085000
v 0.173923 0.119220 0.085000
v 0.173696 0.118469 0.085000
v 0.173326 0.117778 0.085000
v 0.172828 0.117172 0.085000
v 0.172222 0.116674 0.085000
v 0.171531 0.116304 0.085000
v 0.170780 0.116077 0.085000
v 0.170765 0.123923 0.085152
v 0.171501 0.123696 0.085299
v 0.172180 0.123326 0.085434
v 0.172774 0.122828 0.085552
v 0.173262 0.122222 0.085649
v 0.173625 0.121531 0.085721
v 0.173848 0.120780 0.085765
v 0.173923 0.120000 0.085780
v 0.173848 0.119220 0.085765
v 0.173625 0.118469 0.085721
v 0.173262 0.117778 0.085649
v 0.172774 0.117172 0.085552
v 0.172180 0.116674 0.085434
v 0.171501 0.116304 0.085299
v 0.170765 0.116077 0.085152
v 0.170721 0.123923 0.085299
v 0.171414 0.123696 0.085586
v 0.172053 0.123326 0.085850
v 0.172613 0.122828 0.086082
v 0.173073 0.122222 0.086273
v 0.173414 0.121531 0.086414
v 0.173625 0.120780 0.086501
v 0.173696 0.120000 0.086531
v 0.173625 0.119220 0.086501
v 0.173414 0.118469 0.086414
v 0.173073 0.117778 0.086273
v 0.172613 0.117172 0.086082
v 0.172053 0.116674 0.085850
v 0.171414 0.116304 0.085586
v 0.170721 0.116077 0.085299
v 0.170649 0.123923 0.085434
v 0.171273 0.123696 0.085850
v 0.171848 0.123326 0.086235
v 0.172352 0.122828 0.086571
v 0.172765 0.122222 0.086848
v 0.173073 0.121531 0.087053
v 0.173262 0.120780 0.087180
v 0.173326 0.120000 0.087222
v 0.173262 0.119220 0.087180
v 0.173073 0.118469 0.087053
v 0.172765 0.117778 0.086848
v 0.172352 0.117172 0.086571
v 0.171848 0.116674 0.086235
v 0.171273 0.116304 0.085850
v 0.170649 0.116077 0.085434
v 0.170552 0.123923 0.085552
v 0.171082 0.123696 0.086082
v 0.171571 0.123326 0.086571
v 0.172000 0.122828 0.087000
v 0.172352 0.122222 0.087352
v 0.172613 0.121531 0.087613
v 0.172774 0.120780 0.087774
v 0.172828 0.120000 0.087828
v 0.172774 0.119220 0.087774
v 0.172613 0.118469 0.087613
v 0.172352 0.117778 0.087352
v 0.172000 0.117172 0.087000
v 0.171571 0.116674 0.086571
v 0.171082 0.116304 0.086082
v 0.170552 0.116077 0.085552
v 0.170434 0.123923 0.085649
v 0.170850 0.123696 0.086273
v 0.171235 0.123326 0.086848
v 0.171571 0.122828 0.087352
v 0.171848 0.122222 0.087765
v 0.172053 0.121531 0.088073
v 0.172180 0.120780 0.088262
v 0.172222 0.120000 0.088326
v 0.172180 0.119220 0.088262
v 0.172053 0.118469 0.088073
v 0.171848 0.117778 0.087765
v 0.171571 0.117172 0.087352
v 0.171235 0.116674 0.086848
v 0.170850 0.116304 0.086273
v 0.170434 0.116077 0.085649
v 0.170299 0.123923 0.085721
v 0.170586 0.123696 0.086414
v 0.170850 0.123326 0.087053
v 0.171082 0.122828 0.087613
v 0.171273 0.122222 0.088073
v 0.171414 0.121531 0.088414
v 0.171501 0.120780 0.088625
v 0.171531 0.120000 0.088696
v 0.171501 0.119220 0.088625
v 0.171414 0.118469 0.088414
v 0.171273 0.117778 0.088073
v 0.171082 0.117172 0.087613
v 0.170850 0.116674 0.087053
v 0.170586 0.116304 0.086414
v 0.170299 0.116077 0.085721
v 0.170152 0.123923 0.085765
v 0.170299 0.123696 0.086501
v 0.170434 0.123326 0.087180
v 0.170552 0.122828 0.087774
v 0.170649 0.122222 0.088262
v 0.170721 0.121531 0.088625
v 0.170765 0.120780 0.088848
v 0.170780 0.120000 0.088923
v 0.170765 0.119220 0.088848
v 0.170721 0.118469 0.088625
v 0.170649 0.117778 0.088262
v 0.170552 0.117172 0.087774
v 0.170434 0.116674 0.087180
v 0.170299 0.116304 0.086501
v 0.170152 0.116077 0.085765
v 0.170000 0.123923 0.085780
v 0.170000 0.123696 0.086531
v 0.170000 0.123326 0.087222
v 0.170000 0.122828 0.087828
v 0.170000 0.122222 0.088326
v 0.170000 0.121531 0.088696
v 0.170000 0.120780 0.088923
v 0.170000 0.120000 0.089000
v 0.170000 0.119220 0.088923
v 0.170000 0.118469 0.088696
v 0.170000 0.117778 0.088326
v 0.170000 0.117172 0.087828
v 0.170000 0.116674 0.087222
v 0.170000 0.116304 0.086531
v 0.170000 0.116077 0.085780
v 0.169848 0.123923 0.085765
v 0.169701 0.123696 0.086501
v 0.169566 0.123326 0.087180
v 0.169448 0.122828 0.087774
v 0.169351 0.122222 0.088262
v 0.169279 0.121531 0.088625
v 0.169235 0.120780 0.088848
v 0.169220 0.120000 0.088923
v 0.169235 0.119220 0.088848
v 0.169279 0.118469 0.088625
v 0.169351 0.117778 0.088262
v 0.169448 0.117172 0.087774
v 0.169566 0.116674 0.087180
v 0.169701 0.116304 0.086501
v 0.169848 0.116077 0.085765
v 0.169701 0.123923 0.085721
v 0.169414 0.123696 0.086414
v 0.169150 0.123326 0.087053
v 0.168918 0.122828 0.087613
v 0.168727 0.122222 0.088073
v 0.168586 0.121531 0.088414
v 0.168499 0.120780 0.088625
v 0.168469 0.120000 0.088696
v 0.168499 0.119220 0.088625
v 0.168586 0.118469 0.088414
v 0.168727 0.117778 0.088073
v 0.168918 0.117172 0.087613
v 0.169150 0.116674 0.087053
v 0.169414 0.116304 0.086414
v 0.169701 0.116077 0.085721
v 0.169566 0.123923 0.085649
v 0.169150 0.123696 0.086273
v 0.168765 0.123326 0.086848
v 0.168429 0.122828 0.087352
v 0.168152 0.122222 0.087765
v 0.167947 0.121531 0.088073
v 0.167820 0.120780 0.088262
v 0.167778 0.120000 0.088326
v 0.167820 0.119220 0.088262
v 0.167947 0.118469 0.088073
v 0.168152 0.117778 0.087765
v 0.168429 0.117172 0.087352
v 0.168765 0.116674 0.086848
v 0.169150 0.116304 0.086273
v 0.169566 0.116077 0.085649
v 0.169448 0.123923 0.085552
v 0.168918 0.123696 0.086082
v 0.168429 0.123326 0.086571
v 0.168000 0.122828 0.087000
v 0.167648 0.122222 0.087352
v 0.167387 0.121531 0.087613
v 0.167226 0.120780 0.087774
v 0.167172 0.120000 0.087828
v 0.167226 0.119220 0.087774
v 0.167387 0.118469 0.087613
v 0.167648 0.117778 0.087352
v 0.168000 0.117172 0.087000
v 0.168429 0.116674 0.086571
v 0.168918 0.116304 0.086082
v 0.169448 0.116077 0.085552
v 0.169351 0.123923 0.085434
v 0.168727 0.123696 0.085850
v 0.168152 0.123326 0.086235
v 0.167648 0.122828 0.086571
v 0.167235 0.122222 0.086848
v 0.166927 0.121531 0.087053
v 0.166738 0.120780 0.087180
v 0.166674 0.120000 0.087222
v 0.166738 0.119220 0.087180
v 0.166927 0.118469 0.087053
v 0.167235 0.117778 0.086848
v 0.167648 0.117172 0.086571
v 0.168152 0.116674 0.086235
v 0.168727 0.116304 0.085850
v 0.169351 0.116077 0.085434
v 0.169279 0.123923 0.085299
v 0.168586 0.123696 0.085586
v 0.167947 0.123326 0.085850
v 0.167387 0.122828 0.086082
v 0.166927 0.122222 0.086273
v 0.166586 0.121531 0.086414
v 0.166375 0.120780 0.086501
v 0.166304 0.120000 0.086531
v 0.166375 0.119220 0.086501
v 0.166586 0.118469 0.086414
v 0.166927 0.117778 0.086273
v 0.167387 0.117172 0.086082
v 0.167947 0.116674 0.085850
v 0.168586 0.116304 0.085586
v 0.169279 0.116077 0.085299
v 0.169235 0.123923 0.085152
v 0.168499 0.123696 0.085299
v 0.167820 0.123326 0.085434
v 0.167226 0.122828 0.085552
v 0.166738 0.122222 0.085649
v 0.166376 0.121531 0.085721
v 0.166152 0.120780 0.085765
v 0.166077 0.120000 0.085780
v 0.166152 0.119220 0.085765
v 0.166376 0.118469 0.085721
v 0.166738 0.117778 0.085649
v 0.167226 0.117172 0.085552
v 0.167820 0.116674 0.085434
v 0.168499 0.116304 0.085299
v 0.169235 0.116077 0.085152
v 0.169220 0.123923 0.085000
v 0.168469 0.123696 0.085000
v 0.167778 0.123326 0.085000
v 0.167172 0.122828 0.085000
v 0.166674 0.122222 0.085000
v 0.166304 0.121531 0.085000
v 0.166077 0.120780 0.085000
v 0.166000 0.120000 0.085000
v 0.166077 0.119220 0.085000
v 0.166304 0.118469 0.085000
v 0.166674 0.117778 0.085000
v 0.167172 0.117172 0.085000
v 0.167778 0.116674 0.085000
v 0.168469 0.116304 0.085000
v 0.169220 0.116077 0.085000
v 0.169235 0.123923 0.084848
v 0.168499 0.123696 0.084701
v 0.167820 0.123326 0.084566
v 0.167226 0.122828 0.084448
v 0.166738 0.122222 0.084351
v 0.166376 0.121531 0.084279
v 0.166152 0.120780 0.084235
v 0.166077 0.120000 0.084220
v 0.166152 0.119220 0.084235
v 0.166376 0.118469 0.084279
v 0.166738 0.117778 0.084351
v 0.167226 0.117172 0.084448
v 0.167820 0.116674 0.084566
v 0.168499 0.116304 0.084701
v 0.169235 0.116077 0.084848
v 0.169279 0.123923 0.084701
v 0.168586 0.123696 0.084414
v 0.167947 0.123326 0.084150
v 0.167387 0.122828 0.083918
v 0.166927 0.122222 0.083727
v 0.166586 0.121531 0.083586
v 0.166376 0.120780 0.083499
v 0.166304 0.120000 0.083469
v 0.166376 0.119220 0.083499
v 0.166586 0.118469 0.083586
v 0.166927 0.117778 0.083727
v 0.167387 0.117172 0.083918
v 0.167947 0.116674 0.084150
v 0.168586 0.116304 0.084414
v 0.169279 0.116077 0.084701
v 0.169351 0.123923 0.084566
v 0.168727 0.123696 0.084150
v 0.168152 0.123326 0.083765
v 0.167648 0.122828 0.083429
v 0.167235 0.122222 0.083152
v 0.166927 0.121531 0.082947
v 0.166738 0.120780 0.082820
v 0.166674 0.120000 0.082778
v 0.166738 0.119220 0.082820
v 0.166927 0.118469 0.082947
v 0.167235 0.117778 0.083152
v 0.167648 0.117172 0.083429
v 0.168152 0.116674 0.083765
v 0.168727 0.116304 0.084150
v 0.169351 0.116077 0.084566
v 0.169448 0.123923 0.084448
v 0.168918 0.123696 0.083918
v 0.168429 0.123326 0.083429
v 0.168000 0.122828 0.083000
v 0.167648 0.122222 0.082648
v 0.167387 0.121531 0.082387
v 0.167226 0.120780 0.082226
v 0.167172 0.120000 0.082172
v 0.167226 0.119220 0.082226
v 0.167387 0.118469 0.082387
v 0.167648 0.117778 0.082648
v 0.168000 0.117172 0.083000
v 0.168429 0.116674 0.083429
v 0.168918 0.116304 0.083918
v 0.169448 0.116077 0.084448
v 0.169566 0.123923 0.084351
v 0.169150 0.123696 0.083727
v 0.168765 0.123326 0.083152
v 0.168429 0.122828 0.082648
v 0.168152 0.122222 0.082235
v 0.167947 0.121531 0.081927
v 0.167820 0.120780 0.081738
v 0.167778 0.120000 0.081674
v 0.167820 0.119220 0.081738
v 0.167947 0.118469 0.081927
v 0.168152 0.117778 0.082235
v 0.168429 0.117172 0.082648
v 0.168765 0.116674 0.083152
v 0.169150 0.116304 0.083727
v 0.169566 0.116077 0.084351
v 0.169701 0.123923 0.084279
v 0.169414 0.123696 0.083586
v 0.169150 0.123326 0.082947
v 0.168918 0.122828 0.082387
v 0.168727 0.122222 0.081927
v 0.168586 0.121531 0.081586
v 0.168499 0.120780 0.081375
v 0.168469 0.120000 0.081304
v 0.168499 0.119220 0.081375
v 0.168586 0.118469 0.081586
v 0.168727 0.117778 0.081927
v 0.168918 0.117172 0.082387
v 0.169150 0.116674 0.082947
v 0.169414 0.116304 0.083586
v 0.169701 0.116077 0.084279
v 0.169848 0.123923 0.084235
v 0.169701 0.123696 0.083499
v 0.169566 0.123326 0.082820
v 0.169448 0.122828 0.082226
v 0.169351 0.122222 0.081738
v 0.169279 0.121531 0.081375
v 0.169235 0.120780 0.081152
v 0.169220 0.120000 0.081077
v 0.169235 0.119220 0.081152
v 0.169279 0.118469 0.081375
v 0.169351 0.117778 0.081738
v 0.169448 0.117172 0.082226
v 0.169566 0.116674 0.082820
v 0.169701 0.116304 0.083499
v 0.169848 0.116077 0.084235
v 0.170000 0.123696 0.083469
v 0.170000 0.122222 0.081674
v 0.170000 0.120780 0.081077
v 0.170000 0.118469 0.081304
v 0.170000 0.117172 0.082172
v 0.170000 0.116304 0.083469
vn 0.0759 0.6326 -0.7708
vn 0.0624 -0.7715 -0.6332
vn 0.0865 0.4696 -0.8786
vn 0.0464 -0.8810 -0.4709
vn 0.0938 0.2890 -0.9527
vn 0.0286 -0.9565 -0.2902
vn 0.0975 0.0976 -0.9904
vn 0.0097 0.9951 -0.0980
vn 0.0097 -0.9951 -0.0980
vn 0.0975 -0.0975 -0.9904
vn 0.0286 0.9565 -0.2902
vn 0.0938 -0.2890 -0.9527
vn 0.0464 0.8810 -0.4709
vn 0.0865 -0.4696 -0.8786
vn 0.0624 0.7715 -0.6332
vn 0.0759 -0.6326 -0.7708
vn 0.1847 0.7715 -0.6088
vn 0.2248 -0.6326 -0.7412
vn 0.2248 0.6326 -0.7412
vn 0.1847 -0.7715 -0.6088
vn 0.2563 0.4696 -0.8448
vn 0.1374 -0.8810 -0.4528
vn 0.2779 0.2890 -0.9161
vn 0.0846 -0.9565 -0.2790
vn 0.2889 0.0975 -0.9524
vn 0.0286 0.9951 -0.0942
vn 0.0286 -0.9951 -0.0942
vn 0.2889 -0.0975 -0.9524
vn 0.0846 0.9565 -0.2790
vn 0.2779 -0.2890 -0.9161
vn 0.1374 0.8810 -0.4528
vn 0.2563 -0.4696 -0.8448
vn 0.4691 0.0975 -0.8777
vn 0.0464 0.9951 -0.0869
vn 0.0464 -0.9951 -0.0869
vn 0.4691 -0.0975 -0.8777
vn 0.1374 0.9565 -0.2571
vn 0.4513 -0.2890 -0.8443
vn 0.2230 0.8810 -0.4173
vn 0.4162 -0.4696 -0.7786
vn 0.2999 0.7715 -0.5611
vn 0.3651 -0.6326 -0.6831
vn 0.3651 0.6326 -0.6831
vn 0.2999 -0.7715 -0.5611
vn 0.4162 0.4696 -0.7786
vn 0.2230 -0.8810 -0.4173
vn 0.4513 0.2890 -0.8443
vn 0.1374 -0.9565 -0.2571
vn 0.4913 -0.6326 -0.5987
vn 0.4913 0.6326 -0.5987
vn 0.4036 -0.7715 -0.4918
vn 0.5601 0.4696 -0.6825
vn 0.3002 -0.8810 -0.3658
vn 0.6073 0.2890 -0.7400
vn 0.1850 -0.9565 -0.2254
vn 0.6314 0.0975 -0.7693
vn 0.0625 0.9951 -0.0761
vn 0.0625 -0.9951 -0.0761
vn 0.6314 -0.0975 -0.7693
vn 0.1850 0.9565 -0.2254
vn 0.6073 -0.2890 -0.7400
vn 0.3002 0.8810 -0.3658
vn 0.5601 -0.4696 -0.6825
vn 0.4036 0.7715 -0.4918
vn 0.0761 0.9951 -0.0625
vn 0.0761 -0.9951 -0.0625
vn 0.7693 -0.0975 -0.6314
vn 0.2254 0.9565 -0.1850
vn 0.7400 -0.2890 -0.6073
vn 0.3658 0.8810 -0.3002
vn 0.6825 -0.4696 -0.5601
vn 0.4918 0.7715 -0.4036
vn 0.5987 -0.6326 -0.4913
vn 0.5987 0.6326 -0.4913
vn 0.4918 -0.7715 -0.4036
vn 0.6825 0.4696 -0.5601
vn 0.3658 -0.8810 -0.3002
vn 0.7400 0.2890 -0.6073
vn 0.2254 -0.9565 -0.1850
vn 0.7693 0.0975 -0.6314
vn 0.6831 0.6326 -0.3651
vn 0.5611 -0.7715 -0.2999
vn 0.7786 0.4696 -0.4162
vn 0.4173 -0.8810 -0.2230
vn 0.8443 0.2890 -0.4513
vn 0.2571 -0.9565 -0.1374
vn 0.8777 0.0975 -0.4691
vn 0.0869 0.9951 -0.0464
vn 0.0869 -0.9951 -0.0464
vn 0.8777 -0.0975 -0.4691
vn 0.2571 0.9565 -0.1374
vn 0.8443 -0.2890 -0.4513
vn 0.4173 0.8810 -0.2230
vn 0.7786 -0.4696 -0.4162
vn 0.5611 0.7715 -0.2999
vn 0.6831 -0.6326 -0.3651
vn 0.9524 -0.0975 -0.2889
vn 0.2790 0.9565 -0.0846
vn 0.9161 -0.2890 -0.2779
vn 0.4528 0.8810 -0.1374
vn 0.8448 -0.4696 -0.2563
vn 0.6088 0.7715 -0.1847
vn 0.7412 -0.6326 -0.2248
vn 0.7412 0.6326 -0.2248
vn 0.6088 -0.7715 -0.1847
vn 0.8448 0.4696 -0.2563
vn 0.4528 -0.8810 -0.1374
vn 0.9161 0.2890 -0.2779
vn 0.2790 -0.9565 -0.0846
vn 0.9524 0.0975 -0.2889
vn 0.0942 0.9951 -0.0286
vn 0.0942 -0.9951 -0.0286
vn 0.6332 -0.7715 -0.0624
vn 0.8786 0.4696 -0.0865
vn 0.4709 -0.8810 -0.0464
vn 0.9527 0.2890 -0.0938
vn 0.2902 -0.9565 -0.0286
vn 0.9904 0.0976 -0.0975
vn 0.0980 0.9951 -0.0097
vn 0.0980 -0.9951 -0.0097
vn 0.9904 -0.0976 -0.0975
vn 0.2902 0.9565 -0.0286
vn 0.9527 -0.2890 -0.0938
vn 0.4709 0.8810 -0.0464
vn 0.8786 -0.4696 -0.0865
vn 0.6332 0.7715 -0.0624
vn 0.7708 -0.6326 -0.0759
vn 0.7708 0.6326 -0.0759
vn 0.9527 -0.2890 0.0938
vn 0.4709 0.8810 0.0464
vn 0.8786 -0.4696 0.0865
vn 0.6332 0.7715 0.0624
vn 0.7708 -0.6326 0.0759
vn 0.7708 0.6326 0.0759
vn 0.6332 -0.7715 0.0624
vn 0.8786 0.4696 0.0865
vn 0.4709 -0.8810 0.0464
vn 0.9527 0.2890 0.0938
vn 0.2902 -0.9565 0.0286
vn 0.9904 0.0976 0.0975
vn 0.0980 0.9951 0.0097
vn 0.0980 -0.9951 0.0097
vn 0.9904 -0.0976 0.0975
vn 0.2902 0.9565 0.0286
vn 0.4528 -0.8810 0.1374
vn 0.9161 0.2890 0.2779
vn 0.2790 -0.9565 0.0846
vn 0.9524 0.0976 0.2889
vn 0.0942 0.9951 0.0286
vn 0.0942 -0.9951 0.0286
vn 0.9524 -0.0976 0.2889
vn 0.2790 0.9565 0.0846
vn 0.9161 -0.2890 0.2779
vn 0.4528 0.8810 0.1374
vn 0.8448 -0.4696 0.2563
vn 0.6088 0.7715 0.1847
vn 0.7412 -0.6326 0.2248
vn 0.7412 0.6326 0.2248
vn 0.6088 -0.7715 0.1847
vn 0.8448 0.4696 0.2563
vn 0.4173 0.8810 0.2230
vn 0.7786 -0.4696 0.4162
vn 0.5611 0.7715 0.2999
vn 0.6831 -0.6326 0.3651
vn 0.6831 0.6326 0.3651
vn 0.5611 -0.7715 0.2999
vn 0.7786 0.4696 0.4162
vn 0.4173 -0.8810 0.2230
vn 0.8443 0.2890 0.4513
vn 0.2571 -0.9565 0.1374
vn 0.8777 0.0976 0.4691
vn 0.0869 0.9951 0.0464
vn 0.0869 -0.9951 0.0464
vn 0.8777 -0.0976 0.4691
vn 0.2571 0.9565 0.1374
vn 0.8443 -0.2890 0.4513
vn 0.7400 0.2890 0.6073
vn 0.2254 -0.9565 0.1850
vn 0.7693 0.0976 0.6314
vn 0.0761 0.9951 0.0625
vn 0.0761 -0.9951 0.0625
vn 0.7693 -0.0976 0.6314
vn 0.2254 0.9565 0.1850
vn 0.7400 -0.2890 0.6073
vn 0.3658 0.8810 0.3002
vn 0.6825 -0.4696 0.5601
vn 0.4918 0.7715 0.4036
vn 0.5987 -0.6326 0.4913
vn 0.5987 0.6326 0.4913
vn 0.4918 -0.7715 0.4036
vn 0.6825 0.4696 0.5601
vn 0.3658 -0.8810 0.3002
vn 0.5601 -0.4696 0.6825
vn 0.4036 0.7715 0.4918
vn 0.4913 -0.6326 0.5987
vn 0.4913 0.6326 0.5987
vn 0.4036 -0.7715 0.4918
vn 0.5601 0.4696 0.6825
vn 0.3002 -0.8810 0.3658
vn 0.6073 0.2890 0.7400
vn 0.1850 -0.9565 0.2254
vn 0.6314 0.0976 0.7693
vn 0.0625 0.9951 0.0761
vn 0.0625 -0.9951 0.0761
vn 0.6314 -0.0976 0.7693
vn 0.1850 0.9565 0.2254
vn 0.6073 -0.2890 0.7400
vn 0.3002 0.8810 0.3658
vn 0.1374 -0.9565 0.2571
vn 0.4691 0.0976 0.8777
vn 0.0464 0.9951 0.0869
vn 0.0464 -0.9951 0.0869
vn 0.4691 -0.0976 0.8777
vn 0.1374 0.9565 0.2571
vn 0.4513 -0.2890 0.8443
vn 0.2231 0.8810 0.4173
vn 0.4162 -0.4696 0.7786
vn 0.2999 0.7715 0.5611
vn 0.3651 -0.6326 0.6831
vn 0.3651 0.6326 0.6831
vn 0.2999 -0.7715 0.5611
vn 0.4162 0.4696 0.7786
vn 0.2231 -0.8810 0.4173
vn 0.4513 0.2890 0.8443
vn 0.1847 0.7715 0.6088
vn 0.2248 -0.6326 0.7412
vn 0.2248 0.6326 0.7412
vn 0.1847 -0.7715 0.6088
vn 0.2563 0.4696 0.8448
vn 0.1374 -0.8810 0.4528
vn 0.2779 0.2890 0.9161
vn 0.0846 -0.9565 0.2790
vn 0.2889 0.0975 0.9524
vn 0.0286 0.9951 0.0942
vn 0.0286 -0.9951 0.0942
vn 0.2889 -0.0976 0.9524
vn 0.0846 0.9565 0.2790
vn 0.2779 -0.2890 0.9161
vn 0.1374 0.8810 0.4528
vn 0.2563 -0.4696 0.8448
vn 0.0975 0.0975 0.9904
vn 0.0097 0.9951 0.0980
vn 0.0097 -0.9951 0.0980
vn 0.0975 -0.0975 0.9904
vn 0.0286 0.9565 0.2902
vn 0.0938 -0.2890 0.9527
vn 0.0464 0.8810 0.4709
vn 0.0865 -0.4696 0.8786
vn 0.0624 0.7715 0.6332
vn 0.0759 -0.6326 0.7708
vn 0.0759 0.6326 0.7708
vn 0.0624 -0.7715 0.6332
vn 0.0865 0.4696 0.8786
vn 0.0464 -0.8810 0.4709
vn 0.0938 0.2890 0.9527
vn 0.0286 -0.9565 0.2902
vn -0.0759 -0.6326 0.7708
vn -0.0759 0.6326 0.7708
vn -0.0624 -0.7715 0.6332
vn -0.0865 0.4696 0.8786
vn -0.0464 -0.8810 0.4709
vn -0.0938 0.2890 0.9527
vn -0.0286 -0.9565 0.2902
vn -0.0975 0.0975 0.9904
vn -0.0097 0.9951 0.0980
vn -0.0097 -0.9951 0.0980
vn -0.0975 -0.0975 0.9904
vn -0.0286 0.9565 0.2902
vn -0.0938 -0.2890 0.9527
vn -0.0464 0.8810 0.4709
vn -0.0865 -0.4696 0.8786
vn -0.0624 0.7715 0.6332
vn -0.0286 -0.9951 0.0942
vn -0.2889 -0.0976 0.9524
vn -0.0846 0.9565 0.2790
vn -0.2779 -0.2890 0.9161
vn -0.1374 0.8810 0.4528
vn -0.2563 -0.4696 0.8448
vn -0.1847 0.7715 0.6088
vn -0.2248 -0.6326 0.7412
vn -0.2248 0.6326 0.7412
vn -0.1847 -0.7715 0.6088
vn -0.2563 0.4696 0.8448
vn -0.1374 -0.8810 0.4528
vn -0.2779 0.2890 0.9161
vn -0.0846 -0.9565 0.2790
vn -0.2889 0.0976 0.9524
vn -0.0286 0.9951 0.0942
vn -0.2999 -0.7715 0.5611
vn -0.4162 0.4696 0.7786
vn -0.2231 -0.8810 0.4173
vn -0.4513 0.2890 0.8443
vn -0.1374 -0.9565 0.2571
vn -0.4691 0.0976 0.8777
vn -0.0464 0.9951 0.0869
vn -0.0464 -0.9951 0.0869
vn -0.4691 -0.0976 0.8777
vn -0.1374 0.9565 0.2571
vn -0.4513 -0.2890 0.8443
vn -0.2231 0.8810 0.4173
vn -0.4162 -0.4696 0.7786
vn -0.2999 0.7715 0.5611
vn -0.3651 -0.6326 0.6831
vn -0.3651 0.6326 0.6831
vn -0.1850 0.9565 0.2254
vn -0.6073 -0.2890 0.7400
vn -0.3002 0.8810 0.3658
vn -0.5601 -0.4696 0.6825
vn -0.4036 0.7715 0.4918
vn -0.4913 -0.6326 0.5987
vn -0.4913 0.6326 0.5987
vn -0.4036 -0.7715 0.4918
vn -0.5601 0.4696 0.6825
vn -0.3002 -0.8810 0.3658
vn -0.6073 0.2890 0.7400
vn -0.1850 -0.9565 0.2254
vn -0.6314 0.0976 0.7693
vn -0.0625 0.9951 0.0761
vn -0.0625 -0.9951 0.0761
vn -0.6314 -0.0976 0.7693
vn -0.6825 0.4696 0.5601
vn -0.3658 -0.8810 0.3002
vn -0.7400 0.2890 0.6073
vn -0.2254 -0.9565 0.1850
vn -0.7693 0.0976 0.6314
vn -0.0761 0.9951 0.0625
vn -0.0761 -0.9951 0.0625
vn -0.7693 -0.0976 0.6314
vn -0.2254 0.9565 0.1850
vn -0.7400 -0.2890 0.6073
vn -0.3658 0.8810 0.3002
vn -0.6825 -0.4696 0.5601
vn -0.4918 0.7715 0.4036
vn -0.5987 -0.6326 0.4913
vn -0.5987 0.6326 0.4913
vn -0.4918 -0.7715 0.4036
vn -0.8443 -0.2890 0.4513
vn -0.4173 0.8810 0.2230
vn -0.7786 -0.4696 0.4162
vn -0.5611 0.7715 0.2999
vn -0.6831 -0.6326 0.3651
vn -0.6831 0.6326 0.3651
vn -0.5611 -0.7715 0.2999
vn -0.7786 0.4696 0.4162
vn -0.4173 -0.8810 0.2230
vn -0.8443 0.2890 0.4513
vn -0.2571 -0.9565 0.1374
vn -0.8777 0.0976 0.4691
vn -0.0869 0.9951 0.0464
vn -0.0869 -0.9951 0.0464
vn -0.8777 -0.0976 0.4691
vn -0.2571 0.9565 0.1374
vn -0.4528 -0.8810 0.1374
vn -0.9161 0.2890 0.2779
vn -0.2790 -0.9565 0.0846
vn -0.9524 0.0976 0.2889
vn -0.0942 0.9951 0.0286
vn -0.0942 -0.9951 0.0286
vn -0.9524 -0.0976 0.2889
vn -0.2790 0.9565 0.0846
vn -0.9161 -0.2890 0.2779
vn -0.4528 0.8810 0.1374
vn -0.8448 -0.4696 0.2563
vn -0.6088 0.7715 0.1847
vn -0.7412 -0.6326 0.2248
vn -0.7412 0.6326 0.2248
vn -0.6088 -0.7715 0.1847
vn -0.8448 0.4696 0.2563
vn -0.4709 0.8810 0.0464
vn -0.8786 -0.4696 0.0865
vn -0.6332 0.7715 0.0624
vn -0.7708 -0.6326 0.0759
vn -0.7708 0.6326 0.0759
vn -0.6332 -0.7715 0.0624
vn -0.8786 0.4696 0.0865
vn -0.4709 -0.8810 0.0464
vn -0.9527 0.2890 0.0938
vn -0.2902 -0.9565 0.0286
vn -0.9904 0.0976 0.0975
vn -0.0980 0.9951 0.0097
vn -0.0980 -0.9951 0.0097
vn -0.9904 -0.0976 0.0975
vn -0.2902 0.9565 0.0286
vn -0.9527 -0.2890 0.0938
vn -0.9527 0.2890 -0.0938
vn -0.2902 -0.9565 -0.0286
vn -0.9904 0.0976 -0.0976
vn -0.0980 0.9951 -0.0097
vn -0.0980 -0.9951 -0.0097
vn -0.9904 -0.0976 -0.0976
vn -0.2902 0.9565 -0.0286
vn -0.9527 -0.2890 -0.0938
vn -0.4709 0.8810 -0.0464
vn -0.8786 -0.4696 -0.0865
vn -0.6332 0.7715 -0.0624
vn -0.7708 -0.6326 -0.0759
vn -0.7708 0.6326 -0.0759
vn -0.6332 -0.7715 -0.0624
vn -0.8786 0.4696 -0.0865
vn -0.4709 -0.8810 -0.0464
vn -0.8448 -0.4696 -0.2563
vn -0.6088 0.7715 -0.1847
vn -0.7412 -0.6326 -0.2248
vn -0.7412 0.6326 -0.2248
vn -0.6088 -0.7715 -0.1847
vn -0.8448 0.4696 -0.2563
vn -0.4528 -0.8810 -0.1374
vn -0.9161 0.2890 -0.2779
vn -0.2790 -0.9565 -0.0846
vn -0.9524 0.0976 -0.2889
vn -0.0942 0.9951 -0.0286
vn -0.0942 -0.9951 -0.0286
vn -0.9524 -0.0976 -0.2889
vn -0.2790 0.9565 -0.0846
vn -0.9161 -0.2890 -0.2779
vn -0.4528 0.8810 -0.1374
vn -0.2571 -0.9565 -0.1374
vn -0.8777 0.0976 -0.4691
vn -0.0869 0.9951 -0.0464
vn -0.0869 -0.9951 -0.0464
vn -0.8777 -0.0976 -0.4691
vn -0.2571 0.9565 -0.1374
vn -0.8443 -0.2890 -0.4513
vn -0.4173 0.8810 -0.2230
vn -0.7786 -0.4696 -0.4162
vn -0.5611 0.7715 -0.2999
vn -0.6831 -0.6326 -0.3651
vn -0.6831 0.6326 -0.3651
vn -0.5611 -0.7715 -0.2999
vn -0.7786 0.4696 -0.4162
vn -0.4173 -0.8810 -0.2230
vn -0.8443 0.2890 -0.4513
vn -0.5987 -0.6326 -0.4913
vn -0.5987 0.6326 -0.4913
vn -0.4918 -0.7715 -0.4036
vn -0.6825 0.4696 -0.5601
vn -0.3658 -0.8810 -0.3002
vn -0.7400 0.2890 -0.6073
vn -0.2254 -0.9565 -0.1850
vn -0.7693 0.0976 -0.6314
vn -0.0761 0.9951 -0.0625
vn -0.0761 -0.9951 -0.0625
vn -0.7693 -0.0976 -0.6314
vn -0.2254 0.9565 -0.1850
vn -0.7400 -0.2890 -0.6073
vn -0.3658 0.8810 -0.3002
vn -0.6825 -0.4696 -0.5601
vn -0.4918 0.7715 -0.4036
vn -0.0625 0.9951 -0.0761
vn -0.0625 -0.9951 -0.0761
vn -0.6314 -0.0976 -0.7693
vn -0.1850 0.9565 -0.2254
vn -0.6073 -0.2890 -0.7400
vn -0.3002 0.8810 -0.3658
vn -0.5601 -0.4696 -0.6825
vn -0.4036 0.7715 -0.4918
vn -0.4913 -0.6326 -0.5987
vn -0.4913 0.6326 -0.5987
vn -0.4036 -0.7715 -0.4918
vn -0.5601 0.4696 -0.6825
vn -0.3002 -0.8810 -0.3658
vn -0.6073 0.2890 -0.7400
vn -0.1850 -0.9565 -0.2254
vn -0.6314 0.0976 -0.7693
vn -0.3651 0.6326 -0.6831
vn -0.2999 -0.7715 -0.5611
vn -0.4162 0.4696 -0.7786
vn -0.2230 -0.8810 -0.4173
vn -0.4513 0.2890 -0.8443
vn -0.1374 -0.9565 -0.2571
vn -0.4691 0.0976 -0.8777
vn -0.0464 0.9951 -0.0869
vn -0.0464 -0.9951 -0.0869
vn -0.4691 -0.0976 -0.8777
vn -0.1374 0.9565 -0.2571
vn -0.4513 -0.2890 -0.8443
vn -0.2230 0.8810 -0.4173
vn -0.4162 -0.4696 -0.7786
vn -0.2999 0.7715 -0.5611
vn -0.3651 -0.6326 -0.6831
vn -0.2889 -0.0976 -0.9524
vn -0.0846 0.9565 -0.2790
vn -0.2779 -0.2890 -0.9161
vn -0.1374 0.8810 -0.4528
vn -0.2563 -0.4696 -0.8448
vn -0.1847 0.7715 -0.6088
vn -0.2248 -0.6326 -0.7412
vn -0.2248 0.6326 -0.7412
vn -0.1847 -0.7715 -0.6088
vn -0.2563 0.4696 -0.8448
vn -0.1374 -0.8810 -0.4528
vn -0.2779 0.2890 -0.9161
vn -0.0846 -0.9565 -0.2790
vn -0.2889 0.0976 -0.9524
vn -0.0286 0.9951 -0.0942
vn -0.0286 -0.9951 -0.0942
vn -0.0624 -0.7715 -0.6332
vn -0.0865 0.4696 -0.8786
vn -0.0464 -0.8810 -0.4709
vn -0.0938 0.2890 -0.9527
vn -0.0286 -0.9565 -0.2902
vn -0.0976 0.0976 -0.9904
vn -0.0097 0.9951 -0.0980
vn -0.0097 -0.9951 -0.0980
vn -0.0976 -0.0976 -0.9904
vn -0.0286 0.9565 -0.2902
vn -0.0938 -0.2890 -0.9527
vn -0.0464 0.8810 -0.4709
vn -0.0865 -0.4696 -0.8786
vn -0.0624 0.7715 -0.6332
vn -0.0759 -0.6326 -0.7708
vn -0.0759 0.6326 -0.7708
vt 0.750000 0.687500
vt 0.750000 0.750000
vt 0.718750 0.750000
vt 0.718750 0.687500
vt 0.750000 0.187500
vt 0.750000 0.250000
vt 0.718750 0.250000
vt 0.718750 0.187500
vt 0.750000 0.625000
vt 0.718750 0.625000
vt 0.750000 0.125000
vt 0.718750 0.125000
vt 0.750000 0.562500
vt 0.718750 0.562500
vt 0.750000 0.062500
vt 0.718750 0.062500
vt 0.750000 0.500000
vt 0.718750 0.500000
vt 0.750000 0.937500
vt 0.734375 1.000000
vt 0.718750 0.937500
vt 0.734375 0.000000
vt 0.750000 0.437500
vt 0.718750 0.437500
vt 0.750000 0.875000
vt 0.718750 0.875000
vt 0.750000 0.375000
vt 0.718750 0.375000
vt 0.750000 0.812500
vt 0.718750 0.812500
vt 0.750000 0.312500
vt 0.718750 0.312500
vt 0.687500 0.812500
vt 0.687500 0.750000
vt 0.687500 0.312500
vt 0.687500 0.250000
vt 0.687500 0.687500
vt 0.687500 0.187500
vt 0.687500 0.625000
vt 0.687500 0.125000
vt 0.687500 0.562500
vt 0.687500 0.062500
vt 0.687500 0.500000
vt 0.703125 1.000000
vt 0.687500 0.937500
vt 0.703125 0.000000
vt 0.687500 0.437500
vt 0.687500 0.875000
vt 0.687500 0.375000
vt 0.656250 0.562500
vt 0.656250 0.500000
vt 0.671875 1.000000
vt 0.656250 0.937500
vt 0.671875 0.000000
vt 0.656250 0.062500
vt 0.656250 0.437500
vt 0.656250 0.875000
vt 0.656250 0.375000
vt 0.656250 0.812500
vt 0.656250 0.312500
vt 0.656250 0.750000
vt 0.656250 0.250000
vt 0.656250 0.687500
vt 0.656250 0.187500
vt 0.656250 0.625000
vt 0.656250 0.125000
vt 0.625000 0.312500
vt 0.625000 0.250000
vt 0.625000 0.750000
vt 0.625000 0.687500
vt 0.625000 0.187500
vt 0.625000 0.625000
vt 0.625000 0.125000
vt 0.625000 0.562500
vt 0.625000 0.062500
vt 0.625000 0.500000
vt 0.640625 1.000000
vt 0.625000 0.937500
vt 0.640625 0.000000
vt 0.625000 0.437500
vt 0.625000 0.875000
vt 0.625000 0.375000
vt 0.625000 0.812500
vt 0.609375 1.000000
vt 0.593750 0.937500
vt 0.609375 0.000000
vt 0.593750 0.062500
vt 0.593750 0.500000
vt 0.593750 0.437500
vt 0.593750 0.875000
vt 0.593750 0.375000
vt 0.593750 0.812500
vt 0.593750 0.312500
vt 0.593750 0.750000
vt 0.593750 0.250000
vt 0.593750 0.687500
vt 0.593750 0.187500
vt 0.593750 0.625000
vt 0.593750 0.125000
vt 0.593750 0.562500
vt 0.562500 0.750000
vt 0.562500 0.687500
vt 0.562500 0.250000
vt 0.562500 0.187500
vt 0.562500 0.625000
vt 0.562500 0.125000
vt 0.562500 0.562500
vt 0.562500 0.062500
vt 0.562500 0.500000
vt 0.578125 1.000000
vt 0.562500 0.937500
vt 0.578125 0.000000
vt 0.562500 0.437500
vt 0.562500 0.875000
vt 0.562500 0.375000
vt 0.562500 0.812500
vt 0.562500 0.312500
vt 0.531250 0.500000
vt 0.531250 0.437500
vt 0.531250 0.937500
vt 0.531250 0.875000
vt 0.531250 0.375000
vt 0.531250 0.812500
vt 0.531250 0.312500
vt 0.531250 0.750000
vt 0.531250 0.250000
vt 0.531250 0.687500
vt 0.531250 0.187500
vt 0.531250 0.625000
vt 0.531250 0.125000
vt 0.531250 0.562500
vt 0.531250 0.062500
vt 0.546875 1.000000
vt 0.546875 0.000000
vt 0.500000 0.250000
vt 0.500000 0.187500
vt 0.500000 0.687500
vt 0.500000 0.625000
vt 0.500000 0.125000
vt 0.500000 0.562500
vt 0.500000 0.062500
vt 0.500000 0.500000
vt 0.515625 1.000000
vt 0.500000 0.937500
vt 0.515625 0.000000
vt 0.500000 0.437500
vt 0.500000 0.875000
vt 0.500000 0.375000
vt 0.500000 0.812500
vt 0.500000 0.312500
vt 0.500000 0.750000
vt 0.468750 0.437500
vt 0.468750 0.375000
vt 0.468750 0.875000
vt 0.468750 0.812500
vt 0.468750 0.312500
vt 0.468750 0.750000
vt 0.468750 0.250000
vt 0.468750 0.687500
vt 0.468750 0.187500
vt 0.468750 0.625000
vt 0.468750 0.125000
vt 0.468750 0.562500
vt 0.468750 0.062500
vt 0.468750 0.500000
vt 0.484375 1.000000
vt 0.468750 0.937500
vt 0.484375 0.000000
vt 0.437500 0.187500
vt 0.437500 0.125000
vt 0.437500 0.625000
vt 0.437500 0.562500
vt 0.437500 0.062500
vt 0.437500 0.500000
vt 0.453125 1.000000
vt 0.437500 0.937500
vt 0.453125 0.000000
vt 0.437500 0.437500
vt 0.437500 0.875000
vt 0.437500 0.375000
vt 0.437500 0.812500
vt 0.437500 0.312500
vt 0.437500 0.750000
vt 0.437500 0.250000
vt 0.437500 0.687500
vt 0.406250 0.875000
vt 0.406250 0.812500
vt 0.406250 0.375000
vt 0.406250 0.312500
vt 0.406250 0.750000
vt 0.406250 0.250000
vt 0.406250 0.687500
vt 0.406250 0.187500
vt 0.406250 0.625000
vt 0.406250 0.125000
vt 0.406250 0.562500
vt 0.406250 0.062500
vt 0.406250 0.500000
vt 0.421875 1.000000
vt 0.406250 0.937500
vt 0.421875 0.000000
vt 0.406250 0.437500
vt 0.375000 0.625000
vt 0.375000 0.562500
vt 0.375000 0.125000
vt 0.375000 0.062500
vt 0.375000 0.500000
vt 0.390625 1.000000
vt 0.375000 0.937500
vt 0.390625 0.000000
vt 0.375000 0.437500
vt 0.375000 0.875000
vt 0.375000 0.375000
vt 0.375000 0.812500
vt 0.375000 0.312500
vt 0.375000 0.750000
vt 0.375000 0.250000
vt 0.375000 0.687500
vt 0.375000 0.187500
vt 0.343750 0.375000
vt 0.343750 0.312500
vt 0.343750 0.812500
vt 0.343750 0.750000
vt 0.343750 0.250000
vt 0.343750 0.687500
vt 0.343750 0.187500
vt 0.343750 0.625000
vt 0.343750 0.125000
vt 0.343750 0.562500
vt 0.343750 0.062500
vt 0.343750 0.500000
vt 0.359375 1.000000
vt 0.343750 0.937500
vt 0.359375 0.000000
vt 0.343750 0.437500
vt 0.343750 0.875000
vt 0.312500 0.125000
vt 0.312500 0.062500
vt 0.312500 0.562500
vt 0.312500 0.500000
vt 0.328125 1.000000
vt 0.312500 0.937500
vt 0.328125 0.000000
vt 0.312500 0.437500
vt 0.312500 0.875000
vt 0.312500 0.375000
vt 0.312500 0.812500
vt 0.312500 0.312500
vt 0.312500 0.750000
vt 0.312500 0.250000
vt 0.312500 0.687500
vt 0.312500 0.187500
vt 0.312500 0.625000
vt 0.281250 0.812500
vt 0.281250 0.750000
vt 0.281250 0.312500
vt 0.281250 0.250000
vt 0.281250 0.687500
vt 0.281250 0.187500
vt 0.281250 0.625000
vt 0.281250 0.125000
vt 0.281250 0.562500
vt 0.281250 0.062500
vt 0.281250 0.500000
vt 0.296875 1.000000
vt 0.281250 0.937500
vt 0.296875 0.000000
vt 0.281250 0.437500
vt 0.281250 0.875000
vt 0.281250 0.375000
vt 0.250000 0.562500
vt 0.250000 0.500000
vt 0.265625 1.000000
vt 0.250000 0.937500
vt 0.265625 0.000000
vt 0.250000 0.062500
vt 0.250000 0.437500
vt 0.250000 0.875000
vt 0.250000 0.375000
vt 0.250000 0.812500
vt 0.250000 0.312500
vt 0.250000 0.750000
vt 0.250000 0.250000
vt 0.250000 0.687500
vt 0.250000 0.187500
vt 0.250000 0.625000
vt 0.250000 0.125000
vt 0.218750 0.312500
vt 0.218750 0.250000
vt 0.218750 0.750000
vt 0.218750 0.687500
vt 0.218750 0.187500
vt 0.218750 0.625000
vt 0.218750 0.125000
vt 0.218750 0.562500
vt 0.218750 0.062500
vt 0.218750 0.500000
vt 0.234375 1.000000
vt 0.218750 0.937500
vt 0.234375 0.000000
vt 0.218750 0.437500
vt 0.218750 0.875000
vt 0.218750 0.375000
vt 0.218750 0.812500
vt 0.203125 0.000000
vt 0.187500 0.062500
vt 0.187500 0.500000
vt 0.187500 0.437500
vt 0.187500 0.937500
vt 0.187500 0.875000
vt 0.187500 0.375000
vt 0.187500 0.812500
vt 0.187500 0.312500
vt 0.187500 0.750000
vt 0.187500 0.250000
vt 0.187500 0.687500
vt 0.187500 0.187500
vt 0.187500 0.625000
vt 0.187500 0.125000
vt 0.187500 0.562500
vt 0.203125 1.000000
vt 0.156250 0.250000
vt 0.156250 0.187500
vt 0.156250 0.687500
vt 0.156250 0.625000
vt 0.156250 0.125000
vt 0.156250 0.562500
vt 0.156250 0.062500
vt 0.156250 0.500000
vt 0.171875 1.000000
vt 0.156250 0.937500
vt 0.171875 0.000000
vt 0.156250 0.437500
vt 0.156250 0.875000
vt 0.156250 0.375000
vt 0.156250 0.812500
vt 0.156250 0.312500
vt 0.156250 0.750000
vt 0.125000 0.937500
vt 0.125000 0.875000
vt 0.125000 0.437500
vt 0.125000 0.375000
vt 0.125000 0.812500
vt 0.125000 0.312500
vt 0.125000 0.750000
vt 0.125000 0.250000
vt 0.125000 0.687500
vt 0.125000 0.187500
vt 0.125000 0.625000
vt 0.125000 0.125000
vt 0.125000 0.562500
vt 0.125000 0.062500
vt 0.125000 0.500000
vt 0.140625 1.000000
vt 0.140625 0.000000
vt 0.093750 0.687500
vt 0.093750 0.625000
vt 0.093750 0.187500
vt 0.093750 0.125000
vt 0.093750 0.562500
vt 0.093750 0.062500
vt 0.093750 0.500000
vt 0.109375 1.000000
vt 0.093750 0.937500
vt 0.109375 0.000000
vt 0.093750 0.437500
vt 0.093750 0.875000
vt 0.093750 0.375000
vt 0.093750 0.812500
vt 0.093750 0.312500
vt 0.093750 0.750000
vt 0.093750 0.250000
vt 0.062500 0.437500
vt 0.062500 0.375000
vt 0.062500 0.875000
vt 0.062500 0.812500
vt 0.062500 0.312500
vt 0.062500 0.750000
vt 0.062500 0.250000
vt 0.062500 0.687500
vt 0.062500 0.187500
vt 0.062500 0.625000
vt 0.062500 0.125000
vt 0.062500 0.562500
vt 0.062500 0.062500
vt 0.062500 0.500000
vt 0.078125 1.000000
vt 0.062500 0.937500
vt 0.078125 0.000000
vt 0.031250 0.187500
vt 0.031250 0.125000
vt 0.031250 0.625000
vt 0.031250 0.562500
vt 0.031250 0.062500
vt 0.031250 0.500000
vt 0.046875 1.000000
vt 0.031250 0.937500
vt 0.046875 0.000000
vt 0.031250 0.437500
vt 0.031250 0.875000
vt 0.031250 0.375000
vt 0.031250 0.812500
vt 0.031250 0.312500
vt 0.031250 0.750000
vt 0.031250 0.250000
vt 0.031250 0.687500
vt 0.000000 0.875000
vt 0.000000 0.812500
vt 0.000000 0.375000
vt 0.000000 0.312500
vt 0.000000 0.750000
vt 0.000000 0.250000
vt 0.000000 0.687500
vt 0.000000 0.187500
vt 0.000000 0.625000
vt 0.000000 0.125000
vt 0.000000 0.562500
vt 0.000000 0.062500
vt 0.000000 0.500000
vt 0.015625 1.000000
vt 0.000000 0.937500
vt 0.015625 0.000000
vt 0.000000 0.437500
vt 1.000000 0.562500
vt 1.000000 0.625000
vt 0.968750 0.625000
vt 0.968750 0.562500
vt 1.000000 0.062500
vt 1.000000 0.125000
vt 0.968750 0.125000
vt 0.968750 0.062500
vt 1.000000 0.500000
vt 0.968750 0.500000
vt 1.000000 0.937500
vt 0.984375 1.000000
vt 0.968750 0.937500
vt 0.984375 0.000000
vt 1.000000 0.437500
vt 0.968750 0.437500
vt 1.000000 0.875000
vt 0.968750 0.875000
vt 1.000000 0.375000
vt 0.968750 0.375000
vt 1.000000 0.812500
vt 0.968750 0.812500
vt 1.000000 0.312500
vt 0.968750 0.312500
vt 1.000000 0.750000
vt 0.968750 0.750000
vt 1.000000 0.250000
vt 0.968750 0.250000
vt 1.000000 0.687500
vt 0.968750 0.687500
vt 1.000000 0.187500
vt 0.968750 0.187500
vt 0.937500 0.375000
vt 0.937500 0.312500
vt 0.937500 0.812500
vt 0.937500 0.750000
vt 0.937500 0.250000
vt 0.937500 0.687500
vt 0.937500 0.187500
vt 0.937500 0.625000
vt 0.937500 0.125000
vt 0.937500 0.562500
vt 0.937500 0.062500
vt 0.937500 0.500000
vt 0.953125 1.000000
vt 0.937500 0.937500
vt 0.953125 0.000000
vt 0.937500 0.437500
vt 0.937500 0.875000
vt 0.906250 0.125000
vt 0.906250 0.062500
vt 0.906250 0.562500
vt 0.906250 0.500000
vt 0.921875 1.000000
vt 0.906250 0.937500
vt 0.921875 0.000000
vt 0.906250 0.437500
vt 0.906250 0.875000
vt 0.906250 0.375000
vt 0.906250 0.812500
vt 0.906250 0.312500
vt 0.906250 0.750000
vt 0.906250 0.250000
vt 0.906250 0.687500
vt 0.906250 0.187500
vt 0.906250 0.625000
vt 0.875000 0.312500
vt 0.875000 0.250000
vt 0.875000 0.750000
vt 0.875000 0.687500
vt 0.875000 0.187500
vt 0.875000 0.625000
vt 0.875000 0.125000
vt 0.875000 0.562500
vt 0.875000 0.062500
vt 0.875000 0.500000
vt 0.890625 1.000000
vt 0.875000 0.937500
vt 0.890625 0.000000
vt 0.875000 0.437500
vt 0.875000 0.875000
vt 0.875000 0.375000
vt 0.875000 0.812500
vt 0.859375 1.000000
vt 0.843750 0.937500
vt 0.859375 0.000000
vt 0.843750 0.062500
vt 0.843750 0.500000
vt 0.843750 0.437500
vt 0.843750 0.875000
vt 0.843750 0.375000
vt 0.843750 0.812500
vt 0.843750 0.312500
vt 0.843750 0.750000
vt 0.843750 0.250000
vt 0.843750 0.687500
vt 0.843750 0.187500
vt 0.843750 0.625000
vt 0.843750 0.125000
vt 0.843750 0.562500
vt 0.812500 0.750000
vt 0.812500 0.687500
vt 0.812500 0.250000
vt 0.812500 0.187500
vt 0.812500 0.625000
vt 0.812500 0.125000
vt 0.812500 0.562500
vt 0.812500 0.062500
vt 0.812500 0.500000
vt 0.828125 1.000000
vt 0.812500 0.937500
vt 0.828125 0.000000
vt 0.812500 0.437500
vt 0.812500 0.875000
vt 0.812500 0.375000
vt 0.812500 0.812500
vt 0.812500 0.312500
vt 0.781250 0.500000
vt 0.781250 0.437500
vt 0.781250 0.937500
vt 0.781250 0.875000
vt 0.781250 0.375000
vt 0.781250 0.812500
vt 0.781250 0.312500
vt 0.781250 0.750000
vt 0.781250 0.250000
vt 0.781250 0.687500
vt 0.781250 0.187500
vt 0.781250 0.625000
vt 0.781250 0.125000
vt 0.781250 0.562500
vt 0.781250 0.062500
vt 0.796875 1.000000
vt 0.796875 0.000000
vt 0.765625 1.000000
vt 0.765625 0.000000
s 0
usemtl HandleMaterial.011
f 3772/3274/3339 3298/3275/3339 3309/3276/3339 3310/3277/3339
f 3303/3278/3340 3775/3279/3340 3317/3280/3340 3318/3281/3340
f 3299/3282/3341 3772/3274/3341 3310/3277/3341 3311/3283/3341
f 3776/3284/3342 3303/3278/3342 3318/3281/3342 3319/3285/3342
f 3773/3286/3343 3299/3282/3343 3311/3283/3343 3312/3287/3343
f 3304/3288/3344 3776/3284/3344 3319/3285/3344 3320/3289/3344
f 3300/3290/3345 3773/3286/3345 3312/3287/3345 3313/3291/3345
f 3296/3292/3346 3295/3293/3346 3306/3294/3346
f 3305/3295/3347 3304/3288/3347 3320/3289/3347
f 3301/3296/3348 3300/3290/3348 3313/3291/3348 3314/3297/3348
f 3771/3298/3349 3296/3292/3349 3306/3294/3349 3307/3299/3349
f 3774/3300/3350 3301/3296/3350 3314/3297/3350 3315/3301/3350
f 3297/3302/3351 3771/3298/3351 3307/3299/3351 3308/3303/3351
f 3302/3304/3352 3774/3300/3352 3315/3301/3352 3316/3305/3352
f 3298/3275/3353 3297/3302/3353 3308/3303/3353 3309/3276/3353
f 3775/3279/3354 3302/3304/3354 3316/3305/3354 3317/3280/3354
f 3309/3276/3355 3308/3303/3355 3323/3306/3355 3324/3307/3355
f 3317/3280/3356 3316/3305/3356 3331/3308/3356 3332/3309/3356
f 3310/3277/3357 3309/3276/3357 3324/3307/3357 3325/3310/3357
f 3318/3281/3358 3317/3280/3358 3332/3309/3358 3333/3311/3358
f 3311/3283/3359 3310/3277/3359 3325/3310/3359 3326/3312/3359
f 3319/3285/3360 3318/3281/3360 3333/3311/3360 3334/3313/3360
f 3312/3287/3361 3311/3283/3361 3326/3312/3361 3327/3314/3361
f 3320/3289/3362 3319/3285/3362 3334/3313/3362 3335/3315/3362
f 3313/3291/3363 3312/3287/3363 3327/3314/3363 3328/3316/3363
f 3306/3294/3364 3295/3317/3364 3321/3318/3364
f 3305/3319/3365 3320/3289/3365 3335/3315/3365
f 3314/3297/3366 3313/3291/3366 3328/3316/3366 3329/3320/3366
f 3307/3299/3367 3306/3294/3367 3321/3318/3367 3322/3321/3367
f 3315/3301/3368 3314/3297/3368 3329/3320/3368 3330/3322/3368
f 3308/3303/3369 3307/3299/3369 3322/3321/3369 3323/3306/3369
f 3316/3305/3370 3315/3301/3370 3330/3322/3370 3331/3308/3370
f 3328/3316/3371 3327/3314/3371 3342/3323/3371 3343/3324/3371
f 3321/3318/3372 3295/3325/3372 3336/3326/3372
f 3305/3327/3373 3335/3315/3373 3350/3328/3373
f 3329/3320/3374 3328/3316/3374 3343/3324/3374 3344/3329/3374
f 3322/3321/3375 3321/3318/3375 3336/3326/3375 3337/3330/3375
f 3330/3322/3376 3329/3320/3376 3344/3329/3376 3345/3331/3376
f 3323/3306/3377 3322/3321/3377 3337/3330/3377 3338/3332/3377
f 3331/3308/3378 3330/3322/3378 3345/3331/3378 3346/3333/3378
f 3324/3307/3379 3323/3306/3379 3338/3332/3379 3339/3334/3379
f 3332/3309/3380 3331/3308/3380 3346/3333/3380 3347/3335/3380
f 3325/3310/3381 3324/3307/3381 3339/3334/3381 3340/3336/3381
f 3333/3311/3382 3332/3309/3382 3347/3335/3382 3348/3337/3382
f 3326/3312/3383 3325/3310/3383 3340/3336/3383 3341/3338/3383
f 3334/3313/3384 3333/3311/3384 3348/3337/3384 3349/3339/3384
f 3327/3314/3385 3326/3312/3385 3341/3338/3385 3342/3323/3385
f 3335/3315/3386 3334/3313/3386 3349/3339/3386 3350/3328/3386
f 3347/3335/3387 3346/3333/3387 3361/3340/3387 3362/3341/3387
f 3340/3336/3388 3339/3334/3388 3354/3342/3388 3355/3343/3388
f 3348/3337/3389 3347/3335/3389 3362/3341/3389 3363/3344/3389
f 3341/3338/3390 3340/3336/3390 3355/3343/3390 3356/3345/3390
f 3349/3339/3391 3348/3337/3391 3363/3344/3391 3364/3346/3391
f 3342/3323/3392 3341/3338/3392 3356/3345/3392 3357/3347/3392
f 3350/3328/3393 3349/3339/3393 3364/3346/3393 3365/3348/3393
f 3343/3324/3394 3342/3323/3394 3357/3347/3394 3358/3349/3394
f 3336/3326/3395 3295/3350/3395 3351/3351/3395
f 3305/3352/3396 3350/3328/3396 3365/3348/3396
f 3344/3329/3397 3343/3324/3397 3358/3349/3397 3359/3353/3397
f 3337/3330/3398 3336/3326/3398 3351/3351/3398 3352/3354/3398
f 3345/3331/3399 3344/3329/3399 3359/3353/3399 3360/3355/3399
f 3338/3332/3400 3337/3330/3400 3352/3354/3400 3353/3356/3400
f 3346/3333/3401 3345/3331/3401 3360/3355/3401 3361/3340/3401
f 3339/3334/3402 3338/3332/3402 3353/3356/3402 3354/3342/3402
f 3351/3351/3403 3295/3357/3403 3366/3358/3403
f 3305/3359/3404 3365/3348/3404 3380/3360/3404
f 3359/3353/3405 3358/3349/3405 3373/3361/3405 3374/3362/3405
f 3352/3354/3406 3351/3351/3406 3366/3358/3406 3367/3363/3406
f 3360/3355/3407 3359/3353/3407 3374/3362/3407 3375/3364/3407
f 3353/3356/3408 3352/3354/3408 3367/3363/3408 3368/3365/3408
f 3361/3340/3409 3360/3355/3409 3375/3364/3409 3376/3366/3409
f 3354/3342/3410 3353/3356/3410 3368/3365/3410 3369/3367/3410
f 3362/3341/3411 3361/3340/3411 3376/3366/3411 3377/3368/3411
f 3355/3343/3412 3354/3342/3412 3369/3367/3412 3370/3369/3412
f 3363/3344/3413 3362/3341/3413 3377/3368/3413 3378/3370/3413
f 3356/3345/3414 3355/3343/3414 3370/3369/3414 3371/3371/3414
f 3364/3346/3415 3363/3344/3415 3378/3370/3415 3379/3372/3415
f 3357/3347/3416 3356/3345/3416 3371/3371/3416 3372/3373/3416
f 3365/3348/3417 3364/3346/3417 3379/3372/3417 3380/3360/3417
f 3358/3349/3418 3357/3347/3418 3372/3373/3418 3373/3361/3418
f 3370/3369/3419 3369/3367/3419 3384/3374/3419 3385/3375/3419
f 3378/3370/3420 3377/3368/3420 3392/3376/3420 3393/3377/3420
f 3371/3371/3421 3370/3369/3421 3385/3375/3421 3386/3378/3421
f 3379/3372/3422 3378/3370/3422 3393/3377/3422 3394/3379/3422
f 3372/3373/3423 3371/3371/3423 3386/3378/3423 3387/3380/3423
f 3380/3360/3424 3379/3372/3424 3394/3379/3424 3395/3381/3424
f 3373/3361/3425 3372/3373/3425 3387/3380/3425 3388/3382/3425
f 3366/3358/3426 3295/3383/3426 3381/3384/3426
f 3305/3385/3427 3380/3360/3427 3395/3381/3427
f 3374/3362/3428 3373/3361/3428 3388/3382/3428 3389/3386/3428
f 3367/3363/3429 3366/3358/3429 3381/3384/3429 3382/3387/3429
f 3375/3364/3430 3374/3362/3430 3389/3386/3430 3390/3388/3430
f 3368/3365/3431 3367/3363/3431 3382/3387/3431 3383/3389/3431
f 3376/3366/3432 3375/3364/3432 3390/3388/3432 3391/3390/3432
f 3369/3367/3433 3368/3365/3433 3383/3389/3433 3384/3374/3433
f 3377/3368/3434 3376/3366/3434 3391/3390/3434 3392/3376/3434
f 3389/3386/3435 3388/3382/3435 3403/3391/3435 3404/3392/3435
f 3382/3387/3436 3381/3384/3436 3396/3393/3436 3397/3394/3436
f 3390/3388/3437 3389/3386/3437 3404/3392/3437 3405/3395/3437
f 3383/3389/3438 3382/3387/3438 3397/3394/3438 3398/3396/3438
f 3391/3390/3439 3390/3388/3439 3405/3395/3439 3406/3397/3439
f 3384/3374/3440 3383/3389/3440 3398/3396/3440 3399/3398/3440
f 3392/3376/3441 3391/3390/3441 3406/3397/3441 3407/3399/3441
f 3385/3375/3442 3384/3374/3442 3399/3398/3442 3400/3400/3442
f 3393/3377/3443 3392/3376/3443 3407/3399/3443 3408/3401/3443
f 3386/3378/3444 3385/3375/3444 3400/3400/3444 3401/3402/3444
f 3394/3379/3445 3393/3377/3445 3408/3401/3445 3409/3403/3445
f 3387/3380/3446 3386/3378/3446 3401/3402/3446 3402/3404/3446
f 3395/3381/3447 3394/3379/3447 3409/3403/3447 3410/3405/3447
f 3388/3382/3448 3387/3380/3448 3402/3404/3448 3403/3391/3448
f 3381/3384/3449 3295/3406/3449 3396/3393/3449
f 3305/3407/3450 3395/3381/3450 3410/3405/3450
f 3408/3401/3451 3407/3399/3451 3422/3408/3451 3423/3409/3451
f 3401/3402/3452 3400/3400/3452 3415/3410/3452 3416/3411/3452
f 3409/3403/3453 3408/3401/3453 3423/3409/3453 3424/3412/3453
f 3402/3404/3454 3401/3402/3454 3416/3411/3454 3417/3413/3454
f 3410/3405/3455 3409/3403/3455 3424/3412/3455 3425/3414/3455
f 3403/3391/3456 3402/3404/3456 3417/3413/3456 3418/3415/3456
f 3396/3393/3457 3295/3416/3457 3411/3417/3457
f 3305/3418/3458 3410/3405/3458 3425/3414/3458
f 3404/3392/3459 3403/3391/3459 3418/3415/3459 3419/3419/3459
f 3397/3394/3460 3396/3393/3460 3411/3417/3460 3412/3420/3460
f 3405/3395/3461 3404/3392/3461 3419/3419/3461 3420/3421/3461
f 3398/3396/3462 3397/3394/3462 3412/3420/3462 3413/3422/3462
f 3406/3397/3463 3405/3395/3463 3420/3421/3463 3421/3423/3463
f 3399/3398/3464 3398/3396/3464 3413/3422/3464 3414/3424/3464
f 3407/3399/3465 3406/3397/3465 3421/3423/3465 3422/3408/3465
f 3400/3400/3466 3399/3398/3466 3414/3424/3466 3415/3410/3466
f 3420/3421/3467 3419/3419/3467 3434/3425/3467 3435/3426/3467
f 3413/3422/3468 3412/3420/3468 3427/3427/3468 3428/3428/3468
f 3421/3423/3469 3420/3421/3469 3435/3426/3469 3436/3429/3469
f 3414/3424/3470 3413/3422/3470 3428/3428/3470 3429/3430/3470
f 3422/3408/3471 3421/3423/3471 3436/3429/3471 3437/3431/3471
f 3415/3410/3472 3414/3424/3472 3429/3430/3472 3430/3432/3472
f 3423/3409/3473 3422/3408/3473 3437/3431/3473 3438/3433/3473
f 3416/3411/3474 3415/3410/3474 3430/3432/3474 3431/3434/3474
f 3424/3412/3475 3423/3409/3475 3438/3433/3475 3439/3435/3475
f 3417/3413/3476 3416/3411/3476 3431/3434/3476 3432/3436/3476
f 3425/3414/3477 3424/3412/3477 3439/3435/3477 3440/3437/3477
f 3418/3415/3478 3417/3413/3478 3432/3436/3478 3433/3438/3478
f 3411/3417/3479 3295/3439/3479 3426/3440/3479
f 3305/3441/3480 3425/3414/3480 3440/3437/3480
f 3419/3419/3481 3418/3415/3481 3433/3438/3481 3434/3425/3481
f 3412/3420/3482 3411/3417/3482 3426/3440/3482 3427/3427/3482
f 3439/3435/3483 3438/3433/3483 3453/3442/3483 3454/3443/3483
f 3432/3436/3484 3431/3434/3484 3446/3444/3484 3447/3445/3484
f 3440/3437/3485 3439/3435/3485 3454/3443/3485 3455/3446/3485
f 3433/3438/3486 3432/3436/3486 3447/3445/3486 3448/3447/3486
f 3426/3440/3487 3295/3448/3487 3441/3449/3487
f 3305/3450/3488 3440/3437/3488 3455/3446/3488
f 3434/3425/3489 3433/3438/3489 3448/3447/3489 3449/3451/3489
f 3427/3427/3490 3426/3440/3490 3441/3449/3490 3442/3452/3490
f 3435/3426/3491 3434/3425/3491 3449/3451/3491 3450/3453/3491
f 3428/3428/3492 3427/3427/3492 3442/3452/3492 3443/3454/3492
f 3436/3429/3493 3435/3426/3493 3450/3453/3493 3451/3455/3493
f 3429/3430/3494 3428/3428/3494 3443/3454/3494 3444/3456/3494
f 3437/3431/3495 3436/3429/3495 3451/3455/3495 3452/3457/3495
f 3430/3432/3496 3429/3430/3496 3444/3456/3496 3445/3458/3496
f 3438/3433/3497 3437/3431/3497 3452/3457/3497 3453/3442/3497
f 3431/3434/3498 3430/3432/3498 3445/3458/3498 3446/3444/3498
f 3443/3454/3499 3442/3452/3499 3457/3459/3499 3458/3460/3499
f 3451/3455/3500 3450/3453/3500 3465/3461/3500 3466/3462/3500
f 3444/3456/3501 3443/3454/3501 3458/3460/3501 3459/3463/3501
f 3452/3457/3502 3451/3455/3502 3466/3462/3502 3467/3464/3502
f 3445/3458/3503 3444/3456/3503 3459/3463/3503 3460/3465/3503
f 3453/3442/3504 3452/3457/3504 3467/3464/3504 3468/3466/3504
f 3446/3444/3505 3445/3458/3505 3460/3465/3505 3461/3467/3505
f 3454/3443/3506 3453/3442/3506 3468/3466/3506 3469/3468/3506
f 3447/3445/3507 3446/3444/3507 3461/3467/3507 3462/3469/3507
f 3455/3446/3508 3454/3443/3508 3469/3468/3508 3470/3470/3508
f 3448/3447/3509 3447/3445/3509 3462/3469/3509 3463/3471/3509
f 3441/3449/3510 3295/3472/3510 3456/3473/3510
f 3305/3474/3511 3455/3446/3511 3470/3470/3511
f 3449/3451/3512 3448/3447/3512 3463/3471/3512 3464/3475/3512
f 3442/3452/3513 3441/3449/3513 3456/3473/3513 3457/3459/3513
f 3450/3453/3514 3449/3451/3514 3464/3475/3514 3465/3461/3514
f 3462/3469/3515 3461/3467/3515 3476/3476/3515 3477/3477/3515
f 3470/3470/3516 3469/3468/3516 3484/3478/3516 3485/3479/3516
f 3463/3471/3517 3462/3469/3517 3477/3477/3517 3478/3480/3517
f 3456/3473/3518 3295/3481/3518 3471/3482/3518
f 3305/3483/3519 3470/3470/3519 3485/3479/3519
f 3464/3475/3520 3463/3471/3520 3478/3480/3520 3479/3484/3520
f 3457/3459/3521 3456/3473/3521 3471/3482/3521 3472/3485/3521
f 3465/3461/3522 3464/3475/3522 3479/3484/3522 3480/3486/3522
f 3458/3460/3523 3457/3459/3523 3472/3485/3523 3473/3487/3523
f 3466/3462/3524 3465/3461/3524 3480/3486/3524 3481/3488/3524
f 3459/3463/3525 3458/3460/3525 3473/3487/3525 3474/3489/3525
f 3467/3464/3526 3466/3462/3526 3481/3488/3526 3482/3490/3526
f 3460/3465/3527 3459/3463/3527 3474/3489/3527 3475/3491/3527
f 3468/3466/3528 3467/3464/3528 3482/3490/3528 3483/3492/3528
f 3461/3467/3529 3460/3465/3529 3475/3491/3529 3476/3476/3529
f 3469/3468/3530 3468/3466/3530 3483/3492/3530 3484/3478/3530
f 3481/3488/3531 3480/3486/3531 3495/3493/3531 3496/3494/3531
f 3474/3489/3532 3473/3487/3532 3488/3495/3532 3489/3496/3532
f 3482/3490/3533 3481/3488/3533 3496/3494/3533 3497/3497/3533
f 3475/3491/3534 3474/3489/3534 3489/3496/3534 3490/3498/3534
f 3483/3492/3535 3482/3490/3535 3497/3497/3535 3498/3499/3535
f 3476/3476/3536 3475/3491/3536 3490/3498/3536 3491/3500/3536
f 3484/3478/3537 3483/3492/3537 3498/3499/3537 3499/3501/3537
f 3477/3477/3538 3476/3476/3538 3491/3500/3538 3492/3502/3538
f 3485/3479/3539 3484/3478/3539 3499/3501/3539 3500/3503/3539
f 3478/3480/3540 3477/3477/3540 3492/3502/3540 3493/3504/3540
f 3471/3482/3541 3295/3505/3541 3486/3506/3541
f 3305/3507/3542 3485/3479/3542 3500/3503/3542
f 3479/3484/3543 3478/3480/3543 3493/3504/3543 3494/3508/3543
f 3472/3485/3544 3471/3482/3544 3486/3506/3544 3487/3509/3544
f 3480/3486/3545 3479/3484/3545 3494/3508/3545 3495/3493/3545
f 3473/3487/3546 3472/3485/3546 3487/3509/3546 3488/3495/3546
f 3500/3503/3547 3499/3501/3547 3514/3510/3547 3515/3511/3547
f 3493/3504/3548 3492/3502/3548 3507/3512/3548 3508/3513/3548
f 3486/3506/3549 3295/3514/3549 3501/3515/3549
f 3305/3516/3550 3500/3503/3550 3515/3511/3550
f 3494/3508/3551 3493/3504/3551 3508/3513/3551 3509/3517/3551
f 3487/3509/3552 3486/3506/3552 3501/3515/3552 3502/3518/3552
f 3495/3493/3553 3494/3508/3553 3509/3517/3553 3510/3519/3553
f 3488/3495/3554 3487/3509/3554 3502/3518/3554 3503/3520/3554
f 3496/3494/3555 3495/3493/3555 3510/3519/3555 3511/3521/3555
f 3489/3496/3556 3488/3495/3556 3503/3520/3556 3504/3522/3556
f 3497/3497/3557 3496/3494/3557 3511/3521/3557 3512/3523/3557
f 3490/3498/3558 3489/3496/3558 3504/3522/3558 3505/3524/3558
f 3498/3499/3559 3497/3497/3559 3512/3523/3559 3513/3525/3559
f 3491/3500/3560 3490/3498/3560 3505/3524/3560 3506/3526/3560
f 3499/3501/3561 3498/3499/3561 3513/3525/3561 3514/3510/3561
f 3492/3502/3562 3491/3500/3562 3506/3526/3562 3507/3512/3562
f 3504/3522/3563 3503/3520/3563 3518/3527/3563 3519/3528/3563
f 3512/3523/3564 3511/3521/3564 3526/3529/3564 3527/3530/3564
f 3505/3524/3565 3504/3522/3565 3519/3528/3565 3520/3531/3565
f 3513/3525/3566 3512/3523/3566 3527/3530/3566 3528/3532/3566
f 3506/3526/3567 3505/3524/3567 3520/3531/3567 3521/3533/3567
f 3514/3510/3568 3513/3525/3568 3528/3532/3568 3529/3534/3568
f 3507/3512/3569 3506/3526/3569 3521/3533/3569 3522/3535/3569
f 3515/3511/3570 3514/3510/3570 3529/3534/3570 3530/3536/3570
f 3508/3513/3571 3507/3512/3571 3522/3535/3571 3523/3537/3571
f 3501/3515/3572 3295/3538/3572 3516/3539/3572
f 3305/3540/3573 3515/3511/3573 3530/3536/3573
f 3509/3517/3574 3508/3513/3574 3523/3537/3574 3524/3541/3574
f 3502/3518/3575 3501/3515/3575 3516/3539/3575 3517/3542/3575
f 3510/3519/3576 3509/3517/3576 3524/3541/3576 3525/3543/3576
f 3503/3520/3577 3502/3518/3577 3517/3542/3577 3518/3527/3577
f 3511/3521/3578 3510/3519/3578 3525/3543/3578 3526/3529/3578
f 3523/3537/3579 3522/3535/3579 3537/3544/3579 3538/3545/3579
f 3516/3539/3580 3295/3546/3580 3531/3547/3580
f 3305/3548/3581 3530/3536/3581 3545/3549/3581
f 3524/3541/3582 3523/3537/3582 3538/3545/3582 3539/3550/3582
f 3517/3542/3583 3516/3539/3583 3531/3547/3583 3532/3551/3583
f 3525/3543/3584 3524/3541/3584 3539/3550/3584 3540/3552/3584
f 3518/3527/3585 3517/3542/3585 3532/3551/3585 3533/3553/3585
f 3526/3529/3586 3525/3543/3586 3540/3552/3586 3541/3554/3586
f 3519/3528/3587 3518/3527/3587 3533/3553/3587 3534/3555/3587
f 3527/3530/3588 3526/3529/3588 3541/3554/3588 3542/3556/3588
f 3520/3531/3589 3519/3528/3589 3534/3555/3589 3535/3557/3589
f 3528/3532/3590 3527/3530/3590 3542/3556/3590 3543/3558/3590
f 3521/3533/3591 3520/3531/3591 3535/3557/3591 3536/3559/3591
f 3529/3534/3592 3528/3532/3592 3543/3558/3592 3544/3560/3592
f 3522/3535/3593 3521/3533/3593 3536/3559/3593 3537/3544/3593
f 3530/3536/3594 3529/3534/3594 3544/3560/3594 3545/3549/3594
f 3542/3556/3595 3541/3554/3595 3556/3561/3595 3557/3562/3595
f 3535/3557/3596 3534/3555/3596 3549/3563/3596 3550/3564/3596
f 3543/3558/3597 3542/3556/3597 3557/3562/3597 3558/3565/3597
f 3536/3559/3598 3535/3557/3598 3550/3564/3598 3551/3566/3598
f 3544/3560/3599 3543/3558/3599 3558/3565/3599 3559/3567/3599
f 3537/3544/3600 3536/3559/3600 3551/3566/3600 3552/3568/3600
f 3545/3549/3601 3544/3560/3601 3559/3567/3601 3560/3569/3601
f 3538/3545/3602 3537/3544/3602 3552/3568/3602 3553/3570/3602
f 3531/3547/3603 3295/3571/3603 3546/3572/3603
f 3305/3573/3604 3545/3549/3604 3560/3569/3604
f 3539/3550/3605 3538/3545/3605 3553/3570/3605 3554/3574/3605
f 3532/3551/3606 3531/3547/3606 3546/3572/3606 3547/3575/3606
f 3540/3552/3607 3539/3550/3607 3554/3574/3607 3555/3576/3607
f 3533/3553/3608 3532/3551/3608 3547/3575/3608 3548/3577/3608
f 3541/3554/3609 3540/3552/3609 3555/3576/3609 3556/3561/3609
f 3534/3555/3610 3533/3553/3610 3548/3577/3610 3549/3563/3610
f 3305/3578/3611 3560/3569/3611 3575/3579/3611
f 3554/3574/3612 3553/3570/3612 3568/3580/3612 3569/3581/3612
f 3547/3575/3613 3546/3572/3613 3561/3582/3613 3562/3583/3613
f 3555/3576/3614 3554/3574/3614 3569/3581/3614 3570/3584/3614
f 3548/3577/3615 3547/3575/3615 3562/3583/3615 3563/3585/3615
f 3556/3561/3616 3555/3576/3616 3570/3584/3616 3571/3586/3616
f 3549/3563/3617 3548/3577/3617 3563/3585/3617 3564/3587/3617
f 3557/3562/3618 3556/3561/3618 3571/3586/3618 3572/3588/3618
f 3550/3564/3619 3549/3563/3619 3564/3587/3619 3565/3589/3619
f 3558/3565/3620 3557/3562/3620 3572/3588/3620 3573/3590/3620
f 3551/3566/3621 3550/3564/3621 3565/3589/3621 3566/3591/3621
f 3559/3567/3622 3558/3565/3622 3573/3590/3622 3574/3592/3622
f 3552/3568/3623 3551/3566/3623 3566/3591/3623 3567/3593/3623
f 3560/3569/3624 3559/3567/3624 3574/3592/3624 3575/3579/3624
f 3553/3570/3625 3552/3568/3625 3567/3593/3625 3568/3580/3625
f 3546/3572/3626 3295/3594/3626 3561/3582/3626
f 3573/3590/3627 3572/3588/3627 3587/3595/3627 3588/3596/3627
f 3566/3591/3628 3565/3589/3628 3580/3597/3628 3581/3598/3628
f 3574/3592/3629 3573/3590/3629 3588/3596/3629 3589/3599/3629
f 3567/3593/3630 3566/3591/3630 3581/3598/3630 3582/3600/3630
f 3575/3579/3631 3574/3592/3631 3589/3599/3631 3590/3601/3631
f 3568/3580/3632 3567/3593/3632 3582/3600/3632 3583/3602/3632
f 3561/3582/3633 3295/3603/3633 3576/3604/3633
f 3305/3605/3634 3575/3579/3634 3590/3601/3634
f 3569/3581/3635 3568/3580/3635 3583/3602/3635 3584/3606/3635
f 3562/3583/3636 3561/3582/3636 3576/3604/3636 3577/3607/3636
f 3570/3584/3637 3569/3581/3637 3584/3606/3637 3585/3608/3637
f 3563/3585/3638 3562/3583/3638 3577/3607/3638 3578/3609/3638
f 3571/3586/3639 3570/3584/3639 3585/3608/3639 3586/3610/3639
f 3564/3587/3640 3563/3585/3640 3578/3609/3640 3579/3611/3640
f 3572/3588/3641 3571/3586/3641 3586/3610/3641 3587/3595/3641
f 3565/3589/3642 3564/3587/3642 3579/3611/3642 3580/3597/3642
f 3577/3607/3643 3576/3604/3643 3591/3612/3643 3592/3613/3643
f 3585/3608/3644 3584/3606/3644 3599/3614/3644 3600/3615/3644
f 3578/3609/3645 3577/3607/3645 3592/3613/3645 3593/3616/3645
f 3586/3610/3646 3585/3608/3646 3600/3615/3646 3601/3617/3646
f 3579/3611/3647 3578/3609/3647 3593/3616/3647 3594/3618/3647
f 3587/3595/3648 3586/3610/3648 3601/3617/3648 3602/3619/3648
f 3580/3597/3649 3579/3611/3649 3594/3618/3649 3595/3620/3649
f 3588/3596/3650 3587/3595/3650 3602/3619/3650 3603/3621/3650
f 3581/3598/3651 3580/3597/3651 3595/3620/3651 3596/3622/3651
f 3589/3599/3652 3588/3596/3652 3603/3621/3652 3604/3623/3652
f 3582/3600/3653 3581/3598/3653 3596/3622/3653 3597/3624/3653
f 3590/3601/3654 3589/3599/3654 3604/3623/3654 3605/3625/3654
f 3583/3602/3655 3582/3600/3655 3597/3624/3655 3598/3626/3655
f 3576/3604/3656 3295/3627/3656 3591/3612/3656
f 3305/3628/3657 3590/3601/3657 3605/3625/3657
f 3584/3606/3658 3583/3602/3658 3598/3626/3658 3599/3614/3658
f 3596/3622/3659 3595/3620/3659 3610/3629/3659 3611/3630/3659
f 3604/3623/3660 3603/3621/3660 3618/3631/3660 3619/3632/3660
f 3597/3624/3661 3596/3622/3661 3611/3630/3661 3612/3633/3661
f 3605/3625/3662 3604/3623/3662 3619/3632/3662 3620/3634/3662
f 3598/3626/3663 3597/3624/3663 3612/3633/3663 3613/3635/3663
f 3591/3612/3664 3295/3636/3664 3606/3637/3664
f 3305/3638/3665 3605/3625/3665 3620/3634/3665
f 3599/3614/3666 3598/3626/3666 3613/3635/3666 3614/3639/3666
f 3592/3613/3667 3591/3612/3667 3606/3637/3667 3607/3640/3667
f 3600/3615/3668 3599/3614/3668 3614/3639/3668 3615/3641/3668
f 3593/3616/3669 3592/3613/3669 3607/3640/3669 3608/3642/3669
f 3601/3617/3670 3600/3615/3670 3615/3641/3670 3616/3643/3670
f 3594/3618/3671 3593/3616/3671 3608/3642/3671 3609/3644/3671
f 3602/3619/3672 3601/3617/3672 3616/3643/3672 3617/3645/3672
f 3595/3620/3673 3594/3618/3673 3609/3644/3673 3610/3629/3673
f 3603/3621/3674 3602/3619/3674 3617/3645/3674 3618/3631/3674
f 3615/3641/3675 3614/3639/3675 3629/3646/3675 3630/3647/3675
f 3608/3642/3676 3607/3640/3676 3622/3648/3676 3623/3649/3676
f 3616/3643/3677 3615/3641/3677 3630/3647/3677 3631/3650/3677
f 3609/3644/3678 3608/3642/3678 3623/3649/3678 3624/3651/3678
f 3617/3645/3679 3616/3643/3679 3631/3650/3679 3632/3652/3679
f 3610/3629/3680 3609/3644/3680 3624/3651/3680 3625/3653/3680
f 3618/3631/3681 3617/3645/3681 3632/3652/3681 3633/3654/3681
f 3611/3630/3682 3610/3629/3682 3625/3653/3682 3626/3655/3682
f 3619/3632/3683 3618/3631/3683 3633/3654/3683 3634/3656/3683
f 3612/3633/3684 3611/3630/3684 3626/3655/3684 3627/3657/3684
f 3620/3634/3685 3619/3632/3685 3634/3656/3685 3635/3658/3685
f 3613/3635/3686 3612/3633/3686 3627/3657/3686 3628/3659/3686
f 3606/3637/3687 3295/3660/3687 3621/3661/3687
f 3305/3662/3688 3620/3634/3688 3635/3658/3688
f 3614/3639/3689 3613/3635/3689 3628/3659/3689 3629/3646/3689
f 3607/3640/3690 3606/3637/3690 3621/3661/3690 3622/3648/3690
f 3634/3656/3691 3633/3654/3691 3648/3663/3691 3649/3664/3691
f 3627/3657/3692 3626/3655/3692 3641/3665/3692 3642/3666/3692
f 3635/3658/3693 3634/3656/3693 3649/3664/3693 3650/3667/3693
f 3628/3659/3694 3627/3657/3694 3642/3666/3694 3643/3668/3694
f 3621/3661/3695 3295/3669/3695 3636/3670/3695
f 3305/3671/3696 3635/3658/3696 3650/3667/3696
f 3629/3646/3697 3628/3659/3697 3643/3668/3697 3644/3672/3697
f 3622/3648/3698 3621/3661/3698 3636/3670/3698 3637/3673/3698
f 3630/3647/3699 3629/3646/3699 3644/3672/3699 3645/3674/3699
f 3623/3649/3700 3622/3648/3700 3637/3673/3700 3638/3675/3700
f 3631/3650/3701 3630/3647/3701 3645/3674/3701 3646/3676/3701
f 3624/3651/3702 3623/3649/3702 3638/3675/3702 3639/3677/3702
f 3632/3652/3703 3631/3650/3703 3646/3676/3703 3647/3678/3703
f 3625/3653/3704 3624/3651/3704 3639/3677/3704 3640/3679/3704
f 3633/3654/3705 3632/3652/3705 3647/3678/3705 3648/3663/3705
f 3626/3655/3706 3625/3653/3706 3640/3679/3706 3641/3665/3706
f 3638/3675/3707 3637/3673/3707 3652/3680/3707 3653/3681/3707
f 3646/3676/3708 3645/3674/3708 3660/3682/3708 3661/3683/3708
f 3639/3677/3709 3638/3675/3709 3653/3681/3709 3654/3684/3709
f 3647/3678/3710 3646/3676/3710 3661/3683/3710 3662/3685/3710
f 3640/3679/3711 3639/3677/3711 3654/3684/3711 3655/3686/3711
f 3648/3663/3712 3647/3678/3712 3662/3685/3712 3663/3687/3712
f 3641/3665/3713 3640/3679/3713 3655/3686/3713 3656/3688/3713
f 3649/3664/3714 3648/3663/3714 3663/3687/3714 3664/3689/3714
f 3642/3666/3715 3641/3665/3715 3656/3688/3715 3657/3690/3715
f 3650/3667/3716 3649/3664/3716 3664/3689/3716 3665/3691/3716
f 3643/3668/3717 3642/3666/3717 3657/3690/3717 3658/3692/3717
f 3636/3670/3718 3295/3693/3718 3651/3694/3718
f 3305/3695/3719 3650/3667/3719 3665/3691/3719
f 3644/3672/3720 3643/3668/3720 3658/3692/3720 3659/3696/3720
f 3637/3673/3721 3636/3670/3721 3651/3694/3721 3652/3680/3721
f 3645/3674/3722 3644/3672/3722 3659/3696/3722 3660/3682/3722
f 3657/3697/3723 3656/3698/3723 3671/3699/3723 3672/3700/3723
f 3665/3701/3724 3664/3702/3724 3679/3703/3724 3680/3704/3724
f 3658/3705/3725 3657/3697/3725 3672/3700/3725 3673/3706/3725
f 3651/3707/3726 3295/3708/3726 3666/3709/3726
f 3305/3710/3727 3665/3701/3727 3680/3704/3727
f 3659/3711/3728 3658/3705/3728 3673/3706/3728 3674/3712/3728
f 3652/3713/3729 3651/3707/3729 3666/3709/3729 3667/3714/3729
f 3660/3715/3730 3659/3711/3730 3674/3712/3730 3675/3716/3730
f 3653/3717/3731 3652/3713/3731 3667/3714/3731 3668/3718/3731
f 3661/3719/3732 3660/3715/3732 3675/3716/3732 3676/3720/3732
f 3654/3721/3733 3653/3717/3733 3668/3718/3733 3669/3722/3733
f 3662/3723/3734 3661/3719/3734 3676/3720/3734 3677/3724/3734
f 3655/3725/3735 3654/3721/3735 3669/3722/3735 3670/3726/3735
f 3663/3727/3736 3662/3723/3736 3677/3724/3736 3678/3728/3736
f 3656/3698/3737 3655/3725/3737 3670/3726/3737 3671/3699/3737
f 3664/3702/3738 3663/3727/3738 3678/3728/3738 3679/3703/3738
f 3676/3720/3739 3675/3716/3739 3690/3729/3739 3691/3730/3739
f 3669/3722/3740 3668/3718/3740 3683/3731/3740 3684/3732/3740
f 3677/3724/3741 3676/3720/3741 3691/3730/3741 3692/3733/3741
f 3670/3726/3742 3669/3722/3742 3684/3732/3742 3685/3734/3742
f 3678/3728/3743 3677/3724/3743 3692/3733/3743 3693/3735/3743
f 3671/3699/3744 3670/3726/3744 3685/3734/3744 3686/3736/3744
f 3679/3703/3745 3678/3728/3745 3693/3735/3745 3694/3737/3745
f 3672/3700/3746 3671/3699/3746 3686/3736/3746 3687/3738/3746
f 3680/3704/3747 3679/3703/3747 3694/3737/3747 3695/3739/3747
f 3673/3706/3748 3672/3700/3748 3687/3738/3748 3688/3740/3748
f 3666/3709/3749 3295/3741/3749 3681/3742/3749
f 3305/3743/3750 3680/3704/3750 3695/3739/3750
f 3674/3712/3751 3673/3706/3751 3688/3740/3751 3689/3744/3751
f 3667/3714/3752 3666/3709/3752 3681/3742/3752 3682/3745/3752
f 3675/3716/3753 3674/3712/3753 3689/3744/3753 3690/3729/3753
f 3668/3718/3754 3667/3714/3754 3682/3745/3754 3683/3731/3754
f 3695/3739/3755 3694/3737/3755 3709/3746/3755 3710/3747/3755
f 3688/3740/3756 3687/3738/3756 3702/3748/3756 3703/3749/3756
f 3681/3742/3757 3295/3750/3757 3696/3751/3757
f 3305/3752/3758 3695/3739/3758 3710/3747/3758
f 3689/3744/3759 3688/3740/3759 3703/3749/3759 3704/3753/3759
f 3682/3745/3760 3681/3742/3760 3696/3751/3760 3697/3754/3760
f 3690/3729/3761 3689/3744/3761 3704/3753/3761 3705/3755/3761
f 3683/3731/3762 3682/3745/3762 3697/3754/3762 3698/3756/3762
f 3691/3730/3763 3690/3729/3763 3705/3755/3763 3706/3757/3763
f 3684/3732/3764 3683/3731/3764 3698/3756/3764 3699/3758/3764
f 3692/3733/3765 3691/3730/3765 3706/3757/3765 3707/3759/3765
f 3685/3734/3766 3684/3732/3766 3699/3758/3766 3700/3760/3766
f 3693/3735/3767 3692/3733/3767 3707/3759/3767 3708/3761/3767
f 3686/3736/3768 3685/3734/3768 3700/3760/3768 3701/3762/3768
f 3694/3737/3769 3693/3735/3769 3708/3761/3769 3709/3746/3769
f 3687/3738/3770 3686/3736/3770 3701/3762/3770 3702/3748/3770
f 3707/3759/3771 3706/3757/3771 3721/3763/3771 3722/3764/3771
f 3700/3760/3772 3699/3758/3772 3714/3765/3772 3715/3766/3772
f 3708/3761/3773 3707/3759/3773 3722/3764/3773 3723/3767/3773
f 3701/3762/3774 3700/3760/3774 3715/3766/3774 3716/3768/3774
f 3709/3746/3775 3708/3761/3775 3723/3767/3775 3724/3769/3775
f 3702/3748/3776 3701/3762/3776 3716/3768/3776 3717/3770/3776
f 3710/3747/3777 3709/3746/3777 3724/3769/3777 3725/3771/3777
f 3703/3749/3778 3702/3748/3778 3717/3770/3778 3718/3772/3778
f 3696/3751/3779 3295/3773/3779 3711/3774/3779
f 3305/3775/3780 3710/3747/3780 3725/3771/3780
f 3704/3753/3781 3703/3749/3781 3718/3772/3781 3719/3776/3781
f 3697/3754/3782 3696/3751/3782 3711/3774/3782 3712/3777/3782
f 3705/3755/3783 3704/3753/3783 3719/3776/3783 3720/3778/3783
f 3698/3756/3784 3697/3754/3784 3712/3777/3784 3713/3779/3784
f 3706/3757/3785 3705/3755/3785 3720/3778/3785 3721/3763/3785
f 3699/3758/3786 3698/3756/3786 3713/3779/3786 3714/3765/3786
f 3711/3774/3787 3295/3780/3787 3726/3781/3787
f 3305/3782/3788 3725/3771/3788 3740/3783/3788
f 3719/3776/3789 3718/3772/3789 3733/3784/3789 3734/3785/3789
f 3712/3777/3790 3711/3774/3790 3726/3781/3790 3727/3786/3790
f 3720/3778/3791 3719/3776/3791 3734/3785/3791 3735/3787/3791
f 3713/3779/3792 3712/3777/3792 3727/3786/3792 3728/3788/3792
f 3721/3763/3793 3720/3778/3793 3735/3787/3793 3736/3789/3793
f 3714/3765/3794 3713/3779/3794 3728/3788/3794 3729/3790/3794
f 3722/3764/3795 3721/3763/3795 3736/3789/3795 3737/3791/3795
f 3715/3766/3796 3714/3765/3796 3729/3790/3796 3730/3792/3796
f 3723/3767/3797 3722/3764/3797 3737/3791/3797 3738/3793/3797
f 3716/3768/3798 3715/3766/3798 3730/3792/3798 3731/3794/3798
f 3724/3769/3799 3723/3767/3799 3738/3793/3799 3739/3795/3799
f 3717/3770/3800 3716/3768/3800 3731/3794/3800 3732/3796/3800
f 3725/3771/3801 3724/3769/3801 3739/3795/3801 3740/3783/3801
f 3718/3772/3802 3717/3770/3802 3732/3796/3802 3733/3784/3802
f 3730/3792/3803 3729/3790/3803 3744/3797/3803 3745/3798/3803
f 3738/3793/3804 3737/3791/3804 3752/3799/3804 3753/3800/3804
f 3731/3794/3805 3730/3792/3805 3745/3798/3805 3746/3801/3805
f 3739/3795/3806 3738/3793/3806 3753/3800/3806 3754/3802/3806
f 3732/3796/3807 3731/3794/3807 3746/3801/3807 3747/3803/3807
f 3740/3783/3808 3739/3795/3808 3754/3802/3808 3755/3804/3808
f 3733/3784/3809 3732/3796/3809 3747/3803/3809 3748/3805/3809
f 3726/3781/3810 3295/3806/3810 3741/3807/3810
f 3305/3808/3811 3740/3783/3811 3755/3804/3811
f 3734/3785/3812 3733/3784/3812 3748/3805/3812 3749/3809/3812
f 3727/3786/3813 3726/3781/3813 3741/3807/3813 3742/3810/3813
f 3735/3787/3814 3734/3785/3814 3749/3809/3814 3750/3811/3814
f 3728/3788/3815 3727/3786/3815 3742/3810/3815 3743/3812/3815
f 3736/3789/3816 3735/3787/3816 3750/3811/3816 3751/3813/3816
f 3729/3790/3817 3728/3788/3817 3743/3812/3817 3744/3797/3817
f 3737/3791/3818 3736/3789/3818 3751/3813/3818 3752/3799/3818
f 3749/3809/3819 3748/3805/3819 3763/3814/3819 3764/3815/3819
f 3742/3810/3820 3741/3807/3820 3756/3816/3820 3757/3817/3820
f 3750/3811/3821 3749/3809/3821 3764/3815/3821 3765/3818/3821
f 3743/3812/3822 3742/3810/3822 3757/3817/3822 3758/3819/3822
f 3751/3813/3823 3750/3811/3823 3765/3818/3823 3766/3820/3823
f 3744/3797/3824 3743/3812/3824 3758/3819/3824 3759/3821/3824
f 3752/3799/3825 3751/3813/3825 3766/3820/3825 3767/3822/3825
f 3745/3798/3826 3744/3797/3826 3759/3821/3826 3760/3823/3826
f 3753/3800/3827 3752/3799/3827 3767/3822/3827 3768/3824/3827
f 3746/3801/3828 3745/3798/3828 3760/3823/3828 3761/3825/3828
f 3754/3802/3829 3753/3800/3829 3768/3824/3829 3769/3826/3829
f 3747/3803/3830 3746/3801/3830 3761/3825/3830 3762/3827/3830
f 3755/3804/3831 3754/3802/3831 3769/3826/3831 3770/3828/3831
f 3748/3805/3832 3747/3803/3832 3762/3827/3832 3763/3814/3832
f 3741/3807/3833 3295/3829/3833 3756/3816/3833
f 3305/3830/3834 3755/3804/3834 3770/3828/3834
f 3768/3824/3835 3767/3822/3835 3775/3279/3835 3303/3278/3835
f 3761/3825/3836 3760/3823/3836 3772/3274/3836 3299/3282/3836
f 3769/3826/3837 3768/3824/3837 3303/3278/3837 3776/3284/3837
f 3762/3827/3838 3761/3825/3838 3299/3282/3838 3773/3286/3838
f 3770/3828/3839 3769/3826/3839 3776/3284/3839 3304/3288/3839
f 3763/3814/3840 3762/3827/3840 3773/3286/3840 3300/3290/3840
f 3756/3816/3841 3295/3831/3841 3296/3292/3841
f 3305/3832/3842 3770/3828/3842 3304/3288/3842
f 3764/3815/3843 3763/3814/3843 3300/3290/3843 3301/3296/3843
f 3757/3817/3844 3756/3816/3844 3296/3292/3844 3771/3298/3844
f 3765/3818/3845 3764/3815/3845 3301/3296/3845 3774/3300/3845
f 3758/3819/3846 3757/3817/3846 3771/3298/3846 3297/3302/3846
f 3766/3820/3847 3765/3818/3847 3774/3300/3847 3302/3304/3847
f 3759/3821/3848 3758/3819/3848 3297/3302/3848 3298/3275/3848
f 3767/3822/3849 3766/3820/3849 3302/3304/3849 3775/3279/3849
f 3760/3823/3850 3759/3821/3850 3298/3275/3850 3772/3274/3850
o Sphere.006
v 0.170000 0.054000 -0.085000
v 0.170000 0.053923 -0.085780
v 0.170000 0.053326 -0.087222
v 0.170000 0.052828 -0.087828
v 0.170000 0.051531 -0.088696
v 0.170000 0.050000 -0.089000
v 0.170000 0.049220 -0.088923
v 0.170000 0.047778 -0.088326
v 0.170000 0.046674 -0.087222
v 0.170000 0.046077 -0.085780
v 0.170000 0.046000 -0.085000
v 0.170152 0.053923 -0.085765
v 0.170299 0.053696 -0.086501
v 0.170434 0.053326 -0.087180
v 0.170552 0.052828 -0.087774
v 0.170649 0.052222 -0.088262
v 0.170721 0.051531 -0.088625
v 0.170765 0.050780 -0.088848
v 0.170780 0.050000 -0.088923
v 0.170765 0.049220 -0.088848
v 0.170721 0.048469 -0.088625
v 0.170649 0.047778 -0.088262
v 0.170552 0.047172 -0.087774
v 0.170434 0.046674 -0.087180
v 0.170299 0.046304 -0.086501
v 0.170152 0.046077 -0.085765
v 0.170299 0.053923 -0.085721
v 0.170586 0.053696 -0.086414
v 0.170850 0.053326 -0.087053
v 0.171082 0.052828 -0.087613
v 0.171273 0.052222 -0.088073
v 0.171414 0.051531 -0.088414
v 0.171501 0.050780 -0.088625
v 0.171531 0.050000 -0.088696
v 0.171501 0.049220 -0.088625
v 0.171414 0.048469 -0.088414
v 0.171273 0.047778 -0.088073
v 0.171082 0.047172 -0.087613
v 0.170850 0.046674 -0.087053
v 0.170586 0.046304 -0.086414
v 0.170299 0.046077 -0.085721
v 0.170434 0.053923 -0.085649
v 0.170850 0.053696 -0.086273
v 0.171235 0.053326 -0.086848
v 0.171571 0.052828 -0.087352
v 0.171848 0.052222 -0.087765
v 0.172053 0.051531 -0.088073
v 0.172180 0.050780 -0.088262
v 0.172222 0.050000 -0.088326
v 0.172180 0.049220 -0.088262
v 0.172053 0.048469 -0.088073
v 0.171848 0.047778 -0.087765
v 0.171571 0.047172 -0.087352
v 0.171235 0.046674 -0.086848
v 0.170850 0.046304 -0.086273
v 0.170434 0.046077 -0.085649
v 0.170552 0.053923 -0.085552
v 0.171082 0.053696 -0.086082
v 0.171571 0.053326 -0.086571
v 0.172000 0.052828 -0.087000
v 0.172352 0.052222 -0.087352
v 0.172613 0.051531 -0.087613
v 0.172774 0.050780 -0.087774
v 0.172828 0.050000 -0.087828
v 0.172774 0.049220 -0.087774
v 0.172613 0.048469 -0.087613
v 0.172352 0.047778 -0.087352
v 0.172000 0.047172 -0.087000
v 0.171571 0.046674 -0.086571
v 0.171082 0.046304 -0.086082
v 0.170552 0.046077 -0.085552
v 0.170649 0.053923 -0.085434
v 0.171273 0.053696 -0.085850
v 0.171848 0.053326 -0.086235
v 0.172352 0.052828 -0.086571
v 0.172765 0.052222 -0.086848
v 0.173073 0.051531 -0.087053
v 0.173262 0.050780 -0.087180
v 0.173326 0.050000 -0.087222
v 0.173262 0.049220 -0.087180
v 0.173073 0.048469 -0.087053
v 0.172765 0.047778 -0.086848
v 0.172352 0.047172 -0.086571
v 0.171848 0.046674 -0.086235
v 0.171273 0.046304 -0.085850
v 0.170649 0.046077 -0.085434
v 0.170721 0.053923 -0.085299
v 0.171414 0.053696 -0.085586
v 0.172053 0.053326 -0.085850
v 0.172613 0.052828 -0.086082
v 0.173073 0.052222 -0.086273
v 0.173414 0.051531 -0.086414
v 0.173625 0.050780 -0.086501
v 0.173696 0.050000 -0.086531
v 0.173625 0.049220 -0.086501
v 0.173414 0.048469 -0.086414
v 0.173073 0.047778 -0.086273
v 0.172613 0.047172 -0.086082
v 0.172053 0.046674 -0.085850
v 0.171414 0.046304 -0.085586
v 0.170721 0.046077 -0.085299
v 0.170765 0.053923 -0.085152
v 0.171501 0.053696 -0.085299
v 0.172180 0.053326 -0.085434
v 0.172774 0.052828 -0.085552
v 0.173262 0.052222 -0.085649
v 0.173625 0.051531 -0.085721
v 0.173848 0.050780 -0.085765
v 0.173923 0.050000 -0.085780
v 0.173848 0.049220 -0.085765
v 0.173625 0.048469 -0.085721
v 0.173262 0.047778 -0.085649
v 0.172774 0.047172 -0.085552
v 0.172180 0.046674 -0.085434
v 0.171501 0.046304 -0.085299
v 0.170765 0.046077 -0.085152
v 0.170780 0.053923 -0.085000
v 0.171531 0.053696 -0.085000
v 0.172222 0.053326 -0.085000
v 0.172828 0.052828 -0.085000
v 0.173326 0.052222 -0.085000
v 0.173696 0.051531 -0.085000
v 0.173923 0.050780 -0.085000
v 0.174000 0.050000 -0.085000
v 0.173923 0.049220 -0.085000
v 0.173696 0.048469 -0.085000
v 0.173326 0.047778 -0.085000
v 0.172828 0.047172 -0.085000
v 0.172222 0.046674 -0.085000
v 0.171531 0.046304 -0.085000
v 0.170780 0.046077 -0.085000
v 0.170765 0.053923 -0.084848
v 0.171501 0.053696 -0.084701
v 0.172180 0.053326 -0.084566
v 0.172774 0.052828 -0.084448
v 0.173262 0.052222 -0.084351
v 0.173625 0.051531 -0.084279
v 0.173848 0.050780 -0.084235
v 0.173923 0.050000 -0.084220
v 0.173848 0.049220 -0.084235
v 0.173625 0.048469 -0.084279
v 0.173262 0.047778 -0.084351
v 0.172774 0.047172 -0.084448
v 0.172180 0.046674 -0.084566
v 0.171501 0.046304 -0.084701
v 0.170765 0.046077 -0.084848
v 0.170721 0.053923 -0.084701
v 0.171414 0.053696 -0.084414
v 0.172053 0.053326 -0.084150
v 0.172613 0.052828 -0.083918
v 0.173073 0.052222 -0.083727
v 0.173414 0.051531 -0.083586
v 0.173625 0.050780 -0.083499
v 0.173696 0.050000 -0.083469
v 0.173625 0.049220 -0.083499
v 0.173414 0.048469 -0.083586
v 0.173073 0.047778 -0.083727
v 0.172613 0.047172 -0.083918
v 0.172053 0.046674 -0.084150
v 0.171414 0.046304 -0.084414
v 0.170721 0.046077 -0.084701
v 0.170649 0.053923 -0.084566
v 0.171273 0.053696 -0.084150
v 0.171848 0.053326 -0.083765
v 0.172352 0.052828 -0.083429
v 0.172765 0.052222 -0.083152
v 0.173073 0.051531 -0.082947
v 0.173262 0.050780 -0.082820
v 0.173326 0.050000 -0.082778
v 0.173262 0.049220 -0.082820
v 0.173073 0.048469 -0.082947
v 0.172765 0.047778 -0.083152
v 0.172352 0.047172 -0.083429
v 0.171848 0.046674 -0.083765
v 0.171273 0.046304 -0.084150
v 0.170649 0.046077 -0.084566
v 0.170552 0.053923 -0.084448
v 0.171082 0.053696 -0.083918
v 0.171571 0.053326 -0.083429
v 0.172000 0.052828 -0.083000
v 0.172352 0.052222 -0.082648
v 0.172613 0.051531 -0.082387
v 0.172774 0.050780 -0.082226
v 0.172828 0.050000 -0.082172
v 0.172774 0.049220 -0.082226
v 0.172613 0.048469 -0.082387
v 0.172352 0.047778 -0.082648
v 0.172000 0.047172 -0.083000
v 0.171571 0.046674 -0.083429
v 0.171082 0.046304 -0.083918
v 0.170552 0.046077 -0.084448
v 0.170434 0.053923 -0.084351
v 0.170850 0.053696 -0.083727
v 0.171235 0.053326 -0.083152
v 0.171571 0.052828 -0.082648
v 0.171848 0.052222 -0.082235
v 0.172053 0.051531 -0.081927
v 0.172180 0.050780 -0.081738
v 0.172222 0.050000 -0.081674
v 0.172180 0.049220 -0.081738
v 0.172053 0.048469 -0.081927
v 0.171848 0.047778 -0.082235
v 0.171571 0.047172 -0.082648
v 0.171235 0.046674 -0.083152
v 0.170850 0.046304 -0.083727
v 0.170434 0.046077 -0.084351
v 0.170299 0.053923 -0.084279
v 0.170586 0.053696 -0.083586
v 0.170850 0.053326 -0.082947
v 0.171082 0.052828 -0.082387
v 0.171273 0.052222 -0.081927
v 0.171414 0.051531 -0.081586
v 0.171501 0.050780 -0.081375
v 0.171531 0.050000 -0.081304
v 0.171501 0.049220 -0.081375
v 0.171414 0.048469 -0.081586
v 0.171273 0.047778 -0.081927
v 0.171082 0.047172 -0.082387
v 0.170850 0.046674 -0.082947
v 0.170586 0.046304 -0.083586
v 0.170299 0.046077 -0.084279
v 0.170152 0.053923 -0.084235
v 0.170299 0.053696 -0.083499
v 0.170434 0.053326 -0.082820
v 0.170552 0.052828 -0.082226
v 0.170649 0.052222 -0.081738
v 0.170721 0.051531 -0.081375
v 0.170765 0.050780 -0.081152
v 0.170780 0.050000 -0.081077
v 0.170765 0.049220 -0.081152
v 0.170721 0.048469 -0.081375
v 0.170649 0.047778 -0.081738
v 0.170552 0.047172 -0.082226
v 0.170434 0.046674 -0.082820
v 0.170299 0.046304 -0.083499
v 0.170152 0.046077 -0.084235
v 0.170000 0.053923 -0.084220
v 0.170000 0.053696 -0.083469
v 0.170000 0.053326 -0.082778
v 0.170000 0.052828 -0.082172
v 0.170000 0.052222 -0.081674
v 0.170000 0.051531 -0.081304
v 0.170000 0.050780 -0.081077
v 0.170000 0.050000 -0.081000
v 0.170000 0.049220 -0.081077
v 0.170000 0.048469 -0.081304
v 0.170000 0.047778 -0.081674
v 0.170000 0.047172 -0.082172
v 0.170000 0.046674 -0.082778
v 0.170000 0.046304 -0.083469
v 0.170000 0.046077 -0.084220
v 0.169848 0.053923 -0.084235
v 0.169701 0.053696 -0.083499
v 0.169566 0.053326 -0.082820
v 0.169448 0.052828 -0.082226
v 0.169351 0.052222 -0.081738
v 0.169279 0.051531 -0.081375
v 0.169235 0.050780 -0.081152
v 0.169220 0.050000 -0.081077
v 0.169235 0.049220 -0.081152
v 0.169279 0.048469 -0.081375
v 0.169351 0.047778 -0.081738
v 0.169448 0.047172 -0.082226
v 0.169566 0.046674 -0.082820
v 0.169701 0.046304 -0.083499
v 0.169848 0.046077 -0.084235
v 0.169701 0.053923 -0.084279
v 0.169414 0.053696 -0.083586
v 0.169150 0.053326 -0.082947
v 0.168918 0.052828 -0.082387
v 0.168727 0.052222 -0.081927
v 0.168586 0.051531 -0.081586
v 0.168499 0.050780 -0.081375
v 0.168469 0.050000 -0.081304
v 0.168499 0.049220 -0.081375
v 0.168586 0.048469 -0.081586
v 0.168727 0.047778 -0.081927
v 0.168918 0.047172 -0.082387
v 0.169150 0.046674 -0.082947
v 0.169414 0.046304 -0.083586
v 0.169701 0.046077 -0.084279
v 0.169566 0.053923 -0.084351
v 0.169150 0.053696 -0.083727
v 0.168765 0.053326 -0.083152
v 0.168429 0.052828 -0.082648
v 0.168152 0.052222 -0.082235
v 0.167947 0.051531 -0.081927
v 0.167820 0.050780 -0.081738
v 0.167778 0.050000 -0.081674
v 0.167820 0.049220 -0.081738
v 0.167947 0.048469 -0.081927
v 0.168152 0.047778 -0.082235
v 0.168429 0.047172 -0.082648
v 0.168765 0.046674 -0.083152
v 0.169150 0.046304 -0.083727
v 0.169566 0.046077 -0.084351
v 0.169448 0.053923 -0.084448
v 0.168918 0.053696 -0.083918
v 0.168429 0.053326 -0.083429
v 0.168000 0.052828 -0.083000
v 0.167648 0.052222 -0.082648
v 0.167387 0.051531 -0.082387
v 0.167226 0.050780 -0.082226
v 0.167172 0.050000 -0.082172
v 0.167226 0.049220 -0.082226
v 0.167387 0.048469 -0.082387
v 0.167648 0.047778 -0.082648
v 0.168000 0.047172 -0.083000
v 0.168429 0.046674 -0.083429
v 0.168918 0.046304 -0.083918
v 0.169448 0.046077 -0.084448
v 0.169351 0.053923 -0.084566
v 0.168727 0.053696 -0.084150
v 0.168152 0.053326 -0.083765
v 0.167648 0.052828 -0.083429
v 0.167235 0.052222 -0.083152
v 0.166927 0.051531 -0.082947
v 0.166738 0.050780 -0.082820
v 0.166674 0.050000 -0.082778
v 0.166738 0.049220 -0.082820
v 0.166927 0.048469 -0.082947
v 0.167235 0.047778 -0.083152
v 0.167648 0.047172 -0.083429
v 0.168152 0.046674 -0.083765
v 0.168727 0.046304 -0.084150
v 0.169351 0.046077 -0.084566
v 0.169279 0.053923 -0.084701
v 0.168586 0.053696 -0.084414
v 0.167947 0.053326 -0.084150
v 0.167387 0.052828 -0.083918
v 0.166927 0.052222 -0.083727
v 0.166586 0.051531 -0.083586
v 0.166375 0.050780 -0.083499
v 0.166304 0.050000 -0.083469
v 0.166375 0.049220 -0.083499
v 0.166586 0.048469 -0.083586
v 0.166927 0.047778 -0.083727
v 0.167387 0.047172 -0.083918
v 0.167947 0.046674 -0.084150
v 0.168586 0.046304 -0.084414
v 0.169279 0.046077 -0.084701
v 0.169235 0.053923 -0.084848
v 0.168499 0.053696 -0.084701
v 0.167820 0.053326 -0.084566
v 0.167226 0.052828 -0.084448
v 0.166738 0.052222 -0.084351
v 0.166376 0.051531 -0.084279
v 0.166152 0.050780 -0.084235
v 0.166077 0.050000 -0.084220
v 0.166152 0.049220 -0.084235
v 0.166376 0.048469 -0.084279
v 0.166738 0.047778 -0.084351
v 0.167226 0.047172 -0.084448
v 0.167820 0.046674 -0.084566
v 0.168499 0.046304 -0.084701
v 0.169235 0.046077 -0.084848
v 0.169220 0.053923 -0.085000
v 0.168469 0.053696 -0.085000
v 0.167778 0.053326 -0.085000
v 0.167172 0.052828 -0.085000
v 0.166674 0.052222 -0.085000
v 0.166304 0.051531 -0.085000
v 0.166077 0.050780 -0.085000
v 0.166000 0.050000 -0.085000
v 0.166077 0.049220 -0.085000
v 0.166304 0.048469 -0.085000
v 0.166674 0.047778 -0.085000
v 0.167172 0.047172 -0.085000
v 0.167778 0.046674 -0.085000
v 0.168469 0.046304 -0.085000
v 0.169220 0.046077 -0.085000
v 0.169235 0.053923 -0.085152
v 0.168499 0.053696 -0.085299
v 0.167820 0.053326 -0.085434
v 0.167226 0.052828 -0.085552
v 0.166738 0.052222 -0.085649
v 0.166376 0.051531 -0.085721
v 0.166152 0.050780 -0.085765
v 0.166077 0.050000 -0.085780
v 0.166152 0.049220 -0.085765
v 0.166376 0.048469 -0.085721
v 0.166738 0.047778 -0.085649
v 0.167226 0.047172 -0.085552
v 0.167820 0.046674 -0.085434
v 0.168499 0.046304 -0.085299
v 0.169235 0.046077 -0.085152
v 0.169279 0.053923 -0.085299
v 0.168586 0.053696 -0.085586
v 0.167947 0.053326 -0.085850
v 0.167387 0.052828 -0.086082
v 0.166927 0.052222 -0.086273
v 0.166586 0.051531 -0.086414
v 0.166376 0.050780 -0.086501
v 0.166304 0.050000 -0.086531
v 0.166376 0.049220 -0.086501
v 0.166586 0.048469 -0.086414
v 0.166927 0.047778 -0.086273
v 0.167387 0.047172 -0.086082
v 0.167947 0.046674 -0.085850
v 0.168586 0.046304 -0.085586
v 0.169279 0.046077 -0.085299
v 0.169351 0.053923 -0.085434
v 0.168727 0.053696 -0.085850
v 0.168152 0.053326 -0.086235
v 0.167648 0.052828 -0.086571
v 0.167235 0.052222 -0.086848
v 0.166927 0.051531 -0.087053
v 0.166738 0.050780 -0.087180
v 0.166674 0.050000 -0.087222
v 0.166738 0.049220 -0.087180
v 0.166927 0.048469 -0.087053
v 0.167235 0.047778 -0.086848
v 0.167648 0.047172 -0.086571
v 0.168152 0.046674 -0.086235
v 0.168727 0.046304 -0.085850
v 0.169351 0.046077 -0.085434
v 0.169448 0.053923 -0.085552
v 0.168918 0.053696 -0.086082
v 0.168429 0.053326 -0.086571
v 0.168000 0.052828 -0.087000
v 0.167648 0.052222 -0.087352
v 0.167387 0.051531 -0.087613
v 0.167226 0.050780 -0.087774
v 0.167172 0.050000 -0.087828
v 0.167226 0.049220 -0.087774
v 0.167387 0.048469 -0.087613
v 0.167648 0.047778 -0.087352
v 0.168000 0.047172 -0.087000
v 0.168429 0.046674 -0.086571
v 0.168918 0.046304 -0.086082
v 0.169448 0.046077 -0.085552
v 0.169566 0.053923 -0.085649
v 0.169150 0.053696 -0.086273
v 0.168765 0.053326 -0.086848
v 0.168429 0.052828 -0.087352
v 0.168152 0.052222 -0.087765
v 0.167947 0.051531 -0.088073
v 0.167820 0.050780 -0.088262
v 0.167778 0.050000 -0.088326
v 0.167820 0.049220 -0.088262
v 0.167947 0.048469 -0.088073
v 0.168152 0.047778 -0.087765
v 0.168429 0.047172 -0.087352
v 0.168765 0.046674 -0.086848
v 0.169150 0.046304 -0.086273
v 0.169566 0.046077 -0.085649
v 0.169701 0.053923 -0.085721
v 0.169414 0.053696 -0.086414
v 0.169150 0.053326 -0.087053
v 0.168918 0.052828 -0.087613
v 0.168727 0.052222 -0.088073
v 0.168586 0.051531 -0.088414
v 0.168499 0.050780 -0.088625
v 0.168469 0.050000 -0.088696
v 0.168499 0.049220 -0.088625
v 0.168586 0.048469 -0.088414
v 0.168727 0.047778 -0.088073
v 0.168918 0.047172 -0.087613
v 0.169150 0.046674 -0.087053
v 0.169414 0.046304 -0.086414
v 0.169701 0.046077 -0.085721
v 0.169848 0.053923 -0.085765
v 0.169701 0.053696 -0.086501
v 0.169566 0.053326 -0.087180
v 0.169448 0.052828 -0.087774
v 0.169351 0.052222 -0.088262
v 0.169279 0.051531 -0.088625
v 0.169235 0.050780 -0.088848
v 0.169220 0.050000 -0.088923
v 0.169235 0.049220 -0.088848
v 0.169279 0.048469 -0.088625
v 0.169351 0.047778 -0.088262
v 0.169448 0.047172 -0.087774
v 0.169566 0.046674 -0.087180
v 0.169701 0.046304 -0.086501
v 0.169848 0.046077 -0.085765
v 0.170000 0.053696 -0.086531
v 0.170000 0.052222 -0.088326
v 0.170000 0.050780 -0.088923
v 0.170000 0.048469 -0.088696
v 0.170000 0.047172 -0.087828
v 0.170000 0.046304 -0.086531
vn 0.0759 -0.6326 -0.7708
vn 0.0759 0.6326 -0.7708
vn 0.0624 -0.7715 -0.6332
vn 0.0865 0.4696 -0.8786
vn 0.0464 -0.8810 -0.4709
vn 0.0938 0.2890 -0.9527
vn 0.0286 -0.9565 -0.2902
vn 0.0975 0.0976 -0.9904
vn 0.0097 0.9951 -0.0980
vn 0.0097 -0.9951 -0.0980
vn 0.0975 -0.0975 -0.9904
vn 0.0286 0.9565 -0.2902
vn 0.0938 -0.2890 -0.9527
vn 0.0464 0.8810 -0.4709
vn 0.0865 -0.4696 -0.8786
vn 0.0624 0.7715 -0.6332
vn 0.2563 -0.4696 -0.8448
vn 0.1847 0.7715 -0.6088
vn 0.2248 -0.6326 -0.7412
vn 0.2248 0.6326 -0.7412
vn 0.1847 -0.7715 -0.6088
vn 0.2563 0.4696 -0.8448
vn 0.1374 -0.8810 -0.4528
vn 0.2779 0.2890 -0.9161
vn 0.0846 -0.9565 -0.2790
vn 0.2889 0.0975 -0.9524
vn 0.0286 0.9951 -0.0942
vn 0.0286 -0.9951 -0.0942
vn 0.2889 -0.0975 -0.9524
vn 0.0846 0.9565 -0.2790
vn 0.2779 -0.2890 -0.9161
vn 0.1374 0.8810 -0.4528
vn 0.1374 -0.9565 -0.2571
vn 0.4691 0.0975 -0.8777
vn 0.0464 0.9951 -0.0869
vn 0.0464 -0.9951 -0.0869
vn 0.4691 -0.0975 -0.8777
vn 0.1374 0.9565 -0.2571
vn 0.4513 -0.2890 -0.8443
vn 0.2230 0.8810 -0.4173
vn 0.4162 -0.4696 -0.7786
vn 0.2999 0.7715 -0.5611
vn 0.3651 -0.6326 -0.6831
vn 0.3651 0.6326 -0.6831
vn 0.2999 -0.7715 -0.5611
vn 0.4162 0.4696 -0.7786
vn 0.2230 -0.8810 -0.4173
vn 0.4513 0.2890 -0.8443
vn 0.4036 0.7715 -0.4918
vn 0.4913 -0.6326 -0.5987
vn 0.4913 0.6326 -0.5987
vn 0.4036 -0.7715 -0.4918
vn 0.5601 0.4696 -0.6825
vn 0.3002 -0.8810 -0.3658
vn 0.6073 0.2890 -0.7400
vn 0.1850 -0.9565 -0.2254
vn 0.6314 0.0975 -0.7693
vn 0.0625 0.9951 -0.0761
vn 0.0625 -0.9951 -0.0761
vn 0.6314 -0.0975 -0.7693
vn 0.1850 0.9565 -0.2254
vn 0.6073 -0.2890 -0.7400
vn 0.3002 0.8810 -0.3658
vn 0.5601 -0.4696 -0.6825
vn 0.7693 0.0975 -0.6314
vn 0.0761 0.9951 -0.0625
vn 0.0761 -0.9951 -0.0625
vn 0.7693 -0.0975 -0.6314
vn 0.2254 0.9565 -0.1850
vn 0.7400 -0.2890 -0.6073
vn 0.3658 0.8810 -0.3002
vn 0.6825 -0.4696 -0.5601
vn 0.4918 0.7715 -0.4036
vn 0.5987 -0.6326 -0.4913
vn 0.5987 0.6326 -0.4913
vn 0.4918 -0.7715 -0.4036
vn 0.6825 0.4696 -0.5601
vn 0.3658 -0.8810 -0.3002
vn 0.7400 0.2890 -0.6073
vn 0.2254 -0.9565 -0.1850
vn 0.6831 -0.6326 -0.3651
vn 0.6831 0.6326 -0.3651
vn 0.5611 -0.7715 -0.2999
vn 0.7786 0.4696 -0.4162
vn 0.4173 -0.8810 -0.2230
vn 0.8443 0.2890 -0.4513
vn 0.2571 -0.9565 -0.1374
vn 0.8777 0.0975 -0.4691
vn 0.0869 0.9951 -0.0464
vn 0.0869 -0.9951 -0.0464
vn 0.8777 -0.0975 -0.4691
vn 0.2571 0.9565 -0.1374
vn 0.8443 -0.2890 -0.4513
vn 0.4173 0.8810 -0.2230
vn 0.7786 -0.4696 -0.4162
vn 0.5611 0.7715 -0.2999
vn 0.0942 -0.9951 -0.0286
vn 0.9524 -0.0975 -0.2889
vn 0.2790 0.9565 -0.0846
vn 0.9161 -0.2890 -0.2779
vn 0.4528 0.8810 -0.1374
vn 0.8448 -0.4696 -0.2563
vn 0.6088 0.7715 -0.1847
vn 0.7412 -0.6326 -0.2248
vn 0.7412 0.6326 -0.2248
vn 0.6088 -0.7715 -0.1847
vn 0.8448 0.4696 -0.2563
vn 0.4528 -0.8810 -0.1374
vn 0.9161 0.2890 -0.2779
vn 0.2790 -0.9565 -0.0846
vn 0.9524 0.0975 -0.2889
vn 0.0942 0.9951 -0.0286
vn 0.6332 -0.7715 -0.0624
vn 0.8786 0.4696 -0.0865
vn 0.4709 -0.8810 -0.0464
vn 0.9527 0.2890 -0.0938
vn 0.2902 -0.9565 -0.0286
vn 0.9904 0.0976 -0.0975
vn 0.0980 0.9951 -0.0097
vn 0.0980 -0.9951 -0.0097
vn 0.9904 -0.0976 -0.0975
vn 0.2902 0.9565 -0.0286
vn 0.9527 -0.2890 -0.0938
vn 0.4709 0.8810 -0.0464
vn 0.8786 -0.4696 -0.0865
vn 0.6332 0.7715 -0.0624
vn 0.7708 -0.6326 -0.0759
vn 0.7708 0.6326 -0.0759
vn 0.2902 0.9565 0.0286
vn 0.9527 -0.2890 0.0938
vn 0.4709 0.8810 0.0464
vn 0.8786 -0.4696 0.0865
vn 0.6332 0.7715 0.0624
vn 0.7708 -0.6326 0.0759
vn 0.7708 0.6326 0.0759
vn 0.6332 -0.7715 0.0624
vn 0.8786 0.4696 0.0865
vn 0.4709 -0.8810 0.0464
vn 0.9527 0.2890 0.0938
vn 0.2902 -0.9565 0.0286
vn 0.9904 0.0976 0.0975
vn 0.0980 0.9951 0.0097
vn 0.0980 -0.9951 0.0097
vn 0.9904 -0.0976 0.0975
vn 0.8448 0.4696 0.2563
vn 0.4528 -0.8810 0.1374
vn 0.9161 0.2890 0.2779
vn 0.2790 -0.9565 0.0846
vn 0.9524 0.0976 0.2889
vn 0.0942 0.9951 0.0286
vn 0.0942 -0.9951 0.0286
vn 0.9524 -0.0976 0.2889
vn 0.2790 0.9565 0.0846
vn 0.9161 -0.2890 0.2779
vn 0.4528 0.8810 0.1374
vn 0.8448 -0.4696 0.2563
vn 0.6088 0.7715 0.1847
vn 0.7412 -0.6326 0.2248
vn 0.7412 0.6326 0.2248
vn 0.6088 -0.7715 0.1847
vn 0.8443 -0.2890 0.4513
vn 0.4173 0.8810 0.2230
vn 0.7786 -0.4696 0.4162
vn 0.5611 0.7715 0.2999
vn 0.6831 -0.6326 0.3651
vn 0.6831 0.6326 0.3651
vn 0.5611 -0.7715 0.2999
vn 0.7786 0.4696 0.4162
vn 0.4173 -0.8810 0.2230
vn 0.8443 0.2890 0.4513
vn 0.2571 -0.9565 0.1374
vn 0.8777 0.0976 0.4691
vn 0.0869 0.9951 0.0464
vn 0.0869 -0.9951 0.0464
vn 0.8777 -0.0976 0.4691
vn 0.2571 0.9565 0.1374
vn 0.3658 -0.8810 0.3002
vn 0.7400 0.2890 0.6073
vn 0.2254 -0.9565 0.1850
vn 0.7693 0.0976 0.6314
vn 0.0761 0.9951 0.0625
vn 0.0761 -0.9951 0.0625
vn 0.7693 -0.0976 0.6314
vn 0.2254 0.9565 0.1850
vn 0.7400 -0.2890 0.6073
vn 0.3658 0.8810 0.3002
vn 0.6825 -0.4696 0.5601
vn 0.4918 0.7715 0.4036
vn 0.5987 -0.6326 0.4913
vn 0.5987 0.6326 0.4913
vn 0.4918 -0.7715 0.4036
vn 0.6825 0.4696 0.5601
vn 0.3002 0.8810 0.3658
vn 0.5601 -0.4696 0.6825
vn 0.4036 0.7715 0.4918
vn 0.4913 -0.6326 0.5987
vn 0.4913 0.6326 0.5987
vn 0.4036 -0.7715 0.4918
vn 0.5601 0.4696 0.6825
vn 0.3002 -0.8810 0.3658
vn 0.6073 0.2890 0.7400
vn 0.1850 -0.9565 0.2254
vn 0.6314 0.0976 0.7693
vn 0.0625 0.9951 0.0761
vn 0.0625 -0.9951 0.0761
vn 0.6314 -0.0976 0.7693
vn 0.1850 0.9565 0.2254
vn 0.6073 -0.2890 0.7400
vn 0.4513 0.2890 0.8443
vn 0.1374 -0.9565 0.2571
vn 0.4691 0.0976 0.8777
vn 0.0464 0.9951 0.0869
vn 0.0464 -0.9951 0.0869
vn 0.4691 -0.0976 0.8777
vn 0.1374 0.9565 0.2571
vn 0.4513 -0.2890 0.8443
vn 0.2231 0.8810 0.4173
vn 0.4162 -0.4696 0.7786
vn 0.2999 0.7715 0.5611
vn 0.3651 -0.6326 0.6831
vn 0.3651 0.6326 0.6831
vn 0.2999 -0.7715 0.5611
vn 0.4162 0.4696 0.7786
vn 0.2231 -0.8810 0.4173
vn 0.2563 -0.4696 0.8448
vn 0.1847 0.7715 0.6088
vn 0.2248 -0.6326 0.7412
vn 0.2248 0.6326 0.7412
vn 0.1847 -0.7715 0.6088
vn 0.2563 0.4696 0.8448
vn 0.1374 -0.8810 0.4528
vn 0.2779 0.2890 0.9161
vn 0.0846 -0.9565 0.2790
vn 0.2889 0.0975 0.9524
vn 0.0286 0.9951 0.0942
vn 0.0286 -0.9951 0.0942
vn 0.2889 -0.0976 0.9524
vn 0.0846 0.9565 0.2790
vn 0.2779 -0.2890 0.9161
vn 0.1374 0.8810 0.4528
vn 0.0286 -0.9565 0.2902
vn 0.0975 0.0975 0.9904
vn 0.0097 0.9951 0.0980
vn 0.0097 -0.9951 0.0980
vn 0.0975 -0.0975 0.9904
vn 0.0286 0.9565 0.2902
vn 0.0938 -0.2890 0.9527
vn 0.0464 0.8810 0.4709
vn 0.0865 -0.4696 0.8786
vn 0.0624 0.7715 0.6332
vn 0.0759 -0.6326 0.7708
vn 0.0759 0.6326 0.7708
vn 0.0624 -0.7715 0.6332
vn 0.0865 0.4696 0.8786
vn 0.0464 -0.8810 0.4709
vn 0.0938 0.2890 0.9527
vn -0.0759 -0.6326 0.7708
vn -0.0759 0.6326 0.7708
vn -0.0624 -0.7715 0.6332
vn -0.0865 0.4696 0.8786
vn -0.0464 -0.8810 0.4709
vn -0.0938 0.2890 0.9527
vn -0.0286 -0.9565 0.2902
vn -0.0975 0.0975 0.9904
vn -0.0097 0.9951 0.0980
vn -0.0097 -0.9951 0.0980
vn -0.0975 -0.0975 0.9904
vn -0.0286 0.9565 0.2902
vn -0.0938 -0.2890 0.9527
vn -0.0464 0.8810 0.4709
vn -0.0865 -0.4696 0.8786
vn -0.0624 0.7715 0.6332
vn -0.0286 0.9951 0.0942
vn -0.0286 -0.9951 0.0942
vn -0.2889 -0.0976 0.9524
vn -0.0846 0.9565 0.2790
vn -0.2779 -0.2890 0.9161
vn -0.1374 0.8810 0.4528
vn -0.2563 -0.4696 0.8448
vn -0.1847 0.7715 0.6088
vn -0.2248 -0.6326 0.7412
vn -0.2248 0.6326 0.7412
vn -0.1847 -0.7715 0.6088
vn -0.2563 0.4696 0.8448
vn -0.1374 -0.8810 0.4528
vn -0.2779 0.2890 0.9161
vn -0.0846 -0.9565 0.2790
vn -0.2889 0.0976 0.9524
vn -0.3651 0.6326 0.6831
vn -0.2999 -0.7715 0.5611
vn -0.4162 0.4696 0.7786
vn -0.2231 -0.8810 0.4173
vn -0.4513 0.2890 0.8443
vn -0.1374 -0.9565 0.2571
vn -0.4691 0.0976 0.8777
vn -0.0464 0.9951 0.0869
vn -0.0464 -0.9951 0.0869
vn -0.4691 -0.0976 0.8777
vn -0.1374 0.9565 0.2571
vn -0.4513 -0.2890 0.8443
vn -0.2231 0.8810 0.4173
vn -0.4162 -0.4696 0.7786
vn -0.2999 0.7715 0.5611
vn -0.3651 -0.6326 0.6831
vn -0.6314 -0.0976 0.7693
vn -0.1850 0.9565 0.2254
vn -0.6073 -0.2890 0.7400
vn -0.3002 0.8810 0.3658
vn -0.5601 -0.4696 0.6825
vn -0.4036 0.7715 0.4918
vn -0.4913 -0.6326 0.5987
vn -0.4913 0.6326 0.5987
vn -0.4036 -0.7715 0.4918
vn -0.5601 0.4696 0.6825
vn -0.3002 -0.8810 0.3658
vn -0.6073 0.2890 0.7400
vn -0.1850 -0.9565 0.2254
vn -0.6314 0.0976 0.7693
vn -0.0625 0.9951 0.0761
vn -0.0625 -0.9951 0.0761
vn -0.4918 -0.7715 0.4036
vn -0.6825 0.4696 0.5601
vn -0.3658 -0.8810 0.3002
vn -0.7400 0.2890 0.6073
vn -0.2254 -0.9565 0.1850
vn -0.7693 0.0976 0.6314
vn -0.0761 0.9951 0.0625
vn -0.0761 -0.9951 0.0625
vn -0.7693 -0.0976 0.6314
vn -0.2254 0.9565 0.1850
vn -0.7400 -0.2890 0.6073
vn -0.3658 0.8810 0.3002
vn -0.6825 -0.4696 0.5601
vn -0.4918 0.7715 0.4036
vn -0.5987 -0.6326 0.4913
vn -0.5987 0.6326 0.4913
vn -0.2571 0.9565 0.1374
vn -0.8443 -0.2890 0.4513
vn -0.4173 0.8810 0.2230
vn -0.7786 -0.4696 0.4162
vn -0.5611 0.7715 0.2999
vn -0.6831 -0.6326 0.3651
vn -0.6831 0.6326 0.3651
vn -0.5611 -0.7715 0.2999
vn -0.7786 0.4696 0.4162
vn -0.4173 -0.8810 0.2230
vn -0.8443 0.2890 0.4513
vn -0.2571 -0.9565 0.1374
vn -0.8777 0.0976 0.4691
vn -0.0869 0.9951 0.0464
vn -0.0869 -0.9951 0.0464
vn -0.8777 -0.0976 0.4691
vn -0.8448 0.4696 0.2563
vn -0.4528 -0.8810 0.1374
vn -0.9161 0.2890 0.2779
vn -0.2790 -0.9565 0.0846
vn -0.9524 0.0976 0.2889
vn -0.0942 0.9951 0.0286
vn -0.0942 -0.9951 0.0286
vn -0.9524 -0.0976 0.2889
vn -0.2790 0.9565 0.0846
vn -0.9161 -0.2890 0.2779
vn -0.4528 0.8810 0.1374
vn -0.8448 -0.4696 0.2563
vn -0.6088 0.7715 0.1847
vn -0.7412 -0.6326 0.2248
vn -0.7412 0.6326 0.2248
vn -0.6088 -0.7715 0.1847
vn -0.9527 -0.2890 0.0938
vn -0.4709 0.8810 0.0464
vn -0.8786 -0.4696 0.0865
vn -0.6332 0.7715 0.0624
vn -0.7708 -0.6326 0.0759
vn -0.7708 0.6326 0.0759
vn -0.6332 -0.7715 0.0624
vn -0.8786 0.4696 0.0865
vn -0.4709 -0.8810 0.0464
vn -0.9527 0.2890 0.0938
vn -0.2902 -0.9565 0.0286
vn -0.9904 0.0976 0.0975
vn -0.0980 0.9951 0.0097
vn -0.0980 -0.9951 0.0097
vn -0.9904 -0.0976 0.0975
vn -0.2902 0.9565 0.0286
vn -0.4709 -0.8810 -0.0464
vn -0.9527 0.2890 -0.0938
vn -0.2902 -0.9565 -0.0286
vn -0.9904 0.0976 -0.0976
vn -0.0980 0.9951 -0.0097
vn -0.0980 -0.9951 -0.0097
vn -0.9904 -0.0976 -0.0976
vn -0.2902 0.9565 -0.0286
vn -0.9527 -0.2890 -0.0938
vn -0.4709 0.8810 -0.0464
vn -0.8786 -0.4696 -0.0865
vn -0.6332 0.7715 -0.0624
vn -0.7708 -0.6326 -0.0759
vn -0.7708 0.6326 -0.0759
vn -0.6332 -0.7715 -0.0624
vn -0.8786 0.4696 -0.0865
vn -0.8448 -0.4696 -0.2563
vn -0.6088 0.7715 -0.1847
vn -0.7412 -0.6326 -0.2248
vn -0.7412 0.6326 -0.2248
vn -0.6088 -0.7715 -0.1847
vn -0.8448 0.4696 -0.2563
vn -0.4528 -0.8810 -0.1374
vn -0.9161 0.2890 -0.2779
vn -0.2790 -0.9565 -0.0846
vn -0.9524 0.0976 -0.2889
vn -0.0942 0.9951 -0.0286
vn -0.0942 -0.9951 -0.0286
vn -0.9524 -0.0976 -0.2889
vn -0.2790 0.9565 -0.0846
vn -0.9161 -0.2890 -0.2779
vn -0.4528 0.8810 -0.1374
vn -0.2571 -0.9565 -0.1374
vn -0.8777 0.0976 -0.4691
vn -0.0869 0.9951 -0.0464
vn -0.0869 -0.9951 -0.0464
vn -0.8777 -0.0976 -0.4691
vn -0.2571 0.9565 -0.1374
vn -0.8443 -0.2890 -0.4513
vn -0.4173 0.8810 -0.2230
vn -0.7786 -0.4696 -0.4162
vn -0.5611 0.7715 -0.2999
vn -0.6831 -0.6326 -0.3651
vn -0.6831 0.6326 -0.3651
vn -0.5611 -0.7715 -0.2999
vn -0.7786 0.4696 -0.4162
vn -0.4173 -0.8810 -0.2230
vn -0.8443 0.2890 -0.4513
vn -0.4918 0.7715 -0.4036
vn -0.5987 -0.6326 -0.4913
vn -0.5987 0.6326 -0.4913
vn -0.4918 -0.7715 -0.4036
vn -0.6825 0.4696 -0.5601
vn -0.3658 -0.8810 -0.3002
vn -0.7400 0.2890 -0.6073
vn -0.2254 -0.9565 -0.1850
vn -0.7693 0.0976 -0.6314
vn -0.0761 0.9951 -0.0625
vn -0.0761 -0.9951 -0.0625
vn -0.7693 -0.0976 -0.6314
vn -0.2254 0.9565 -0.1850
vn -0.7400 -0.2890 -0.6073
vn -0.3658 0.8810 -0.3002
vn -0.6825 -0.4696 -0.5601
vn -0.6314 0.0976 -0.7693
vn -0.0625 0.9951 -0.0761
vn -0.0625 -0.9951 -0.0761
vn -0.6314 -0.0976 -0.7693
vn -0.1850 0.9565 -0.2254
vn -0.6073 -0.2890 -0.7400
vn -0.3002 0.8810 -0.3658
vn -0.5601 -0.4696 -0.6825
vn -0.4036 0.7715 -0.4918
vn -0.4913 -0.6326 -0.5987
vn -0.4913 0.6326 -0.5987
vn -0.4036 -0.7715 -0.4918
vn -0.5601 0.4696 -0.6825
vn -0.3002 -0.8810 -0.3658
vn -0.6073 0.2890 -0.7400
vn -0.1850 -0.9565 -0.2254
vn -0.3651 -0.6326 -0.6831
vn -0.3651 0.6326 -0.6831
vn -0.2999 -0.7715 -0.5611
vn -0.4162 0.4696 -0.7786
vn -0.2230 -0.8810 -0.4173
vn -0.4513 0.2890 -0.8443
vn -0.1374 -0.9565 -0.2571
vn -0.4691 0.0976 -0.8777
vn -0.0464 0.9951 -0.0869
vn -0.0464 -0.9951 -0.0869
vn -0.4691 -0.0976 -0.8777
vn -0.1374 0.9565 -0.2571
vn -0.4513 -0.2890 -0.8443
vn -0.2230 0.8810 -0.4173
vn -0.4162 -0.4696 -0.7786
vn -0.2999 0.7715 -0.5611
vn -0.0286 0.9951 -0.0942
vn -0.0286 -0.9951 -0.0942
vn -0.2889 -0.0976 -0.9524
vn -0.0846 0.9565 -0.2790
vn -0.2779 -0.2890 -0.9161
vn -0.1374 0.8810 -0.4528
vn -0.2563 -0.4696 -0.8448
vn -0.1847 0.7715 -0.6088
vn -0.2248 -0.6326 -0.7412
vn -0.2248 0.6326 -0.7412
vn -0.1847 -0.7715 -0.6088
vn -0.2563 0.4696 -0.8448
vn -0.1374 -0.8810 -0.4528
vn -0.2779 0.2890 -0.9161
vn -0.0846 -0.9565 -0.2790
vn -0.2889 0.0976 -0.9524
vn -0.0759 0.6326 -0.7708
vn -0.0624 -0.7715 -0.6332
vn -0.0865 0.4696 -0.8786
vn -0.0464 -0.8810 -0.4709
vn -0.0938 0.2890 -0.9527
vn -0.0286 -0.9565 -0.2902
vn -0.0976 0.0976 -0.9904
vn -0.0097 0.9951 -0.0980
vn -0.0097 -0.9951 -0.0980
vn -0.0976 -0.0976 -0.9904
vn -0.0286 0.9565 -0.2902
vn -0.0938 -0.2890 -0.9527
vn -0.0464 0.8810 -0.4709
vn -0.0865 -0.4696 -0.8786
vn -0.0624 0.7715 -0.6332
vn -0.0759 -0.6326 -0.7708
vt 0.750000 0.250000
vt 0.750000 0.312500
vt 0.718750 0.312500
vt 0.718750 0.250000
vt 0.750000 0.687500
vt 0.750000 0.750000
vt 0.718750 0.750000
vt 0.718750 0.687500
vt 0.750000 0.187500
vt 0.718750 0.187500
vt 0.750000 0.625000
vt 0.718750 0.625000
vt 0.750000 0.125000
vt 0.718750 0.125000
vt 0.750000 0.562500
vt 0.718750 0.562500
vt 0.750000 0.062500
vt 0.718750 0.062500
vt 0.750000 0.500000
vt 0.718750 0.500000
vt 0.750000 0.937500
vt 0.734375 1.000000
vt 0.718750 0.937500
vt 0.734375 0.000000
vt 0.750000 0.437500
vt 0.718750 0.437500
vt 0.750000 0.875000
vt 0.718750 0.875000
vt 0.750000 0.375000
vt 0.718750 0.375000
vt 0.750000 0.812500
vt 0.718750 0.812500
vt 0.687500 0.375000
vt 0.687500 0.312500
vt 0.687500 0.812500
vt 0.687500 0.750000
vt 0.687500 0.250000
vt 0.687500 0.687500
vt 0.687500 0.187500
vt 0.687500 0.625000
vt 0.687500 0.125000
vt 0.687500 0.562500
vt 0.687500 0.062500
vt 0.687500 0.500000
vt 0.703125 1.000000
vt 0.687500 0.937500
vt 0.703125 0.000000
vt 0.687500 0.437500
vt 0.687500 0.875000
vt 0.656250 0.125000
vt 0.656250 0.062500
vt 0.656250 0.562500
vt 0.656250 0.500000
vt 0.671875 1.000000
vt 0.656250 0.937500
vt 0.671875 0.000000
vt 0.656250 0.437500
vt 0.656250 0.875000
vt 0.656250 0.375000
vt 0.656250 0.812500
vt 0.656250 0.312500
vt 0.656250 0.750000
vt 0.656250 0.250000
vt 0.656250 0.687500
vt 0.656250 0.187500
vt 0.656250 0.625000
vt 0.625000 0.812500
vt 0.625000 0.750000
vt 0.625000 0.312500
vt 0.625000 0.250000
vt 0.625000 0.687500
vt 0.625000 0.187500
vt 0.625000 0.625000
vt 0.625000 0.125000
vt 0.625000 0.562500
vt 0.625000 0.062500
vt 0.625000 0.500000
vt 0.640625 1.000000
vt 0.625000 0.937500
vt 0.640625 0.000000
vt 0.625000 0.437500
vt 0.625000 0.875000
vt 0.625000 0.375000
vt 0.593750 0.562500
vt 0.593750 0.500000
vt 0.609375 1.000000
vt 0.593750 0.937500
vt 0.609375 0.000000
vt 0.593750 0.062500
vt 0.593750 0.437500
vt 0.593750 0.875000
vt 0.593750 0.375000
vt 0.593750 0.812500
vt 0.593750 0.312500
vt 0.593750 0.750000
vt 0.593750 0.250000
vt 0.593750 0.687500
vt 0.593750 0.187500
vt 0.593750 0.625000
vt 0.593750 0.125000
vt 0.562500 0.312500
vt 0.562500 0.250000
vt 0.562500 0.750000
vt 0.562500 0.687500
vt 0.562500 0.187500
vt 0.562500 0.625000
vt 0.562500 0.125000
vt 0.562500 0.562500
vt 0.562500 0.062500
vt 0.562500 0.500000
vt 0.578125 1.000000
vt 0.562500 0.937500
vt 0.578125 0.000000
vt 0.562500 0.437500
vt 0.562500 0.875000
vt 0.562500 0.375000
vt 0.562500 0.812500
vt 0.546875 0.000000
vt 0.531250 0.062500
vt 0.531250 0.500000
vt 0.531250 0.437500
vt 0.531250 0.937500
vt 0.531250 0.875000
vt 0.531250 0.375000
vt 0.531250 0.812500
vt 0.531250 0.312500
vt 0.531250 0.750000
vt 0.531250 0.250000
vt 0.531250 0.687500
vt 0.531250 0.187500
vt 0.531250 0.625000
vt 0.531250 0.125000
vt 0.531250 0.562500
vt 0.546875 1.000000
vt 0.500000 0.250000
vt 0.500000 0.187500
vt 0.500000 0.687500
vt 0.500000 0.625000
vt 0.500000 0.125000
vt 0.500000 0.562500
vt 0.500000 0.062500
vt 0.500000 0.500000
vt 0.515625 1.000000
vt 0.500000 0.937500
vt 0.515625 0.000000
vt 0.500000 0.437500
vt 0.500000 0.875000
vt 0.500000 0.375000
vt 0.500000 0.812500
vt 0.500000 0.312500
vt 0.500000 0.750000
vt 0.468750 0.937500
vt 0.468750 0.875000
vt 0.468750 0.437500
vt 0.468750 0.375000
vt 0.468750 0.812500
vt 0.468750 0.312500
vt 0.468750 0.750000
vt 0.468750 0.250000
vt 0.468750 0.687500
vt 0.468750 0.187500
vt 0.468750 0.625000
vt 0.468750 0.125000
vt 0.468750 0.562500
vt 0.468750 0.062500
vt 0.468750 0.500000
vt 0.484375 1.000000
vt 0.484375 0.000000
vt 0.437500 0.687500
vt 0.437500 0.625000
vt 0.437500 0.187500
vt 0.437500 0.125000
vt 0.437500 0.562500
vt 0.437500 0.062500
vt 0.437500 0.500000
vt 0.453125 1.000000
vt 0.437500 0.937500
vt 0.453125 0.000000
vt 0.437500 0.437500
vt 0.437500 0.875000
vt 0.437500 0.375000
vt 0.437500 0.812500
vt 0.437500 0.312500
vt 0.437500 0.750000
vt 0.437500 0.250000
vt 0.406250 0.437500
vt 0.406250 0.375000
vt 0.406250 0.875000
vt 0.406250 0.812500
vt 0.406250 0.312500
vt 0.406250 0.750000
vt 0.406250 0.250000
vt 0.406250 0.687500
vt 0.406250 0.187500
vt 0.406250 0.625000
vt 0.406250 0.125000
vt 0.406250 0.562500
vt 0.406250 0.062500
vt 0.406250 0.500000
vt 0.421875 1.000000
vt 0.406250 0.937500
vt 0.421875 0.000000
vt 0.375000 0.187500
vt 0.375000 0.125000
vt 0.375000 0.625000
vt 0.375000 0.562500
vt 0.375000 0.062500
vt 0.375000 0.500000
vt 0.390625 1.000000
vt 0.375000 0.937500
vt 0.390625 0.000000
vt 0.375000 0.437500
vt 0.375000 0.875000
vt 0.375000 0.375000
vt 0.375000 0.812500
vt 0.375000 0.312500
vt 0.375000 0.750000
vt 0.375000 0.250000
vt 0.375000 0.687500
vt 0.343750 0.875000
vt 0.343750 0.812500
vt 0.343750 0.375000
vt 0.343750 0.312500
vt 0.343750 0.750000
vt 0.343750 0.250000
vt 0.343750 0.687500
vt 0.343750 0.187500
vt 0.343750 0.625000
vt 0.343750 0.125000
vt 0.343750 0.562500
vt 0.343750 0.062500
vt 0.343750 0.500000
vt 0.359375 1.000000
vt 0.343750 0.937500
vt 0.359375 0.000000
vt 0.343750 0.437500
vt 0.312500 0.625000
vt 0.312500 0.562500
vt 0.312500 0.125000
vt 0.312500 0.062500
vt 0.312500 0.500000
vt 0.328125 1.000000
vt 0.312500 0.937500
vt 0.328125 0.000000
vt 0.312500 0.437500
vt 0.312500 0.875000
vt 0.312500 0.375000
vt 0.312500 0.812500
vt 0.312500 0.312500
vt 0.312500 0.750000
vt 0.312500 0.250000
vt 0.312500 0.687500
vt 0.312500 0.187500
vt 0.281250 0.375000
vt 0.281250 0.312500
vt 0.281250 0.812500
vt 0.281250 0.750000
vt 0.281250 0.250000
vt 0.281250 0.687500
vt 0.281250 0.187500
vt 0.281250 0.625000
vt 0.281250 0.125000
vt 0.281250 0.562500
vt 0.281250 0.062500
vt 0.281250 0.500000
vt 0.296875 1.000000
vt 0.281250 0.937500
vt 0.296875 0.000000
vt 0.281250 0.437500
vt 0.281250 0.875000
vt 0.250000 0.125000
vt 0.250000 0.062500
vt 0.250000 0.562500
vt 0.250000 0.500000
vt 0.265625 1.000000
vt 0.250000 0.937500
vt 0.265625 0.000000
vt 0.250000 0.437500
vt 0.250000 0.875000
vt 0.250000 0.375000
vt 0.250000 0.812500
vt 0.250000 0.312500
vt 0.250000 0.750000
vt 0.250000 0.250000
vt 0.250000 0.687500
vt 0.250000 0.187500
vt 0.250000 0.625000
vt 0.218750 0.312500
vt 0.218750 0.250000
vt 0.218750 0.750000
vt 0.218750 0.687500
vt 0.218750 0.187500
vt 0.218750 0.625000
vt 0.218750 0.125000
vt 0.218750 0.562500
vt 0.218750 0.062500
vt 0.218750 0.500000
vt 0.234375 1.000000
vt 0.218750 0.937500
vt 0.234375 0.000000
vt 0.218750 0.437500
vt 0.218750 0.875000
vt 0.218750 0.375000
vt 0.218750 0.812500
vt 0.203125 1.000000
vt 0.187500 0.937500
vt 0.203125 0.000000
vt 0.187500 0.062500
vt 0.187500 0.500000
vt 0.187500 0.437500
vt 0.187500 0.875000
vt 0.187500 0.375000
vt 0.187500 0.812500
vt 0.187500 0.312500
vt 0.187500 0.750000
vt 0.187500 0.250000
vt 0.187500 0.687500
vt 0.187500 0.187500
vt 0.187500 0.625000
vt 0.187500 0.125000
vt 0.187500 0.562500
vt 0.156250 0.750000
vt 0.156250 0.687500
vt 0.156250 0.250000
vt 0.156250 0.187500
vt 0.156250 0.625000
vt 0.156250 0.125000
vt 0.156250 0.562500
vt 0.156250 0.062500
vt 0.156250 0.500000
vt 0.171875 1.000000
vt 0.156250 0.937500
vt 0.171875 0.000000
vt 0.156250 0.437500
vt 0.156250 0.875000
vt 0.156250 0.375000
vt 0.156250 0.812500
vt 0.156250 0.312500
vt 0.125000 0.500000
vt 0.125000 0.437500
vt 0.125000 0.937500
vt 0.125000 0.875000
vt 0.125000 0.375000
vt 0.125000 0.812500
vt 0.125000 0.312500
vt 0.125000 0.750000
vt 0.125000 0.250000
vt 0.125000 0.687500
vt 0.125000 0.187500
vt 0.125000 0.625000
vt 0.125000 0.125000
vt 0.125000 0.562500
vt 0.125000 0.062500
vt 0.140625 1.000000
vt 0.140625 0.000000
vt 0.093750 0.250000
vt 0.093750 0.187500
vt 0.093750 0.687500
vt 0.093750 0.625000
vt 0.093750 0.125000
vt 0.093750 0.562500
vt 0.093750 0.062500
vt 0.093750 0.500000
vt 0.109375 1.000000
vt 0.093750 0.937500
vt 0.109375 0.000000
vt 0.093750 0.437500
vt 0.093750 0.875000
vt 0.093750 0.375000
vt 0.093750 0.812500
vt 0.093750 0.312500
vt 0.093750 0.750000
vt 0.062500 0.937500
vt 0.062500 0.875000
vt 0.062500 0.437500
vt 0.062500 0.375000
vt 0.062500 0.812500
vt 0.062500 0.312500
vt 0.062500 0.750000
vt 0.062500 0.250000
vt 0.062500 0.687500
vt 0.062500 0.187500
vt 0.062500 0.625000
vt 0.062500 0.125000
vt 0.062500 0.562500
vt 0.062500 0.062500
vt 0.062500 0.500000
vt 0.078125 1.000000
vt 0.078125 0.000000
vt 0.031250 0.687500
vt 0.031250 0.625000
vt 0.031250 0.187500
vt 0.031250 0.125000
vt 0.031250 0.562500
vt 0.031250 0.062500
vt 0.031250 0.500000
vt 0.046875 1.000000
vt 0.031250 0.937500
vt 0.046875 0.000000
vt 0.031250 0.437500
vt 0.031250 0.875000
vt 0.031250 0.375000
vt 0.031250 0.812500
vt 0.031250 0.312500
vt 0.031250 0.750000
vt 0.031250 0.250000
vt 0.000000 0.437500
vt 0.000000 0.375000
vt 0.000000 0.875000
vt 0.000000 0.812500
vt 0.000000 0.312500
vt 0.000000 0.750000
vt 0.000000 0.250000
vt 0.000000 0.687500
vt 0.000000 0.187500
vt 0.000000 0.625000
vt 0.000000 0.125000
vt 0.000000 0.562500
vt 0.000000 0.062500
vt 0.000000 0.500000
vt 0.015625 1.000000
vt 0.000000 0.937500
vt 0.015625 0.000000
vt 1.000000 0.125000
vt 1.000000 0.187500
vt 0.968750 0.187500
vt 0.968750 0.125000
vt 1.000000 0.562500
vt 1.000000 0.625000
vt 0.968750 0.625000
vt 0.968750 0.562500
vt 1.000000 0.062500
vt 0.968750 0.062500
vt 1.000000 0.500000
vt 0.968750 0.500000
vt 1.000000 0.937500
vt 0.984375 1.000000
vt 0.968750 0.937500
vt 0.984375 0.000000
vt 1.000000 0.437500
vt 0.968750 0.437500
vt 1.000000 0.875000
vt 0.968750 0.875000
vt 1.000000 0.375000
vt 0.968750 0.375000
vt 1.000000 0.812500
vt 0.968750 0.812500
vt 1.000000 0.312500
vt 0.968750 0.312500
vt 1.000000 0.750000
vt 0.968750 0.750000
vt 1.000000 0.250000
vt 0.968750 0.250000
vt 1.000000 0.687500
vt 0.968750 0.687500
vt 0.937500 0.375000
vt 0.937500 0.312500
vt 0.937500 0.812500
vt 0.937500 0.750000
vt 0.937500 0.250000
vt 0.937500 0.687500
vt 0.937500 0.187500
vt 0.937500 0.625000
vt 0.937500 0.125000
vt 0.937500 0.562500
vt 0.937500 0.062500
vt 0.937500 0.500000
vt 0.953125 1.000000
vt 0.937500 0.937500
vt 0.953125 0.000000
vt 0.937500 0.437500
vt 0.937500 0.875000
vt 0.906250 0.125000
vt 0.906250 0.062500
vt 0.906250 0.562500
vt 0.906250 0.500000
vt 0.921875 1.000000
vt 0.906250 0.937500
vt 0.921875 0.000000
vt 0.906250 0.437500
vt 0.906250 0.875000
vt 0.906250 0.375000
vt 0.906250 0.812500
vt 0.906250 0.312500
vt 0.906250 0.750000
vt 0.906250 0.250000
vt 0.906250 0.687500
vt 0.906250 0.187500
vt 0.906250 0.625000
vt 0.875000 0.812500
vt 0.875000 0.750000
vt 0.875000 0.312500
vt 0.875000 0.250000
vt 0.875000 0.687500
vt 0.875000 0.187500
vt 0.875000 0.625000
vt 0.875000 0.125000
vt 0.875000 0.562500
vt 0.875000 0.062500
vt 0.875000 0.500000
vt 0.890625 1.000000
vt 0.875000 0.937500
vt 0.890625 0.000000
vt 0.875000 0.437500
vt 0.875000 0.875000
vt 0.875000 0.375000
vt 0.843750 0.562500
vt 0.843750 0.500000
vt 0.859375 1.000000
vt 0.843750 0.937500
vt 0.859375 0.000000
vt 0.843750 0.062500
vt 0.843750 0.437500
vt 0.843750 0.875000
vt 0.843750 0.375000
vt 0.843750 0.812500
vt 0.843750 0.312500
vt 0.843750 0.750000
vt 0.843750 0.250000
vt 0.843750 0.687500
vt 0.843750 0.187500
vt 0.843750 0.625000
vt 0.843750 0.125000
vt 0.812500 0.312500
vt 0.812500 0.250000
vt 0.812500 0.750000
vt 0.812500 0.687500
vt 0.812500 0.187500
vt 0.812500 0.625000
vt 0.812500 0.125000
vt 0.812500 0.562500
vt 0.812500 0.062500
vt 0.812500 0.500000
vt 0.828125 1.000000
vt 0.812500 0.937500
vt 0.828125 0.000000
vt 0.812500 0.437500
vt 0.812500 0.875000
vt 0.812500 0.375000
vt 0.812500 0.812500
vt 0.796875 1.000000
vt 0.781250 0.937500
vt 0.796875 0.000000
vt 0.781250 0.062500
vt 0.781250 0.500000
vt 0.781250 0.437500
vt 0.781250 0.875000
vt 0.781250 0.375000
vt 0.781250 0.812500
vt 0.781250 0.312500
vt 0.781250 0.750000
vt 0.781250 0.250000
vt 0.781250 0.687500
vt 0.781250 0.187500
vt 0.781250 0.625000
vt 0.781250 0.125000
vt 0.781250 0.562500
vt 0.765625 1.000000
vt 0.765625 0.000000
s 0
usemtl HandleMaterial.011
f 4257/3833/3851 3784/3834/3851 3798/3835/3851 3799/3836/3851
f 4254/3837/3852 3780/3838/3852 3791/3839/3852 3792/3840/3852
f 3785/3841/3853 4257/3833/3853 3799/3836/3853 3800/3842/3853
f 3781/3843/3854 4254/3837/3854 3792/3840/3854 3793/3844/3854
f 4258/3845/3855 3785/3841/3855 3800/3842/3855 3801/3846/3855
f 4255/3847/3856 3781/3843/3856 3793/3844/3856 3794/3848/3856
f 3786/3849/3857 4258/3845/3857 3801/3846/3857 3802/3850/3857
f 3782/3851/3858 4255/3847/3858 3794/3848/3858 3795/3852/3858
f 3778/3853/3859 3777/3854/3859 3788/3855/3859
f 3787/3856/3860 3786/3849/3860 3802/3850/3860
f 3783/3857/3861 3782/3851/3861 3795/3852/3861 3796/3858/3861
f 4253/3859/3862 3778/3853/3862 3788/3855/3862 3789/3860/3862
f 4256/3861/3863 3783/3857/3863 3796/3858/3863 3797/3862/3863
f 3779/3863/3864 4253/3859/3864 3789/3860/3864 3790/3864/3864
f 3784/3834/3865 4256/3861/3865 3797/3862/3865 3798/3835/3865
f 3780/3838/3866 3779/3863/3866 3790/3864/3866 3791/3839/3866
f 3798/3835/3867 3797/3862/3867 3812/3865/3867 3813/3866/3867
f 3791/3839/3868 3790/3864/3868 3805/3867/3868 3806/3868/3868
f 3799/3836/3869 3798/3835/3869 3813/3866/3869 3814/3869/3869
f 3792/3840/3870 3791/3839/3870 3806/3868/3870 3807/3870/3870
f 3800/3842/3871 3799/3836/3871 3814/3869/3871 3815/3871/3871
f 3793/3844/3872 3792/3840/3872 3807/3870/3872 3808/3872/3872
f 3801/3846/3873 3800/3842/3873 3815/3871/3873 3816/3873/3873
f 3794/3848/3874 3793/3844/3874 3808/3872/3874 3809/3874/3874
f 3802/3850/3875 3801/3846/3875 3816/3873/3875 3817/3875/3875
f 3795/3852/3876 3794/3848/3876 3809/3874/3876 3810/3876/3876
f 3788/3855/3877 3777/3877/3877 3803/3878/3877
f 3787/3879/3878 3802/3850/3878 3817/3875/3878
f 3796/3858/3879 3795/3852/3879 3810/3876/3879 3811/3880/3879
f 3789/3860/3880 3788/3855/3880 3803/3878/3880 3804/3881/3880
f 3797/3862/3881 3796/3858/3881 3811/3880/3881 3812/3865/3881
f 3790/3864/3882 3789/3860/3882 3804/3881/3882 3805/3867/3882
f 3817/3875/3883 3816/3873/3883 3831/3882/3883 3832/3883/3883
f 3810/3876/3884 3809/3874/3884 3824/3884/3884 3825/3885/3884
f 3803/3878/3885 3777/3886/3885 3818/3887/3885
f 3787/3888/3886 3817/3875/3886 3832/3883/3886
f 3811/3880/3887 3810/3876/3887 3825/3885/3887 3826/3889/3887
f 3804/3881/3888 3803/3878/3888 3818/3887/3888 3819/3890/3888
f 3812/3865/3889 3811/3880/3889 3826/3889/3889 3827/3891/3889
f 3805/3867/3890 3804/3881/3890 3819/3890/3890 3820/3892/3890
f 3813/3866/3891 3812/3865/3891 3827/3891/3891 3828/3893/3891
f 3806/3868/3892 3805/3867/3892 3820/3892/3892 3821/3894/3892
f 3814/3869/3893 3813/3866/3893 3828/3893/3893 3829/3895/3893
f 3807/3870/3894 3806/3868/3894 3821/3894/3894 3822/3896/3894
f 3815/3871/3895 3814/3869/3895 3829/3895/3895 3830/3897/3895
f 3808/3872/3896 3807/3870/3896 3822/3896/3896 3823/3898/3896
f 3816/3873/3897 3815/3871/3897 3830/3897/3897 3831/3882/3897
f 3809/3874/3898 3808/3872/3898 3823/3898/3898 3824/3884/3898
f 3821/3894/3899 3820/3892/3899 3835/3899/3899 3836/3900/3899
f 3829/3895/3900 3828/3893/3900 3843/3901/3900 3844/3902/3900
f 3822/3896/3901 3821/3894/3901 3836/3900/3901 3837/3903/3901
f 3830/3897/3902 3829/3895/3902 3844/3902/3902 3845/3904/3902
f 3823/3898/3903 3822/3896/3903 3837/3903/3903 3838/3905/3903
f 3831/3882/3904 3830/3897/3904 3845/3904/3904 3846/3906/3904
f 3824/3884/3905 3823/3898/3905 3838/3905/3905 3839/3907/3905
f 3832/3883/3906 3831/3882/3906 3846/3906/3906 3847/3908/3906
f 3825/3885/3907 3824/3884/3907 3839/3907/3907 3840/3909/3907
f 3818/3887/3908 3777/3910/3908 3833/3911/3908
f 3787/3912/3909 3832/3883/3909 3847/3908/3909
f 3826/3889/3910 3825/3885/3910 3840/3909/3910 3841/3913/3910
f 3819/3890/3911 3818/3887/3911 3833/3911/3911 3834/3914/3911
f 3827/3891/3912 3826/3889/3912 3841/3913/3912 3842/3915/3912
f 3820/3892/3913 3819/3890/3913 3834/3914/3913 3835/3899/3913
f 3828/3893/3914 3827/3891/3914 3842/3915/3914 3843/3901/3914
f 3840/3909/3915 3839/3907/3915 3854/3916/3915 3855/3917/3915
f 3833/3911/3916 3777/3918/3916 3848/3919/3916
f 3787/3920/3917 3847/3908/3917 3862/3921/3917
f 3841/3913/3918 3840/3909/3918 3855/3917/3918 3856/3922/3918
f 3834/3914/3919 3833/3911/3919 3848/3919/3919 3849/3923/3919
f 3842/3915/3920 3841/3913/3920 3856/3922/3920 3857/3924/3920
f 3835/3899/3921 3834/3914/3921 3849/3923/3921 3850/3925/3921
f 3843/3901/3922 3842/3915/3922 3857/3924/3922 3858/3926/3922
f 3836/3900/3923 3835/3899/3923 3850/3925/3923 3851/3927/3923
f 3844/3902/3924 3843/3901/3924 3858/3926/3924 3859/3928/3924
f 3837/3903/3925 3836/3900/3925 3851/3927/3925 3852/3929/3925
f 3845/3904/3926 3844/3902/3926 3859/3928/3926 3860/3930/3926
f 3838/3905/3927 3837/3903/3927 3852/3929/3927 3853/3931/3927
f 3846/3906/3928 3845/3904/3928 3860/3930/3928 3861/3932/3928
f 3839/3907/3929 3838/3905/3929 3853/3931/3929 3854/3916/3929
f 3847/3908/3930 3846/3906/3930 3861/3932/3930 3862/3921/3930
f 3859/3928/3931 3858/3926/3931 3873/3933/3931 3874/3934/3931
f 3852/3929/3932 3851/3927/3932 3866/3935/3932 3867/3936/3932
f 3860/3930/3933 3859/3928/3933 3874/3934/3933 3875/3937/3933
f 3853/3931/3934 3852/3929/3934 3867/3936/3934 3868/3938/3934
f 3861/3932/3935 3860/3930/3935 3875/3937/3935 3876/3939/3935
f 3854/3916/3936 3853/3931/3936 3868/3938/3936 3869/3940/3936
f 3862/3921/3937 3861/3932/3937 3876/3939/3937 3877/3941/3937
f 3855/3917/3938 3854/3916/3938 3869/3940/3938 3870/3942/3938
f 3848/3919/3939 3777/3943/3939 3863/3944/3939
f 3787/3945/3940 3862/3921/3940 3877/3941/3940
f 3856/3922/3941 3855/3917/3941 3870/3942/3941 3871/3946/3941
f 3849/3923/3942 3848/3919/3942 3863/3944/3942 3864/3947/3942
f 3857/3924/3943 3856/3922/3943 3871/3946/3943 3872/3948/3943
f 3850/3925/3944 3849/3923/3944 3864/3947/3944 3865/3949/3944
f 3858/3926/3945 3857/3924/3945 3872/3948/3945 3873/3933/3945
f 3851/3927/3946 3850/3925/3946 3865/3949/3946 3866/3935/3946
f 3787/3950/3947 3877/3941/3947 3892/3951/3947
f 3871/3946/3948 3870/3942/3948 3885/3952/3948 3886/3953/3948
f 3864/3947/3949 3863/3944/3949 3878/3954/3949 3879/3955/3949
f 3872/3948/3950 3871/3946/3950 3886/3953/3950 3887/3956/3950
f 3865/3949/3951 3864/3947/3951 3879/3955/3951 3880/3957/3951
f 3873/3933/3952 3872/3948/3952 3887/3956/3952 3888/3958/3952
f 3866/3935/3953 3865/3949/3953 3880/3957/3953 3881/3959/3953
f 3874/3934/3954 3873/3933/3954 3888/3958/3954 3889/3960/3954
f 3867/3936/3955 3866/3935/3955 3881/3959/3955 3882/3961/3955
f 3875/3937/3956 3874/3934/3956 3889/3960/3956 3890/3962/3956
f 3868/3938/3957 3867/3936/3957 3882/3961/3957 3883/3963/3957
f 3876/3939/3958 3875/3937/3958 3890/3962/3958 3891/3964/3958
f 3869/3940/3959 3868/3938/3959 3883/3963/3959 3884/3965/3959
f 3877/3941/3960 3876/3939/3960 3891/3964/3960 3892/3951/3960
f 3870/3942/3961 3869/3940/3961 3884/3965/3961 3885/3952/3961
f 3863/3944/3962 3777/3966/3962 3878/3954/3962
f 3890/3962/3963 3889/3960/3963 3904/3967/3963 3905/3968/3963
f 3883/3963/3964 3882/3961/3964 3897/3969/3964 3898/3970/3964
f 3891/3964/3965 3890/3962/3965 3905/3968/3965 3906/3971/3965
f 3884/3965/3966 3883/3963/3966 3898/3970/3966 3899/3972/3966
f 3892/3951/3967 3891/3964/3967 3906/3971/3967 3907/3973/3967
f 3885/3952/3968 3884/3965/3968 3899/3972/3968 3900/3974/3968
f 3878/3954/3969 3777/3975/3969 3893/3976/3969
f 3787/3977/3970 3892/3951/3970 3907/3973/3970
f 3886/3953/3971 3885/3952/3971 3900/3974/3971 3901/3978/3971
f 3879/3955/3972 3878/3954/3972 3893/3976/3972 3894/3979/3972
f 3887/3956/3973 3886/3953/3973 3901/3978/3973 3902/3980/3973
f 3880/3957/3974 3879/3955/3974 3894/3979/3974 3895/3981/3974
f 3888/3958/3975 3887/3956/3975 3902/3980/3975 3903/3982/3975
f 3881/3959/3976 3880/3957/3976 3895/3981/3976 3896/3983/3976
f 3889/3960/3977 3888/3958/3977 3903/3982/3977 3904/3967/3977
f 3882/3961/3978 3881/3959/3978 3896/3983/3978 3897/3969/3978
f 3894/3979/3979 3893/3976/3979 3908/3984/3979 3909/3985/3979
f 3902/3980/3980 3901/3978/3980 3916/3986/3980 3917/3987/3980
f 3895/3981/3981 3894/3979/3981 3909/3985/3981 3910/3988/3981
f 3903/3982/3982 3902/3980/3982 3917/3987/3982 3918/3989/3982
f 3896/3983/3983 3895/3981/3983 3910/3988/3983 3911/3990/3983
f 3904/3967/3984 3903/3982/3984 3918/3989/3984 3919/3991/3984
f 3897/3969/3985 3896/3983/3985 3911/3990/3985 3912/3992/3985
f 3905/3968/3986 3904/3967/3986 3919/3991/3986 3920/3993/3986
f 3898/3970/3987 3897/3969/3987 3912/3992/3987 3913/3994/3987
f 3906/3971/3988 3905/3968/3988 3920/3993/3988 3921/3995/3988
f 3899/3972/3989 3898/3970/3989 3913/3994/3989 3914/3996/3989
f 3907/3973/3990 3906/3971/3990 3921/3995/3990 3922/3997/3990
f 3900/3974/3991 3899/3972/3991 3914/3996/3991 3915/3998/3991
f 3893/3976/3992 3777/3999/3992 3908/3984/3992
f 3787/4000/3993 3907/3973/3993 3922/3997/3993
f 3901/3978/3994 3900/3974/3994 3915/3998/3994 3916/3986/3994
f 3913/3994/3995 3912/3992/3995 3927/4001/3995 3928/4002/3995
f 3921/3995/3996 3920/3993/3996 3935/4003/3996 3936/4004/3996
f 3914/3996/3997 3913/3994/3997 3928/4002/3997 3929/4005/3997
f 3922/3997/3998 3921/3995/3998 3936/4004/3998 3937/4006/3998
f 3915/3998/3999 3914/3996/3999 3929/4005/3999 3930/4007/3999
f 3908/3984/4000 3777/4008/4000 3923/4009/4000
f 3787/4010/4001 3922/3997/4001 3937/4006/4001
f 3916/3986/4002 3915/3998/4002 3930/4007/4002 3931/4011/4002
f 3909/3985/4003 3908/3984/4003 3923/4009/4003 3924/4012/4003
f 3917/3987/4004 3916/3986/4004 3931/4011/4004 3932/4013/4004
f 3910/3988/4005 3909/3985/4005 3924/4012/4005 3925/4014/4005
f 3918/3989/4006 3917/3987/4006 3932/4013/4006 3933/4015/4006
f 3911/3990/4007 3910/3988/4007 3925/4014/4007 3926/4016/4007
f 3919/3991/4008 3918/3989/4008 3933/4015/4008 3934/4017/4008
f 3912/3992/4009 3911/3990/4009 3926/4016/4009 3927/4001/4009
f 3920/3993/4010 3919/3991/4010 3934/4017/4010 3935/4003/4010
f 3932/4013/4011 3931/4011/4011 3946/4018/4011 3947/4019/4011
f 3925/4014/4012 3924/4012/4012 3939/4020/4012 3940/4021/4012
f 3933/4015/4013 3932/4013/4013 3947/4019/4013 3948/4022/4013
f 3926/4016/4014 3925/4014/4014 3940/4021/4014 3941/4023/4014
f 3934/4017/4015 3933/4015/4015 3948/4022/4015 3949/4024/4015
f 3927/4001/4016 3926/4016/4016 3941/4023/4016 3942/4025/4016
f 3935/4003/4017 3934/4017/4017 3949/4024/4017 3950/4026/4017
f 3928/4002/4018 3927/4001/4018 3942/4025/4018 3943/4027/4018
f 3936/4004/4019 3935/4003/4019 3950/4026/4019 3951/4028/4019
f 3929/4005/4020 3928/4002/4020 3943/4027/4020 3944/4029/4020
f 3937/4006/4021 3936/4004/4021 3951/4028/4021 3952/4030/4021
f 3930/4007/4022 3929/4005/4022 3944/4029/4022 3945/4031/4022
f 3923/4009/4023 3777/4032/4023 3938/4033/4023
f 3787/4034/4024 3937/4006/4024 3952/4030/4024
f 3931/4011/4025 3930/4007/4025 3945/4031/4025 3946/4018/4025
f 3924/4012/4026 3923/4009/4026 3938/4033/4026 3939/4020/4026
f 3951/4028/4027 3950/4026/4027 3965/4035/4027 3966/4036/4027
f 3944/4029/4028 3943/4027/4028 3958/4037/4028 3959/4038/4028
f 3952/4030/4029 3951/4028/4029 3966/4036/4029 3967/4039/4029
f 3945/4031/4030 3944/4029/4030 3959/4038/4030 3960/4040/4030
f 3938/4033/4031 3777/4041/4031 3953/4042/4031
f 3787/4043/4032 3952/4030/4032 3967/4039/4032
f 3946/4018/4033 3945/4031/4033 3960/4040/4033 3961/4044/4033
f 3939/4020/4034 3938/4033/4034 3953/4042/4034 3954/4045/4034
f 3947/4019/4035 3946/4018/4035 3961/4044/4035 3962/4046/4035
f 3940/4021/4036 3939/4020/4036 3954/4045/4036 3955/4047/4036
f 3948/4022/4037 3947/4019/4037 3962/4046/4037 3963/4048/4037
f 3941/4023/4038 3940/4021/4038 3955/4047/4038 3956/4049/4038
f 3949/4024/4039 3948/4022/4039 3963/4048/4039 3964/4050/4039
f 3942/4025/4040 3941/4023/4040 3956/4049/4040 3957/4051/4040
f 3950/4026/4041 3949/4024/4041 3964/4050/4041 3965/4035/4041
f 3943/4027/4042 3942/4025/4042 3957/4051/4042 3958/4037/4042
f 3955/4047/4043 3954/4045/4043 3969/4052/4043 3970/4053/4043
f 3963/4048/4044 3962/4046/4044 3977/4054/4044 3978/4055/4044
f 3956/4049/4045 3955/4047/4045 3970/4053/4045 3971/4056/4045
f 3964/4050/4046 3963/4048/4046 3978/4055/4046 3979/4057/4046
f 3957/4051/4047 3956/4049/4047 3971/4056/4047 3972/4058/4047
f 3965/4035/4048 3964/4050/4048 3979/4057/4048 3980/4059/4048
f 3958/4037/4049 3957/4051/4049 3972/4058/4049 3973/4060/4049
f 3966/4036/4050 3965/4035/4050 3980/4059/4050 3981/4061/4050
f 3959/4038/4051 3958/4037/4051 3973/4060/4051 3974/4062/4051
f 3967/4039/4052 3966/4036/4052 3981/4061/4052 3982/4063/4052
f 3960/4040/4053 3959/4038/4053 3974/4062/4053 3975/4064/4053
f 3953/4042/4054 3777/4065/4054 3968/4066/4054
f 3787/4067/4055 3967/4039/4055 3982/4063/4055
f 3961/4044/4056 3960/4040/4056 3975/4064/4056 3976/4068/4056
f 3954/4045/4057 3953/4042/4057 3968/4066/4057 3969/4052/4057
f 3962/4046/4058 3961/4044/4058 3976/4068/4058 3977/4054/4058
f 3974/4062/4059 3973/4060/4059 3988/4069/4059 3989/4070/4059
f 3982/4063/4060 3981/4061/4060 3996/4071/4060 3997/4072/4060
f 3975/4064/4061 3974/4062/4061 3989/4070/4061 3990/4073/4061
f 3968/4066/4062 3777/4074/4062 3983/4075/4062
f 3787/4076/4063 3982/4063/4063 3997/4072/4063
f 3976/4068/4064 3975/4064/4064 3990/4073/4064 3991/4077/4064
f 3969/4052/4065 3968/4066/4065 3983/4075/4065 3984/4078/4065
f 3977/4054/4066 3976/4068/4066 3991/4077/4066 3992/4079/4066
f 3970/4053/4067 3969/4052/4067 3984/4078/4067 3985/4080/4067
f 3978/4055/4068 3977/4054/4068 3992/4079/4068 3993/4081/4068
f 3971/4056/4069 3970/4053/4069 3985/4080/4069 3986/4082/4069
f 3979/4057/4070 3978/4055/4070 3993/4081/4070 3994/4083/4070
f 3972/4058/4071 3971/4056/4071 3986/4082/4071 3987/4084/4071
f 3980/4059/4072 3979/4057/4072 3994/4083/4072 3995/4085/4072
f 3973/4060/4073 3972/4058/4073 3987/4084/4073 3988/4069/4073
f 3981/4061/4074 3980/4059/4074 3995/4085/4074 3996/4071/4074
f 3993/4081/4075 3992/4079/4075 4007/4086/4075 4008/4087/4075
f 3986/4082/4076 3985/4080/4076 4000/4088/4076 4001/4089/4076
f 3994/4083/4077 3993/4081/4077 4008/4087/4077 4009/4090/4077
f 3987/4084/4078 3986/4082/4078 4001/4089/4078 4002/4091/4078
f 3995/4085/4079 3994/4083/4079 4009/4090/4079 4010/4092/4079
f 3988/4069/4080 3987/4084/4080 4002/4091/4080 4003/4093/4080
f 3996/4071/4081 3995/4085/4081 4010/4092/4081 4011/4094/4081
f 3989/4070/4082 3988/4069/4082 4003/4093/4082 4004/4095/4082
f 3997/4072/4083 3996/4071/4083 4011/4094/4083 4012/4096/4083
f 3990/4073/4084 3989/4070/4084 4004/4095/4084 4005/4097/4084
f 3983/4075/4085 3777/4098/4085 3998/4099/4085
f 3787/4100/4086 3997/4072/4086 4012/4096/4086
f 3991/4077/4087 3990/4073/4087 4005/4097/4087 4006/4101/4087
f 3984/4078/4088 3983/4075/4088 3998/4099/4088 3999/4102/4088
f 3992/4079/4089 3991/4077/4089 4006/4101/4089 4007/4086/4089
f 3985/4080/4090 3984/4078/4090 3999/4102/4090 4000/4088/4090
f 4012/4096/4091 4011/4094/4091 4026/4103/4091 4027/4104/4091
f 4005/4097/4092 4004/4095/4092 4019/4105/4092 4020/4106/4092
f 3998/4099/4093 3777/4107/4093 4013/4108/4093
f 3787/4109/4094 4012/4096/4094 4027/4104/4094
f 4006/4101/4095 4005/4097/4095 4020/4106/4095 4021/4110/4095
f 3999/4102/4096 3998/4099/4096 4013/4108/4096 4014/4111/4096
f 4007/4086/4097 4006/4101/4097 4021/4110/4097 4022/4112/4097
f 4000/4088/4098 3999/4102/4098 4014/4111/4098 4015/4113/4098
f 4008/4087/4099 4007/4086/4099 4022/4112/4099 4023/4114/4099
f 4001/4089/4100 4000/4088/4100 4015/4113/4100 4016/4115/4100
f 4009/4090/4101 4008/4087/4101 4023/4114/4101 4024/4116/4101
f 4002/4091/4102 4001/4089/4102 4016/4115/4102 4017/4117/4102
f 4010/4092/4103 4009/4090/4103 4024/4116/4103 4025/4118/4103
f 4003/4093/4104 4002/4091/4104 4017/4117/4104 4018/4119/4104
f 4011/4094/4105 4010/4092/4105 4025/4118/4105 4026/4103/4105
f 4004/4095/4106 4003/4093/4106 4018/4119/4106 4019/4105/4106
f 4024/4116/4107 4023/4114/4107 4038/4120/4107 4039/4121/4107
f 4017/4117/4108 4016/4115/4108 4031/4122/4108 4032/4123/4108
f 4025/4118/4109 4024/4116/4109 4039/4121/4109 4040/4124/4109
f 4018/4119/4110 4017/4117/4110 4032/4123/4110 4033/4125/4110
f 4026/4103/4111 4025/4118/4111 4040/4124/4111 4041/4126/4111
f 4019/4105/4112 4018/4119/4112 4033/4125/4112 4034/4127/4112
f 4027/4104/4113 4026/4103/4113 4041/4126/4113 4042/4128/4113
f 4020/4106/4114 4019/4105/4114 4034/4127/4114 4035/4129/4114
f 4013/4108/4115 3777/4130/4115 4028/4131/4115
f 3787/4132/4116 4027/4104/4116 4042/4128/4116
f 4021/4110/4117 4020/4106/4117 4035/4129/4117 4036/4133/4117
f 4014/4111/4118 4013/4108/4118 4028/4131/4118 4029/4134/4118
f 4022/4112/4119 4021/4110/4119 4036/4133/4119 4037/4135/4119
f 4015/4113/4120 4014/4111/4120 4029/4134/4120 4030/4136/4120
f 4023/4114/4121 4022/4112/4121 4037/4135/4121 4038/4120/4121
f 4016/4115/4122 4015/4113/4122 4030/4136/4122 4031/4122/4122
f 4028/4131/4123 3777/4137/4123 4043/4138/4123
f 3787/4139/4124 4042/4128/4124 4057/4140/4124
f 4036/4133/4125 4035/4129/4125 4050/4141/4125 4051/4142/4125
f 4029/4134/4126 4028/4131/4126 4043/4138/4126 4044/4143/4126
f 4037/4135/4127 4036/4133/4127 4051/4142/4127 4052/4144/4127
f 4030/4136/4128 4029/4134/4128 4044/4143/4128 4045/4145/4128
f 4038/4120/4129 4037/4135/4129 4052/4144/4129 4053/4146/4129
f 4031/4122/4130 4030/4136/4130 4045/4145/4130 4046/4147/4130
f 4039/4121/4131 4038/4120/4131 4053/4146/4131 4054/4148/4131
f 4032/4123/4132 4031/4122/4132 4046/4147/4132 4047/4149/4132
f 4040/4124/4133 4039/4121/4133 4054/4148/4133 4055/4150/4133
f 4033/4125/4134 4032/4123/4134 4047/4149/4134 4048/4151/4134
f 4041/4126/4135 4040/4124/4135 4055/4150/4135 4056/4152/4135
f 4034/4127/4136 4033/4125/4136 4048/4151/4136 4049/4153/4136
f 4042/4128/4137 4041/4126/4137 4056/4152/4137 4057/4140/4137
f 4035/4129/4138 4034/4127/4138 4049/4153/4138 4050/4141/4138
f 4047/4149/4139 4046/4147/4139 4061/4154/4139 4062/4155/4139
f 4055/4150/4140 4054/4148/4140 4069/4156/4140 4070/4157/4140
f 4048/4151/4141 4047/4149/4141 4062/4155/4141 4063/4158/4141
f 4056/4152/4142 4055/4150/4142 4070/4157/4142 4071/4159/4142
f 4049/4153/4143 4048/4151/4143 4063/4158/4143 4064/4160/4143
f 4057/4140/4144 4056/4152/4144 4071/4159/4144 4072/4161/4144
f 4050/4141/4145 4049/4153/4145 4064/4160/4145 4065/4162/4145
f 4043/4138/4146 3777/4163/4146 4058/4164/4146
f 3787/4165/4147 4057/4140/4147 4072/4161/4147
f 4051/4142/4148 4050/4141/4148 4065/4162/4148 4066/4166/4148
f 4044/4143/4149 4043/4138/4149 4058/4164/4149 4059/4167/4149
f 4052/4144/4150 4051/4142/4150 4066/4166/4150 4067/4168/4150
f 4045/4145/4151 4044/4143/4151 4059/4167/4151 4060/4169/4151
f 4053/4146/4152 4052/4144/4152 4067/4168/4152 4068/4170/4152
f 4046/4147/4153 4045/4145/4153 4060/4169/4153 4061/4154/4153
f 4054/4148/4154 4053/4146/4154 4068/4170/4154 4069/4156/4154
f 4066/4166/4155 4065/4162/4155 4080/4171/4155 4081/4172/4155
f 4059/4167/4156 4058/4164/4156 4073/4173/4156 4074/4174/4156
f 4067/4168/4157 4066/4166/4157 4081/4172/4157 4082/4175/4157
f 4060/4169/4158 4059/4167/4158 4074/4174/4158 4075/4176/4158
f 4068/4170/4159 4067/4168/4159 4082/4175/4159 4083/4177/4159
f 4061/4154/4160 4060/4169/4160 4075/4176/4160 4076/4178/4160
f 4069/4156/4161 4068/4170/4161 4083/4177/4161 4084/4179/4161
f 4062/4155/4162 4061/4154/4162 4076/4178/4162 4077/4180/4162
f 4070/4157/4163 4069/4156/4163 4084/4179/4163 4085/4181/4163
f 4063/4158/4164 4062/4155/4164 4077/4180/4164 4078/4182/4164
f 4071/4159/4165 4070/4157/4165 4085/4181/4165 4086/4183/4165
f 4064/4160/4166 4063/4158/4166 4078/4182/4166 4079/4184/4166
f 4072/4161/4167 4071/4159/4167 4086/4183/4167 4087/4185/4167
f 4065/4162/4168 4064/4160/4168 4079/4184/4168 4080/4171/4168
f 4058/4164/4169 3777/4186/4169 4073/4173/4169
f 3787/4187/4170 4072/4161/4170 4087/4185/4170
f 4085/4181/4171 4084/4179/4171 4099/4188/4171 4100/4189/4171
f 4078/4182/4172 4077/4180/4172 4092/4190/4172 4093/4191/4172
f 4086/4183/4173 4085/4181/4173 4100/4189/4173 4101/4192/4173
f 4079/4184/4174 4078/4182/4174 4093/4191/4174 4094/4193/4174
f 4087/4185/4175 4086/4183/4175 4101/4192/4175 4102/4194/4175
f 4080/4171/4176 4079/4184/4176 4094/4193/4176 4095/4195/4176
f 4073/4173/4177 3777/4196/4177 4088/4197/4177
f 3787/4198/4178 4087/4185/4178 4102/4194/4178
f 4081/4172/4179 4080/4171/4179 4095/4195/4179 4096/4199/4179
f 4074/4174/4180 4073/4173/4180 4088/4197/4180 4089/4200/4180
f 4082/4175/4181 4081/4172/4181 4096/4199/4181 4097/4201/4181
f 4075/4176/4182 4074/4174/4182 4089/4200/4182 4090/4202/4182
f 4083/4177/4183 4082/4175/4183 4097/4201/4183 4098/4203/4183
f 4076/4178/4184 4075/4176/4184 4090/4202/4184 4091/4204/4184
f 4084/4179/4185 4083/4177/4185 4098/4203/4185 4099/4188/4185
f 4077/4180/4186 4076/4178/4186 4091/4204/4186 4092/4190/4186
f 4089/4200/4187 4088/4197/4187 4103/4205/4187 4104/4206/4187
f 4097/4201/4188 4096/4199/4188 4111/4207/4188 4112/4208/4188
f 4090/4202/4189 4089/4200/4189 4104/4206/4189 4105/4209/4189
f 4098/4203/4190 4097/4201/4190 4112/4208/4190 4113/4210/4190
f 4091/4204/4191 4090/4202/4191 4105/4209/4191 4106/4211/4191
f 4099/4188/4192 4098/4203/4192 4113/4210/4192 4114/4212/4192
f 4092/4190/4193 4091/4204/4193 4106/4211/4193 4107/4213/4193
f 4100/4189/4194 4099/4188/4194 4114/4212/4194 4115/4214/4194
f 4093/4191/4195 4092/4190/4195 4107/4213/4195 4108/4215/4195
f 4101/4192/4196 4100/4189/4196 4115/4214/4196 4116/4216/4196
f 4094/4193/4197 4093/4191/4197 4108/4215/4197 4109/4217/4197
f 4102/4194/4198 4101/4192/4198 4116/4216/4198 4117/4218/4198
f 4095/4195/4199 4094/4193/4199 4109/4217/4199 4110/4219/4199
f 4088/4197/4200 3777/4220/4200 4103/4205/4200
f 3787/4221/4201 4102/4194/4201 4117/4218/4201
f 4096/4199/4202 4095/4195/4202 4110/4219/4202 4111/4207/4202
f 4108/4215/4203 4107/4213/4203 4122/4222/4203 4123/4223/4203
f 4116/4216/4204 4115/4214/4204 4130/4224/4204 4131/4225/4204
f 4109/4217/4205 4108/4215/4205 4123/4223/4205 4124/4226/4205
f 4117/4218/4206 4116/4216/4206 4131/4225/4206 4132/4227/4206
f 4110/4219/4207 4109/4217/4207 4124/4226/4207 4125/4228/4207
f 4103/4205/4208 3777/4229/4208 4118/4230/4208
f 3787/4231/4209 4117/4218/4209 4132/4227/4209
f 4111/4207/4210 4110/4219/4210 4125/4228/4210 4126/4232/4210
f 4104/4206/4211 4103/4205/4211 4118/4230/4211 4119/4233/4211
f 4112/4208/4212 4111/4207/4212 4126/4232/4212 4127/4234/4212
f 4105/4209/4213 4104/4206/4213 4119/4233/4213 4120/4235/4213
f 4113/4210/4214 4112/4208/4214 4127/4234/4214 4128/4236/4214
f 4106/4211/4215 4105/4209/4215 4120/4235/4215 4121/4237/4215
f 4114/4212/4216 4113/4210/4216 4128/4236/4216 4129/4238/4216
f 4107/4213/4217 4106/4211/4217 4121/4237/4217 4122/4222/4217
f 4115/4214/4218 4114/4212/4218 4129/4238/4218 4130/4224/4218
f 4127/4234/4219 4126/4232/4219 4141/4239/4219 4142/4240/4219
f 4120/4235/4220 4119/4233/4220 4134/4241/4220 4135/4242/4220
f 4128/4236/4221 4127/4234/4221 4142/4240/4221 4143/4243/4221
f 4121/4237/4222 4120/4235/4222 4135/4242/4222 4136/4244/4222
f 4129/4238/4223 4128/4236/4223 4143/4243/4223 4144/4245/4223
f 4122/4222/4224 4121/4237/4224 4136/4244/4224 4137/4246/4224
f 4130/4224/4225 4129/4238/4225 4144/4245/4225 4145/4247/4225
f 4123/4223/4226 4122/4222/4226 4137/4246/4226 4138/4248/4226
f 4131/4225/4227 4130/4224/4227 4145/4247/4227 4146/4249/4227
f 4124/4226/4228 4123/4223/4228 4138/4248/4228 4139/4250/4228
f 4132/4227/4229 4131/4225/4229 4146/4249/4229 4147/4251/4229
f 4125/4228/4230 4124/4226/4230 4139/4250/4230 4140/4252/4230
f 4118/4230/4231 3777/4253/4231 4133/4254/4231
f 3787/4255/4232 4132/4227/4232 4147/4251/4232
f 4126/4232/4233 4125/4228/4233 4140/4252/4233 4141/4239/4233
f 4119/4233/4234 4118/4230/4234 4133/4254/4234 4134/4241/4234
f 4146/4256/4235 4145/4257/4235 4160/4258/4235 4161/4259/4235
f 4139/4260/4236 4138/4261/4236 4153/4262/4236 4154/4263/4236
f 4147/4264/4237 4146/4256/4237 4161/4259/4237 4162/4265/4237
f 4140/4266/4238 4139/4260/4238 4154/4263/4238 4155/4267/4238
f 4133/4268/4239 3777/4269/4239 4148/4270/4239
f 3787/4271/4240 4147/4264/4240 4162/4265/4240
f 4141/4272/4241 4140/4266/4241 4155/4267/4241 4156/4273/4241
f 4134/4274/4242 4133/4268/4242 4148/4270/4242 4149/4275/4242
f 4142/4276/4243 4141/4272/4243 4156/4273/4243 4157/4277/4243
f 4135/4278/4244 4134/4274/4244 4149/4275/4244 4150/4279/4244
f 4143/4280/4245 4142/4276/4245 4157/4277/4245 4158/4281/4245
f 4136/4282/4246 4135/4278/4246 4150/4279/4246 4151/4283/4246
f 4144/4284/4247 4143/4280/4247 4158/4281/4247 4159/4285/4247
f 4137/4286/4248 4136/4282/4248 4151/4283/4248 4152/4287/4248
f 4145/4257/4249 4144/4284/4249 4159/4285/4249 4160/4258/4249
f 4138/4261/4250 4137/4286/4250 4152/4287/4250 4153/4262/4250
f 4158/4281/4251 4157/4277/4251 4172/4288/4251 4173/4289/4251
f 4151/4283/4252 4150/4279/4252 4165/4290/4252 4166/4291/4252
f 4159/4285/4253 4158/4281/4253 4173/4289/4253 4174/4292/4253
f 4152/4287/4254 4151/4283/4254 4166/4291/4254 4167/4293/4254
f 4160/4258/4255 4159/4285/4255 4174/4292/4255 4175/4294/4255
f 4153/4262/4256 4152/4287/4256 4167/4293/4256 4168/4295/4256
f 4161/4259/4257 4160/4258/4257 4175/4294/4257 4176/4296/4257
f 4154/4263/4258 4153/4262/4258 4168/4295/4258 4169/4297/4258
f 4162/4265/4259 4161/4259/4259 4176/4296/4259 4177/4298/4259
f 4155/4267/4260 4154/4263/4260 4169/4297/4260 4170/4299/4260
f 4148/4270/4261 3777/4300/4261 4163/4301/4261
f 3787/4302/4262 4162/4265/4262 4177/4298/4262
f 4156/4273/4263 4155/4267/4263 4170/4299/4263 4171/4303/4263
f 4149/4275/4264 4148/4270/4264 4163/4301/4264 4164/4304/4264
f 4157/4277/4265 4156/4273/4265 4171/4303/4265 4172/4288/4265
f 4150/4279/4266 4149/4275/4266 4164/4304/4266 4165/4290/4266
f 4177/4298/4267 4176/4296/4267 4191/4305/4267 4192/4306/4267
f 4170/4299/4268 4169/4297/4268 4184/4307/4268 4185/4308/4268
f 4163/4301/4269 3777/4309/4269 4178/4310/4269
f 3787/4311/4270 4177/4298/4270 4192/4306/4270
f 4171/4303/4271 4170/4299/4271 4185/4308/4271 4186/4312/4271
f 4164/4304/4272 4163/4301/4272 4178/4310/4272 4179/4313/4272
f 4172/4288/4273 4171/4303/4273 4186/4312/4273 4187/4314/4273
f 4165/4290/4274 4164/4304/4274 4179/4313/4274 4180/4315/4274
f 4173/4289/4275 4172/4288/4275 4187/4314/4275 4188/4316/4275
f 4166/4291/4276 4165/4290/4276 4180/4315/4276 4181/4317/4276
f 4174/4292/4277 4173/4289/4277 4188/4316/4277 4189/4318/4277
f 4167/4293/4278 4166/4291/4278 4181/4317/4278 4182/4319/4278
f 4175/4294/4279 4174/4292/4279 4189/4318/4279 4190/4320/4279
f 4168/4295/4280 4167/4293/4280 4182/4319/4280 4183/4321/4280
f 4176/4296/4281 4175/4294/4281 4190/4320/4281 4191/4305/4281
f 4169/4297/4282 4168/4295/4282 4183/4321/4282 4184/4307/4282
f 4181/4317/4283 4180/4315/4283 4195/4322/4283 4196/4323/4283
f 4189/4318/4284 4188/4316/4284 4203/4324/4284 4204/4325/4284
f 4182/4319/4285 4181/4317/4285 4196/4323/4285 4197/4326/4285
f 4190/4320/4286 4189/4318/4286 4204/4325/4286 4205/4327/4286
f 4183/4321/4287 4182/4319/4287 4197/4326/4287 4198/4328/4287
f 4191/4305/4288 4190/4320/4288 4205/4327/4288 4206/4329/4288
f 4184/4307/4289 4183/4321/4289 4198/4328/4289 4199/4330/4289
f 4192/4306/4290 4191/4305/4290 4206/4329/4290 4207/4331/4290
f 4185/4308/4291 4184/4307/4291 4199/4330/4291 4200/4332/4291
f 4178/4310/4292 3777/4333/4292 4193/4334/4292
f 3787/4335/4293 4192/4306/4293 4207/4331/4293
f 4186/4312/4294 4185/4308/4294 4200/4332/4294 4201/4336/4294
f 4179/4313/4295 4178/4310/4295 4193/4334/4295 4194/4337/4295
f 4187/4314/4296 4186/4312/4296 4201/4336/4296 4202/4338/4296
f 4180/4315/4297 4179/4313/4297 4194/4337/4297 4195/4322/4297
f 4188/4316/4298 4187/4314/4298 4202/4338/4298 4203/4324/4298
f 4200/4332/4299 4199/4330/4299 4214/4339/4299 4215/4340/4299
f 4193/4334/4300 3777/4341/4300 4208/4342/4300
f 3787/4343/4301 4207/4331/4301 4222/4344/4301
f 4201/4336/4302 4200/4332/4302 4215/4340/4302 4216/4345/4302
f 4194/4337/4303 4193/4334/4303 4208/4342/4303 4209/4346/4303
f 4202/4338/4304 4201/4336/4304 4216/4345/4304 4217/4347/4304
f 4195/4322/4305 4194/4337/4305 4209/4346/4305 4210/4348/4305
f 4203/4324/4306 4202/4338/4306 4217/4347/4306 4218/4349/4306
f 4196/4323/4307 4195/4322/4307 4210/4348/4307 4211/4350/4307
f 4204/4325/4308 4203/4324/4308 4218/4349/4308 4219/4351/4308
f 4197/4326/4309 4196/4323/4309 4211/4350/4309 4212/4352/4309
f 4205/4327/4310 4204/4325/4310 4219/4351/4310 4220/4353/4310
f 4198/4328/4311 4197/4326/4311 4212/4352/4311 4213/4354/4311
f 4206/4329/4312 4205/4327/4312 4220/4353/4312 4221/4355/4312
f 4199/4330/4313 4198/4328/4313 4213/4354/4313 4214/4339/4313
f 4207/4331/4314 4206/4329/4314 4221/4355/4314 4222/4344/4314
f 4219/4351/4315 4218/4349/4315 4233/4356/4315 4234/4357/4315
f 4212/4352/4316 4211/4350/4316 4226/4358/4316 4227/4359/4316
f 4220/4353/4317 4219/4351/4317 4234/4357/4317 4235/4360/4317
f 4213/4354/4318 4212/4352/4318 4227/4359/4318 4228/4361/4318
f 4221/4355/4319 4220/4353/4319 4235/4360/4319 4236/4362/4319
f 4214/4339/4320 4213/4354/4320 4228/4361/4320 4229/4363/4320
f 4222/4344/4321 4221/4355/4321 4236/4362/4321 4237/4364/4321
f 4215/4340/4322 4214/4339/4322 4229/4363/4322 4230/4365/4322
f 4208/4342/4323 3777/4366/4323 4223/4367/4323
f 3787/4368/4324 4222/4344/4324 4237/4364/4324
f 4216/4345/4325 4215/4340/4325 4230/4365/4325 4231/4369/4325
f 4209/4346/4326 4208/4342/4326 4223/4367/4326 4224/4370/4326
f 4217/4347/4327 4216/4345/4327 4231/4369/4327 4232/4371/4327
f 4210/4348/4328 4209/4346/4328 4224/4370/4328 4225/4372/4328
f 4218/4349/4329 4217/4347/4329 4232/4371/4329 4233/4356/4329
f 4211/4350/4330 4210/4348/4330 4225/4372/4330 4226/4358/4330
f 4223/4367/4331 3777/4373/4331 4238/4374/4331
f 3787/4375/4332 4237/4364/4332 4252/4376/4332
f 4231/4369/4333 4230/4365/4333 4245/4377/4333 4246/4378/4333
f 4224/4370/4334 4223/4367/4334 4238/4374/4334 4239/4379/4334
f 4232/4371/4335 4231/4369/4335 4246/4378/4335 4247/4380/4335
f 4225/4372/4336 4224/4370/4336 4239/4379/4336 4240/4381/4336
f 4233/4356/4337 4232/4371/4337 4247/4380/4337 4248/4382/4337
f 4226/4358/4338 4225/4372/4338 4240/4381/4338 4241/4383/4338
f 4234/4357/4339 4233/4356/4339 4248/4382/4339 4249/4384/4339
f 4227/4359/4340 4226/4358/4340 4241/4383/4340 4242/4385/4340
f 4235/4360/4341 4234/4357/4341 4249/4384/4341 4250/4386/4341
f 4228/4361/4342 4227/4359/4342 4242/4385/4342 4243/4387/4342
f 4236/4362/4343 4235/4360/4343 4250/4386/4343 4251/4388/4343
f 4229/4363/4344 4228/4361/4344 4243/4387/4344 4244/4389/4344
f 4237/4364/4345 4236/4362/4345 4251/4388/4345 4252/4376/4345
f 4230/4365/4346 4229/4363/4346 4244/4389/4346 4245/4377/4346
f 4242/4385/4347 4241/4383/4347 3780/3838/4347 4254/3837/4347
f 4250/4386/4348 4249/4384/4348 4257/3833/4348 3785/3841/4348
f 4243/4387/4349 4242/4385/4349 4254/3837/4349 3781/3843/4349
f 4251/4388/4350 4250/4386/4350 3785/3841/4350 4258/3845/4350
f 4244/4389/4351 4243/4387/4351 3781/3843/4351 4255/3847/4351
f 4252/4376/4352 4251/4388/4352 4258/3845/4352 3786/3849/4352
f 4245/4377/4353 4244/4389/4353 4255/3847/4353 3782/3851/4353
f 4238/4374/4354 3777/4390/4354 3778/3853/4354
f 3787/4391/4355 4252/4376/4355 3786/3849/4355
f 4246/4378/4356 4245/4377/4356 3782/3851/4356 3783/3857/4356
f 4239/4379/4357 4238/4374/4357 3778/3853/4357 4253/3859/4357
f 4247/4380/4358 4246/4378/4358 3783/3857/4358 4256/3861/4358
f 4240/4381/4359 4239/4379/4359 4253/3859/4359 3779/3863/4359
f 4248/4382/4360 4247/4380/4360 4256/3861/4360 3784/3834/4360
f 4241/4383/4361 4240/4381/4361 3779/3863/4361 3780/3838/4361
f 4249/4384/4362 4248/4382/4362 3784/3834/4362 4257/3833/4362
o Sphere.007
v 0.170000 0.124000 -0.085000
v 0.170000 0.123923 -0.085780
v 0.170000 0.123326 -0.087222
v 0.170000 0.122828 -0.087828
v 0.170000 0.121531 -0.088696
v 0.170000 0.120000 -0.089000
v 0.170000 0.119220 -0.088923
v 0.170000 0.117778 -0.088326
v 0.170000 0.116674 -0.087222
v 0.170000 0.116077 -0.085780
v 0.170000 0.116000 -0.085000
v 0.170152 0.123923 -0.085765
v 0.170299 0.123696 -0.086501
v 0.170434 0.123326 -0.087180
v 0.170552 0.122828 -0.087774
v 0.170649 0.122222 -0.088262
v 0.170721 0.121531 -0.088625
v 0.170765 0.120780 -0.088848
v 0.170780 0.120000 -0.088923
v 0.170765 0.119220 -0.088848
v 0.170721 0.118469 -0.088625
v 0.170649 0.117778 -0.088262
v 0.170552 0.117172 -0.087774
v 0.170434 0.116674 -0.087180
v 0.170299 0.116304 -0.086501
v 0.170152 0.116077 -0.085765
v 0.170299 0.123923 -0.085721
v 0.170586 0.123696 -0.086414
v 0.170850 0.123326 -0.087053
v 0.171082 0.122828 -0.087613
v 0.171273 0.122222 -0.088073
v 0.171414 0.121531 -0.088414
v 0.171501 0.120780 -0.088625
v 0.171531 0.120000 -0.088696
v 0.171501 0.119220 -0.088625
v 0.171414 0.118469 -0.088414
v 0.171273 0.117778 -0.088073
v 0.171082 0.117172 -0.087613
v 0.170850 0.116674 -0.087053
v 0.170586 0.116304 -0.086414
v 0.170299 0.116077 -0.085721
v 0.170434 0.123923 -0.085649
v 0.170850 0.123696 -0.086273
v 0.171235 0.123326 -0.086848
v 0.171571 0.122828 -0.087352
v 0.171848 0.122222 -0.087765
v 0.172053 0.121531 -0.088073
v 0.172180 0.120780 -0.088262
v 0.172222 0.120000 -0.088326
v 0.172180 0.119220 -0.088262
v 0.172053 0.118469 -0.088073
v 0.171848 0.117778 -0.087765
v 0.171571 0.117172 -0.087352
v 0.171235 0.116674 -0.086848
v 0.170850 0.116304 -0.086273
v 0.170434 0.116077 -0.085649
v 0.170552 0.123923 -0.085552
v 0.171082 0.123696 -0.086082
v 0.171571 0.123326 -0.086571
v 0.172000 0.122828 -0.087000
v 0.172352 0.122222 -0.087352
v 0.172613 0.121531 -0.087613
v 0.172774 0.120780 -0.087774
v 0.172828 0.120000 -0.087828
v 0.172774 0.119220 -0.087774
v 0.172613 0.118469 -0.087613
v 0.172352 0.117778 -0.087352
v 0.172000 0.117172 -0.087000
v 0.171571 0.116674 -0.086571
v 0.171082 0.116304 -0.086082
v 0.170552 0.116077 -0.085552
v 0.170649 0.123923 -0.085434
v 0.171273 0.123696 -0.085850
v 0.171848 0.123326 -0.086235
v 0.172352 0.122828 -0.086571
v 0.172765 0.122222 -0.086848
v 0.173073 0.121531 -0.087053
v 0.173262 0.120780 -0.087180
v 0.173326 0.120000 -0.087222
v 0.173262 0.119220 -0.087180
v 0.173073 0.118469 -0.087053
v 0.172765 0.117778 -0.086848
v 0.172352 0.117172 -0.086571
v 0.171848 0.116674 -0.086235
v 0.171273 0.116304 -0.085850
v 0.170649 0.116077 -0.085434
v 0.170721 0.123923 -0.085299
v 0.171414 0.123696 -0.085586
v 0.172053 0.123326 -0.085850
v 0.172613 0.122828 -0.086082
v 0.173073 0.122222 -0.086273
v 0.173414 0.121531 -0.086414
v 0.173625 0.120780 -0.086501
v 0.173696 0.120000 -0.086531
v 0.173625 0.119220 -0.086501
v 0.173414 0.118469 -0.086414
v 0.173073 0.117778 -0.086273
v 0.172613 0.117172 -0.086082
v 0.172053 0.116674 -0.085850
v 0.171414 0.116304 -0.085586
v 0.170721 0.116077 -0.085299
v 0.170765 0.123923 -0.085152
v 0.171501 0.123696 -0.085299
v 0.172180 0.123326 -0.085434
v 0.172774 0.122828 -0.085552
v 0.173262 0.122222 -0.085649
v 0.173625 0.121531 -0.085721
v 0.173848 0.120780 -0.085765
v 0.173923 0.120000 -0.085780
v 0.173848 0.119220 -0.085765
v 0.173625 0.118469 -0.085721
v 0.173262 0.117778 -0.085649
v 0.172774 0.117172 -0.085552
v 0.172180 0.116674 -0.085434
v 0.171501 0.116304 -0.085299
v 0.170765 0.116077 -0.085152
v 0.170780 0.123923 -0.085000
v 0.171531 0.123696 -0.085000
v 0.172222 0.123326 -0.085000
v 0.172828 0.122828 -0.085000
v 0.173326 0.122222 -0.085000
v 0.173696 0.121531 -0.085000
v 0.173923 0.120780 -0.085000
v 0.174000 0.120000 -0.085000
v 0.173923 0.119220 -0.085000
v 0.173696 0.118469 -0.085000
v 0.173326 0.117778 -0.085000
v 0.172828 0.117172 -0.085000
v 0.172222 0.116674 -0.085000
v 0.171531 0.116304 -0.085000
v 0.170780 0.116077 -0.085000
v 0.170765 0.123923 -0.084848
v 0.171501 0.123696 -0.084701
v 0.172180 0.123326 -0.084566
v 0.172774 0.122828 -0.084448
v 0.173262 0.122222 -0.084351
v 0.173625 0.121531 -0.084279
v 0.173848 0.120780 -0.084235
v 0.173923 0.120000 -0.084220
v 0.173848 0.119220 -0.084235
v 0.173625 0.118469 -0.084279
v 0.173262 0.117778 -0.084351
v 0.172774 0.117172 -0.084448
v 0.172180 0.116674 -0.084566
v 0.171501 0.116304 -0.084701
v 0.170765 0.116077 -0.084848
v 0.170721 0.123923 -0.084701
v 0.171414 0.123696 -0.084414
v 0.172053 0.123326 -0.084150
v 0.172613 0.122828 -0.083918
v 0.173073 0.122222 -0.083727
v 0.173414 0.121531 -0.083586
v 0.173625 0.120780 -0.083499
v 0.173696 0.120000 -0.083469
v 0.173625 0.119220 -0.083499
v 0.173414 0.118469 -0.083586
v 0.173073 0.117778 -0.083727
v 0.172613 0.117172 -0.083918
v 0.172053 0.116674 -0.084150
v 0.171414 0.116304 -0.084414
v 0.170721 0.116077 -0.084701
v 0.170649 0.123923 -0.084566
v 0.171273 0.123696 -0.084150
v 0.171848 0.123326 -0.083765
v 0.172352 0.122828 -0.083429
v 0.172765 0.122222 -0.083152
v 0.173073 0.121531 -0.082947
v 0.173262 0.120780 -0.082820
v 0.173326 0.120000 -0.082778
v 0.173262 0.119220 -0.082820
v 0.173073 0.118469 -0.082947
v 0.172765 0.117778 -0.083152
v 0.172352 0.117172 -0.083429
v 0.171848 0.116674 -0.083765
v 0.171273 0.116304 -0.084150
v 0.170649 0.116077 -0.084566
v 0.170552 0.123923 -0.084448
v 0.171082 0.123696 -0.083918
v 0.171571 0.123326 -0.083429
v 0.172000 0.122828 -0.083000
v 0.172352 0.122222 -0.082648
v 0.172613 0.121531 -0.082387
v 0.172774 0.120780 -0.082226
v 0.172828 0.120000 -0.082172
v 0.172774 0.119220 -0.082226
v 0.172613 0.118469 -0.082387
v 0.172352 0.117778 -0.082648
v 0.172000 0.117172 -0.083000
v 0.171571 0.116674 -0.083429
v 0.171082 0.116304 -0.083918
v 0.170552 0.116077 -0.084448
v 0.170434 0.123923 -0.084351
v 0.170850 0.123696 -0.083727
v 0.171235 0.123326 -0.083152
v 0.171571 0.122828 -0.082648
v 0.171848 0.122222 -0.082235
v 0.172053 0.121531 -0.081927
v 0.172180 0.120780 -0.081738
v 0.172222 0.120000 -0.081674
v 0.172180 0.119220 -0.081738
v 0.172053 0.118469 -0.081927
v 0.171848 0.117778 -0.082235
v 0.171571 0.117172 -0.082648
v 0.171235 0.116674 -0.083152
v 0.170850 0.116304 -0.083727
v 0.170434 0.116077 -0.084351
v 0.170299 0.123923 -0.084279
v 0.170586 0.123696 -0.083586
v 0.170850 0.123326 -0.082947
v 0.171082 0.122828 -0.082387
v 0.171273 0.122222 -0.081927
v 0.171414 0.121531 -0.081586
v 0.171501 0.120780 -0.081375
v 0.171531 0.120000 -0.081304
v 0.171501 0.119220 -0.081375
v 0.171414 0.118469 -0.081586
v 0.171273 0.117778 -0.081927
v 0.171082 0.117172 -0.082387
v 0.170850 0.116674 -0.082947
v 0.170586 0.116304 -0.083586
v 0.170299 0.116077 -0.084279
v 0.170152 0.123923 -0.084235
v 0.170299 0.123696 -0.083499
v 0.170434 0.123326 -0.082820
v 0.170552 0.122828 -0.082226
v 0.170649 0.122222 -0.081738
v 0.170721 0.121531 -0.081375
v 0.170765 0.120780 -0.081152
v 0.170780 0.120000 -0.081077
v 0.170765 0.119220 -0.081152
v 0.170721 0.118469 -0.081375
v 0.170649 0.117778 -0.081738
v 0.170552 0.117172 -0.082226
v 0.170434 0.116674 -0.082820
v 0.170299 0.116304 -0.083499
v 0.170152 0.116077 -0.084235
v 0.170000 0.123923 -0.084220
v 0.170000 0.123696 -0.083469
v 0.170000 0.123326 -0.082778
v 0.170000 0.122828 -0.082172
v 0.170000 0.122222 -0.081674
v 0.170000 0.121531 -0.081304
v 0.170000 0.120780 -0.081077
v 0.170000 0.120000 -0.081000
v 0.170000 0.119220 -0.081077
v 0.170000 0.118469 -0.081304
v 0.170000 0.117778 -0.081674
v 0.170000 0.117172 -0.082172
v 0.170000 0.116674 -0.082778
v 0.170000 0.116304 -0.083469
v 0.170000 0.116077 -0.084220
v 0.169848 0.123923 -0.084235
v 0.169701 0.123696 -0.083499
v 0.169566 0.123326 -0.082820
v 0.169448 0.122828 -0.082226
v 0.169351 0.122222 -0.081738
v 0.169279 0.121531 -0.081375
v 0.169235 0.120780 -0.081152
v 0.169220 0.120000 -0.081077
v 0.169235 0.119220 -0.081152
v 0.169279 0.118469 -0.081375
v 0.169351 0.117778 -0.081738
v 0.169448 0.117172 -0.082226
v 0.169566 0.116674 -0.082820
v 0.169701 0.116304 -0.083499
v 0.169848 0.116077 -0.084235
v 0.169701 0.123923 -0.084279
v 0.169414 0.123696 -0.083586
v 0.169150 0.123326 -0.082947
v 0.168918 0.122828 -0.082387
v 0.168727 0.122222 -0.081927
v 0.168586 0.121531 -0.081586
v 0.168499 0.120780 -0.081375
v 0.168469 0.120000 -0.081304
v 0.168499 0.119220 -0.081375
v 0.168586 0.118469 -0.081586
v 0.168727 0.117778 -0.081927
v 0.168918 0.117172 -0.082387
v 0.169150 0.116674 -0.082947
v 0.169414 0.116304 -0.083586
v 0.169701 0.116077 -0.084279
v 0.169566 0.123923 -0.084351
v 0.169150 0.123696 -0.083727
v 0.168765 0.123326 -0.083152
v 0.168429 0.122828 -0.082648
v 0.168152 0.122222 -0.082235
v 0.167947 0.121531 -0.081927
v 0.167820 0.120780 -0.081738
v 0.167778 0.120000 -0.081674
v 0.167820 0.119220 -0.081738
v 0.167947 0.118469 -0.081927
v 0.168152 0.117778 -0.082235
v 0.168429 0.117172 -0.082648
v 0.168765 0.116674 -0.083152
v 0.169150 0.116304 -0.083727
v 0.169566 0.116077 -0.084351
v 0.169448 0.123923 -0.084448
v 0.168918 0.123696 -0.083918
v 0.168429 0.123326 -0.083429
v 0.168000 0.122828 -0.083000
v 0.167648 0.122222 -0.082648
v 0.167387 0.121531 -0.082387
v 0.167226 0.120780 -0.082226
v 0.167172 0.120000 -0.082172
v 0.167226 0.119220 -0.082226
v 0.167387 0.118469 -0.082387
v 0.167648 0.117778 -0.082648
v 0.168000 0.117172 -0.083000
v 0.168429 0.116674 -0.083429
v 0.168918 0.116304 -0.083918
v 0.169448 0.116077 -0.084448
v 0.169351 0.123923 -0.084566
v 0.168727 0.123696 -0.084150
v 0.168152 0.123326 -0.083765
v 0.167648 0.122828 -0.083429
v 0.167235 0.122222 -0.083152
v 0.166927 0.121531 -0.082947
v 0.166738 0.120780 -0.082820
v 0.166674 0.120000 -0.082778
v 0.166738 0.119220 -0.082820
v 0.166927 0.118469 -0.082947
v 0.167235 0.117778 -0.083152
v 0.167648 0.117172 -0.083429
v 0.168152 0.116674 -0.083765
v 0.168727 0.116304 -0.084150
v 0.169351 0.116077 -0.084566
v 0.169279 0.123923 -0.084701
v 0.168586 0.123696 -0.084414
v 0.167947 0.123326 -0.084150
v 0.167387 0.122828 -0.083918
v 0.166927 0.122222 -0.083727
v 0.166586 0.121531 -0.083586
v 0.166375 0.120780 -0.083499
v 0.166304 0.120000 -0.083469
v 0.166375 0.119220 -0.083499
v 0.166586 0.118469 -0.083586
v 0.166927 0.117778 -0.083727
v 0.167387 0.117172 -0.083918
v 0.167947 0.116674 -0.084150
v 0.168586 0.116304 -0.084414
v 0.169279 0.116077 -0.084701
v 0.169235 0.123923 -0.084848
v 0.168499 0.123696 -0.084701
v 0.167820 0.123326 -0.084566
v 0.167226 0.122828 -0.084448
v 0.166738 0.122222 -0.084351
v 0.166376 0.121531 -0.084279
v 0.166152 0.120780 -0.084235
v 0.166077 0.120000 -0.084220
v 0.166152 0.119220 -0.084235
v 0.166376 0.118469 -0.084279
v 0.166738 0.117778 -0.084351
v 0.167226 0.117172 -0.084448
v 0.167820 0.116674 -0.084566
v 0.168499 0.116304 -0.084701
v 0.169235 0.116077 -0.084848
v 0.169220 0.123923 -0.085000
v 0.168469 0.123696 -0.085000
v 0.167778 0.123326 -0.085000
v 0.167172 0.122828 -0.085000
v 0.166674 0.122222 -0.085000
v 0.166304 0.121531 -0.085000
v 0.166077 0.120780 -0.085000
v 0.166000 0.120000 -0.085000
v 0.166077 0.119220 -0.085000
v 0.166304 0.118469 -0.085000
v 0.166674 0.117778 -0.085000
v 0.167172 0.117172 -0.085000
v 0.167778 0.116674 -0.085000
v 0.168469 0.116304 -0.085000
v 0.169220 0.116077 -0.085000
v 0.169235 0.123923 -0.085152
v 0.168499 0.123696 -0.085299
v 0.167820 0.123326 -0.085434
v 0.167226 0.122828 -0.085552
v 0.166738 0.122222 -0.085649
v 0.166376 0.121531 -0.085721
v 0.166152 0.120780 -0.085765
v 0.166077 0.120000 -0.085780
v 0.166152 0.119220 -0.085765
v 0.166376 0.118469 -0.085721
v 0.166738 0.117778 -0.085649
v 0.167226 0.117172 -0.085552
v 0.167820 0.116674 -0.085434
v 0.168499 0.116304 -0.085299
v 0.169235 0.116077 -0.085152
v 0.169279 0.123923 -0.085299
v 0.168586 0.123696 -0.085586
v 0.167947 0.123326 -0.085850
v 0.167387 0.122828 -0.086082
v 0.166927 0.122222 -0.086273
v 0.166586 0.121531 -0.086414
v 0.166376 0.120780 -0.086501
v 0.166304 0.120000 -0.086531
v 0.166376 0.119220 -0.086501
v 0.166586 0.118469 -0.086414
v 0.166927 0.117778 -0.086273
v 0.167387 0.117172 -0.086082
v 0.167947 0.116674 -0.085850
v 0.168586 0.116304 -0.085586
v 0.169279 0.116077 -0.085299
v 0.169351 0.123923 -0.085434
v 0.168727 0.123696 -0.085850
v 0.168152 0.123326 -0.086235
v 0.167648 0.122828 -0.086571
v 0.167235 0.122222 -0.086848
v 0.166927 0.121531 -0.087053
v 0.166738 0.120780 -0.087180
v 0.166674 0.120000 -0.087222
v 0.166738 0.119220 -0.087180
v 0.166927 0.118469 -0.087053
v 0.167235 0.117778 -0.086848
v 0.167648 0.117172 -0.086571
v 0.168152 0.116674 -0.086235
v 0.168727 0.116304 -0.085850
v 0.169351 0.116077 -0.085434
v 0.169448 0.123923 -0.085552
v 0.168918 0.123696 -0.086082
v 0.168429 0.123326 -0.086571
v 0.168000 0.122828 -0.087000
v 0.167648 0.122222 -0.087352
v 0.167387 0.121531 -0.087613
v 0.167226 0.120780 -0.087774
v 0.167172 0.120000 -0.087828
v 0.167226 0.119220 -0.087774
v 0.167387 0.118469 -0.087613
v 0.167648 0.117778 -0.087352
v 0.168000 0.117172 -0.087000
v 0.168429 0.116674 -0.086571
v 0.168918 0.116304 -0.086082
v 0.169448 0.116077 -0.085552
v 0.169566 0.123923 -0.085649
v 0.169150 0.123696 -0.086273
v 0.168765 0.123326 -0.086848
v 0.168429 0.122828 -0.087352
v 0.168152 0.122222 -0.087765
v 0.167947 0.121531 -0.088073
v 0.167820 0.120780 -0.088262
v 0.167778 0.120000 -0.088326
v 0.167820 0.119220 -0.088262
v 0.167947 0.118469 -0.088073
v 0.168152 0.117778 -0.087765
v 0.168429 0.117172 -0.087352
v 0.168765 0.116674 -0.086848
v 0.169150 0.116304 -0.086273
v 0.169566 0.116077 -0.085649
v 0.169701 0.123923 -0.085721
v 0.169414 0.123696 -0.086414
v 0.169150 0.123326 -0.087053
v 0.168918 0.122828 -0.087613
v 0.168727 0.122222 -0.088073
v 0.168586 0.121531 -0.088414
v 0.168499 0.120780 -0.088625
v 0.168469 0.120000 -0.088696
v 0.168499 0.119220 -0.088625
v 0.168586 0.118469 -0.088414
v 0.168727 0.117778 -0.088073
v 0.168918 0.117172 -0.087613
v 0.169150 0.116674 -0.087053
v 0.169414 0.116304 -0.086414
v 0.169701 0.116077 -0.085721
v 0.169848 0.123923 -0.085765
v 0.169701 0.123696 -0.086501
v 0.169566 0.123326 -0.087180
v 0.169448 0.122828 -0.087774
v 0.169351 0.122222 -0.088262
v 0.169279 0.121531 -0.088625
v 0.169235 0.120780 -0.088848
v 0.169220 0.120000 -0.088923
v 0.169235 0.119220 -0.088848
v 0.169279 0.118469 -0.088625
v 0.169351 0.117778 -0.088262
v 0.169448 0.117172 -0.087774
v 0.169566 0.116674 -0.087180
v 0.169701 0.116304 -0.086501
v 0.169848 0.116077 -0.085765
v 0.170000 0.123696 -0.086531
v 0.170000 0.122222 -0.088326
v 0.170000 0.120780 -0.088923
v 0.170000 0.118469 -0.088696
v 0.170000 0.117172 -0.087828
v 0.170000 0.116304 -0.086531
vn -0.0000 1.0000 -0.0000
vn -0.0000 0.9796 -0.2010
vn -0.0000 0.8286 -0.5598
vn -0.0000 0.7041 -0.7101
vn -0.0000 0.3805 -0.9248
vn -0.0000 -0.0000 -1.0000
vn -0.0000 -0.1939 -0.9810
vn -0.0000 -0.5528 -0.8333
vn -0.0000 -0.8286 -0.5598
vn -0.0000 -0.9796 -0.2010
vn -0.0000 -1.0000 -0.0000
vn 0.0392 0.9796 -0.1971
vn 0.0757 0.9217 -0.3804
vn 0.1092 0.8286 -0.5490
vn 0.1385 0.7041 -0.6965
vn 0.1626 0.5528 -0.8173
vn 0.1804 0.3805 -0.9070
vn 0.1914 0.1939 -0.9622
vn 0.1951 -0.0000 -0.9808
vn 0.1914 -0.1939 -0.9622
vn 0.1804 -0.3805 -0.9070
vn 0.1626 -0.5528 -0.8173
vn 0.1385 -0.7041 -0.6965
vn 0.1092 -0.8286 -0.5490
vn 0.0757 -0.9217 -0.3804
vn 0.0392 -0.9796 -0.1971
vn 0.0769 0.9796 -0.1857
vn 0.1484 0.9217 -0.3584
vn 0.2142 0.8286 -0.5172
vn 0.2718 0.7041 -0.6561
vn 0.3189 0.5528 -0.7699
vn 0.3539 0.3805 -0.8544
vn 0.3754 0.1939 -0.9063
vn 0.3827 -0.0000 -0.9239
vn 0.3754 -0.1939 -0.9063
vn 0.3539 -0.3805 -0.8544
vn 0.3189 -0.5528 -0.7699
vn 0.2718 -0.7041 -0.6561
vn 0.2142 -0.8286 -0.5172
vn 0.1484 -0.9217 -0.3584
vn 0.0769 -0.9796 -0.1857
vn 0.1117 0.9796 -0.1671
vn 0.2155 0.9217 -0.3225
vn 0.3110 0.8286 -0.4654
vn 0.3945 0.7041 -0.5905
vn 0.4630 0.5528 -0.6929
vn 0.5138 0.3805 -0.7689
vn 0.5450 0.1939 -0.8157
vn 0.5556 -0.0000 -0.8315
vn 0.5450 -0.1939 -0.8157
vn 0.5138 -0.3805 -0.7689
vn 0.4630 -0.5528 -0.6929
vn 0.3945 -0.7041 -0.5905
vn 0.3110 -0.8286 -0.4654
vn 0.2155 -0.9217 -0.3225
vn 0.1117 -0.9796 -0.1671
vn 0.1421 0.9796 -0.1421
vn 0.2743 0.9217 -0.2743
vn 0.3958 0.8286 -0.3958
vn 0.5021 0.7041 -0.5021
vn 0.5893 0.5528 -0.5893
vn 0.6539 0.3805 -0.6539
vn 0.6937 0.1939 -0.6937
vn 0.7071 -0.0000 -0.7071
vn 0.6937 -0.1939 -0.6937
vn 0.6539 -0.3805 -0.6539
vn 0.5893 -0.5528 -0.5893
vn 0.5021 -0.7041 -0.5021
vn 0.3958 -0.8286 -0.3958
vn 0.2743 -0.9217 -0.2743
vn 0.1421 -0.9796 -0.1421
vn 0.1671 0.9796 -0.1117
vn 0.3225 0.9217 -0.2155
vn 0.4654 0.8286 -0.3110
vn 0.5905 0.7041 -0.3945
vn 0.6929 0.5528 -0.4630
vn 0.7689 0.3805 -0.5138
vn 0.8157 0.1939 -0.5450
vn 0.8315 -0.0000 -0.5556
vn 0.8157 -0.1939 -0.5450
vn 0.7689 -0.3805 -0.5138
vn 0.6929 -0.5528 -0.4630
vn 0.5905 -0.7041 -0.3945
vn 0.4654 -0.8286 -0.3110
vn 0.3225 -0.9217 -0.2155
vn 0.1671 -0.9796 -0.1117
vn 0.1857 0.9796 -0.0769
vn 0.3584 0.9217 -0.1484
vn 0.5172 0.8286 -0.2142
vn 0.6561 0.7041 -0.2718
vn 0.7699 0.5528 -0.3189
vn 0.8544 0.3805 -0.3539
vn 0.9063 0.1939 -0.3754
vn 0.9239 -0.0000 -0.3827
vn 0.9063 -0.1939 -0.3754
vn 0.8544 -0.3805 -0.3539
vn 0.7699 -0.5528 -0.3189
vn 0.6561 -0.7041 -0.2718
vn 0.5172 -0.8286 -0.2142
vn 0.3584 -0.9217 -0.1484
vn 0.1857 -0.9796 -0.0769
vn 0.1971 0.9796 -0.0392
vn 0.3804 0.9217 -0.0757
vn 0.5490 0.8286 -0.1092
vn 0.6965 0.7041 -0.1385
vn 0.8173 0.5528 -0.1626
vn 0.9070 0.3805 -0.1804
vn 0.9622 0.1939 -0.1914
vn 0.9808 -0.0000 -0.1951
vn 0.9622 -0.1939 -0.1914
vn 0.9070 -0.3805 -0.1804
vn 0.8173 -0.5528 -0.1626
vn 0.6965 -0.7041 -0.1385
vn 0.5490 -0.8286 -0.1092
vn 0.3804 -0.9217 -0.0757
vn 0.1971 -0.9796 -0.0392
vn 0.2010 0.9796 -0.0000
vn 0.3879 0.9217 -0.0000
vn 0.5598 0.8286 -0.0000
vn 0.7101 0.7041 -0.0000
vn 0.8333 0.5528 -0.0000
vn 0.9248 0.3805 -0.0000
vn 0.9810 0.1939 -0.0000
vn 1.0000 -0.0000 -0.0000
vn 0.9810 -0.1939 -0.0000
vn 0.9248 -0.3805 -0.0000
vn 0.8333 -0.5528 -0.0000
vn 0.7101 -0.7041 -0.0000
vn 0.5598 -0.8286 -0.0000
vn 0.3879 -0.9217 -0.0000
vn 0.2010 -0.9796 -0.0000
vn 0.1971 0.9796 0.0392
vn 0.3804 0.9217 0.0757
vn 0.5490 0.8286 0.1092
vn 0.6965 0.7041 0.1385
vn 0.8173 0.5528 0.1626
vn 0.9070 0.3805 0.1804
vn 0.9622 0.1939 0.1914
vn 0.9808 -0.0000 0.1951
vn 0.9622 -0.1939 0.1914
vn 0.9070 -0.3805 0.1804
vn 0.8173 -0.5528 0.1626
vn 0.6965 -0.7041 0.1385
vn 0.5490 -0.8286 0.1092
vn 0.3804 -0.9217 0.0757
vn 0.1971 -0.9796 0.0392
vn 0.1857 0.9796 0.0769
vn 0.3584 0.9217 0.1484
vn 0.5172 0.8286 0.2142
vn 0.6561 0.7041 0.2718
vn 0.7699 0.5528 0.3189
vn 0.8544 0.3805 0.3539
vn 0.9063 0.1939 0.3754
vn 0.9239 -0.0000 0.3827
vn 0.9063 -0.1939 0.3754
vn 0.8544 -0.3805 0.3539
vn 0.7699 -0.5528 0.3189
vn 0.6561 -0.7041 0.2718
vn 0.5172 -0.8286 0.2142
vn 0.3584 -0.9217 0.1484
vn 0.1857 -0.9796 0.0769
vn 0.1671 0.9796 0.1117
vn 0.3225 0.9217 0.2155
vn 0.4654 0.8286 0.3110
vn 0.5905 0.7041 0.3945
vn 0.6929 0.5528 0.4630
vn 0.7689 0.3805 0.5138
vn 0.8157 0.1939 0.5450
vn 0.8315 -0.0000 0.5556
vn 0.8157 -0.1939 0.5450
vn 0.7689 -0.3805 0.5138
vn 0.6929 -0.5528 0.4630
vn 0.5905 -0.7041 0.3945
vn 0.4654 -0.8286 0.3110
vn 0.3225 -0.9217 0.2155
vn 0.1671 -0.9796 0.1117
vn 0.1421 0.9796 0.1421
vn 0.2743 0.9217 0.2743
vn 0.3958 0.8286 0.3958
vn 0.5021 0.7041 0.5021
vn 0.5893 0.5528 0.5893
vn 0.6539 0.3805 0.6539
vn 0.6937 0.1939 0.6937
vn 0.7071 -0.0000 0.7071
vn 0.6937 -0.1939 0.6937
vn 0.6539 -0.3805 0.6539
vn 0.5893 -0.5528 0.5893
vn 0.5021 -0.7041 0.5021
vn 0.3958 -0.8286 0.3958
vn 0.2743 -0.9217 0.2743
vn 0.1421 -0.9796 0.1421
vn 0.1117 0.9796 0.1671
vn 0.2155 0.9217 0.3225
vn 0.3110 0.8286 0.4654
vn 0.3945 0.7041 0.5905
vn 0.4630 0.5528 0.6929
vn 0.5138 0.3805 0.7689
vn 0.5450 0.1939 0.8157
vn 0.5556 -0.0000 0.8315
vn 0.5450 -0.1939 0.8157
vn 0.5138 -0.3805 0.7689
vn 0.4630 -0.5528 0.6929
vn 0.3945 -0.7041 0.5905
vn 0.3110 -0.8286 0.4654
vn 0.2155 -0.9217 0.3225
vn 0.1117 -0.9796 0.1671
vn 0.0769 0.9796 0.1857
vn 0.1484 0.9217 0.3584
vn 0.2142 0.8286 0.5172
vn 0.2718 0.7041 0.6561
vn 0.3189 0.5528 0.7699
vn 0.3539 0.3805 0.8544
vn 0.3754 0.1939 0.9063
vn 0.3827 -0.0000 0.9239
vn 0.3754 -0.1939 0.9063
vn 0.3539 -0.3805 0.8544
vn 0.3189 -0.5528 0.7699
vn 0.2718 -0.7041 0.6561
vn 0.2142 -0.8286 0.5172
vn 0.1484 -0.9217 0.3584
vn 0.0769 -0.9796 0.1857
vn 0.0392 0.9796 0.1971
vn 0.0757 0.9217 0.3804
vn 0.1092 0.8286 0.5490
vn 0.1385 0.7041 0.6965
vn 0.1626 0.5528 0.8173
vn 0.1804 0.3805 0.9070
vn 0.1914 0.1939 0.9622
vn 0.1951 -0.0000 0.9808
vn 0.1914 -0.1939 0.9622
vn 0.1804 -0.3805 0.9070
vn 0.1626 -0.5528 0.8173
vn 0.1385 -0.7041 0.6965
vn 0.1092 -0.8286 0.5490
vn 0.0757 -0.9217 0.3804
vn 0.0392 -0.9796 0.1971
vn -0.0000 0.9796 0.2010
vn -0.0000 0.9217 0.3879
vn -0.0000 0.8286 0.5598
vn -0.0000 0.7041 0.7101
vn -0.0000 0.5528 0.8333
vn -0.0000 0.3805 0.9248
vn -0.0000 0.1939 0.9810
vn -0.0000 -0.0000 1.0000
vn -0.0000 -0.1939 0.9810
vn -0.0000 -0.3805 0.9248
vn -0.0000 -0.5528 0.8333
vn -0.0000 -0.7041 0.7101
vn -0.0000 -0.8286 0.5598
vn -0.0000 -0.9217 0.3879
vn -0.0000 -0.9796 0.2010
vn -0.0392 0.9796 0.1971
vn -0.0757 0.9217 0.3804
vn -0.1092 0.8286 0.5490
vn -0.1385 0.7041 0.6965
vn -0.1626 0.5528 0.8173
vn -0.1804 0.3805 0.9070
vn -0.1914 0.1939 0.9622
vn -0.1951 -0.0000 0.9808
vn -0.1914 -0.1939 0.9622
vn -0.1804 -0.3805 0.9070
vn -0.1626 -0.5528 0.8173
vn -0.1385 -0.7041 0.6965
vn -0.1092 -0.8286 0.5490
vn -0.0757 -0.9217 0.3804
vn -0.0392 -0.9796 0.1971
vn -0.0769 0.9796 0.1857
vn -0.1484 0.9217 0.3584
vn -0.2142 0.8286 0.5172
vn -0.2718 0.7041 0.6561
vn -0.3189 0.5528 0.7699
vn -0.3539 0.3805 0.8544
vn -0.3754 0.1939 0.9063
vn -0.3827 -0.0000 0.9239
vn -0.3754 -0.1939 0.9063
vn -0.3539 -0.3805 0.8544
vn -0.3189 -0.5528 0.7699
vn -0.2718 -0.7041 0.6561
vn -0.2142 -0.8286 0.5172
vn -0.1484 -0.9217 0.3584
vn -0.0769 -0.9796 0.1857
vn -0.1117 0.9796 0.1671
vn -0.2155 0.9217 0.3225
vn -0.3110 0.8286 0.4654
vn -0.3945 0.7041 0.5905
vn -0.4630 0.5528 0.6929
vn -0.5138 0.3805 0.7689
vn -0.5450 0.1939 0.8157
vn -0.5556 -0.0000 0.8315
vn -0.5450 -0.1939 0.8157
vn -0.5138 -0.3805 0.7689
vn -0.4630 -0.5528 0.6929
vn -0.3945 -0.7041 0.5905
vn -0.3110 -0.8286 0.4654
vn -0.2155 -0.9217 0.3225
vn -0.1117 -0.9796 0.1671
vn -0.1421 0.9796 0.1421
vn -0.2743 0.9217 0.2743
vn -0.3958 0.8286 0.3958
vn -0.5021 0.7041 0.5021
vn -0.5893 0.5528 0.5893
vn -0.6539 0.3805 0.6539
vn -0.6937 0.1939 0.6937
vn -0.7071 -0.0000 0.7071
vn -0.6937 -0.1939 0.6937
vn -0.6539 -0.3805 0.6539
vn -0.5893 -0.5528 0.5893
vn -0.5021 -0.7041 0.5021
vn -0.3958 -0.8286 0.3958
vn -0.2743 -0.9217 0.2743
vn -0.1421 -0.9796 0.1421
vn -0.1671 0.9796 0.1117
vn -0.3225 0.9217 0.2155
vn -0.4654 0.8286 0.3110
vn -0.5905 0.7041 0.3945
vn -0.6929 0.5528 0.4630
vn -0.7689 0.3805 0.5138
vn -0.8157 0.1939 0.5450
vn -0.8315 -0.0000 0.5556
vn -0.8157 -0.1939 0.5450
vn -0.7689 -0.3805 0.5138
vn -0.6929 -0.5528 0.4630
vn -0.5905 -0.7041 0.3945
vn -0.4654 -0.8286 0.3110
vn -0.3225 -0.9217 0.2155
vn -0.1671 -0.9796 0.1117
vn -0.1857 0.9796 0.0769
vn -0.3584 0.9217 0.1484
vn -0.5172 0.8286 0.2142
vn -0.6561 0.7041 0.2718
vn -0.7699 0.5528 0.3189
vn -0.8544 0.3805 0.3539
vn -0.9063 0.1939 0.3754
vn -0.9239 -0.0000 0.3827
vn -0.9063 -0.1939 0.3754
vn -0.8544 -0.3805 0.3539
vn -0.7699 -0.5528 0.3189
vn -0.6561 -0.7041 0.2718
vn -0.5172 -0.8286 0.2142
vn -0.3584 -0.9217 0.1484
vn -0.1857 -0.9796 0.0769
vn -0.1971 0.9796 0.0392
vn -0.3804 0.9217 0.0757
vn -0.5490 0.8286 0.1092
vn -0.6965 0.7041 0.1385
vn -0.8173 0.5528 0.1626
vn -0.9070 0.3805 0.1804
vn -0.9622 0.1939 0.1914
vn -0.9808 -0.0000 0.1951
vn -0.9622 -0.1939 0.1914
vn -0.9070 -0.3805 0.1804
vn -0.8173 -0.5528 0.1626
vn -0.6965 -0.7041 0.1385
vn -0.5490 -0.8286 0.1092
vn -0.3804 -0.9217 0.0757
vn -0.1971 -0.9796 0.0392
vn -0.2010 0.9796 -0.0000
vn -0.3879 0.9217 -0.0000
vn -0.5598 0.8286 -0.0000
vn -0.7101 0.7041 -0.0000
vn -0.8333 0.5528 -0.0000
vn -0.9248 0.3805 -0.0000
vn -0.9810 0.1939 -0.0000
vn -1.0000 -0.0000 -0.0000
vn -0.9810 -0.1939 -0.0000
vn -0.9248 -0.3805 -0.0000
vn -0.8333 -0.5528 -0.0000
vn -0.7101 -0.7041 -0.0000
vn -0.5598 -0.8286 -0.0000
vn -0.3879 -0.9217 -0.0000
vn -0.2010 -0.9796 -0.0000
vn -0.1971 0.9796 -0.0392
vn -0.3804 0.9217 -0.0757
vn -0.5490 0.8286 -0.1092
vn -0.6965 0.7041 -0.1385
vn -0.8173 0.5528 -0.1626
vn -0.9070 0.3805 -0.1804
vn -0.9622 0.1939 -0.1914
vn -0.9808 -0.0000 -0.1951
vn -0.9622 -0.1939 -0.1914
vn -0.9070 -0.3805 -0.1804
vn -0.8173 -0.5528 -0.1626
vn -0.6965 -0.7041 -0.1385
vn -0.5490 -0.8286 -0.1092
vn -0.3804 -0.9217 -0.0757
vn -0.1971 -0.9796 -0.0392
vn -0.1857 0.9796 -0.0769
vn -0.3584 0.9217 -0.1484
vn -0.5172 0.8286 -0.2142
vn -0.6561 0.7041 -0.2718
vn -0.7699 0.5528 -0.3189
vn -0.8544 0.3805 -0.3539
vn -0.9063 0.1939 -0.3754
vn -0.9239 -0.0000 -0.3827
vn -0.9063 -0.1939 -0.3754
vn -0.8544 -0.3805 -0.3539
vn -0.7699 -0.5528 -0.3189
vn -0.6561 -0.7041 -0.2718
vn -0.5172 -0.8286 -0.2142
vn -0.3584 -0.9217 -0.1484
vn -0.1857 -0.9796 -0.0769
vn -0.1671 0.9796 -0.1117
vn -0.3225 0.9217 -0.2155
vn -0.4654 0.8286 -0.3110
vn -0.5905 0.7041 -0.3945
vn -0.6929 0.5528 -0.4630
vn -0.7689 0.3805 -0.5138
vn -0.8157 0.1939 -0.5450
vn -0.8315 -0.0000 -0.5556
vn -0.8157 -0.1939 -0.5450
vn -0.7689 -0.3805 -0.5138
vn -0.6929 -0.5528 -0.4630
vn -0.5905 -0.7041 -0.3945
vn -0.4654 -0.8286 -0.3110
vn -0.3225 -0.9217 -0.2155
vn -0.1671 -0.9796 -0.1117
vn -0.1421 0.9796 -0.1421
vn -0.2743 0.9217 -0.2743
vn -0.3958 0.8286 -0.3958
vn -0.5021 0.7041 -0.5021
vn -0.5893 0.5528 -0.5893
vn -0.6539 0.3805 -0.6539
vn -0.6937 0.1939 -0.6937
vn -0.7071 -0.0000 -0.7071
vn -0.6937 -0.1939 -0.6937
vn -0.6539 -0.3805 -0.6539
vn -0.5893 -0.5528 -0.5893
vn -0.5021 -0.7041 -0.5021
vn -0.3958 -0.8286 -0.3958
vn -0.2743 -0.9217 -0.2743
vn -0.1421 -0.9796 -0.1421
vn -0.1117 0.9796 -0.1671
vn -0.2155 0.9217 -0.3225
vn -0.3110 0.8286 -0.4654
vn -0.3945 0.7041 -0.5905
vn -0.4630 0.5528 -0.6929
vn -0.5138 0.3805 -0.7689
vn -0.5450 0.1939 -0.8157
vn -0.5556 -0.0000 -0.8315
vn -0.5450 -0.1939 -0.8157
vn -0.5138 -0.3805 -0.7689
vn -0.4630 -0.5528 -0.6929
vn -0.3945 -0.7041 -0.5905
vn -0.3110 -0.8286 -0.4654
vn -0.2155 -0.9217 -0.3225
vn -0.1117 -0.9796 -0.1671
vn -0.0769 0.9796 -0.1857
vn -0.1484 0.9217 -0.3584
vn -0.2142 0.8286 -0.5172
vn -0.2718 0.7041 -0.6561
vn -0.3189 0.5528 -0.7699
vn -0.3539 0.3805 -0.8544
vn -0.3754 0.1939 -0.9063
vn -0.3827 -0.0000 -0.9239
vn -0.3754 -0.1939 -0.9063
vn -0.3539 -0.3805 -0.8544
vn -0.3189 -0.5528 -0.7699
vn -0.2718 -0.7041 -0.6561
vn -0.2142 -0.8286 -0.5172
vn -0.1484 -0.9217 -0.3584
vn -0.0769 -0.9796 -0.1857
vn -0.0392 0.9796 -0.1971
vn -0.0757 0.9217 -0.3804
vn -0.1092 0.8286 -0.5490
vn -0.1385 0.7041 -0.6965
vn -0.1626 0.5528 -0.8173
vn -0.1804 0.3805 -0.9070
vn -0.1914 0.1939 -0.9622
vn -0.1951 -0.0000 -0.9808
vn -0.1914 -0.1939 -0.9622
vn -0.1804 -0.3805 -0.9070
vn -0.1626 -0.5528 -0.8173
vn -0.1385 -0.7041 -0.6965
vn -0.1092 -0.8286 -0.5490
vn -0.0757 -0.9217 -0.3804
vn -0.0392 -0.9796 -0.1971
vn -0.0000 0.9217 -0.3879
vn -0.0000 0.5528 -0.8333
vn -0.0000 0.1939 -0.9810
vn -0.0000 -0.3805 -0.9248
vn -0.0000 -0.7041 -0.7101
vn -0.0000 -0.9217 -0.3879
vt 0.750000 0.312500
vt 0.750000 0.375000
vt 0.718750 0.375000
vt 0.718750 0.312500
vt 0.750000 0.750000
vt 0.750000 0.812500
vt 0.718750 0.812500
vt 0.718750 0.750000
vt 0.750000 0.250000
vt 0.718750 0.250000
vt 0.750000 0.687500
vt 0.718750 0.687500
vt 0.750000 0.187500
vt 0.718750 0.187500
vt 0.750000 0.625000
vt 0.718750 0.625000
vt 0.750000 0.125000
vt 0.718750 0.125000
vt 0.750000 0.562500
vt 0.718750 0.562500
vt 0.750000 0.062500
vt 0.718750 0.062500
vt 0.750000 0.500000
vt 0.718750 0.500000
vt 0.750000 0.937500
vt 0.734375 1.000000
vt 0.718750 0.937500
vt 0.734375 0.000000
vt 0.750000 0.437500
vt 0.718750 0.437500
vt 0.750000 0.875000
vt 0.718750 0.875000
vt 0.687500 0.437500
vt 0.687500 0.375000
vt 0.687500 0.875000
vt 0.687500 0.812500
vt 0.687500 0.312500
vt 0.687500 0.750000
vt 0.687500 0.250000
vt 0.687500 0.687500
vt 0.687500 0.187500
vt 0.687500 0.625000
vt 0.687500 0.125000
vt 0.687500 0.562500
vt 0.687500 0.062500
vt 0.687500 0.500000
vt 0.703125 1.000000
vt 0.687500 0.937500
vt 0.703125 0.000000
vt 0.656250 0.187500
vt 0.656250 0.125000
vt 0.656250 0.625000
vt 0.656250 0.562500
vt 0.656250 0.062500
vt 0.656250 0.500000
vt 0.671875 1.000000
vt 0.656250 0.937500
vt 0.671875 0.000000
vt 0.656250 0.437500
vt 0.656250 0.875000
vt 0.656250 0.375000
vt 0.656250 0.812500
vt 0.656250 0.312500
vt 0.656250 0.750000
vt 0.656250 0.250000
vt 0.656250 0.687500
vt 0.625000 0.875000
vt 0.625000 0.812500
vt 0.625000 0.375000
vt 0.625000 0.312500
vt 0.625000 0.750000
vt 0.625000 0.250000
vt 0.625000 0.687500
vt 0.625000 0.187500
vt 0.625000 0.625000
vt 0.625000 0.125000
vt 0.625000 0.562500
vt 0.625000 0.062500
vt 0.625000 0.500000
vt 0.640625 1.000000
vt 0.625000 0.937500
vt 0.640625 0.000000
vt 0.625000 0.437500
vt 0.593750 0.625000
vt 0.593750 0.562500
vt 0.593750 0.125000
vt 0.593750 0.062500
vt 0.593750 0.500000
vt 0.609375 1.000000
vt 0.593750 0.937500
vt 0.609375 0.000000
vt 0.593750 0.437500
vt 0.593750 0.875000
vt 0.593750 0.375000
vt 0.593750 0.812500
vt 0.593750 0.312500
vt 0.593750 0.750000
vt 0.593750 0.250000
vt 0.593750 0.687500
vt 0.593750 0.187500
vt 0.562500 0.375000
vt 0.562500 0.312500
vt 0.562500 0.812500
vt 0.562500 0.750000
vt 0.562500 0.250000
vt 0.562500 0.687500
vt 0.562500 0.187500
vt 0.562500 0.625000
vt 0.562500 0.125000
vt 0.562500 0.562500
vt 0.562500 0.062500
vt 0.562500 0.500000
vt 0.578125 1.000000
vt 0.562500 0.937500
vt 0.578125 0.000000
vt 0.562500 0.437500
vt 0.562500 0.875000
vt 0.531250 0.125000
vt 0.531250 0.062500
vt 0.531250 0.562500
vt 0.531250 0.500000
vt 0.546875 1.000000
vt 0.531250 0.937500
vt 0.546875 0.000000
vt 0.531250 0.437500
vt 0.531250 0.875000
vt 0.531250 0.375000
vt 0.531250 0.812500
vt 0.531250 0.312500
vt 0.531250 0.750000
vt 0.531250 0.250000
vt 0.531250 0.687500
vt 0.531250 0.187500
vt 0.531250 0.625000
vt 0.500000 0.812500
vt 0.500000 0.750000
vt 0.500000 0.312500
vt 0.500000 0.250000
vt 0.500000 0.687500
vt 0.500000 0.187500
vt 0.500000 0.625000
vt 0.500000 0.125000
vt 0.500000 0.562500
vt 0.500000 0.062500
vt 0.500000 0.500000
vt 0.515625 1.000000
vt 0.500000 0.937500
vt 0.515625 0.000000
vt 0.500000 0.437500
vt 0.500000 0.875000
vt 0.500000 0.375000
vt 0.468750 0.562500
vt 0.468750 0.500000
vt 0.484375 1.000000
vt 0.468750 0.937500
vt 0.484375 0.000000
vt 0.468750 0.062500
vt 0.468750 0.437500
vt 0.468750 0.875000
vt 0.468750 0.375000
vt 0.468750 0.812500
vt 0.468750 0.312500
vt 0.468750 0.750000
vt 0.468750 0.250000
vt 0.468750 0.687500
vt 0.468750 0.187500
vt 0.468750 0.625000
vt 0.468750 0.125000
vt 0.437500 0.312500
vt 0.437500 0.250000
vt 0.437500 0.750000
vt 0.437500 0.687500
vt 0.437500 0.187500
vt 0.437500 0.625000
vt 0.437500 0.125000
vt 0.437500 0.562500
vt 0.437500 0.062500
vt 0.437500 0.500000
vt 0.453125 1.000000
vt 0.437500 0.937500
vt 0.453125 0.000000
vt 0.437500 0.437500
vt 0.437500 0.875000
vt 0.437500 0.375000
vt 0.437500 0.812500
vt 0.421875 0.000000
vt 0.406250 0.062500
vt 0.406250 0.500000
vt 0.406250 0.437500
vt 0.406250 0.937500
vt 0.406250 0.875000
vt 0.406250 0.375000
vt 0.406250 0.812500
vt 0.406250 0.312500
vt 0.406250 0.750000
vt 0.406250 0.250000
vt 0.406250 0.687500
vt 0.406250 0.187500
vt 0.406250 0.625000
vt 0.406250 0.125000
vt 0.406250 0.562500
vt 0.421875 1.000000
vt 0.375000 0.250000
vt 0.375000 0.187500
vt 0.375000 0.687500
vt 0.375000 0.625000
vt 0.375000 0.125000
vt 0.375000 0.562500
vt 0.375000 0.062500
vt 0.375000 0.500000
vt 0.390625 1.000000
vt 0.375000 0.937500
vt 0.390625 0.000000
vt 0.375000 0.437500
vt 0.375000 0.875000
vt 0.375000 0.375000
vt 0.375000 0.812500
vt 0.375000 0.312500
vt 0.375000 0.750000
vt 0.343750 0.937500
vt 0.343750 0.875000
vt 0.343750 0.437500
vt 0.343750 0.375000
vt 0.343750 0.812500
vt 0.343750 0.312500
vt 0.343750 0.750000
vt 0.343750 0.250000
vt 0.343750 0.687500
vt 0.343750 0.187500
vt 0.343750 0.625000
vt 0.343750 0.125000
vt 0.343750 0.562500
vt 0.343750 0.062500
vt 0.343750 0.500000
vt 0.359375 1.000000
vt 0.359375 0.000000
vt 0.312500 0.687500
vt 0.312500 0.625000
vt 0.312500 0.187500
vt 0.312500 0.125000
vt 0.312500 0.562500
vt 0.312500 0.062500
vt 0.312500 0.500000
vt 0.328125 1.000000
vt 0.312500 0.937500
vt 0.328125 0.000000
vt 0.312500 0.437500
vt 0.312500 0.875000
vt 0.312500 0.375000
vt 0.312500 0.812500
vt 0.312500 0.312500
vt 0.312500 0.750000
vt 0.312500 0.250000
vt 0.281250 0.437500
vt 0.281250 0.375000
vt 0.281250 0.875000
vt 0.281250 0.812500
vt 0.281250 0.312500
vt 0.281250 0.750000
vt 0.281250 0.250000
vt 0.281250 0.687500
vt 0.281250 0.187500
vt 0.281250 0.625000
vt 0.281250 0.125000
vt 0.281250 0.562500
vt 0.281250 0.062500
vt 0.281250 0.500000
vt 0.296875 1.000000
vt 0.281250 0.937500
vt 0.296875 0.000000
vt 0.250000 0.187500
vt 0.250000 0.125000
vt 0.250000 0.625000
vt 0.250000 0.562500
vt 0.250000 0.062500
vt 0.250000 0.500000
vt 0.265625 1.000000
vt 0.250000 0.937500
vt 0.265625 0.000000
vt 0.250000 0.437500
vt 0.250000 0.875000
vt 0.250000 0.375000
vt 0.250000 0.812500
vt 0.250000 0.312500
vt 0.250000 0.750000
vt 0.250000 0.250000
vt 0.250000 0.687500
vt 0.218750 0.875000
vt 0.218750 0.812500
vt 0.218750 0.375000
vt 0.218750 0.312500
vt 0.218750 0.750000
vt 0.218750 0.250000
vt 0.218750 0.687500
vt 0.218750 0.187500
vt 0.218750 0.625000
vt 0.218750 0.125000
vt 0.218750 0.562500
vt 0.218750 0.062500
vt 0.218750 0.500000
vt 0.234375 1.000000
vt 0.218750 0.937500
vt 0.234375 0.000000
vt 0.218750 0.437500
vt 0.187500 0.625000
vt 0.187500 0.562500
vt 0.187500 0.125000
vt 0.187500 0.062500
vt 0.187500 0.500000
vt 0.203125 1.000000
vt 0.187500 0.937500
vt 0.203125 0.000000
vt 0.187500 0.437500
vt 0.187500 0.875000
vt 0.187500 0.375000
vt 0.187500 0.812500
vt 0.187500 0.312500
vt 0.187500 0.750000
vt 0.187500 0.250000
vt 0.187500 0.687500
vt 0.187500 0.187500
vt 0.156250 0.375000
vt 0.156250 0.312500
vt 0.156250 0.812500
vt 0.156250 0.750000
vt 0.156250 0.250000
vt 0.156250 0.687500
vt 0.156250 0.187500
vt 0.156250 0.625000
vt 0.156250 0.125000
vt 0.156250 0.562500
vt 0.156250 0.062500
vt 0.156250 0.500000
vt 0.171875 1.000000
vt 0.156250 0.937500
vt 0.171875 0.000000
vt 0.156250 0.437500
vt 0.156250 0.875000
vt 0.125000 0.125000
vt 0.125000 0.062500
vt 0.125000 0.562500
vt 0.125000 0.500000
vt 0.140625 1.000000
vt 0.125000 0.937500
vt 0.140625 0.000000
vt 0.125000 0.437500
vt 0.125000 0.875000
vt 0.125000 0.375000
vt 0.125000 0.812500
vt 0.125000 0.312500
vt 0.125000 0.750000
vt 0.125000 0.250000
vt 0.125000 0.687500
vt 0.125000 0.187500
vt 0.125000 0.625000
vt 0.093750 0.312500
vt 0.093750 0.250000
vt 0.093750 0.750000
vt 0.093750 0.687500
vt 0.093750 0.187500
vt 0.093750 0.625000
vt 0.093750 0.125000
vt 0.093750 0.562500
vt 0.093750 0.062500
vt 0.093750 0.500000
vt 0.109375 1.000000
vt 0.093750 0.937500
vt 0.109375 0.000000
vt 0.093750 0.437500
vt 0.093750 0.875000
vt 0.093750 0.375000
vt 0.093750 0.812500
vt 0.078125 1.000000
vt 0.062500 0.937500
vt 0.078125 0.000000
vt 0.062500 0.062500
vt 0.062500 0.500000
vt 0.062500 0.437500
vt 0.062500 0.875000
vt 0.062500 0.375000
vt 0.062500 0.812500
vt 0.062500 0.312500
vt 0.062500 0.750000
vt 0.062500 0.250000
vt 0.062500 0.687500
vt 0.062500 0.187500
vt 0.062500 0.625000
vt 0.062500 0.125000
vt 0.062500 0.562500
vt 0.031250 0.750000
vt 0.031250 0.687500
vt 0.031250 0.250000
vt 0.031250 0.187500
vt 0.031250 0.625000
vt 0.031250 0.125000
vt 0.031250 0.562500
vt 0.031250 0.062500
vt 0.031250 0.500000
vt 0.046875 1.000000
vt 0.031250 0.937500
vt 0.046875 0.000000
vt 0.031250 0.437500
vt 0.031250 0.875000
vt 0.031250 0.375000
vt 0.031250 0.812500
vt 0.031250 0.312500
vt 0.000000 0.500000
vt 0.000000 0.437500
vt 0.000000 0.937500
vt 0.000000 0.875000
vt 0.000000 0.375000
vt 0.000000 0.812500
vt 0.000000 0.312500
vt 0.000000 0.750000
vt 0.000000 0.250000
vt 0.000000 0.687500
vt 0.000000 0.187500
vt 0.000000 0.625000
vt 0.000000 0.125000
vt 0.000000 0.562500
vt 0.000000 0.062500
vt 0.015625 1.000000
vt 0.015625 0.000000
vt 1.000000 0.187500
vt 1.000000 0.250000
vt 0.968750 0.250000
vt 0.968750 0.187500
vt 1.000000 0.625000
vt 1.000000 0.687500
vt 0.968750 0.687500
vt 0.968750 0.625000
vt 1.000000 0.125000
vt 0.968750 0.125000
vt 1.000000 0.562500
vt 0.968750 0.562500
vt 1.000000 0.062500
vt 0.968750 0.062500
vt 1.000000 0.500000
vt 0.968750 0.500000
vt 1.000000 0.937500
vt 0.984375 1.000000
vt 0.968750 0.937500
vt 0.984375 0.000000
vt 1.000000 0.437500
vt 0.968750 0.437500
vt 1.000000 0.875000
vt 0.968750 0.875000
vt 1.000000 0.375000
vt 0.968750 0.375000
vt 1.000000 0.812500
vt 0.968750 0.812500
vt 1.000000 0.312500
vt 0.968750 0.312500
vt 1.000000 0.750000
vt 0.968750 0.750000
vt 0.937500 0.937500
vt 0.937500 0.875000
vt 0.937500 0.437500
vt 0.937500 0.375000
vt 0.937500 0.812500
vt 0.937500 0.312500
vt 0.937500 0.750000
vt 0.937500 0.250000
vt 0.937500 0.687500
vt 0.937500 0.187500
vt 0.937500 0.625000
vt 0.937500 0.125000
vt 0.937500 0.562500
vt 0.937500 0.062500
vt 0.937500 0.500000
vt 0.953125 1.000000
vt 0.953125 0.000000
vt 0.906250 0.687500
vt 0.906250 0.625000
vt 0.906250 0.187500
vt 0.906250 0.125000
vt 0.906250 0.562500
vt 0.906250 0.062500
vt 0.906250 0.500000
vt 0.921875 1.000000
vt 0.906250 0.937500
vt 0.921875 0.000000
vt 0.906250 0.437500
vt 0.906250 0.875000
vt 0.906250 0.375000
vt 0.906250 0.812500
vt 0.906250 0.312500
vt 0.906250 0.750000
vt 0.906250 0.250000
vt 0.875000 0.437500
vt 0.875000 0.375000
vt 0.875000 0.875000
vt 0.875000 0.812500
vt 0.875000 0.312500
vt 0.875000 0.750000
vt 0.875000 0.250000
vt 0.875000 0.687500
vt 0.875000 0.187500
vt 0.875000 0.625000
vt 0.875000 0.125000
vt 0.875000 0.562500
vt 0.875000 0.062500
vt 0.875000 0.500000
vt 0.890625 1.000000
vt 0.875000 0.937500
vt 0.890625 0.000000
vt 0.843750 0.187500
vt 0.843750 0.125000
vt 0.843750 0.625000
vt 0.843750 0.562500
vt 0.843750 0.062500
vt 0.843750 0.500000
vt 0.859375 1.000000
vt 0.843750 0.937500
vt 0.859375 0.000000
vt 0.843750 0.437500
vt 0.843750 0.875000
vt 0.843750 0.375000
vt 0.843750 0.812500
vt 0.843750 0.312500
vt 0.843750 0.750000
vt 0.843750 0.250000
vt 0.843750 0.687500
vt 0.812500 0.375000
vt 0.812500 0.312500
vt 0.812500 0.812500
vt 0.812500 0.750000
vt 0.812500 0.250000
vt 0.812500 0.687500
vt 0.812500 0.187500
vt 0.812500 0.625000
vt 0.812500 0.125000
vt 0.812500 0.562500
vt 0.812500 0.062500
vt 0.812500 0.500000
vt 0.828125 1.000000
vt 0.812500 0.937500
vt 0.828125 0.000000
vt 0.812500 0.437500
vt 0.812500 0.875000
vt 0.781250 0.125000
vt 0.781250 0.062500
vt 0.781250 0.562500
vt 0.781250 0.500000
vt 0.796875 1.000000
vt 0.781250 0.937500
vt 0.796875 0.000000
vt 0.781250 0.437500
vt 0.781250 0.875000
vt 0.781250 0.375000
vt 0.781250 0.812500
vt 0.781250 0.312500
vt 0.781250 0.750000
vt 0.781250 0.250000
vt 0.781250 0.687500
vt 0.781250 0.187500
vt 0.781250 0.625000
vt 0.765625 1.000000
vt 0.765625 0.000000
s 1
usemtl HandleMaterial.011
f 4266/4392/4370 4738/4393/4842 4279/4394/4383 4280/4395/4384
f 4262/4396/4366 4261/4397/4365 4272/4398/4376 4273/4399/4377
f 4739/4400/4843 4266/4392/4370 4280/4395/4384 4281/4401/4385
f 4736/4402/4840 4262/4396/4366 4273/4399/4377 4274/4403/4378
f 4267/4404/4371 4739/4400/4843 4281/4401/4385 4282/4405/4386
f 4263/4406/4367 4736/4402/4840 4274/4403/4378 4275/4407/4379
f 4740/4408/4844 4267/4404/4371 4282/4405/4386 4283/4409/4387
f 4737/4410/4841 4263/4406/4367 4275/4407/4379 4276/4411/4380
f 4268/4412/4372 4740/4408/4844 4283/4409/4387 4284/4413/4388
f 4264/4414/4368 4737/4410/4841 4276/4411/4380 4277/4415/4381
f 4260/4416/4364 4259/4417/4363 4270/4418/4374
f 4269/4419/4373 4268/4412/4372 4284/4413/4388
f 4265/4420/4369 4264/4414/4368 4277/4415/4381 4278/4421/4382
f 4735/4422/4839 4260/4416/4364 4270/4418/4374 4271/4423/4375
f 4738/4393/4842 4265/4420/4369 4278/4421/4382 4279/4394/4383
f 4261/4397/4365 4735/4422/4839 4271/4423/4375 4272/4398/4376
f 4279/4394/4383 4278/4421/4382 4293/4424/4397 4294/4425/4398
f 4272/4398/4376 4271/4423/4375 4286/4426/4390 4287/4427/4391
f 4280/4395/4384 4279/4394/4383 4294/4425/4398 4295/4428/4399
f 4273/4399/4377 4272/4398/4376 4287/4427/4391 4288/4429/4392
f 4281/4401/4385 4280/4395/4384 4295/4428/4399 4296/4430/4400
f 4274/4403/4378 4273/4399/4377 4288/4429/4392 4289/4431/4393
f 4282/4405/4386 4281/4401/4385 4296/4430/4400 4297/4432/4401
f 4275/4407/4379 4274/4403/4378 4289/4431/4393 4290/4433/4394
f 4283/4409/4387 4282/4405/4386 4297/4432/4401 4298/4434/4402
f 4276/4411/4380 4275/4407/4379 4290/4433/4394 4291/4435/4395
f 4284/4413/4388 4283/4409/4387 4298/4434/4402 4299/4436/4403
f 4277/4415/4381 4276/4411/4380 4291/4435/4395 4292/4437/4396
f 4270/4418/4374 4259/4438/4363 4285/4439/4389
f 4269/4440/4373 4284/4413/4388 4299/4436/4403
f 4278/4421/4382 4277/4415/4381 4292/4437/4396 4293/4424/4397
f 4271/4423/4375 4270/4418/4374 4285/4439/4389 4286/4426/4390
f 4298/4434/4402 4297/4432/4401 4312/4441/4416 4313/4442/4417
f 4291/4435/4395 4290/4433/4394 4305/4443/4409 4306/4444/4410
f 4299/4436/4403 4298/4434/4402 4313/4442/4417 4314/4445/4418
f 4292/4437/4396 4291/4435/4395 4306/4444/4410 4307/4446/4411
f 4285/4439/4389 4259/4447/4363 4300/4448/4404
f 4269/4449/4373 4299/4436/4403 4314/4445/4418
f 4293/4424/4397 4292/4437/4396 4307/4446/4411 4308/4450/4412
f 4286/4426/4390 4285/4439/4389 4300/4448/4404 4301/4451/4405
f 4294/4425/4398 4293/4424/4397 4308/4450/4412 4309/4452/4413
f 4287/4427/4391 4286/4426/4390 4301/4451/4405 4302/4453/4406
f 4295/4428/4399 4294/4425/4398 4309/4452/4413 4310/4454/4414
f 4288/4429/4392 4287/4427/4391 4302/4453/4406 4303/4455/4407
f 4296/4430/4400 4295/4428/4399 4310/4454/4414 4311/4456/4415
f 4289/4431/4393 4288/4429/4392 4303/4455/4407 4304/4457/4408
f 4297/4432/4401 4296/4430/4400 4311/4456/4415 4312/4441/4416
f 4290/4433/4394 4289/4431/4393 4304/4457/4408 4305/4443/4409
f 4302/4453/4406 4301/4451/4405 4316/4458/4420 4317/4459/4421
f 4310/4454/4414 4309/4452/4413 4324/4460/4428 4325/4461/4429
f 4303/4455/4407 4302/4453/4406 4317/4459/4421 4318/4462/4422
f 4311/4456/4415 4310/4454/4414 4325/4461/4429 4326/4463/4430
f 4304/4457/4408 4303/4455/4407 4318/4462/4422 4319/4464/4423
f 4312/4441/4416 4311/4456/4415 4326/4463/4430 4327/4465/4431
f 4305/4443/4409 4304/4457/4408 4319/4464/4423 4320/4466/4424
f 4313/4442/4417 4312/4441/4416 4327/4465/4431 4328/4467/4432
f 4306/4444/4410 4305/4443/4409 4320/4466/4424 4321/4468/4425
f 4314/4445/4418 4313/4442/4417 4328/4467/4432 4329/4469/4433
f 4307/4446/4411 4306/4444/4410 4321/4468/4425 4322/4470/4426
f 4300/4448/4404 4259/4471/4363 4315/4472/4419
f 4269/4473/4373 4314/4445/4418 4329/4469/4433
f 4308/4450/4412 4307/4446/4411 4322/4470/4426 4323/4474/4427
f 4301/4451/4405 4300/4448/4404 4315/4472/4419 4316/4458/4420
f 4309/4452/4413 4308/4450/4412 4323/4474/4427 4324/4460/4428
f 4321/4468/4425 4320/4466/4424 4335/4475/4439 4336/4476/4440
f 4329/4469/4433 4328/4467/4432 4343/4477/4447 4344/4478/4448
f 4322/4470/4426 4321/4468/4425 4336/4476/4440 4337/4479/4441
f 4315/4472/4419 4259/4480/4363 4330/4481/4434
f 4269/4482/4373 4329/4469/4433 4344/4478/4448
f 4323/4474/4427 4322/4470/4426 4337/4479/4441 4338/4483/4442
f 4316/4458/4420 4315/4472/4419 4330/4481/4434 4331/4484/4435
f 4324/4460/4428 4323/4474/4427 4338/4483/4442 4339/4485/4443
f 4317/4459/4421 4316/4458/4420 4331/4484/4435 4332/4486/4436
f 4325/4461/4429 4324/4460/4428 4339/4485/4443 4340/4487/4444
f 4318/4462/4422 4317/4459/4421 4332/4486/4436 4333/4488/4437
f 4326/4463/4430 4325/4461/4429 4340/4487/4444 4341/4489/4445
f 4319/4464/4423 4318/4462/4422 4333/4488/4437 4334/4490/4438
f 4327/4465/4431 4326/4463/4430 4341/4489/4445 4342/4491/4446
f 4320/4466/4424 4319/4464/4423 4334/4490/4438 4335/4475/4439
f 4328/4467/4432 4327/4465/4431 4342/4491/4446 4343/4477/4447
f 4340/4487/4444 4339/4485/4443 4354/4492/4458 4355/4493/4459
f 4333/4488/4437 4332/4486/4436 4347/4494/4451 4348/4495/4452
f 4341/4489/4445 4340/4487/4444 4355/4493/4459 4356/4496/4460
f 4334/4490/4438 4333/4488/4437 4348/4495/4452 4349/4497/4453
f 4342/4491/4446 4341/4489/4445 4356/4496/4460 4357/4498/4461
f 4335/4475/4439 4334/4490/4438 4349/4497/4453 4350/4499/4454
f 4343/4477/4447 4342/4491/4446 4357/4498/4461 4358/4500/4462
f 4336/4476/4440 4335/4475/4439 4350/4499/4454 4351/4501/4455
f 4344/4478/4448 4343/4477/4447 4358/4500/4462 4359/4502/4463
f 4337/4479/4441 4336/4476/4440 4351/4501/4455 4352/4503/4456
f 4330/4481/4434 4259/4504/4363 4345/4505/4449
f 4269/4506/4373 4344/4478/4448 4359/4502/4463
f 4338/4483/4442 4337/4479/4441 4352/4503/4456 4353/4507/4457
f 4331/4484/4435 4330/4481/4434 4345/4505/4449 4346/4508/4450
f 4339/4485/4443 4338/4483/4442 4353/4507/4457 4354/4492/4458
f 4332/4486/4436 4331/4484/4435 4346/4508/4450 4347/4494/4451
f 4359/4502/4463 4358/4500/4462 4373/4509/4477 4374/4510/4478
f 4352/4503/4456 4351/4501/4455 4366/4511/4470 4367/4512/4471
f 4345/4505/4449 4259/4513/4363 4360/4514/4464
f 4269/4515/4373 4359/4502/4463 4374/4510/4478
f 4353/4507/4457 4352/4503/4456 4367/4512/4471 4368/4516/4472
f 4346/4508/4450 4345/4505/4449 4360/4514/4464 4361/4517/4465
f 4354/4492/4458 4353/4507/4457 4368/4516/4472 4369/4518/4473
f 4347/4494/4451 4346/4508/4450 4361/4517/4465 4362/4519/4466
f 4355/4493/4459 4354/4492/4458 4369/4518/4473 4370/4520/4474
f 4348/4495/4452 4347/4494/4451 4362/4519/4466 4363/4521/4467
f 4356/4496/4460 4355/4493/4459 4370/4520/4474 4371/4522/4475
f 4349/4497/4453 4348/4495/4452 4363/4521/4467 4364/4523/4468
f 4357/4498/4461 4356/4496/4460 4371/4522/4475 4372/4524/4476
f 4350/4499/4454 4349/4497/4453 4364/4523/4468 4365/4525/4469
f 4358/4500/4462 4357/4498/4461 4372/4524/4476 4373/4509/4477
f 4351/4501/4455 4350/4499/4454 4365/4525/4469 4366/4511/4470
f 4363/4521/4467 4362/4519/4466 4377/4526/4481 4378/4527/4482
f 4371/4522/4475 4370/4520/4474 4385/4528/4489 4386/4529/4490
f 4364/4523/4468 4363/4521/4467 4378/4527/4482 4379/4530/4483
f 4372/4524/4476 4371/4522/4475 4386/4529/4490 4387/4531/4491
f 4365/4525/4469 4364/4523/4468 4379/4530/4483 4380/4532/4484
f 4373/4509/4477 4372/4524/4476 4387/4531/4491 4388/4533/4492
f 4366/4511/4470 4365/4525/4469 4380/4532/4484 4381/4534/4485
f 4374/4510/4478 4373/4509/4477 4388/4533/4492 4389/4535/4493
f 4367/4512/4471 4366/4511/4470 4381/4534/4485 4382/4536/4486
f 4360/4514/4464 4259/4537/4363 4375/4538/4479
f 4269/4539/4373 4374/4510/4478 4389/4535/4493
f 4368/4516/4472 4367/4512/4471 4382/4536/4486 4383/4540/4487
f 4361/4517/4465 4360/4514/4464 4375/4538/4479 4376/4541/4480
f 4369/4518/4473 4368/4516/4472 4383/4540/4487 4384/4542/4488
f 4362/4519/4466 4361/4517/4465 4376/4541/4480 4377/4526/4481
f 4370/4520/4474 4369/4518/4473 4384/4542/4488 4385/4528/4489
f 4382/4536/4486 4381/4534/4485 4396/4543/4500 4397/4544/4501
f 4375/4538/4479 4259/4545/4363 4390/4546/4494
f 4269/4547/4373 4389/4535/4493 4404/4548/4508
f 4383/4540/4487 4382/4536/4486 4397/4544/4501 4398/4549/4502
f 4376/4541/4480 4375/4538/4479 4390/4546/4494 4391/4550/4495
f 4384/4542/4488 4383/4540/4487 4398/4549/4502 4399/4551/4503
f 4377/4526/4481 4376/4541/4480 4391/4550/4495 4392/4552/4496
f 4385/4528/4489 4384/4542/4488 4399/4551/4503 4400/4553/4504
f 4378/4527/4482 4377/4526/4481 4392/4552/4496 4393/4554/4497
f 4386/4529/4490 4385/4528/4489 4400/4553/4504 4401/4555/4505
f 4379/4530/4483 4378/4527/4482 4393/4554/4497 4394/4556/4498
f 4387/4531/4491 4386/4529/4490 4401/4555/4505 4402/4557/4506
f 4380/4532/4484 4379/4530/4483 4394/4556/4498 4395/4558/4499
f 4388/4533/4492 4387/4531/4491 4402/4557/4506 4403/4559/4507
f 4381/4534/4485 4380/4532/4484 4395/4558/4499 4396/4543/4500
f 4389/4535/4493 4388/4533/4492 4403/4559/4507 4404/4548/4508
f 4401/4555/4505 4400/4553/4504 4415/4560/4519 4416/4561/4520
f 4394/4556/4498 4393/4554/4497 4408/4562/4512 4409/4563/4513
f 4402/4557/4506 4401/4555/4505 4416/4561/4520 4417/4564/4521
f 4395/4558/4499 4394/4556/4498 4409/4563/4513 4410/4565/4514
f 4403/4559/4507 4402/4557/4506 4417/4564/4521 4418/4566/4522
f 4396/4543/4500 4395/4558/4499 4410/4565/4514 4411/4567/4515
f 4404/4548/4508 4403/4559/4507 4418/4566/4522 4419/4568/4523
f 4397/4544/4501 4396/4543/4500 4411/4567/4515 4412/4569/4516
f 4390/4546/4494 4259/4570/4363 4405/4571/4509
f 4269/4572/4373 4404/4548/4508 4419/4568/4523
f 4398/4549/4502 4397/4544/4501 4412/4569/4516 4413/4573/4517
f 4391/4550/4495 4390/4546/4494 4405/4571/4509 4406/4574/4510
f 4399/4551/4503 4398/4549/4502 4413/4573/4517 4414/4575/4518
f 4392/4552/4496 4391/4550/4495 4406/4574/4510 4407/4576/4511
f 4400/4553/4504 4399/4551/4503 4414/4575/4518 4415/4560/4519
f 4393/4554/4497 4392/4552/4496 4407/4576/4511 4408/4562/4512
f 4269/4577/4373 4419/4568/4523 4434/4578/4538
f 4413/4573/4517 4412/4569/4516 4427/4579/4531 4428/4580/4532
f 4406/4574/4510 4405/4571/4509 4420/4581/4524 4421/4582/4525
f 4414/4575/4518 4413/4573/4517 4428/4580/4532 4429/4583/4533
f 4407/4576/4511 4406/4574/4510 4421/4582/4525 4422/4584/4526
f 4415/4560/4519 4414/4575/4518 4429/4583/4533 4430/4585/4534
f 4408/4562/4512 4407/4576/4511 4422/4584/4526 4423/4586/4527
f 4416/4561/4520 4415/4560/4519 4430/4585/4534 4431/4587/4535
f 4409/4563/4513 4408/4562/4512 4423/4586/4527 4424/4588/4528
f 4417/4564/4521 4416/4561/4520 4431/4587/4535 4432/4589/4536
f 4410/4565/4514 4409/4563/4513 4424/4588/4528 4425/4590/4529
f 4418/4566/4522 4417/4564/4521 4432/4589/4536 4433/4591/4537
f 4411/4567/4515 4410/4565/4514 4425/4590/4529 4426/4592/4530
f 4419/4568/4523 4418/4566/4522 4433/4591/4537 4434/4578/4538
f 4412/4569/4516 4411/4567/4515 4426/4592/4530 4427/4579/4531
f 4405/4571/4509 4259/4593/4363 4420/4581/4524
f 4432/4589/4536 4431/4587/4535 4446/4594/4550 4447/4595/4551
f 4425/4590/4529 4424/4588/4528 4439/4596/4543 4440/4597/4544
f 4433/4591/4537 4432/4589/4536 4447/4595/4551 4448/4598/4552
f 4426/4592/4530 4425/4590/4529 4440/4597/4544 4441/4599/4545
f 4434/4578/4538 4433/4591/4537 4448/4598/4552 4449/4600/4553
f 4427/4579/4531 4426/4592/4530 4441/4599/4545 4442/4601/4546
f 4420/4581/4524 4259/4602/4363 4435/4603/4539
f 4269/4604/4373 4434/4578/4538 4449/4600/4553
f 4428/4580/4532 4427/4579/4531 4442/4601/4546 4443/4605/4547
f 4421/4582/4525 4420/4581/4524 4435/4603/4539 4436/4606/4540
f 4429/4583/4533 4428/4580/4532 4443/4605/4547 4444/4607/4548
f 4422/4584/4526 4421/4582/4525 4436/4606/4540 4437/4608/4541
f 4430/4585/4534 4429/4583/4533 4444/4607/4548 4445/4609/4549
f 4423/4586/4527 4422/4584/4526 4437/4608/4541 4438/4610/4542
f 4431/4587/4535 4430/4585/4534 4445/4609/4549 4446/4594/4550
f 4424/4588/4528 4423/4586/4527 4438/4610/4542 4439/4596/4543
f 4436/4606/4540 4435/4603/4539 4450/4611/4554 4451/4612/4555
f 4444/4607/4548 4443/4605/4547 4458/4613/4562 4459/4614/4563
f 4437/4608/4541 4436/4606/4540 4451/4612/4555 4452/4615/4556
f 4445/4609/4549 4444/4607/4548 4459/4614/4563 4460/4616/4564
f 4438/4610/4542 4437/4608/4541 4452/4615/4556 4453/4617/4557
f 4446/4594/4550 4445/4609/4549 4460/4616/4564 4461/4618/4565
f 4439/4596/4543 4438/4610/4542 4453/4617/4557 4454/4619/4558
f 4447/4595/4551 4446/4594/4550 4461/4618/4565 4462/4620/4566
f 4440/4597/4544 4439/4596/4543 4454/4619/4558 4455/4621/4559
f 4448/4598/4552 4447/4595/4551 4462/4620/4566 4463/4622/4567
f 4441/4599/4545 4440/4597/4544 4455/4621/4559 4456/4623/4560
f 4449/4600/4553 4448/4598/4552 4463/4622/4567 4464/4624/4568
f 4442/4601/4546 4441/4599/4545 4456/4623/4560 4457/4625/4561
f 4435/4603/4539 4259/4626/4363 4450/4611/4554
f 4269/4627/4373 4449/4600/4553 4464/4624/4568
f 4443/4605/4547 4442/4601/4546 4457/4625/4561 4458/4613/4562
f 4455/4621/4559 4454/4619/4558 4469/4628/4573 4470/4629/4574
f 4463/4622/4567 4462/4620/4566 4477/4630/4581 4478/4631/4582
f 4456/4623/4560 4455/4621/4559 4470/4629/4574 4471/4632/4575
f 4464/4624/4568 4463/4622/4567 4478/4631/4582 4479/4633/4583
f 4457/4625/4561 4456/4623/4560 4471/4632/4575 4472/4634/4576
f 4450/4611/4554 4259/4635/4363 4465/4636/4569
f 4269/4637/4373 4464/4624/4568 4479/4633/4583
f 4458/4613/4562 4457/4625/4561 4472/4634/4576 4473/4638/4577
f 4451/4612/4555 4450/4611/4554 4465/4636/4569 4466/4639/4570
f 4459/4614/4563 4458/4613/4562 4473/4638/4577 4474/4640/4578
f 4452/4615/4556 4451/4612/4555 4466/4639/4570 4467/4641/4571
f 4460/4616/4564 4459/4614/4563 4474/4640/4578 4475/4642/4579
f 4453/4617/4557 4452/4615/4556 4467/4641/4571 4468/4643/4572
f 4461/4618/4565 4460/4616/4564 4475/4642/4579 4476/4644/4580
f 4454/4619/4558 4453/4617/4557 4468/4643/4572 4469/4628/4573
f 4462/4620/4566 4461/4618/4565 4476/4644/4580 4477/4630/4581
f 4474/4640/4578 4473/4638/4577 4488/4645/4592 4489/4646/4593
f 4467/4641/4571 4466/4639/4570 4481/4647/4585 4482/4648/4586
f 4475/4642/4579 4474/4640/4578 4489/4646/4593 4490/4649/4594
f 4468/4643/4572 4467/4641/4571 4482/4648/4586 4483/4650/4587
f 4476/4644/4580 4475/4642/4579 4490/4649/4594 4491/4651/4595
f 4469/4628/4573 4468/4643/4572 4483/4650/4587 4484/4652/4588
f 4477/4630/4581 4476/4644/4580 4491/4651/4595 4492/4653/4596
f 4470/4629/4574 4469/4628/4573 4484/4652/4588 4485/4654/4589
f 4478/4631/4582 4477/4630/4581 4492/4653/4596 4493/4655/4597
f 4471/4632/4575 4470/4629/4574 4485/4654/4589 4486/4656/4590
f 4479/4633/4583 4478/4631/4582 4493/4655/4597 4494/4657/4598
f 4472/4634/4576 4471/4632/4575 4486/4656/4590 4487/4658/4591
f 4465/4636/4569 4259/4659/4363 4480/4660/4584
f 4269/4661/4373 4479/4633/4583 4494/4657/4598
f 4473/4638/4577 4472/4634/4576 4487/4658/4591 4488/4645/4592
f 4466/4639/4570 4465/4636/4569 4480/4660/4584 4481/4647/4585
f 4493/4655/4597 4492/4653/4596 4507/4662/4611 4508/4663/4612
f 4486/4656/4590 4485/4654/4589 4500/4664/4604 4501/4665/4605
f 4494/4657/4598 4493/4655/4597 4508/4663/4612 4509/4666/4613
f 4487/4658/4591 4486/4656/4590 4501/4665/4605 4502/4667/4606
f 4480/4660/4584 4259/4668/4363 4495/4669/4599
f 4269/4670/4373 4494/4657/4598 4509/4666/4613
f 4488/4645/4592 4487/4658/4591 4502/4667/4606 4503/4671/4607
f 4481/4647/4585 4480/4660/4584 4495/4669/4599 4496/4672/4600
f 4489/4646/4593 4488/4645/4592 4503/4671/4607 4504/4673/4608
f 4482/4648/4586 4481/4647/4585 4496/4672/4600 4497/4674/4601
f 4490/4649/4594 4489/4646/4593 4504/4673/4608 4505/4675/4609
f 4483/4650/4587 4482/4648/4586 4497/4674/4601 4498/4676/4602
f 4491/4651/4595 4490/4649/4594 4505/4675/4609 4506/4677/4610
f 4484/4652/4588 4483/4650/4587 4498/4676/4602 4499/4678/4603
f 4492/4653/4596 4491/4651/4595 4506/4677/4610 4507/4662/4611
f 4485/4654/4589 4484/4652/4588 4499/4678/4603 4500/4664/4604
f 4497/4674/4601 4496/4672/4600 4511/4679/4615 4512/4680/4616
f 4505/4675/4609 4504/4673/4608 4519/4681/4623 4520/4682/4624
f 4498/4676/4602 4497/4674/4601 4512/4680/4616 4513/4683/4617
f 4506/4677/4610 4505/4675/4609 4520/4682/4624 4521/4684/4625
f 4499/4678/4603 4498/4676/4602 4513/4683/4617 4514/4685/4618
f 4507/4662/4611 4506/4677/4610 4521/4684/4625 4522/4686/4626
f 4500/4664/4604 4499/4678/4603 4514/4685/4618 4515/4687/4619
f 4508/4663/4612 4507/4662/4611 4522/4686/4626 4523/4688/4627
f 4501/4665/4605 4500/4664/4604 4515/4687/4619 4516/4689/4620
f 4509/4666/4613 4508/4663/4612 4523/4688/4627 4524/4690/4628
f 4502/4667/4606 4501/4665/4605 4516/4689/4620 4517/4691/4621
f 4495/4669/4599 4259/4692/4363 4510/4693/4614
f 4269/4694/4373 4509/4666/4613 4524/4690/4628
f 4503/4671/4607 4502/4667/4606 4517/4691/4621 4518/4695/4622
f 4496/4672/4600 4495/4669/4599 4510/4693/4614 4511/4679/4615
f 4504/4673/4608 4503/4671/4607 4518/4695/4622 4519/4681/4623
f 4516/4689/4620 4515/4687/4619 4530/4696/4634 4531/4697/4635
f 4524/4690/4628 4523/4688/4627 4538/4698/4642 4539/4699/4643
f 4517/4691/4621 4516/4689/4620 4531/4697/4635 4532/4700/4636
f 4510/4693/4614 4259/4701/4363 4525/4702/4629
f 4269/4703/4373 4524/4690/4628 4539/4699/4643
f 4518/4695/4622 4517/4691/4621 4532/4700/4636 4533/4704/4637
f 4511/4679/4615 4510/4693/4614 4525/4702/4629 4526/4705/4630
f 4519/4681/4623 4518/4695/4622 4533/4704/4637 4534/4706/4638
f 4512/4680/4616 4511/4679/4615 4526/4705/4630 4527/4707/4631
f 4520/4682/4624 4519/4681/4623 4534/4706/4638 4535/4708/4639
f 4513/4683/4617 4512/4680/4616 4527/4707/4631 4528/4709/4632
f 4521/4684/4625 4520/4682/4624 4535/4708/4639 4536/4710/4640
f 4514/4685/4618 4513/4683/4617 4528/4709/4632 4529/4711/4633
f 4522/4686/4626 4521/4684/4625 4536/4710/4640 4537/4712/4641
f 4515/4687/4619 4514/4685/4618 4529/4711/4633 4530/4696/4634
f 4523/4688/4627 4522/4686/4626 4537/4712/4641 4538/4698/4642
f 4535/4708/4639 4534/4706/4638 4549/4713/4653 4550/4714/4654
f 4528/4709/4632 4527/4707/4631 4542/4715/4646 4543/4716/4647
f 4536/4710/4640 4535/4708/4639 4550/4714/4654 4551/4717/4655
f 4529/4711/4633 4528/4709/4632 4543/4716/4647 4544/4718/4648
f 4537/4712/4641 4536/4710/4640 4551/4717/4655 4552/4719/4656
f 4530/4696/4634 4529/4711/4633 4544/4718/4648 4545/4720/4649
f 4538/4698/4642 4537/4712/4641 4552/4719/4656 4553/4721/4657
f 4531/4697/4635 4530/4696/4634 4545/4720/4649 4546/4722/4650
f 4539/4699/4643 4538/4698/4642 4553/4721/4657 4554/4723/4658
f 4532/4700/4636 4531/4697/4635 4546/4722/4650 4547/4724/4651
f 4525/4702/4629 4259/4725/4363 4540/4726/4644
f 4269/4727/4373 4539/4699/4643 4554/4723/4658
f 4533/4704/4637 4532/4700/4636 4547/4724/4651 4548/4728/4652
f 4526/4705/4630 4525/4702/4629 4540/4726/4644 4541/4729/4645
f 4534/4706/4638 4533/4704/4637 4548/4728/4652 4549/4713/4653
f 4527/4707/4631 4526/4705/4630 4541/4729/4645 4542/4715/4646
f 4554/4723/4658 4553/4721/4657 4568/4730/4672 4569/4731/4673
f 4547/4724/4651 4546/4722/4650 4561/4732/4665 4562/4733/4666
f 4540/4726/4644 4259/4734/4363 4555/4735/4659
f 4269/4736/4373 4554/4723/4658 4569/4731/4673
f 4548/4728/4652 4547/4724/4651 4562/4733/4666 4563/4737/4667
f 4541/4729/4645 4540/4726/4644 4555/4735/4659 4556/4738/4660
f 4549/4713/4653 4548/4728/4652 4563/4737/4667 4564/4739/4668
f 4542/4715/4646 4541/4729/4645 4556/4738/4660 4557/4740/4661
f 4550/4714/4654 4549/4713/4653 4564/4739/4668 4565/4741/4669
f 4543/4716/4647 4542/4715/4646 4557/4740/4661 4558/4742/4662
f 4551/4717/4655 4550/4714/4654 4565/4741/4669 4566/4743/4670
f 4544/4718/4648 4543/4716/4647 4558/4742/4662 4559/4744/4663
f 4552/4719/4656 4551/4717/4655 4566/4743/4670 4567/4745/4671
f 4545/4720/4649 4544/4718/4648 4559/4744/4663 4560/4746/4664
f 4553/4721/4657 4552/4719/4656 4567/4745/4671 4568/4730/4672
f 4546/4722/4650 4545/4720/4649 4560/4746/4664 4561/4732/4665
f 4566/4743/4670 4565/4741/4669 4580/4747/4684 4581/4748/4685
f 4559/4744/4663 4558/4742/4662 4573/4749/4677 4574/4750/4678
f 4567/4745/4671 4566/4743/4670 4581/4748/4685 4582/4751/4686
f 4560/4746/4664 4559/4744/4663 4574/4750/4678 4575/4752/4679
f 4568/4730/4672 4567/4745/4671 4582/4751/4686 4583/4753/4687
f 4561/4732/4665 4560/4746/4664 4575/4752/4679 4576/4754/4680
f 4569/4731/4673 4568/4730/4672 4583/4753/4687 4584/4755/4688
f 4562/4733/4666 4561/4732/4665 4576/4754/4680 4577/4756/4681
f 4555/4735/4659 4259/4757/4363 4570/4758/4674
f 4269/4759/4373 4569/4731/4673 4584/4755/4688
f 4563/4737/4667 4562/4733/4666 4577/4756/4681 4578/4760/4682
f 4556/4738/4660 4555/4735/4659 4570/4758/4674 4571/4761/4675
f 4564/4739/4668 4563/4737/4667 4578/4760/4682 4579/4762/4683
f 4557/4740/4661 4556/4738/4660 4571/4761/4675 4572/4763/4676
f 4565/4741/4669 4564/4739/4668 4579/4762/4683 4580/4747/4684
f 4558/4742/4662 4557/4740/4661 4572/4763/4676 4573/4749/4677
f 4570/4758/4674 4259/4764/4363 4585/4765/4689
f 4269/4766/4373 4584/4755/4688 4599/4767/4703
f 4578/4760/4682 4577/4756/4681 4592/4768/4696 4593/4769/4697
f 4571/4761/4675 4570/4758/4674 4585/4765/4689 4586/4770/4690
f 4579/4762/4683 4578/4760/4682 4593/4769/4697 4594/4771/4698
f 4572/4763/4676 4571/4761/4675 4586/4770/4690 4587/4772/4691
f 4580/4747/4684 4579/4762/4683 4594/4771/4698 4595/4773/4699
f 4573/4749/4677 4572/4763/4676 4587/4772/4691 4588/4774/4692
f 4581/4748/4685 4580/4747/4684 4595/4773/4699 4596/4775/4700
f 4574/4750/4678 4573/4749/4677 4588/4774/4692 4589/4776/4693
f 4582/4751/4686 4581/4748/4685 4596/4775/4700 4597/4777/4701
f 4575/4752/4679 4574/4750/4678 4589/4776/4693 4590/4778/4694
f 4583/4753/4687 4582/4751/4686 4597/4777/4701 4598/4779/4702
f 4576/4754/4680 4575/4752/4679 4590/4778/4694 4591/4780/4695
f 4584/4755/4688 4583/4753/4687 4598/4779/4702 4599/4767/4703
f 4577/4756/4681 4576/4754/4680 4591/4780/4695 4592/4768/4696
f 4589/4776/4693 4588/4774/4692 4603/4781/4707 4604/4782/4708
f 4597/4777/4701 4596/4775/4700 4611/4783/4715 4612/4784/4716
f 4590/4778/4694 4589/4776/4693 4604/4782/4708 4605/4785/4709
f 4598/4779/4702 4597/4777/4701 4612/4784/4716 4613/4786/4717
f 4591/4780/4695 4590/4778/4694 4605/4785/4709 4606/4787/4710
f 4599/4767/4703 4598/4779/4702 4613/4786/4717 4614/4788/4718
f 4592/4768/4696 4591/4780/4695 4606/4787/4710 4607/4789/4711
f 4585/4765/4689 4259/4790/4363 4600/4791/4704
f 4269/4792/4373 4599/4767/4703 4614/4788/4718
f 4593/4769/4697 4592/4768/4696 4607/4789/4711 4608/4793/4712
f 4586/4770/4690 4585/4765/4689 4600/4791/4704 4601/4794/4705
f 4594/4771/4698 4593/4769/4697 4608/4793/4712 4609/4795/4713
f 4587/4772/4691 4586/4770/4690 4601/4794/4705 4602/4796/4706
f 4595/4773/4699 4594/4771/4698 4609/4795/4713 4610/4797/4714
f 4588/4774/4692 4587/4772/4691 4602/4796/4706 4603/4781/4707
f 4596/4775/4700 4595/4773/4699 4610/4797/4714 4611/4783/4715
f 4608/4793/4712 4607/4789/4711 4622/4798/4726 4623/4799/4727
f 4601/4794/4705 4600/4791/4704 4615/4800/4719 4616/4801/4720
f 4609/4795/4713 4608/4793/4712 4623/4799/4727 4624/4802/4728
f 4602/4796/4706 4601/4794/4705 4616/4801/4720 4617/4803/4721
f 4610/4797/4714 4609/4795/4713 4624/4802/4728 4625/4804/4729
f 4603/4781/4707 4602/4796/4706 4617/4803/4721 4618/4805/4722
f 4611/4783/4715 4610/4797/4714 4625/4804/4729 4626/4806/4730
f 4604/4782/4708 4603/4781/4707 4618/4805/4722 4619/4807/4723
f 4612/4784/4716 4611/4783/4715 4626/4806/4730 4627/4808/4731
f 4605/4785/4709 4604/4782/4708 4619/4807/4723 4620/4809/4724
f 4613/4786/4717 4612/4784/4716 4627/4808/4731 4628/4810/4732
f 4606/4787/4710 4605/4785/4709 4620/4809/4724 4621/4811/4725
f 4614/4788/4718 4613/4786/4717 4628/4810/4732 4629/4812/4733
f 4607/4789/4711 4606/4787/4710 4621/4811/4725 4622/4798/4726
f 4600/4791/4704 4259/4813/4363 4615/4800/4719
f 4269/4814/4373 4614/4788/4718 4629/4812/4733
f 4627/4815/4731 4626/4816/4730 4641/4817/4745 4642/4818/4746
f 4620/4819/4724 4619/4820/4723 4634/4821/4738 4635/4822/4739
f 4628/4823/4732 4627/4815/4731 4642/4818/4746 4643/4824/4747
f 4621/4825/4725 4620/4819/4724 4635/4822/4739 4636/4826/4740
f 4629/4827/4733 4628/4823/4732 4643/4824/4747 4644/4828/4748
f 4622/4829/4726 4621/4825/4725 4636/4826/4740 4637/4830/4741
f 4615/4831/4719 4259/4832/4363 4630/4833/4734
f 4269/4834/4373 4629/4827/4733 4644/4828/4748
f 4623/4835/4727 4622/4829/4726 4637/4830/4741 4638/4836/4742
f 4616/4837/4720 4615/4831/4719 4630/4833/4734 4631/4838/4735
f 4624/4839/4728 4623/4835/4727 4638/4836/4742 4639/4840/4743
f 4617/4841/4721 4616/4837/4720 4631/4838/4735 4632/4842/4736
f 4625/4843/4729 4624/4839/4728 4639/4840/4743 4640/4844/4744
f 4618/4845/4722 4617/4841/4721 4632/4842/4736 4633/4846/4737
f 4626/4816/4730 4625/4843/4729 4640/4844/4744 4641/4817/4745
f 4619/4820/4723 4618/4845/4722 4633/4846/4737 4634/4821/4738
f 4631/4838/4735 4630/4833/4734 4645/4847/4749 4646/4848/4750
f 4639/4840/4743 4638/4836/4742 4653/4849/4757 4654/4850/4758
f 4632/4842/4736 4631/4838/4735 4646/4848/4750 4647/4851/4751
f 4640/4844/4744 4639/4840/4743 4654/4850/4758 4655/4852/4759
f 4633/4846/4737 4632/4842/4736 4647/4851/4751 4648/4853/4752
f 4641/4817/4745 4640/4844/4744 4655/4852/4759 4656/4854/4760
f 4634/4821/4738 4633/4846/4737 4648/4853/4752 4649/4855/4753
f 4642/4818/4746 4641/4817/4745 4656/4854/4760 4657/4856/4761
f 4635/4822/4739 4634/4821/4738 4649/4855/4753 4650/4857/4754
f 4643/4824/4747 4642/4818/4746 4657/4856/4761 4658/4858/4762
f 4636/4826/4740 4635/4822/4739 4650/4857/4754 4651/4859/4755
f 4644/4828/4748 4643/4824/4747 4658/4858/4762 4659/4860/4763
f 4637/4830/4741 4636/4826/4740 4651/4859/4755 4652/4861/4756
f 4630/4833/4734 4259/4862/4363 4645/4847/4749
f 4269/4863/4373 4644/4828/4748 4659/4860/4763
f 4638/4836/4742 4637/4830/4741 4652/4861/4756 4653/4849/4757
f 4650/4857/4754 4649/4855/4753 4664/4864/4768 4665/4865/4769
f 4658/4858/4762 4657/4856/4761 4672/4866/4776 4673/4867/4777
f 4651/4859/4755 4650/4857/4754 4665/4865/4769 4666/4868/4770
f 4659/4860/4763 4658/4858/4762 4673/4867/4777 4674/4869/4778
f 4652/4861/4756 4651/4859/4755 4666/4868/4770 4667/4870/4771
f 4645/4847/4749 4259/4871/4363 4660/4872/4764
f 4269/4873/4373 4659/4860/4763 4674/4869/4778
f 4653/4849/4757 4652/4861/4756 4667/4870/4771 4668/4874/4772
f 4646/4848/4750 4645/4847/4749 4660/4872/4764 4661/4875/4765
f 4654/4850/4758 4653/4849/4757 4668/4874/4772 4669/4876/4773
f 4647/4851/4751 4646/4848/4750 4661/4875/4765 4662/4877/4766
f 4655/4852/4759 4654/4850/4758 4669/4876/4773 4670/4878/4774
f 4648/4853/4752 4647/4851/4751 4662/4877/4766 4663/4879/4767
f 4656/4854/4760 4655/4852/4759 4670/4878/4774 4671/4880/4775
f 4649/4855/4753 4648/4853/4752 4663/4879/4767 4664/4864/4768
f 4657/4856/4761 4656/4854/4760 4671/4880/4775 4672/4866/4776
f 4669/4876/4773 4668/4874/4772 4683/4881/4787 4684/4882/4788
f 4662/4877/4766 4661/4875/4765 4676/4883/4780 4677/4884/4781
f 4670/4878/4774 4669/4876/4773 4684/4882/4788 4685/4885/4789
f 4663/4879/4767 4662/4877/4766 4677/4884/4781 4678/4886/4782
f 4671/4880/4775 4670/4878/4774 4685/4885/4789 4686/4887/4790
f 4664/4864/4768 4663/4879/4767 4678/4886/4782 4679/4888/4783
f 4672/4866/4776 4671/4880/4775 4686/4887/4790 4687/4889/4791
f 4665/4865/4769 4664/4864/4768 4679/4888/4783 4680/4890/4784
f 4673/4867/4777 4672/4866/4776 4687/4889/4791 4688/4891/4792
f 4666/4868/4770 4665/4865/4769 4680/4890/4784 4681/4892/4785
f 4674/4869/4778 4673/4867/4777 4688/4891/4792 4689/4893/4793
f 4667/4870/4771 4666/4868/4770 4681/4892/4785 4682/4894/4786
f 4660/4872/4764 4259/4895/4363 4675/4896/4779
f 4269/4897/4373 4674/4869/4778 4689/4893/4793
f 4668/4874/4772 4667/4870/4771 4682/4894/4786 4683/4881/4787
f 4661/4875/4765 4660/4872/4764 4675/4896/4779 4676/4883/4780
f 4688/4891/4792 4687/4889/4791 4702/4898/4806 4703/4899/4807
f 4681/4892/4785 4680/4890/4784 4695/4900/4799 4696/4901/4800
f 4689/4893/4793 4688/4891/4792 4703/4899/4807 4704/4902/4808
f 4682/4894/4786 4681/4892/4785 4696/4901/4800 4697/4903/4801
f 4675/4896/4779 4259/4904/4363 4690/4905/4794
f 4269/4906/4373 4689/4893/4793 4704/4902/4808
f 4683/4881/4787 4682/4894/4786 4697/4903/4801 4698/4907/4802
f 4676/4883/4780 4675/4896/4779 4690/4905/4794 4691/4908/4795
f 4684/4882/4788 4683/4881/4787 4698/4907/4802 4699/4909/4803
f 4677/4884/4781 4676/4883/4780 4691/4908/4795 4692/4910/4796
f 4685/4885/4789 4684/4882/4788 4699/4909/4803 4700/4911/4804
f 4678/4886/4782 4677/4884/4781 4692/4910/4796 4693/4912/4797
f 4686/4887/4790 4685/4885/4789 4700/4911/4804 4701/4913/4805
f 4679/4888/4783 4678/4886/4782 4693/4912/4797 4694/4914/4798
f 4687/4889/4791 4686/4887/4790 4701/4913/4805 4702/4898/4806
f 4680/4890/4784 4679/4888/4783 4694/4914/4798 4695/4900/4799
f 4700/4911/4804 4699/4909/4803 4714/4915/4818 4715/4916/4819
f 4693/4912/4797 4692/4910/4796 4707/4917/4811 4708/4918/4812
f 4701/4913/4805 4700/4911/4804 4715/4916/4819 4716/4919/4820
f 4694/4914/4798 4693/4912/4797 4708/4918/4812 4709/4920/4813
f 4702/4898/4806 4701/4913/4805 4716/4919/4820 4717/4921/4821
f 4695/4900/4799 4694/4914/4798 4709/4920/4813 4710/4922/4814
f 4703/4899/4807 4702/4898/4806 4717/4921/4821 4718/4923/4822
f 4696/4901/4800 4695/4900/4799 4710/4922/4814 4711/4924/4815
f 4704/4902/4808 4703/4899/4807 4718/4923/4822 4719/4925/4823
f 4697/4903/4801 4696/4901/4800 4711/4924/4815 4712/4926/4816
f 4690/4905/4794 4259/4927/4363 4705/4928/4809
f 4269/4929/4373 4704/4902/4808 4719/4925/4823
f 4698/4907/4802 4697/4903/4801 4712/4926/4816 4713/4930/4817
f 4691/4908/4795 4690/4905/4794 4705/4928/4809 4706/4931/4810
f 4699/4909/4803 4698/4907/4802 4713/4930/4817 4714/4915/4818
f 4692/4910/4796 4691/4908/4795 4706/4931/4810 4707/4917/4811
f 4719/4925/4823 4718/4923/4822 4733/4932/4837 4734/4933/4838
f 4712/4926/4816 4711/4924/4815 4726/4934/4830 4727/4935/4831
f 4705/4928/4809 4259/4936/4363 4720/4937/4824
f 4269/4938/4373 4719/4925/4823 4734/4933/4838
f 4713/4930/4817 4712/4926/4816 4727/4935/4831 4728/4939/4832
f 4706/4931/4810 4705/4928/4809 4720/4937/4824 4721/4940/4825
f 4714/4915/4818 4713/4930/4817 4728/4939/4832 4729/4941/4833
f 4707/4917/4811 4706/4931/4810 4721/4940/4825 4722/4942/4826
f 4715/4916/4819 4714/4915/4818 4729/4941/4833 4730/4943/4834
f 4708/4918/4812 4707/4917/4811 4722/4942/4826 4723/4944/4827
f 4716/4919/4820 4715/4916/4819 4730/4943/4834 4731/4945/4835
f 4709/4920/4813 4708/4918/4812 4723/4944/4827 4724/4946/4828
f 4717/4921/4821 4716/4919/4820 4731/4945/4835 4732/4947/4836
f 4710/4922/4814 4709/4920/4813 4724/4946/4828 4725/4948/4829
f 4718/4923/4822 4717/4921/4821 4732/4947/4836 4733/4932/4837
f 4711/4924/4815 4710/4922/4814 4725/4948/4829 4726/4934/4830
f 4723/4944/4827 4722/4942/4826 4261/4397/4365 4262/4396/4366
f 4731/4945/4835 4730/4943/4834 4266/4392/4370 4739/4400/4843
f 4724/4946/4828 4723/4944/4827 4262/4396/4366 4736/4402/4840
f 4732/4947/4836 4731/4945/4835 4739/4400/4843 4267/4404/4371
f 4725/4948/4829 4724/4946/4828 4736/4402/4840 4263/4406/4367
f 4733/4932/4837 4732/4947/4836 4267/4404/4371 4740/4408/4844
f 4726/4934/4830 4725/4948/4829 4263/4406/4367 4737/4410/4841
f 4734/4933/4838 4733/4932/4837 4740/4408/4844 4268/4412/4372
f 4727/4935/4831 4726/4934/4830 4737/4410/4841 4264/4414/4368
f 4720/4937/4824 4259/4949/4363 4260/4416/4364
f 4269/4950/4373 4734/4933/4838 4268/4412/4372
f 4728/4939/4832 4727/4935/4831 4264/4414/4368 4265/4420/4369
f 4721/4940/4825 4720/4937/4824 4260/4416/4364 4735/4422/4839
f 4729/4941/4833 4728/4939/4832 4265/4420/4369 4738/4393/4842
f 4722/4942/4826 4721/4940/4825 4735/4422/4839 4261/4397/4365
f 4730/4943/4834 4729/4941/4833 4738/4393/4842 4266/4392/4370
